unit_id,video,contact_sheet,category_id,category,scene_type,question_type,question,gold_answer,model_answer,control_type,control_question,control_gold_answer,control_model_answer,control_pass,primary_label,secondary_label,evidence_note,confidence,question_or_key_problem
error-0001,hTxS5J_ZaKQ_80_0_13_52_499_to_0_14_04_110.mp4,archived_workspace/experiments/perception_control/work/single_probe_200_contact_sheets/pc-0384.jpg,4,Predictive and Counterfactual Spatial Reasoning,Human-Centric,Fill-in-the-Blank,"[Fill-in-the-Blank] If the car had continued driving straight on its initial path instead of turning, the 'Baraka' entrance sign would have passed by on the car's ______ side.",left,right,action_event,[Single-Choice] What does the camera vehicle do after entering the grassy parking area? [Options] A) Stops at a gatehouse B) Backs into a garage C) Drives past parked RVs D) Crosses a railroad track,C,C) Drives past parked RVs,True,perspective_reference_frame,physical_prediction_counterfactual,车辆先直行接近 Baraka 标牌，随后向右转并从标牌右侧进入；回答把保持初始直线路径时标牌相对车身的左右侧关系判断反了。,high,no
error-0002,coriwTyx1Os_26_0_04_32_890_to_0_04_45_408.mp4,archived_workspace/experiments/perception_control/work/single_probe_200_contact_sheets/pc-0315.jpg,4,Predictive and Counterfactual Spatial Reasoning,Object-Centric,True/False,"[True/False] Assuming the flying object's path relative to the road remained the same, if the camera vehicle had been traveling in the left lane at the same speed, the object would have most likely passed harmlessly behind it.",False,True,action_event,"[Single-Choice] Before the dark object comes close, what is the camera vehicle doing? [Options] A) Merging into the left lane B) Driving straight in the right lane C) Pulling onto the shoulder D) Turning off the highway",B,B) Driving straight in the right lane,True,physical_prediction_counterfactual,spatiotemporal_grounding,黑色飞行物从道路右上方横穿至车辆前方；回答错误外推了车辆改在左车道后与飞行物轨迹的相交时序。20-frame full-duration sheet 对最近接时刻的分辨率有限。,medium,no
error-0003,smpHs3qH_dE_40_0_07_17_854_to_0_07_29_532.mp4,archived_workspace/experiments/perception_control/work/single_probe_200_contact_sheets/pc-0372.jpg,4,Predictive and Counterfactual Spatial Reasoning,Object-Centric,Single-Choice,"[Single-Choice] Based on the white van's consistent speed and trajectory, which object would its front bumper be aligned with approximately one second after the video ends? [Options] A) The front of the parked dark-colored SUV. B) The rear of the parked silver sedan. C) The storefront with the red sign in the distance. D) The second light pole on the sidewalk.",D,B) The rear of the parked silver sedan.,action_event,"[Single-Choice] Near the start, what is the camera doing as the street is viewed? [Options] A) Moving forward along the sidewalk B) Remaining fixed beside the curb C) Tilting upward toward the trees D) Crossing the street toward cars",A,B) Remaining fixed beside the curb,False,physical_prediction_counterfactual,perception_recognition,白色厢式车沿道路横向移动，问题要求将末段速度继续外推约一秒；回答将前保险杠的未来对齐目标判为银色轿车，而非第二根灯杆。control 未通过也提示局部运动识别可能参与。,low,no
error-0004,fRmaPWqByGw_25_0_05_06_560_to_0_05_41_199.mp4,archived_workspace/experiments/perception_control/work/single_probe_200_contact_sheets/pc-0469.jpg,5,Object Deformation and State Transition,Object-Centric,Fill-in-the-Blank,"[Fill-in-the-Blank] After the helicopter lands, the visual state of the main rotor blades transitions from a continuous transparent blur to ______, as they slow to a stop.",distinct individual blades,stillness,entity,[Single-Choice] Which surface is visible under the helicopter near its touchdown area? [Options] A) A paved road B) A sandy beach C) A snowy field D) A grassy field,D,D,True,benchmark_ambiguity,,序列显示直升机旋翼由高速模糊逐渐停止并可辨；模型回答 stillness 与题干“as they slow to a stop”在语义上相容，只因未复述“distinct individual blades”而被判错，答案接受范围存在实质问题。,high,yes
error-0005,GIZXp3foP9g_22_0_04_56_896_to_0_05_11_477.mp4,archived_workspace/experiments/perception_control/work/single_probe_200_contact_sheets/pc-0350.jpg,4,Predictive and Counterfactual Spatial Reasoning,Human-Centric,True/False,"[True/False] Based entirely on the difference in acceleration between the two motorcycles within the first two seconds of the race, it is predictable that the motorcycle in the right lane will maintain its lead.",False,True,simple_relation,"[Single-Choice] After the start, which direction do the motorcycles move across the view? [Options] A) From right to left B) Toward the camera C) From left to right D) Away from the camera",C,D,False,physical_prediction_counterfactual,perception_recognition,两辆摩托从起步到加速的相对位置持续变化，单凭前两秒差异不足以保证右道车辆维持领先；回答把短时加速度直接外推为持续领先。control 方向题未通过，低层运动方向识别也可能参与。,medium,no
error-0006,YjM0K5_4FHU_124_0_16_17_679_to_0_16_28_240.mp4,archived_workspace/experiments/perception_control/work/single_probe_200_contact_sheets/pc-0408.jpg,5,Object Deformation and State Transition,Human-Centric,True/False,[True/False] The car's front bumper becomes detached from the vehicle during the attempt to climb the hill.,False,True,action_event,[Single-Choice] Does the car drive across the flat snowy area before or after its front wheels rise onto the snowy bank? [Options] A) Before the wheels rise onto the bank B) After the wheels rise onto the bank C) While the wheels rise onto the bank D) No ordering is visible,A,B) After the wheels rise onto the bank,False,perception_recognition,spatiotemporal_grounding,车辆前部在雪坡上受压并有外观损伤，但全时段序列中保险杠始终连接车身，未见脱落；回答把碰撞/形变误识别为部件分离。,high,no
error-0007,myJ2l-o5rYQ_73_0_09_40_480_to_0_09_58_960.mp4,archived_workspace/experiments/perception_control/work/single_probe_200_contact_sheets/pc-0181.jpg,2,Dynamic Spatial Relationships,Human-Centric,Fill-in-the-Blank,"[Fill-in-the-Blank] In the final shot of the video taken by the man in the blue shirt, the puck travels across the floor, passing in front of the ______.",seated person,goal,simple_relation,[Single-Choice] Where is the large black equipment relative to the glass doorway? [Options] A) To the left of it B) Directly in front of it C) Directly behind it D) To the right of it,D,D) To the right of it,True,spatiotemporal_grounding,action_goal_binding,末段蓝衣男子击出冰球，冰球横穿地面朝右侧坐着的人及器材区域运动；回答将其经过的前景对象绑定为球门，混淆了末段轨迹与目标区域。,medium,no
error-0008,FDMxA941dVE_64_0_08_46_292_to_0_08_56_869.mp4,archived_workspace/experiments/perception_control/work/single_probe_200_contact_sheets/pc-0318.jpg,4,Predictive and Counterfactual Spatial Reasoning,Human-Centric,Single-Choice,"[Single-Choice] If the kitesurfer were to immediately make a sharp 90-degree turn to their left, what would be their new direction of travel relative to the landmarks? [Options] A) Directly towards the beach with palm trees. B) Parallel to the line of wooden posts, but moving away from the pier. C) Directly towards the large white dome. D) Towards the open sea, away from the shoreline.",D,"B) Parallel to the line of wooden posts, moving away from the pier.",simple_relation,[Single-Choice] Where is the row of wooden posts relative to the kitesurfer in the view? [Options] A) Farther out toward open sea B) Directly underneath the board C) Beside him at the same depth D) Farther back near the shoreline,D,D,True,perspective_reference_frame,physical_prediction_counterfactual,冲浪者沿岸线运动，题目要求从其自身左侧执行 90 度旋转并映射到海滩/海面地标；回答选择沿木桩方向，未正确完成主体参照系到场景参照系的转换。,medium,no
error-0009,Ul4Hy1EfPNQ_41_0_07_41_628_to_0_07_54_607.mp4,archived_workspace/experiments/perception_control/work/single_probe_200_contact_sheets/pc-0342.jpg,4,Predictive and Counterfactual Spatial Reasoning,Human-Centric,Single-Choice,"[Single-Choice] If the girl had pushed off with her feet with the same force but without first turning the handlebars, what would have been the tricycle's most likely initial path? [Options] A) It would have moved directly toward the camera. B) It would have moved backward away from the camera. C) It would have moved to the left, as it did in the video. D) It would have spun in a circle without moving forward.",C,B) It would have moved backward away from the camera.,simple_relation,[Single-Choice] Where is the tricycle's front wheel relative to its red rear basket? [Options] A) To the left of the basket B) To the right of the basket C) Directly above the basket D) Directly below the basket,B,D) Directly below the basket,False,benchmark_ambiguity,physical_prediction_counterfactual,序列中女孩多次调整车把且脚蹬/脚推状态不清；题目移除“先转车把”后，初始车轮方向和受力方向不足以唯一支持仍向左的 gold，反事实条件欠定。,high,yes
error-0010,j4jcztT_3O0_30_0_06_10_966_to_0_06_24_133.mp4,archived_workspace/experiments/perception_control/work/single_probe_200_contact_sheets/pc-0476.jpg,5,Object Deformation and State Transition,Human-Centric,Single-Choice,[Single-Choice] How does the spatial arrangement of the red leash change from the beginning to the end of the video? [Options] A) It starts stretched out and becomes coiled near the husky. B) It remains coiled in the same spot throughout the video. C) It starts partially coiled and ends up stretched out towards the right side of the scene. D) It starts partially coiled and ends up stretched out towards the left side of the scene.,D,C) It starts partially coiled and ends up stretched out towards the right side of the scene.,action_event,[Single-Choice] What is the dark dog doing when it moves near the red leash? [Options] A) Lying on the sand B) Jumping over branches C) Walking across the sand D) Digging in the sand,C,C) Walking across the sand,True,perception_recognition,spatiotemporal_grounding,红色牵引绳从早期局部盘绕变为末段跨越沙地、从哈士奇位置向画面左侧延伸；回答把最终延伸方向判为右侧，属于可见方向与状态变化识别错误。,medium,no
error-0011,TD27Rs6mTes_1_0_00_06_519_to_0_00_16_920.mp4,archived_workspace/experiments/perception_control/work/single_probe_200_contact_sheets/pc-0534.jpg,6,Egocentric vs. Allocentric Reference Frames,Human-Centric,Single-Choice,"[Single-Choice] If the woman in the black dress were to turn 180 degrees, what would be directly in her line of sight? [Options] A) The man carrying a basket on his shoulder. B) A stone fountain. C) The large arched doorway. D) The woman with her back to the camera.",C,A) The man carrying a basket on his shoulder.,simple_relation,[Single-Choice] Where in the image is the green double door relative to the woman in the black dress? [Options] A) To her right B) To her left C) Directly above her D) Directly below her,A,A) To her right,True,perspective_reference_frame,action_goal_binding,黑裙女子面对前景女子，拱形门位于其身后；题目要求将她旋转 180 度后沿其视线判断对象，回答仍绑定到侧后方搬篮男子。,high,no
error-0012,coriwTyx1Os_26_0_04_32_890_to_0_04_45_408.mp4,archived_workspace/experiments/perception_control/work/single_probe_200_contact_sheets/pc-0315.jpg,4,Predictive and Counterfactual Spatial Reasoning,Object-Centric,True/False,"[True/False] Assuming the flying object's path relative to the road remained the same, if the camera vehicle had been traveling in the left lane at the same speed, the object would have most likely passed harmlessly behind it.",False,True,action_event,"[Single-Choice] Before the dark object comes close, what is the camera vehicle doing? [Options] A) Merging into the left lane B) Driving straight in the right lane C) Pulling onto the shoulder D) Turning off the highway",B,B) Driving straight in the right lane,True,physical_prediction_counterfactual,spatiotemporal_grounding,黑色飞行物从道路右上方横穿至车辆前方；回答错误外推了车辆改在左车道后与飞行物轨迹的相交时序。20-frame full-duration sheet 对最近接时刻的分辨率有限。,medium,no
error-0013,XrwHnGrObHA_29_0_06_33_460_to_0_06_50_176.mp4,archived_workspace/experiments/perception_control/work/single_probe_200_contact_sheets/pc-0364.jpg,4,Predictive and Counterfactual Spatial Reasoning,Object-Centric,Single-Choice,"[Single-Choice] At 0:03, a fish is swimming from the upper right towards the lower left. Given its trajectory at that moment, if it had continued in a perfectly straight line, where would it have most likely exited the frame? [Options] A) The bottom edge of the frame. B) The left edge of the frame. C) The top edge of the frame. D) It would have remained in the center.",A,B) The left edge of the frame.,action_event,[Single-Choice] Which event occurs before the fish becomes clearly visible in the water? [Options] A) The fish passes close to the lower edge. B) Two fish overlap near the center. C) Only water and a dark diagonal reflection are visible. D) The fish touches the left border.,C,C) Only water and a dark diagonal reflection are visible.,True,physical_prediction_counterfactual,spatiotemporal_grounding,鱼在约 0:03 后由右上向左下移动，问题要求延长瞬时轨迹到画面边界；回答选择左边缘而非底边，反映了对斜率和未来交点的错误外推。,medium,no
error-0014,Zj70SP5RI7U_11_0_01_16_376_to_0_01_31_157.mp4,archived_workspace/experiments/perception_control/work/single_probe_200_contact_sheets/pc-0159.jpg,2,Dynamic Spatial Relationships,Human-Centric,True/False,"[True/False] During the trick, the skateboard completes a full 360-degree horizontal rotation before the person's feet land back on it.",True,False,simple_relation,[Single-Choice] Where is the person relative to the tall buildings in the background? [Options] A) In front of the buildings B) Behind the buildings C) On top of the buildings D) Inside the buildings,A,A) In front of the buildings,True,spatiotemporal_grounding,perception_recognition,题目要求累计判断滑板在整段动作中的水平旋转角度，单帧不能直接给出 360 度完成情况；回答否定完整旋转，主要缺口在跨帧跟踪板面朝向。20-frame full-duration sheet 限制了精确角度复核。,low,no
error-0015,Z0lkr3AQ8Xk_21_0_02_21_820_to_0_02_33_070.mp4,archived_workspace/experiments/perception_control/work/single_probe_200_contact_sheets/pc-0249.jpg,3,Action and Intent-Driven Spatial Reasoning,Human-Centric,Single-Choice,"[Single-Choice] Based on the silver car's final trajectory after swerving across the lane divider, what was its immediate spatial objective?
[Options]
A) To make a U-turn.
B) To pull over on the left shoulder.
C) To turn right at the upcoming intersection.
D) To overtake the black car.",A,C) To turn right at the upcoming intersection.,action_event,"[Single-Choice] Near the start of the event, what is the black car doing? [Options] A) Turning left B) Stopping at the roadside C) Driving straight ahead D) Reversing backward",C,C) Driving straight ahead,True,action_goal_binding,benchmark_ambiguity,银色车横跨分道线并改变航向，回答把该机动的目标绑定为前方路口右转，而 gold 解释为掉头；仅凭截取轨迹难以直接观察驾驶意图，目标表述存在一定推断性。,low,yes
error-0016,EEDc5gDPPdE_10_0_01_11_538_to_0_01_22_449.mp4,archived_workspace/experiments/perception_control/work/single_probe_200_contact_sheets/pc-0121.jpg,2,Dynamic Spatial Relationships,Human-Centric,True/False,"[True/False] As the two individuals walk along the shoreline, the tall, multi-story building in the background appears to move from the right side of the camera's view towards the center.",False,True,simple_relation,[Single-Choice] Where is the long pier relative to the two beachgoers? [Options] A) Behind them to the viewer's right B) Behind them to the viewer's left C) In front of them to the viewer's right D) Between them in the foreground,A,[Answer] A) Behind them to the viewer's right,True,spatiotemporal_grounding,perspective_reference_frame,两人沿海岸行走时高层建筑在序列中基本位于画面中央偏左，并未从右侧移到中央；回答错误概括了背景地标随移动相机产生的相对位移。,high,no
error-0017,smpHs3qH_dE_40_0_07_17_854_to_0_07_29_532.mp4,archived_workspace/experiments/perception_control/work/single_probe_200_contact_sheets/pc-0372.jpg,4,Predictive and Counterfactual Spatial Reasoning,Object-Centric,Single-Choice,"[Single-Choice] Based on the white van's consistent speed and trajectory, which object would its front bumper be aligned with approximately one second after the video ends? [Options] A) The front of the parked dark-colored SUV. B) The rear of the parked silver sedan. C) The storefront with the red sign in the distance. D) The second light pole on the sidewalk.",D,C,action_event,"[Single-Choice] Near the start, what is the camera doing as the street is viewed? [Options] A) Moving forward along the sidewalk B) Remaining fixed beside the curb C) Tilting upward toward the trees D) Crossing the street toward cars",A,A) Moving forward along the sidewalk,True,physical_prediction_counterfactual,spatiotemporal_grounding,白色厢式车沿道路横向经过多个路边参照物，题目要求继续外推末段轨迹；回答选择远处红色招牌而非第二根灯杆，混淆未来对齐位置。,low,no
error-0018,cvHz5JgkzlM_41_0_06_01_094_to_0_06_15_742.mp4,archived_workspace/experiments/perception_control/work/single_probe_200_contact_sheets/pc-0325.jpg,4,Predictive and Counterfactual Spatial Reasoning,Human-Centric,Single-Choice,"[Single-Choice] If the car had continued its trajectory and rotation from the point seen at the 0:07 mark without the driver correcting its path, which object would it have most likely collided with? [Options] A) The parked semi-trailer on the right. B) The green dumpsters. C) The white truck that briefly enters from the left. D) The loading dock doors of the main building.",D,A) The parked semi-trailer on the right.,entity,[Single-Choice] Which upright object is visible near the edge of the paved lot? [Options] A) Orange traffic cones B) Yellow protective bollards C) A bicycle rack D) A red fire hydrant,B,"B) Yellow protective bollards
B) Yellow protective bollards",True,physical_prediction_counterfactual,spatiotemporal_grounding,白车在场地内持续转向并最终朝装卸门方向运动；回答将不修正轨迹时的碰撞目标外推为右侧半挂车，未延续末段旋转和航向。,high,no
error-0019,MnE3cI7sR6U_54_0_12_31_766_to_0_12_47_200.mp4,archived_workspace/experiments/perception_control/work/single_probe_200_contact_sheets/pc-0013.jpg,1,Object Permanence and Occlusion Tracking,Human-Centric,Single-Choice,"[Single-Choice] A red sedan is parked on the right at the start of the turn. As the driver's car moves forward and left, which part of the red sedan is the last to be occluded from the driver's direct forward view by the car's A-pillar? [Options] A) The front headlight. B) The rear taillight. C) The side mirror. D) The front wheel.",B,C) The side mirror.,simple_relation,"[Single-Choice] In the driver's view, where is the thick windshield pillar relative to the steering wheel? [Options] A) To the left of the steering wheel. B) To the right of the steering wheel. C) Directly above the steering wheel. D) Directly below the steering wheel.",A,A) To the left of the steering wheel.,True,spatiotemporal_grounding,perspective_reference_frame,驾驶员左转时 A 柱与右侧红车发生动态遮挡，问题要求定位最后被遮挡的具体部位；回答选择后视镜而非后尾灯，主要是遮挡顺序跟踪错误。20-frame full-duration sheet 对最后遮挡瞬间分辨率有限。,low,no
error-0020,IhCQUucY59I_5_0_02_40_639_to_0_03_00_680.mp4,archived_workspace/experiments/perception_control/work/single_probe_200_contact_sheets/pc-0527.jpg,6,Egocentric vs. Allocentric Reference Frames,Human-Centric,Single-Choice,"[Single-Choice] From the perspective of the rower seated at the very front of the boat, in which direction is the chase boat that is following them located? [Options] A) Directly in front of her. B) Directly behind her. C) To her left. D) To her right.",C,B) Directly behind her.,entity,[Single-Choice] What is visible aboard the motorboat near the rowing shell? [Options] A) A large sail B) Several people C) Stacked cargo boxes D) An empty deck,B,B) Several people,True,perspective_reference_frame,spatiotemporal_grounding,追逐艇位于赛艇后侧并偏向画面下方，题目要求改用最前排划手自身朝向判断；回答直接使用船体前后关系选择“behind”，未转换到划手参照系中的左侧。,high,no
error-0021,TVPLbXI1fR8_10_0_02_28_982_to_0_03_03_182.mp4,archived_workspace/experiments/perception_control/work/single_probe_200_contact_sheets/pc-0247.jpg,3,Action and Intent-Driven Spatial Reasoning,Human-Centric,Single-Choice,"[Single-Choice] To open the transom door, what is the correct sequence of spatial operations performed on the latch and door? [Options] A) The handle is pushed up, then the door is pulled outward. B) The handle is rotated clockwise, then the door is pushed outward. C) The handle is pulled downward, then the door is pushed inward. D) The door is pushed inward first, which releases the handle.",A,"B) The handle is rotated clockwise, then the door is pushed outward.",entity,[Single-Choice] Which human body part is visibly present near the boat hardware? [Options] A) A hand B) A foot C) A knee D) A head,A,A) A hand,True,spatiotemporal_grounding,perception_recognition,序列依次展示提起/操作把手并向外开启艉门；回答同时混淆了把手动作方向和门的运动方向，主要错误是操作步骤及先后顺序整合。,medium,no
error-0022,WPTAA4RdksE_40_0_08_53_499_to_0_09_10_483.mp4,archived_workspace/experiments/perception_control/work/single_probe_200_contact_sheets/pc-0462.jpg,5,Object Deformation and State Transition,Human-Centric,Multiple-Select,[Multiple-Select] Which of the following spatial properties of the large green fabric are visibly changed by the person's folding action? (Select all that apply) [Options] A) Its total surface area. B) Its thickness in the folded region. C) The number of layers presented to the pattern. D) Its overall shape from a top-down view.,"B, C, D",BCD,entity,[Single-Choice] Which object is visible beneath the materials being handled? [Options] A) A wooden dining table B) A metal baking tray C) A blue ironing board D) A green gridded cutting mat,D,D) A green gridded cutting mat,True,protocol_or_parsing,,"模型输出 BCD 与 gold 的 B, C, D 为同一选项集合，语义和选择均完全一致；该条成为错误只能由多选格式规范化或解析计分造成。",high,no
error-0023,v9lTwOyEhd8_31_0_09_28_559_to_0_09_41_480.mp4,archived_workspace/experiments/perception_control/work/single_probe_200_contact_sheets/pc-0262.jpg,3,Action and Intent-Driven Spatial Reasoning,Human-Centric,Multiple-Select,"[Multiple-Select] In the second scene, the person wraps the rope around the silver winch. What is the spatial and mechanical purpose of this preparatory action? (Select all that apply)
[Options]
A) To use the friction between the rope and the winch drum to hold tension.
B) To engage the rope with a rotating mechanism that provides a mechanical advantage.
C) To guide the rope in a straight line toward the front of the boat.
D) To prepare to tie a knot, securing the rope to the winch.","A, B",A,action_event,[Single-Choice] Does the person stand beside a small boat on land before or after the man in sunglasses gestures near docked boats? [Options] A) After the gesturing near docked boats B) At the same time as the gesturing C) Before the gesturing near docked boats D) It is not shown,C,A) After the gesturing near docked boats,False,action_goal_binding,perception_recognition,序列显示绳索绕银色绞盘形成摩擦包角并借助旋转机构；回答只保留“摩擦保持张力”，遗漏了动作与机械增益目标的绑定。control 未通过，器件/动作识别可能是次要因素。,medium,no
error-0024,Y2NywKtqQdI_2_0_00_13_533_to_0_01_05_700.mp4,archived_workspace/experiments/perception_control/work/single_probe_200_contact_sheets/pc-0457.jpg,5,Object Deformation and State Transition,Human-Centric,Multiple-Select,"[Multiple-Select] During the man's transition from a seated to a standing position, which of these spatial changes occur? (Select all that apply) [Options] A) The vertical distance between the man's head and the kayak's floor increases. B) The selfie stick moves from a position angled upwards from his lap to a position held vertically in front of his torso. C) The paddle, resting on his left, is moved to the back of the kayak. D) His feet are repositioned from the angled footrests to the flat central floor.","A,B,D","A) The vertical distance between the man's head and the kayak's floor increases.
B) The selfie stick moves from a position angled upwards from his lap to a position held vertically in front of his torso.
C) The paddle, resting on his left, is moved to the back of the kayak.
D) His feet are repositioned from the angled footrests to the flat central floor.",action_event,[Single-Choice] Which action occurs before the man stands upright on the kayak? [Options] A) He braces a hand on the kayak rim. B) He kneels with both knees on the deck. C) He lies back across the seat. D) He raises both arms overhead.,A,B) He kneels with both knees on the deck.,False,spatiotemporal_grounding,perception_recognition,男子从坐姿站起时头部高度、自拍杆姿态和脚的位置均变化，但左侧桨未被移到艇后；回答把所有选项均选中，错误加入了不存在的跨时段桨位移。,high,no
error-0025,UrABBEA_R0Y_25_0_07_05_124_to_0_07_27_380.mp4,archived_workspace/experiments/perception_control/work/single_probe_200_contact_sheets/pc-0038.jpg,1,Object Permanence and Occlusion Tracking,Human-Centric,Single-Choice,"[Single-Choice] Immediately after the surfer emerges from the large splash of water at 0:14, what is the orientation of the surfboard relative to the overall direction of the wave's movement towards the shore? [Options] A) It is mostly perpendicular, pointing towards the shore. B) It is parallel, pointing along the wave's face. C) It is angled backwards, away from the shore. D) The board is completely submerged and not visible.",D,"B) It is parallel, pointing along the wave's face.",simple_relation,[Single-Choice] Where is the foamy whitewater relative to the darker green wave face? [Options] A) Above the darker green wave face B) Left of the darker green wave face C) Right of the darker green wave face D) Below the darker green wave face,D,D) Below the darker green wave face,True,spatiotemporal_grounding,perception_recognition,问题锚定冲浪者在 0:14 大水花后刚出现的瞬间，该阶段板体仍被水花遮挡；回答使用稍后可见的板面方向作答，混淆了精确时刻。,medium,no
error-0026,Zj70SP5RI7U_11_0_01_16_376_to_0_01_31_157.mp4,archived_workspace/experiments/perception_control/work/single_probe_200_contact_sheets/pc-0159.jpg,2,Dynamic Spatial Relationships,Human-Centric,True/False,"[True/False] During the trick, the skateboard completes a full 360-degree horizontal rotation before the person's feet land back on it.",True,False,simple_relation,[Single-Choice] Where is the person relative to the tall buildings in the background? [Options] A) In front of the buildings B) Behind the buildings C) On top of the buildings D) Inside the buildings,A,A) In front of the buildings,True,spatiotemporal_grounding,perception_recognition,题目要求累计判断滑板在整套动作中的水平旋转角度；回答否定完整 360 度，主要缺口是跨帧跟踪板面朝向。20-frame full-duration sheet 对精确角度复核有限。,low,no
error-0027,JXeuauaocHE_113_0_10_36_080_to_0_10_49_759.mp4,archived_workspace/experiments/perception_control/work/single_probe_200_contact_sheets/pc-0128.jpg,2,Dynamic Spatial Relationships,Object-Centric,Single-Choice,"[Single-Choice] Observing the white line on the road during the last three seconds of the video, what is its direction of movement relative to the car's body? [Options] A) It moves towards the left side of the screen. B) It moves closer to the car, towards the bottom-right of the screen. C) It remains in a static position relative to the car. D) It moves directly away from the car.",B,C) It remains in a static position relative to the car.,action_event,[Single-Choice] Which event happens before the concrete wall comes into view? [Options] A) Green trees and bushes pass by. B) Parked cars pass by. C) A tunnel entrance passes by. D) A city skyline passes by.,A,A) Green trees and bushes pass by.,True,spatiotemporal_grounding,perspective_reference_frame,末三秒道路白线相对固定在车身上的相机向画面右下方/车旁掠近，回答却称相对车身静止，未整合背景流与车辆参照物。,high,no
error-0028,kneXuHEHE4A_3_0_00_26_726_to_0_00_53_019.mp4,archived_workspace/experiments/perception_control/work/single_probe_200_contact_sheets/pc-0567.jpg,6,Egocentric vs. Allocentric Reference Frames,Human-Centric,Fill-in-the-Blank,"[Fill-in-the-Blank] From the perspective of the player sitting on the bench in the background, the green team's celebration huddle occurs on the ______ side of the soccer field.",right,left,simple_relation,"[Single-Choice] In the camera view, where is the seated purple player relative to the white corner flag? [Options] A) To the right of the flag. B) To the left of the flag. C) Directly below the flag. D) On the field side of the flag.",B,D) On the field side of the flag.,False,perspective_reference_frame,perception_recognition,绿色队庆祝人群位于场地一侧，题目要求从背景替补席球员的朝向判断左右；回答直接给出画面左侧，未转换到该球员参照系。control 未通过使人物/位置识别也可能参与。,medium,no
error-0029,N1rs6Sf2x3Y_37_0_17_12_990_to_0_17_43_353.mp4,archived_workspace/experiments/perception_control/work/single_probe_200_contact_sheets/pc-0515.jpg,6,Egocentric vs. Allocentric Reference Frames,Human-Centric,True/False,"[True/False] From the moment the group of four pedestrians becomes fully visible, they are always positioned to the allocentric left of the yellow car.",False,"True.

Answer: True",action_event,[Single-Choice] What is the yellow car doing as the camera approaches it? [Options] A) Driving toward the camera B) Turning across the street C) Parked along the roadside D) Reversing into traffic,C,C) Parked along the roadside,True,perspective_reference_frame,spatiotemporal_grounding,相机沿街移动并先后经过黄色车与四名行人，需在稳定场景坐标中比较双方左右位置；回答以移动画面中的瞬时位置概括为始终在左侧。,medium,no
error-0030,ZkJgqKAYywE_22_0_04_13_439_to_0_04_23_800.mp4,archived_workspace/experiments/perception_control/work/single_probe_200_contact_sheets/pc-0160.jpg,2,Dynamic Spatial Relationships,Object-Centric,Single-Choice,"[Single-Choice] As the camera pans right, how does the perceived spatial relationship between the small arched section of the track and the large white-tarped structure change? [Options] A) The arched section moves from being below the white structure to being above it. B) The arched section moves from being to the right of the white structure to being directly in front of it. C) The white structure moves from being behind the arched section to being beside it. D) The arched section and the white structure maintain a fixed side-by-side position.",A,C) The white structure moves from being behind the arched section to being beside it.,action_event,"[Single-Choice] Near the end, what is the camera view passing alongside? [Options] A) A row of parked cars B) A wooden roller coaster framework C) A water slide tower D) A chain-link fence line",B,B) A wooden roller coaster framework,True,spatiotemporal_grounding,perspective_reference_frame,右移镜头使前景拱形轨道与后方白色覆布结构的投影关系连续变化；回答将变化描述为白色结构由后方移到旁侧，未正确跟踪两物体的相对投影。,medium,no
error-0031,k2GjZH0EdTE_20_0_06_19_245_to_0_06_37_230.mp4,archived_workspace/experiments/perception_control/work/single_probe_200_contact_sheets/pc-0276.jpg,3,Action and Intent-Driven Spatial Reasoning,Human-Centric,Single-Choice,"[Single-Choice] Based on the horse's trajectory across the field, what is the rider's immediate goal? [Options] A) To head towards the parked vehicles. B) To navigate towards the line of trees in the background. C) To jump over the wooden table-like obstacle. D) To circle back to the top of the hill.",C,B) To navigate towards the line of trees in the background.,action_event,"[Single-Choice] At the beginning of the event, what is the horse doing? [Options] A) Standing beside the rider B) Grazing with its head down C) Cantering with the rider aboard D) Jumping over a fence",C,C) Cantering with the rider aboard,True,action_goal_binding,spatiotemporal_grounding,马匹沿斜线持续接近画面右下方的木质障碍并在末段到达起跳线；回答将骑手目标绑定为背景树线，而非正在接近的障碍。,high,no
error-0032,NmImpLawyDg_4_0_02_41_340_to_0_02_52_717.mp4,archived_workspace/experiments/perception_control/work/single_probe_200_contact_sheets/pc-0115.jpg,2,Dynamic Spatial Relationships,Object-Centric,Single-Choice,"[Single-Choice] During the camera's upward pan, what is the apparent change in the position of the blue star-shaped light in the foreground relative to the red and white star-shaped light behind it? [Options] A) The blue light moves from being below the red light to being above it. B) The blue light appears to move further down and to the left relative to the red light. C) The two lights maintain a fixed spatial relationship to each other in the frame. D) The blue light moves from being to the left of the red light to its right.",C,A) The blue light moves from being below the red light to being above it.,simple_relation,[Single-Choice] Where is the red teardrop-shaped ornament positioned relative to the red-and-white star decoration? [Options] A) lower left of it B) upper right of it C) upper left of it D) lower right of it,D,D) lower right of it,True,spatiotemporal_grounding,perception_recognition,蓝色与红白星形灯固定在同一装饰结构上，镜头上摇时二者相对位置保持不变；回答错误声称蓝灯由下方移到上方。,high,no
error-0033,vIm1Ave5FVw_44_0_11_04_797_to_0_11_20_346.mp4,archived_workspace/experiments/perception_control/work/single_probe_200_contact_sheets/pc-0200.jpg,2,Dynamic Spatial Relationships,Human-Centric,True/False,[True/False] The person's head goes below the surface of the water as the wave passes over them.,True,False,entity,[Single-Choice] Which item is visible on the person? [Options] A) A bright life jacket B) A white helmet C) A striped shirt D) A dark wetsuit,D,D) A dark wetsuit,True,perception_recognition,spatiotemporal_grounding,约 8–10 秒浪头覆盖人物，头部短暂从水面上消失；回答否认这一直接可见事件，属于动作/可见状态识别错误。,high,no
error-0034,iIpRKgC-9pw_42_0_08_15_662_to_0_08_32_312.mp4,archived_workspace/experiments/perception_control/work/single_probe_200_contact_sheets/pc-0587.jpg,6,Egocentric vs. Allocentric Reference Frames,Human-Centric,Single-Choice,"[Single-Choice] Relative to the car's frame of reference, which description best captures the initial motion of the armrest as it moves from its stowed to its deployed position? [Options] A) It pivots downwards and towards the front of the car. B) It slides horizontally forward from the seatback. C) It pivots downwards and towards the rear of the car. D) It rotates sideways from the seat cushion.",A,C) It pivots downwards and towards the rear of the car.,entity,[Single-Choice] Which item is visible on the rear seat cushion? [Options] A) Blue water bottle B) Black smartphone C) White paper cup D) Red seat belt buckle,D,D) Red seat belt buckle,True,perspective_reference_frame,perception_recognition,后排中央扶手从靠背向下翻至座垫上方，按汽车自身前后方向同时朝车头侧运动；回答把同一转动解释为朝车尾，混淆车辆参照系。,high,no
error-0035,iOFJq-ylyT4_4_0_01_12_439_to_0_01_27_353.mp4,archived_workspace/experiments/perception_control/work/single_probe_200_contact_sheets/pc-0087.jpg,1,Object Permanence and Occlusion Tracking,Human-Centric,True/False,"[True/False] From the camera's final viewpoint showing the side of the car, the driver's side front wheel is completely occluded.",True,No,action_event,"[Single-Choice] Before the man stands apart from the car near the bushes, what does he do? [Options] A) He opens a car door. B) He kneels beside a wheel. C) He enters the car. D) He walks beside the car.",D,D,True,benchmark_ambiguity,perception_recognition,最终侧视镜头中驾驶员侧前轮主要因相机裁切而离开画面，并非被另一物体遮挡；题干把 out of frame 写成 completely occluded，gold 的概念边界不清。,high,yes
error-0036,Fh9NSGL42aU_27_0_04_54_500_to_0_05_12_566.mp4,archived_workspace/experiments/perception_control/work/single_probe_200_contact_sheets/pc-0026.jpg,1,Object Permanence and Occlusion Tracking,Human-Centric,True/False,"[True/False] During the camera's pan towards the group of people, the man wearing a black shirt and sunglasses is, at one point, completely hidden from view behind the man in the grey t-shirt.",False,True,entity,[Single-Choice] Which object is visible leaning against a camper vehicle near the people? [Options] A) A bicycle B) A surfboard C) A shopping cart D) A ladder,D,D) A ladder,True,spatiotemporal_grounding,perception_recognition,相机转向人群时黑衣墨镜男子与灰衫男子发生短暂重叠；回答将局部重叠判断为完全遮挡。20-frame full-duration sheet 无法覆盖每个瞬时帧，完整遮挡判定置信度受限。,low,no
error-0037,JH6vsa0twcA_41_0_08_54_133_to_0_09_04_533.mp4,archived_workspace/experiments/perception_control/work/single_probe_200_contact_sheets/pc-0053.jpg,1,Object Permanence and Occlusion Tracking,Human-Centric,Single-Choice,"[Single-Choice] As the car moves up the curved ramp, which background element is the last to be completely hidden behind the solid white wall on the left? [Options] A) The white sedan parked on the far left of the distant lot. B) The dark SUV parked in the middle of the distant lot. C) The trees on the far right of the distant lot. D) The building behind the distant lot.",A,C,action_event,"[Single-Choice] Near the end of the event, what is the car doing near the open gate? [Options] A) Driving forward toward the open gate B) Backing away from the open gate C) Parking beside the open gate D) Making a U-turn near the open gate",A,A) Driving forward toward the open gate,True,spatiotemporal_grounding,perception_recognition,车辆沿弯坡上行时左侧实墙逐步遮住远处停车场元素；回答把最后消失项判为最右侧树木，而非远左白色轿车，混淆了动态遮挡顺序。,medium,no
error-0038,sSy9TvBC92o_15_0_01_39_519_to_0_01_58_920.mp4,archived_workspace/experiments/perception_control/work/single_probe_200_contact_sheets/pc-0452.jpg,5,Object Deformation and State Transition,Human-Centric,Multiple-Select,"[Multiple-Select] The snake actively deforms its body to grip the man's arm. Which of the following spatial configurations are created by this deformation? (Select all that apply) [Options] A) Multiple circular coils wrapped around the forearm. B) A single loop running lengthwise along the other coils. C) A complex, overlapping mass where the body crosses over itself multiple times. D) A straight, rigid line along the top of the man's arm.","A,B,C",AC,simple_relation,"[Single-Choice] How is the man's raised forearm oriented near his chest? [Options] A) Upright, with the hand above the elbow B) Horizontal, with the hand level with the elbow C) Downward, with the hand below the elbow D) Straight outward, pointing toward the camera",A,"B) Horizontal, with the hand level with the elbow",False,perception_recognition,spatiotemporal_grounding,蛇身在前臂周围形成多圈并有一段沿其他圈纵向回绕，同时多次交叉；回答 AC 遗漏了可见的纵向单环 B。control 未通过也支持低层形态识别困难。,medium,no
error-0039,IhCQUucY59I_5_0_02_40_639_to_0_03_00_680.mp4,archived_workspace/experiments/perception_control/work/single_probe_200_contact_sheets/pc-0527.jpg,6,Egocentric vs. Allocentric Reference Frames,Human-Centric,Single-Choice,"[Single-Choice] From the perspective of the rower seated at the very front of the boat, in which direction is the chase boat that is following them located? [Options] A) Directly in front of her. B) Directly behind her. C) To her left. D) To her right.",C,B) Directly behind her.,entity,[Single-Choice] What is visible aboard the motorboat near the rowing shell? [Options] A) A large sail B) Several people C) Stacked cargo boxes D) An empty deck,B,B) Several people,True,perspective_reference_frame,spatiotemporal_grounding,追逐艇位于赛艇后侧且有横向偏移，题目要求使用最前排划手自身朝向；回答直接采用船体前后位置选择 behind，未转换为划手左侧。,high,no
error-0040,_4dgPq-hqQY_38_0_05_11_133_to_0_05_21_800.mp4,archived_workspace/experiments/perception_control/work/single_probe_200_contact_sheets/pc-0366.jpg,4,Predictive and Counterfactual Spatial Reasoning,Object-Centric,Single-Choice,"[Single-Choice] If the SUV had continued on its initial trajectory without turning right, what would it have moved towards? [Options] A) The white mailbox post on the right side of the road. B) The house with the brown roof visible in the background. C) The driveway of the house on the immediate left. D) The curb directly in front of the camera's viewpoint.",C,D) The curb directly in front of the camera's viewpoint.,entity,[Single-Choice] What surface is visible bordering the paved roadway? [Options] A) Deep snow B) Loose sand C) Red brick paving D) Green grass,D,D) Green grass,True,physical_prediction_counterfactual,perspective_reference_frame,SUV 初始沿道路朝画面左前方驶来，实际随后右转；回答在取消右转的反事实下外推到相机前方路缘，而非延续初始航向至左侧车道/车道口。,medium,no
error-0041,j7XGRgoCYo0_75_0_10_05_372_to_0_10_27_827.mp4,archived_workspace/experiments/perception_control/work/single_probe_200_contact_sheets/pc-0442.jpg,5,Object Deformation and State Transition,Object-Centric,Multiple-Select,"[Multiple-Select] Based on the visual evidence of the skull's transformation, which of the following physical changes occur? (Select all that apply) [Options] A) The material transitions from a rigid solid to a viscous semi-liquid. B) The object's volume significantly increases. C) The defined anatomical features collapse into an undefined shape. D) The material changes color from white to clear.","A,C","A, B, C",simple_relation,[Single-Choice] Where is the small white bottle positioned relative to the skull as liquid is poured? [Options] A) Below the skull B) Above the skull C) Beside the skull D) In front of the skull,B,B) Above the skull,True,physical_prediction_counterfactual,perception_recognition,白色骷髅由有明确特征的刚性外形塌缩为黏稠无定形物并向桌面铺展；回答额外选择“体积显著增加”，把占地面积扩张误当成材料体积增加。,high,no
error-0042,F_Y2Kg1_W3Q_58_0_09_44_684_to_0_09_54_994.mp4,archived_workspace/experiments/perception_control/work/single_probe_200_contact_sheets/pc-0529.jpg,6,Egocentric vs. Allocentric Reference Frames,Human-Centric,True/False,"[True/False] Relative to the scooter's deck, the person initiates the handlebar spin by pushing their right hand forward and pulling their left hand backward.",True,False,action_event,"[Single-Choice] Near the beginning, what does the person do with one foot on the pavement? [Options] A) Kicks a ball across the pavement B) Steps onto the grass C) Pushes off to move the scooter D) Jumps with both feet together",C,C) Pushes off to move the scooter,True,perception_recognition,perspective_reference_frame,把手旋转发生得很快，题目要求相对踏板判断双手的前后推动方向；回答否定了右手前推、左手后拉的可见起始动作。20-frame full-duration sheet 对手部瞬时方向的采样有限。,low,no
error-0043,FDMxA941dVE_64_0_08_46_292_to_0_08_56_869.mp4,archived_workspace/experiments/perception_control/work/single_probe_200_contact_sheets/pc-0318.jpg,4,Predictive and Counterfactual Spatial Reasoning,Human-Centric,Single-Choice,"[Single-Choice] If the kitesurfer were to immediately make a sharp 90-degree turn to their left, what would be their new direction of travel relative to the landmarks? [Options] A) Directly towards the beach with palm trees. B) Parallel to the line of wooden posts, but moving away from the pier. C) Directly towards the large white dome. D) Towards the open sea, away from the shoreline.",D,"B) Parallel to the line of wooden posts, but moving away from the pier.",simple_relation,[Single-Choice] Where is the row of wooden posts relative to the kitesurfer in the view? [Options] A) Farther out toward open sea B) Directly underneath the board C) Beside him at the same depth D) Farther back near the shoreline,D,D) Farther back near the shoreline,True,perspective_reference_frame,physical_prediction_counterfactual,冲浪者沿岸线运动，问题要求从其自身左侧旋转 90 度并映射到海陆地标；回答选择沿木桩远离码头，未正确完成主体到场景坐标的转换。,medium,no
error-0044,Xg9VRoWYh0E_60_0_12_29_782_to_0_12_48_033.mp4,archived_workspace/experiments/perception_control/work/single_probe_200_contact_sheets/pc-0550.jpg,6,Egocentric vs. Allocentric Reference Frames,Human-Centric,True/False,"[True/False] From the initial forward-facing viewpoint, the trolling motor is in front of the camera, but from the final viewpoint focused on the driver, the trolling motor is behind the camera.",False,True,action_event,[Single-Choice] Does the tree-covered shoreline on the left appear before or after the man in the blue cap is shown holding the steering wheel? [Options] A) After B) At the same moment C) Before D) One event is not visible,C,A) After,False,perspective_reference_frame,spatiotemporal_grounding,镜头由前向水面和船头设备转到驾驶员， trolling motor 与相机的物理前后关系并未因镜头转向而反转；回答把画面方向变化误作相机坐标中的前后交换。,medium,no
error-0045,LSlhkLImq8U_2_0_01_22_449_to_0_02_30_283.mp4,archived_workspace/experiments/perception_control/work/single_probe_200_contact_sheets/pc-0227.jpg,3,Action and Intent-Driven Spatial Reasoning,Human-Centric,True/False,"[True/False] In the first minute of the video, every time the person walking the dog comes to a complete stop, the dog sits.",True,False,action_event,[Single-Choice] Which event occurs before the person and dog cross a more open part of the plaza? [Options] A) They climb the steps together. B) They walk into the water. C) They stand beside a bicycle. D) They pass beside a large crowd.,D,A) They climb the steps together.,False,spatiotemporal_grounding,perception_recognition,题目要求汇总一分钟内每一次人停步与狗坐下的对应关系；回答称并非每次都坐，主要缺口是跨多个事件的状态对齐。20-frame full-duration sheet 对“every time”覆盖有限，故低置信度。,low,no
error-0046,eeJWtwV5OzA_28_0_05_18_100_to_0_05_28_800.mp4,archived_workspace/experiments/perception_control/work/single_probe_200_contact_sheets/pc-0018.jpg,1,Object Permanence and Occlusion Tracking,Human-Centric,Multiple-Select,"[Multiple-Select] As the man walks from the doorway to the red car, which vehicle in the background is temporarily hidden from view by his body? [Options] A) The grey Land Rover. B) The small black Smart car. C) The blue sedan. D) The white convertible.",B.C.D,B) The small black Smart car.,entity,[Single-Choice] Which accessory is visible around the walking man's neck? [Options] A) A bright green lanyard B) A red scarf C) A black tie D) A blue headset,A,A) A bright green lanyard,True,spatiotemporal_grounding,perception_recognition,男子从门口走向红车时身体依次扫过远处多辆小车；回答只识别出黑色 Smart car，遗漏短时被身体遮住的蓝色轿车和白色敞篷车。20-frame full-duration sheet 对短暂遮挡采样有限。,low,no
error-0047,VO_W9H4ReyM_8_0_02_11_731_to_0_02_23_143.mp4,archived_workspace/experiments/perception_control/work/single_probe_200_contact_sheets/pc-0230.jpg,3,Action and Intent-Driven Spatial Reasoning,Human-Centric,Single-Choice,"[Single-Choice] Based on the rider's control and the horse's path, what is the primary spatial objective of the maneuver shown? [Options] A) To approach the jump on the right side of the screen. B) To move the horse sideways across the arena while maintaining a forward direction. C) To make the horse back up towards the building. D) To circle around the jump on the left.",B,A) To approach the jump on the right side of the screen.,action_event,[Single-Choice] Does the horse move through the open middle before or after it reaches the far hedge? [Options] A) Before it reaches the far hedge. B) After it reaches the far hedge. C) While reaching the far hedge. D) It never reaches the far hedge.,A,B) After it reaches the far hedge.,False,action_goal_binding,spatiotemporal_grounding,马匹在场地内保持前向同时明显横向侧移，轨迹没有直接指向右侧障碍；回答把控制动作绑定为接近跳跃，而非横向移动训练。control 未通过提示动作识别也可能参与。,high,no
error-0048,UEvDE_9rlSY_18_0_03_30_233_to_0_03_42_533.mp4,archived_workspace/experiments/perception_control/work/single_probe_200_contact_sheets/pc-0341.jpg,4,Predictive and Counterfactual Spatial Reasoning,Human-Centric,Single-Choice,"[Single-Choice] Assuming the watercraft continues on its current path without turning, what will its position be relative to the group of trees on the land in the next few seconds? [Options] A) It will be directly in front of the trees, having landed on the shore. B) It will have passed the trees, with the trees now on its right side. C) It will have turned away, with the trees getting smaller in the distance. D) It will be stationary in its current position.",A,"B) It will have passed the trees, with the trees now on its right side.",simple_relation,[Single-Choice] Where is the green sail relative to the tree group? [Options] A) Above and to the right B) Above and to the left C) Below and to the right D) Below and to the left,A,A) Above and to the right,True,physical_prediction_counterfactual,spatiotemporal_grounding,水上载具沿当前航向持续接近岸边树群，问题要求短时延续该路径；回答预测会越过树群并使其位于右侧，未延续朝岸的轨迹。,medium,no
error-0049,U_77ItXKYDs_29_0_05_43_933_to_0_05_54_033.mp4,archived_workspace/experiments/perception_control/work/single_probe_200_contact_sheets/pc-0126.jpg,2,Dynamic Spatial Relationships,Human-Centric,Multiple-Select,"[Multiple-Select] At the end of the video, the woman brings both hands down to adjust the bottom of the shirt. Which of the following spatial relationships change during this specific action? (Select all that apply) [Options] A) The distance between her right hand and her left hand. B) The distance between her left hand and the red mug. C) The orientation of the paintbrush relative to the table surface. D) The position of the green foam sheet relative to the table.","A,B,C",AB,simple_relation,"[Single-Choice] Relative to the green foam sheet, where is the red mug located? [Options] A) To its left B) To its right C) Directly above it D) Under it",A,A,True,spatiotemporal_grounding,perception_recognition,末段双手下移整理衬衫时两手间距、左手与红杯距离均改变，右手持画笔也由较竖直转为更贴近桌面的方向；回答 AB 遗漏了画笔方向变化 C。,medium,no
error-0050,QnBZWeo5H28_14_0_02_09_996_to_0_02_31_384.mp4,archived_workspace/experiments/perception_control/work/single_probe_200_contact_sheets/pc-0054.jpg,1,Object Permanence and Occlusion Tracking,Human-Centric,True/False,"[True/False] During the camera's pan to the right, the covered structure on the pier moves in front of the small, white chapel-like building from the camera's viewpoint, but the chapel remains at least partially visible throughout this transit.",True,No,action_event,"[Single-Choice] When the sandy beach is prominent, what are the two people doing? [Options] A) Walking on the sand B) Swimming in the water C) Sitting in lounge chairs D) Climbing onto the pier",A,A,True,spatiotemporal_grounding,perception_recognition,镜头右移时近处码头覆顶结构逐步横移到远处白色小教堂前方，但教堂始终有一部分露出；回答否定该动态遮挡关系。,high,no
error-0051,ZHamsk3qcvM_2_0_01_47_541_to_0_03_16_708.mp4,archived_workspace/experiments/perception_control/work/single_probe_200_contact_sheets/pc-0572.jpg,6,Egocentric vs. Allocentric Reference Frames,Human-Centric,Multiple-Select,"[Multiple-Select] The camera moves along with the boats. From the camera's moving perspective, which of these appear to move from the right side of the screen towards the left side? (Select all that apply) [Options] A) The rowers in the white foreground boat. B) The white tents on the riverbank. C) The yellow competing boat. D) The trees on the riverbank.","B, D","A, C, D",action_event,[Single-Choice] Which statement correctly describes whether the large England flag appears before or after the brick riverside building? [Options] A) The brick building appears before the flag appears. B) The flag and brick building first appear together. C) Neither the flag nor brick building appears. D) The flag appears before the brick building appears.,D,D) The flag appears before the brick building appears.,True,perspective_reference_frame,spatiotemporal_grounding,相机与赛艇共同移动，岸上帐篷和树木产生由右向左的背景流，而同向赛艇不应按同一方式计入；回答混入前景白艇与黄艇并遗漏帐篷，未区分相机随动参照系。,high,no
error-0052,lVoflPzlZRU_27_0_09_08_514_to_0_09_35_675.mp4,archived_workspace/experiments/perception_control/work/single_probe_200_contact_sheets/pc-0474.jpg,5,Object Deformation and State Transition,Human-Centric,Fill-in-the-Blank,"[Fill-in-the-Blank] To transition the wheel from a locked to an unlocked state, the man must pivot the three red levers ______ from the face of the wheel's hub.",outward,inward,action_event,[Single-Choice] What happens before the man kneels beside the rear wheel? [Options] A) He opens a cabinet door. B) He walks around the bicycle. C) He removes the saddle. D) He rides the bicycle away.,B,C) He removes the saddle.,False,perception_recognition,action_goal_binding,近景操作显示三根红色拨杆从轮毂表面向外翻开以解锁；回答将直接可见的枢转方向判为向内。control 未通过也支持操作动作识别困难。,high,no
error-0053,Ud7XHwfD6ls_94_0_12_11_230_to_0_12_21_907.mp4,archived_workspace/experiments/perception_control/work/single_probe_200_contact_sheets/pc-0547.jpg,6,Egocentric vs. Allocentric Reference Frames,Human-Centric,Single-Choice,"[Single-Choice] As the camera moves backward, it reveals a main building and a smaller, dark-roofed shed to its left. From a bird's-eye perspective, what is located directly between these two structures? [Options] A) A wooden fence . B) Two children skating in a circle. C) A large snowbank with a trash can on top. D) A black metal fire pit.",A,D,entity,[Single-Choice] Who is visible closest to the camera? [Options] A) A woman wearing sunglasses B) A child holding hockey sticks C) A dog pulling a sled D) A man riding a bicycle,A,A) A woman wearing sunglasses,True,perspective_reference_frame,perception_recognition,后退镜头逐步揭示主建筑、其左侧小棚及二者之间的木栅栏；回答选择黑色火盆，未把斜视画面转换为俯视空间布局。,medium,no
error-0054,WPTAA4RdksE_40_0_08_53_499_to_0_09_10_483.mp4,archived_workspace/experiments/perception_control/work/single_probe_200_contact_sheets/pc-0462.jpg,5,Object Deformation and State Transition,Human-Centric,Multiple-Select,[Multiple-Select] Which of the following spatial properties of the large green fabric are visibly changed by the person's folding action? (Select all that apply) [Options] A) Its total surface area. B) Its thickness in the folded region. C) The number of layers presented to the pattern. D) Its overall shape from a top-down view.,"B, C, D",B) Its thickness in the folded region.,entity,[Single-Choice] Which object is visible beneath the materials being handled? [Options] A) A wooden dining table B) A metal baking tray C) A blue ironing board D) A green gridded cutting mat,D,D) A green gridded cutting mat,True,spatiotemporal_grounding,perception_recognition,绿色布料折叠后不仅局部厚度增加，也形成多层且俯视轮廓改变；回答只选 B，遗漏了跨折叠前后可见的层数和形状变化。,high,no
error-0055,PbiwvryfH94_27_0_10_50_999_to_0_12_30_624.mp4,archived_workspace/experiments/perception_control/work/single_probe_200_contact_sheets/pc-0015.jpg,1,Object Permanence and Occlusion Tracking,Human-Centric,True/False,[True/False] The person in the purple shirt who walks past the woman in the grey vest is completely hidden from view by her at some point before exiting the frame.,True,False,entity,[Single-Choice] Which object is visible beside the woman near the walkway? [Options] A) A wooden bench B) A metal railing C) A parked bicycle D) A beach umbrella,B,B) A metal railing,True,spatiotemporal_grounding,perception_recognition,紫衣行人经过灰马甲女子时发生短暂动态重叠；回答否认其曾被完全遮住。20-frame full-duration sheet 对完全遮挡的瞬时帧覆盖有限。,low,no
error-0056,MUbr53dyrak_22_0_07_02_639_to_0_07_28_079.mp4,archived_workspace/experiments/perception_control/work/single_probe_200_contact_sheets/pc-0022.jpg,1,Object Permanence and Occlusion Tracking,Object-Centric,True/False,"[True/False] The wooden pier with the thatched roof moves from the left side of the frame to the right, and as it does, it continuously occludes a new portion of the beach behind it.",True,False,simple_relation,[Single-Choice] Where is the sandy beach relative to the line of palm trees? [Options] A) Behind the palm trees B) Above the palm trees C) In front of the palm trees D) Below the water,C,C) In front of the palm trees,True,spatiotemporal_grounding,perspective_reference_frame,移动镜头使茅草顶木码头从画面左侧横移到右侧，近景结构沿途遮住不同海滩区域；回答否定了连续的投影位移与遮挡更新。,high,no
error-0057,svE6_cYXDXA_31_0_03_25_505_to_0_03_41_554.mp4,archived_workspace/experiments/perception_control/work/single_probe_200_contact_sheets/pc-0373.jpg,4,Predictive and Counterfactual Spatial Reasoning,Human-Centric,Single-Choice,"[Single-Choice] If the rider failed to navigate the first significant curve and continued in a straight line, what would be the immediate spatial consequence? [Options] A) They would travel off the steep edge to the left of the road. B) They would ride directly into the uphill embankment. C) They would enter the patch of green trees on the right. D) They would safely continue onto a different path.",B,A) They would travel off the steep edge to the left of the road.,action_event,[Single-Choice] What is the person on the motorcycle doing near the bushes? [Options] A) Standing still beside the bike B) Leaning the bike while moving C) Pushing the bike uphill D) Lifting the bike onto a truck,B,B) Leaning the bike while moving,True,physical_prediction_counterfactual,perspective_reference_frame,骑手在首个明显弯道沿道路右转，若保持此前直线将直接进入弯外侧上坡土坡；回答错误外推为冲出左侧陡边。,high,no
error-0058,NkFI7LBA8N4_22_0_03_36_382_to_0_03_48_127.mp4,archived_workspace/experiments/perception_control/work/single_probe_200_contact_sheets/pc-0014.jpg,1,Object Permanence and Occlusion Tracking,Object-Centric,True/False,"[True/False] The dark sedan that drives from left to right passes in front of the yellow car, temporarily occluding it from view.",False,True,action_event,"[Single-Choice] When the yellow car is visible beside the white tents, what is it doing? [Options] A) Driving forward B) Backing up C) Turning across the lot D) Sitting parked",D,D,True,spatiotemporal_grounding,perception_recognition,深色轿车横穿前景时没有从黄色车正前方通过并将其遮住；回答把相邻轨迹或画面重叠误判为一次完整遮挡。,medium,no
error-0059,Xdn4-pqGD6A_53_0_13_48_285_to_0_14_30_327.mp4,archived_workspace/experiments/perception_control/work/single_probe_200_contact_sheets/pc-0205.jpg,3,Action and Intent-Driven Spatial Reasoning,Human-Centric,Single-Choice,"[Single-Choice] After the second golfer (in the black shirt) putts, what is the final spatial relationship between his ball and the hole compared to its starting position? [Options] A) The ball is closer to the hole. B) The ball is further from the hole. C) The ball is in the same location relative to the hole. D) The ball has moved to the right of the hole.",A,B) The ball is further from the hole.,entity,[Single-Choice] Which object is visible on the putting green near the golfers? [Options] A) A yellow flagstick B) A red tee marker C) A sand rake D) A water hazard sign,A,A) A yellow flagstick,True,spatiotemporal_grounding,perception_recognition,黑衣球手推杆后球从起点向洞杯区域移动并最终更接近洞口；回答判断为更远，未正确对应击球前后的球位。20-frame full-duration sheet 中小球分辨率有限。,low,no
error-0060,H3NlWOY-eaU_16_0_05_34_801_to_0_06_27_887.mp4,archived_workspace/experiments/perception_control/work/single_probe_200_contact_sheets/pc-0050.jpg,1,Object Permanence and Occlusion Tracking,Object-Centric,True/False,"[True/False] As the ferry moves forward, the view of the small white building on the distant point of land is eventually occluded by the white life raft canisters.",False,True,entity,[Single-Choice] Which background landscape is visible in the scene? [Options] A) dense city skyline B) snowy mountain range C) flat desert dunes D) green forested shoreline,D,D,True,spatiotemporal_grounding,perception_recognition,渡轮前进时远处岬角白色小屋没有进入近处白色救生筏筒的投影范围；回答错误报告了随船移动产生的遮挡事件。,medium,no
error-0061,p-b5mQgWPO4_7_0_02_49_202_to_0_03_01_981.mp4,archived_workspace/experiments/perception_control/work/single_probe_200_contact_sheets/pc-0471.jpg,5,Object Deformation and State Transition,Human-Centric,Fill-in-the-Blank,[Fill-in-the-Blank] The procedure shown transforms a single large horizontal loop into two smaller vertical loops by pulling them through the ________ of the knot.,center,[answer] eye,simple_relation,"[Single-Choice] Near the end, which way does the straight loose cord from the central knot point? [Options] A) Upward B) Downward C) Leftward D) Rightward",B,B) Downward,True,benchmark_ambiguity,protocol_or_parsing,操作确实把大环从绳结中央开口拉出；模型回答 eye 在结绳语境中可合理指环眼/中心开口，与 gold center 语义相容，填空接受范围过窄。,high,yes
error-0062,R5lA1ZQzauM_12_0_07_29_399_to_0_08_49_533.mp4,archived_workspace/experiments/perception_control/work/single_probe_200_contact_sheets/pc-0246.jpg,3,Action and Intent-Driven Spatial Reasoning,Human-Centric,Multiple-Select,[Multiple-Select] The operator's intent is to test the drone's 'follow me' capability. Which of the following spatial behaviors are observed in the drone's attempt to follow the operator? (Select all that apply) [Options] A) The drone initially drifts without tracking the operator's movement. B) The drone successfully matches the operator's forward speed perfectly. C) The drone adjusts its position laterally to keep the operator in the camera's view. D) The drone loses significant altitude while attempting to move towards the operator.,"B, C, D","A, C",entity,[Single-Choice] Which object is visible near the bottom foreground of the scene? [Options] A) A bicycle handlebar B) A radio controller C) A camera tripod D) A folding chair,B,B) A radio controller,True,spatiotemporal_grounding,action_goal_binding,无人机在较长序列中随操作者移动、横向修正并出现高度变化；回答 AC 错误概括其初始跟随状态并遗漏速度匹配和明显降高，需要跨阶段汇总多项行为。,low,no
error-0063,VpbGt1S2_MA_15_0_01_26_553_to_0_01_39_399.mp4,archived_workspace/experiments/perception_control/work/single_probe_200_contact_sheets/pc-0060.jpg,1,Object Permanence and Occlusion Tracking,Human-Centric,True/False,"[True/False] During the moment the white boat (sail number 3412) overtakes the yellow boat, the person steering the yellow boat is completely hidden from the camera's view by the white boat's sail.",False,True,simple_relation,"[Single-Choice] When the white and yellow sailboats pass close together, where is the yellow boat relative to the nearby white sailboat in the view? [Options] A) Behind and to the right B) In front and to the left C) Behind and to the left D) In front and to the right",C,D) In front and to the right,False,spatiotemporal_grounding,perception_recognition,白帆 3412 超越黄色船时帆面与黄船舵手短时重叠，但舵手并未被完全隐藏；回答把部分遮挡升级为完全遮挡。control 未通过也提示局部事件识别困难。,medium,no
error-0064,D39Xmg7PEew_28_0_05_27_360_to_0_05_43_443.mp4,archived_workspace/experiments/perception_control/work/single_probe_200_contact_sheets/pc-0109.jpg,2,Dynamic Spatial Relationships,Human-Centric,True/False,"[True/False] The trajectory of the fish, as it is being pulled through the water before being lifted, is primarily from a distant point toward the camera's location.",False,True,simple_relation,[Single-Choice] Where is the tree-lined shoreline relative to the open water? [Options] A) Below the open water B) Above the open water C) Left of the open water D) Right of the open water,B,D,False,spatiotemporal_grounding,perspective_reference_frame,鱼被拉起前主要在船边横向/近岸水面移动，并非从远处沿视线轴直奔相机；回答混淆了鱼靠近船与朝相机的轨迹方向。,medium,no
error-0065,amXzenmYYlw_12_0_03_47_400_to_0_03_57_680.mp4,archived_workspace/experiments/perception_control/work/single_probe_200_contact_sheets/pc-0016.jpg,1,Object Permanence and Occlusion Tracking,Human-Centric,Fill-in-the-Blank,"[Fill-in-the-Blank] A utility pole temporarily occludes the man. Immediately after he reappears, he is on the ______ side of the white parked car.",left,right,simple_relation,[Single-Choice] Where is the white parked car located relative to the storefront? [Options] A) In front of the storefront B) Behind the storefront C) Across the road from the storefront D) Inside the storefront,A,B,False,perspective_reference_frame,spatiotemporal_grounding,移动镜头经过电线杆后男子重新出现时位于白色停放车辆的场景左侧；回答给出右侧，混淆了遮挡前后位置与画面参照。,medium,no
error-0066,QVsjGCT8Dyk_12_0_02_14_834_to_0_02_27_313.mp4,archived_workspace/experiments/perception_control/work/single_probe_200_contact_sheets/pc-0209.jpg,3,Action and Intent-Driven Spatial Reasoning,Human-Centric,Single-Choice,"[Single-Choice] According to the numbered diagrams, what is the correct sequence of movements for the lower orange handle to launch the missile after it has been loaded? [Options] A) Pull back, then push forward. B) Push forward, then pull back. C) Push forward only. D) Pull back only.",B,"A) Pull back, then push forward.",simple_relation,"[Single-Choice] In the large product picture, which way does the blaster's orange muzzle face? [Options] A) To the left B) Upward C) Downward D) To the right",D,B) Upward,False,spatiotemporal_grounding,perception_recognition,包装上的编号图示先显示下方橙色手柄向前推，再向后拉以发射；回答将两个步骤次序反转。control 未通过也可能反映图示动作识别困难。,medium,no
error-0067,fRmaPWqByGw_25_0_05_06_560_to_0_05_41_199.mp4,archived_workspace/experiments/perception_control/work/single_probe_200_contact_sheets/pc-0469.jpg,5,Object Deformation and State Transition,Object-Centric,Fill-in-the-Blank,"[Fill-in-the-Blank] After the helicopter lands, the visual state of the main rotor blades transitions from a continuous transparent blur to ______, as they slow to a stop.",distinct individual blades,clear,entity,[Single-Choice] Which surface is visible under the helicopter near its touchdown area? [Options] A) A paved road B) A sandy beach C) A snowy field D) A grassy field,D,D) A grassy field,True,benchmark_ambiguity,,旋翼由高速透明模糊变为低速可辨状态；模型回答 clear 可自然解释为 blades become visually clear，与 gold distinct individual blades 基本同义，填空评分边界不充分。,high,yes
error-0068,HWw84p9DkGU_21_0_02_39_058_to_0_02_50_270.mp4,archived_workspace/experiments/perception_control/work/single_probe_200_contact_sheets/pc-0533.jpg,6,Egocentric vs. Allocentric Reference Frames,Human-Centric,True/False,"[True/False] From the man's perspective, the hydraulic strut holding the hood open is on his right side.",False,True,simple_relation,"[Single-Choice] From the viewer's perspective, where is the man relative to the raised hood? [Options] A) To the left of the hood B) To the right of the hood C) Directly above the hood D) Directly below the hood",A,A) To the left of the hood,True,perspective_reference_frame,perception_recognition,支撑发动机盖的液压杆位于画面右侧，但面对相机的男子其自身右侧对应画面左侧；回答直接使用观看者左右，没有转换到男子视角。,high,no
error-0069,MUbr53dyrak_22_0_07_02_639_to_0_07_28_079.mp4,archived_workspace/experiments/perception_control/work/single_probe_200_contact_sheets/pc-0022.jpg,1,Object Permanence and Occlusion Tracking,Object-Centric,True/False,"[True/False] The wooden pier with the thatched roof moves from the left side of the frame to the right, and as it does, it continuously occludes a new portion of the beach behind it.",True,False,simple_relation,[Single-Choice] Where is the sandy beach relative to the line of palm trees? [Options] A) Behind the palm trees B) Above the palm trees C) In front of the palm trees D) Below the water,C,C) In front of the palm trees,True,spatiotemporal_grounding,perspective_reference_frame,移动镜头使茅草顶木码头从左向右穿过画面并持续替换其遮挡的海滩区域；回答否定该跨帧投影关系。,high,no
error-0070,_vyGEgNbx7c_37_0_05_37_003_to_0_06_13_873.mp4,archived_workspace/experiments/perception_control/work/single_probe_200_contact_sheets/pc-0111.jpg,2,Dynamic Spatial Relationships,Human-Centric,Single-Choice,[Single-Choice] What is the consistent spatial relationship between the snowboarder and their shadow throughout the video? [Options] A) The shadow is always directly behind them. B) The shadow is cast to their right and slightly behind them. C) The shadow is cast to their left and slightly in front of them. D) The shadow is not visible.,C,B,action_event,[Single-Choice] Which event happens before the snowboarder rises into the air off a snow lip? [Options] A) They sit down on the snow. B) They lift the snowboard by hand. C) They walk uphill on foot. D) They crouch low while riding.,D,D) They crouch low while riding.,True,perception_recognition,perspective_reference_frame,可见阴影持续位于滑雪者画面左侧并略偏前方；回答判为右后方，错误识别了稳定的基本方向关系。,high,no
error-0071,UbOevcbnLLY_0_0_00_00_133_to_0_00_14_714.mp4,archived_workspace/experiments/perception_control/work/single_probe_200_contact_sheets/pc-0156.jpg,2,Dynamic Spatial Relationships,Object-Centric,Single-Choice,"[Single-Choice] As the camera pans to the left, what is the apparent motion of the small puff of smoke on the distant hillside relative to the dock's corner post in the foreground? [Options] A) The smoke appears to move from the right side of the post to the left side of it. B) The smoke remains stationary directly behind the post. C) The smoke appears to move from the left side of the post to the right side of it. D) The smoke is never visible at the same time as the corner post.",B,The smoke appears to move from the right side of the post to the left side of it.,action_event,[Single-Choice] Which visible event occurs before the leafy tree canopy enters the view? [Options] A) A large tree trunk fills the left side. B) A white rectangular roof appears near the dock. C) Benches appear beneath the tree. D) The canopy covers much of the top edge.,B,B) A white rectangular roof appears near the dock.,True,benchmark_ambiguity,perspective_reference_frame,镜头左移时远处烟雾与近处码头角柱存在明显视差，20 帧中难以支持烟雾始终固定在柱后；模型所述由右向左具有视觉合理性，gold“stationary directly behind”不够稳固。,medium,yes
error-0072,pFawXXbi7oY_4_0_00_36_302_to_0_00_47_747.mp4,archived_workspace/experiments/perception_control/work/single_probe_200_contact_sheets/pc-0094.jpg,1,Object Permanence and Occlusion Tracking,Object-Centric,True/False,"[True/False] After the camera finishes panning to the right, the silver SUV that was initially parked beside a white horse trailer is completely occluded by the trailer in the foreground.",True,False,entity,[Single-Choice] What object is visible along the bottom edge of the scene? [Options] A) A wooden fence B) A car roof C) A traffic cone D) A bicycle handlebar,B,B) A car roof,True,spatiotemporal_grounding,perception_recognition,右摇镜头后前景白色马拖车覆盖了最初停在其旁的银色 SUV；回答否认最终完全遮挡，未正确跟踪车辆和拖车的投影重合。,medium,no
error-0073,EC6xdTpJOo8_17_0_05_25_799_to_0_05_36_675.mp4,archived_workspace/experiments/perception_control/work/single_probe_200_contact_sheets/pc-0421.jpg,5,Object Deformation and State Transition,Human-Centric,Single-Choice,"[Single-Choice] How does the state of the fish's mouth change from the moment it is first displayed horizontally to the final moment of the video?
[Options]
A) It remains shut the entire time.
B) It goes from mostly closed to wide open.
C) It remains wide open the entire time.
D) It goes from wide open to mostly closed.",C,D) It goes from wide open to mostly closed.,simple_relation,"[Single-Choice] When the man holds the fish sideways in front of him, where is the fish's head relative to its tail? [Options] A) To the left of the tail B) Above the tail C) Below the tail D) To the right of the tail",D,D) To the right of the tail,True,spatiotemporal_grounding,perception_recognition,鱼首次横向展示到末帧期间嘴部始终明显张开；回答错误描述为由张开转为基本闭合，混淆了前后状态。,high,no
error-0074,JXeuauaocHE_113_0_10_36_080_to_0_10_49_759.mp4,archived_workspace/experiments/perception_control/work/single_probe_200_contact_sheets/pc-0128.jpg,2,Dynamic Spatial Relationships,Object-Centric,Single-Choice,"[Single-Choice] Observing the white line on the road during the last three seconds of the video, what is its direction of movement relative to the car's body? [Options] A) It moves towards the left side of the screen. B) It moves closer to the car, towards the bottom-right of the screen. C) It remains in a static position relative to the car. D) It moves directly away from the car.",B,A) It moves towards the left side of the screen.,action_event,[Single-Choice] Which event happens before the concrete wall comes into view? [Options] A) Green trees and bushes pass by. B) Parked cars pass by. C) A tunnel entrance passes by. D) A city skyline passes by.,A,<answer>A) Green trees and bushes pass by.,True,spatiotemporal_grounding,perspective_reference_frame,末三秒道路白线相对固定在车身上的相机向车旁右下方掠近；回答仅称向屏幕左侧移动，未正确整合近景道路流。,high,no
error-0075,iYrcXfBRJ2c_48_0_09_24_297_to_0_09_36_909.mp4,archived_workspace/experiments/perception_control/work/single_probe_200_contact_sheets/pc-0486.jpg,5,Object Deformation and State Transition,Object-Centric,True/False,[True/False] The video depicts a continuous action of a person organizing the drawer from empty to full.,False,True,entity,[Single-Choice] What kind of items are visible inside the open compartment? [Options] A) Stacked books B) Cooking utensils C) Cleaning supplies D) Folded clothing,D,D,True,spatiotemporal_grounding,perception_recognition,序列从空抽屉直接切到已装满并分隔好的抽屉，没有展示逐件整理过程；回答把剪辑前后两个状态误判为一个连续整理动作。,high,no
error-0076,smpHs3qH_dE_40_0_07_17_854_to_0_07_29_532.mp4,archived_workspace/experiments/perception_control/work/single_probe_200_contact_sheets/pc-0372.jpg,4,Predictive and Counterfactual Spatial Reasoning,Object-Centric,Single-Choice,"[Single-Choice] Based on the white van's consistent speed and trajectory, which object would its front bumper be aligned with approximately one second after the video ends? [Options] A) The front of the parked dark-colored SUV. B) The rear of the parked silver sedan. C) The storefront with the red sign in the distance. D) The second light pole on the sidewalk.",D,A,action_event,"[Single-Choice] Near the start, what is the camera doing as the street is viewed? [Options] A) Moving forward along the sidewalk B) Remaining fixed beside the curb C) Tilting upward toward the trees D) Crossing the street toward cars",A,A) Moving forward along the sidewalk,True,physical_prediction_counterfactual,spatiotemporal_grounding,白色厢式车横向经过连续路边参照物，题目要求将末段速度继续外推一秒；回答选择深色 SUV 前部，未延续至第二根灯杆的未来对齐位置。,low,no
error-0077,qkEhTI25974_20_0_03_08_388_to_0_03_24_137.mp4,archived_workspace/experiments/perception_control/work/single_probe_200_contact_sheets/pc-0268.jpg,3,Action and Intent-Driven Spatial Reasoning,Human-Centric,Multiple-Select,"[Multiple-Select] At the moment the motorcycle is on the white-striped crosswalk (0:10), what are the immediate, spatially-relevant intentions governing the rider's actions? (Select all that apply) [Options] A) To yield right-of-way to the white car parked on the right. B) To maintain a consistent following distance behind the silver car ahead. C) To be prepared to stop for any potential pedestrians using the crosswalk. D) To begin accelerating to overtake the silver car.","B, C",C,entity,[Single-Choice] Which object is visible along the curb on this street? [Options] A) Red-and-white traffic cone B) Blue mailbox C) Yellow fire hydrant D) Green trash bin,A,A) Red-and-white traffic cone,True,action_goal_binding,benchmark_ambiguity,摩托车在斑马线前跟随银车并保持可停车距离；回答只识别潜在行人准备停车，遗漏维持跟车距离。题干把不可直接观察的“intention”作为多选 gold，存在一定推断性。,medium,yes
error-0078,rBFpc0p64JE_37_0_08_12_279_to_0_08_23_959.mp4,archived_workspace/experiments/perception_control/work/single_probe_200_contact_sheets/pc-0412.jpg,5,Object Deformation and State Transition,Human-Centric,True/False,[True/False] The process shown results in a permanent spatial change to the client's arm by adding a new material onto the outer surface of the skin.,True,False,action_event,[Single-Choice] Which visible event occurs before the bearded worker holds up a small white bottle? [Options] A) He wraps the forearm with a bandage. B) He photographs the forearm with a phone. C) He places a stencil sheet on the forearm. D) He presses a tattoo machine against the forearm.,D,D) He presses a tattoo machine against the forearm.,True,benchmark_ambiguity,perception_recognition,视频显示纹身针将色料施入手臂皮肤；题干却称材料添加在 outer surface，而纹身色料并非简单覆盖皮肤外表面，模型回答 False 具有合理依据。,high,yes
error-0079,jhcqv4tPIRQ_15_0_03_49_400_to_0_04_01_300.mp4,archived_workspace/experiments/perception_control/work/single_probe_200_contact_sheets/pc-0387.jpg,4,Predictive and Counterfactual Spatial Reasoning,Human-Centric,Single-Choice,"[Single-Choice] Based on its final position, if the bird were to continue climbing straight down the wall, what is the first object it would physically contact? [Options] A) The floor. B) The decorative window on the door. C) The light switch. D) The door frame.",C,B,entity,[Single-Choice] Which large object is visible directly beside the bird near the wall? [Options] A) A metal ladder B) A leafy plant C) A tan padded cushion D) A cardboard box,C,C) A tan padded cushion,True,physical_prediction_counterfactual,perspective_reference_frame,鸟在墙/家具边缘向下攀爬，末位正上方最近的物体是墙面开关；回答外推到门上装饰窗，偏离其竖直下行线。,medium,no
error-0080,S9IFUxQyu6U_19_0_03_28_374_to_0_04_07_347.mp4,archived_workspace/experiments/perception_control/work/single_probe_200_contact_sheets/pc-0329.jpg,4,Predictive and Counterfactual Spatial Reasoning,Human-Centric,Single-Choice,"[Single-Choice] At 0:26, the husky is running at speed across the background. If it had continued moving in that same straight line, which of the following would it have passed closest to? [Options] A) The group of people sitting on the far-left bench. B) The other dogs playing in the center of the field. C) The person standing near the gazebo structure. D) The yellow labrador standing near the two people.",B,C,entity,[Single-Choice] What ground surface is visible under the dogs? [Options] A) Tan sand B) Wooden decking C) Green artificial turf D) Gray concrete,C,C) Green artificial turf,True,physical_prediction_counterfactual,spatiotemporal_grounding,约 0:26 哈士奇高速穿过背景，保持该直线将最接近场地中央玩耍的其他狗；回答外推到凉亭旁站立者，未延续末段航向。,medium,no
error-0081,iIpRKgC-9pw_42_0_08_15_662_to_0_08_32_312.mp4,archived_workspace/experiments/perception_control/work/single_probe_200_contact_sheets/pc-0587.jpg,6,Egocentric vs. Allocentric Reference Frames,Human-Centric,Single-Choice,"[Single-Choice] Relative to the car's frame of reference, which description best captures the initial motion of the armrest as it moves from its stowed to its deployed position? [Options] A) It pivots downwards and towards the front of the car. B) It slides horizontally forward from the seatback. C) It pivots downwards and towards the rear of the car. D) It rotates sideways from the seat cushion.",A,C,entity,[Single-Choice] Which item is visible on the rear seat cushion? [Options] A) Blue water bottle B) Black smartphone C) White paper cup D) Red seat belt buckle,D,D) Red seat belt buckle,True,perspective_reference_frame,perception_recognition,后排中央扶手从靠背向下并朝车辆前方翻转；回答判为朝后，混淆了画面方向与汽车自身前后参照。,high,no
error-0082,u5bdvLkN9pI_11_0_01_44_479_to_0_02_02_622.mp4,archived_workspace/experiments/perception_control/work/single_probe_200_contact_sheets/pc-0566.jpg,6,Egocentric vs. Allocentric Reference Frames,Object-Centric,Fill-in-the-Blank,"[Fill-in-the-Blank] In the final arrangement shown on the table, the four tall stacks in clear tubes are located to the ______ of the main group of stacks in white tubes.",before,left,simple_relation,"[Single-Choice] In the final setup, where are the small loose coin stacks relative to the main group of white tubes? [Options] A) To the left B) In front C) To the right D) Behind",C,B) In front,False,benchmark_ambiguity,,题干要求填写桌面空间方位，最终四个透明管高堆位于白管主堆后/上方区域；gold 却为非空间词 before，无法构成合法答案键。模型 left 虽也未必正确，但当前 gold 明确有误。,high,yes
error-0083,RNIf6N7JeLo_95_0_11_28_320_to_0_11_39_632.mp4,archived_workspace/experiments/perception_control/work/single_probe_200_contact_sheets/pc-0357.jpg,4,Predictive and Counterfactual Spatial Reasoning,Object-Centric,Single-Choice,"[Single-Choice] Imagine that at the 2-second mark, the car's steering locked and it continued forward in a perfectly straight line. Based on the road's curvature, where would the car have first left the paved surface? [Options] A) Off the left shoulder of the road. B) Off the right shoulder of the road. C) It would have remained on the road for the duration of the clip. D) It would have hit the guardrail on the right.",A,B) Off the right shoulder of the road.,entity,[Single-Choice] Which roadside objects are visible beside the roadway? [Options] A) Orange traffic cones B) White reflector posts C) Railroad crossing gates D) Pedestrian crossing signs,B,B) White reflector posts,True,physical_prediction_counterfactual,perspective_reference_frame,2 秒处道路向车辆右侧弯曲，锁定直行会沿切线穿出弯道左肩；回答选择右肩，错误外推了道路曲率下的直线路径。,high,no
error-0084,Lt2mVbsy8G4_7_0_00_47_213_to_0_01_00_994.mp4,archived_workspace/experiments/perception_control/work/single_probe_200_contact_sheets/pc-0011.jpg,1,Object Permanence and Occlusion Tracking,Object-Centric,Fill-in-the-Blank,"[Fill-in-the-Blank] A third, less illuminated jellyfish starts below the main jellyfish on the left. As the main jellyfish moves down, it briefly occludes the third one. From the viewer's perspective, the third jellyfish re-emerges to the ________ of the main jellyfish's bell.",below,right,action_event,[Single-Choice] Which event happens before foamy ocean waves fill the view? [Options] A) White surf spreads across dark rocks. B) A turquoise patch appears among waves. C) Rough water covers most of the scene. D) Bright jellyfish drift in dark water.,D,D,True,spatiotemporal_grounding,perception_recognition,较暗的第三只水母先在左侧主水母下方，短暂被主水母覆盖后仍从其伞体下方重新出现；回答将重现位置判为右侧，未跟踪遮挡前后同一目标。,medium,no
error-0085,u5bdvLkN9pI_11_0_01_44_479_to_0_02_02_622.mp4,archived_workspace/experiments/perception_control/work/single_probe_200_contact_sheets/pc-0566.jpg,6,Egocentric vs. Allocentric Reference Frames,Object-Centric,Fill-in-the-Blank,"[Fill-in-the-Blank] In the final arrangement shown on the table, the four tall stacks in clear tubes are located to the ______ of the main group of stacks in white tubes.",before,left,simple_relation,"[Single-Choice] In the final setup, where are the small loose coin stacks relative to the main group of white tubes? [Options] A) To the left B) In front C) To the right D) Behind",C,C) To the right,True,benchmark_ambiguity,,题干要求填写最终桌面布置的空间方位，gold before 不是该场景中的有效左右/前后位置描述，答案键明显损坏。,high,yes
error-0086,_vyGEgNbx7c_37_0_05_37_003_to_0_06_13_873.mp4,archived_workspace/experiments/perception_control/work/single_probe_200_contact_sheets/pc-0111.jpg,2,Dynamic Spatial Relationships,Human-Centric,Single-Choice,[Single-Choice] What is the consistent spatial relationship between the snowboarder and their shadow throughout the video? [Options] A) The shadow is always directly behind them. B) The shadow is cast to their right and slightly behind them. C) The shadow is cast to their left and slightly in front of them. D) The shadow is not visible.,C,B) The shadow is cast to their right and slightly behind them.,action_event,[Single-Choice] Which event happens before the snowboarder rises into the air off a snow lip? [Options] A) They sit down on the snow. B) They lift the snowboard by hand. C) They walk uphill on foot. D) They crouch low while riding.,D,D) They crouch low while riding.,True,perception_recognition,perspective_reference_frame,阴影在全段稳定落于滑雪者画面左侧并略偏前方；回答判为右后方，错误识别可见的基本方向关系。,high,no
error-0087,coriwTyx1Os_26_0_04_32_890_to_0_04_45_408.mp4,archived_workspace/experiments/perception_control/work/single_probe_200_contact_sheets/pc-0315.jpg,4,Predictive and Counterfactual Spatial Reasoning,Object-Centric,True/False,"[True/False] Assuming the flying object's path relative to the road remained the same, if the camera vehicle had been traveling in the left lane at the same speed, the object would have most likely passed harmlessly behind it.",False,True,action_event,"[Single-Choice] Before the dark object comes close, what is the camera vehicle doing? [Options] A) Merging into the left lane B) Driving straight in the right lane C) Pulling onto the shoulder D) Turning off the highway",B,B) Driving straight in the right lane,True,physical_prediction_counterfactual,spatiotemporal_grounding,飞行物从道路右上方横穿车辆前方；回答在车辆改走左车道的反事实下错误判断其会从车后安全通过。20-frame full-duration sheet 对最近接时刻有限。,medium,no
error-0088,UfsgoajgaA4_4_0_00_29_559_to_0_00_44_880.mp4,archived_workspace/experiments/perception_control/work/single_probe_200_contact_sheets/pc-0464.jpg,5,Object Deformation and State Transition,Human-Centric,Multiple-Select,[Multiple-Select] The prominent ripples seen on the water's surface are primarily generated by which of the man's movements? (Select all that apply) [Options] A) The downward and circular push of his feet. B) The side-to-side sculling motion of his hands. C) The movement of his head as he looks around. D) The passive displacement of his torso.,"A, B",AB,simple_relation,"[Single-Choice] As the man floats in the water, which side of his torso is facing upward? [Options] A) His back side B) His chest/front side C) His left side D) His right side",B,B) His chest/front side,True,protocol_or_parsing,,"模型输出 AB 与 gold A, B 是完全相同的多选集合；该条被纳入错误池只能由选项格式规范化或解析计分失败导致。",high,no
error-0089,EfzJ8XHu5Mo_14_0_03_32_579_to_0_05_31_564.mp4,archived_workspace/experiments/perception_control/work/single_probe_200_contact_sheets/pc-0021.jpg,1,Object Permanence and Occlusion Tracking,Human-Centric,True/False,"[True/False] After emerging from under the bench, the fox's path takes it behind the black and white gaming chair before it moves towards the center of the room.",True,False,simple_relation,[Single-Choice] Where is the green tunnel relative to the bench seats along the wall? [Options] A) To the right of the bench seats B) In front of the bench seats C) To the left of the bench seats D) Behind the bench seats,C,A) To the right of the bench seats,False,spatiotemporal_grounding,perception_recognition,狐狸从长凳下出现后经过黑白游戏椅后侧，再向房间中央移动；回答否定该路径顺序。20-frame full-duration sheet 跨近两分钟采样稀疏，故低置信度。,low,no
error-0090,Me-ow0kXHfI_11_0_01_58_718_to_0_02_36_456.mp4,archived_workspace/experiments/perception_control/work/single_probe_200_contact_sheets/pc-0224.jpg,3,Action and Intent-Driven Spatial Reasoning,Human-Centric,True/False,"[True/False] Judging by the speed at which the scenery begins to move past the car in the first five seconds, the driver is performing a cautious and slow acceleration.",True,False,entity,[Single-Choice] Which object is visible beside the road near the start of the drive? [Options] A) Traffic cone B) Orange roadwork sign C) Parked bicycle D) Toll booth,B,B) Orange roadwork sign,True,spatiotemporal_grounding,perception_recognition,前五秒道路和路边景物从静止逐渐缓慢产生背景流，符合谨慎低速加速；回答否定该速度变化概括，未正确利用早期视觉流。,medium,no
error-0091,myJ2l-o5rYQ_73_0_09_40_480_to_0_09_58_960.mp4,archived_workspace/experiments/perception_control/work/single_probe_200_contact_sheets/pc-0181.jpg,2,Dynamic Spatial Relationships,Human-Centric,Fill-in-the-Blank,"[Fill-in-the-Blank] In the final shot of the video taken by the man in the blue shirt, the puck travels across the floor, passing in front of the ______.",seated person,goal,simple_relation,[Single-Choice] Where is the large black equipment relative to the glass doorway? [Options] A) To the left of it B) Directly in front of it C) Directly behind it D) To the right of it,D,D) To the right of it,True,spatiotemporal_grounding,action_goal_binding,末段蓝衣男子击球后冰球穿过地面，经过右侧坐着的人前方；回答将经过对象绑定为球门，混淆了末段轨迹与目标区域。,medium,no
error-0092,QnBZWeo5H28_14_0_02_09_996_to_0_02_31_384.mp4,archived_workspace/experiments/perception_control/work/single_probe_200_contact_sheets/pc-0054.jpg,1,Object Permanence and Occlusion Tracking,Human-Centric,True/False,"[True/False] During the camera's pan to the right, the covered structure on the pier moves in front of the small, white chapel-like building from the camera's viewpoint, but the chapel remains at least partially visible throughout this transit.",True,False,action_event,"[Single-Choice] When the sandy beach is prominent, what are the two people doing? [Options] A) Walking on the sand B) Swimming in the water C) Sitting in lounge chairs D) Climbing onto the pier",A,A) Walking on the sand,True,spatiotemporal_grounding,perception_recognition,右摇镜头使近处码头覆顶结构移到远处白色小教堂前，但教堂始终部分可见；回答错误否定该动态遮挡关系。,high,no
error-0093,amXzenmYYlw_12_0_03_47_400_to_0_03_57_680.mp4,archived_workspace/experiments/perception_control/work/single_probe_200_contact_sheets/pc-0016.jpg,1,Object Permanence and Occlusion Tracking,Human-Centric,Fill-in-the-Blank,"[Fill-in-the-Blank] A utility pole temporarily occludes the man. Immediately after he reappears, he is on the ______ side of the white parked car.",left,right,simple_relation,[Single-Choice] Where is the white parked car located relative to the storefront? [Options] A) In front of the storefront B) Behind the storefront C) Across the road from the storefront D) Inside the storefront,A,A) In front of the storefront,True,perspective_reference_frame,spatiotemporal_grounding,镜头经过电线杆、男子重新出现时，他位于白色停放车辆的场景左侧；回答给出右侧，混淆遮挡前后位置及画面方向。,medium,no
error-0094,sPcffDKFKWc_52_0_14_02_107_to_0_14_15_688.mp4,archived_workspace/experiments/perception_control/work/single_probe_200_contact_sheets/pc-0112.jpg,2,Dynamic Spatial Relationships,Human-Centric,Single-Choice,"[Single-Choice] At the beginning of the video, from the camera's viewpoint, the boy in the blue hat is on the right side of the girl in the light green shirt. What is their relative side-by-side position just before the camera pans away from them? [Options] A) The boy is now on the left side of the girl. B) The boy is directly behind the girl. C) Their side-by-side position has not changed. D) The girl is now on the left side of the boy.",A,C) Their side-by-side position has not changed.,entity,[Single-Choice] Which other person is visible walking near the children? [Options] A) A woman in a red jacket B) A man in a light blue shirt C) A man in a black suit D) A child in a yellow shirt,B,B,True,spatiotemporal_grounding,perception_recognition,蓝帽男孩最初在浅绿衣女孩右侧，接近门洞前二人交叉，男孩转到女孩左侧；回答称并排关系未变，未跟踪人物交换位置。,high,no
error-0095,O21Zy3-o9MI_13_0_01_25_385_to_0_01_36_196.mp4,archived_workspace/experiments/perception_control/work/single_probe_200_contact_sheets/pc-0001.jpg,1,Object Permanence and Occlusion Tracking,Human-Centric,True/False,"[True/False] During the first scene, the intercom panel on the wall is briefly but completely hidden from view by the man's body.",True,False,simple_relation,[Single-Choice] Where is the woman relative to the man in the hallway scene? [Options] A) To the viewer's left of him B) To the viewer's right of him C) Directly behind him D) Directly in front of him,A,D) Directly in front of him,False,spatiotemporal_grounding,perception_recognition,第一场景墙上对讲面板位于男子身后，他横移时身体短暂覆盖面板；回答否认该完全遮挡事件。control 未通过也提示局部事件识别可能参与。,medium,no
error-0096,Uiuiu3FBLZw_25_0_07_02_622_to_0_07_23_609.mp4,archived_workspace/experiments/perception_control/work/single_probe_200_contact_sheets/pc-0137.jpg,2,Dynamic Spatial Relationships,Human-Centric,Fill-in-the-Blank,"[Fill-in-the-Blank] At the moment the surfer begins their final turn (0:16), the person in the blue swim cap is positioned directly ______ them, relative to the direction of the wave's travel.",behind,in front of,entity,[Single-Choice] Which additional person is visible floating in the water near the breaking wave? [Options] A) A red-capped swimmer B) A kayaker C) A jet-ski rider D) A scuba diver,A,A) A red-capped swimmer,True,spatiotemporal_grounding,perspective_reference_frame,0:16 冲浪者开始最后一次转向时，蓝泳帽人物沿浪传播方向位于其后方；回答给出前方，未对齐指定时刻和波浪运动轴。,medium,no
error-0097,r-jQ8zjtMuQ_9_0_01_24_818_to_0_01_41_768.mp4,archived_workspace/experiments/perception_control/work/single_probe_200_contact_sheets/pc-0411.jpg,5,Object Deformation and State Transition,Object-Centric,True/False,[True/False] The plane's landing gear is still visible and fully extended when the aircraft passes over the distant treeline.,True,False,entity,[Single-Choice] What surface is visible beneath the aircraft near the start? [Options] A) A paved city street B) A blue water surface C) A tan grassy field D) A snowy mountain slope,C,C) A tan grassy field,True,perception_recognition,spatiotemporal_grounding,飞机越过远处树线时起落架仍清楚可见且完全伸出；回答 False 否认直接可见的部件状态。,high,no
error-0098,YZSZwejs058_1_0_00_05_271_to_0_00_21_688.mp4,archived_workspace/experiments/perception_control/work/single_probe_200_contact_sheets/pc-0562.jpg,6,Egocentric vs. Allocentric Reference Frames,Human-Centric,Single-Choice,"[Single-Choice] The man walks forward and then makes a single turn. From a fixed (allocentric) viewpoint looking down the first hallway from his starting position, how would his final path be described? [Options] A) He continued straight ahead. B) He turned around and walked back. C) He turned to his left. D) He turned to his right.",C,D) He turned to his right.,simple_relation,"[Single-Choice] At the beginning, which way does the man's cap brim point in the image? [Options] A) Toward the left B) Toward the camera C) Away from the camera D) Toward the right",D,A) Toward the left,False,perspective_reference_frame,spatiotemporal_grounding,男子从起点沿走廊前行后只转一次，从起点俯视的固定参照系看是左转；回答按随行相机/人物方向判为右转。control 未通过提示动作识别也可能参与。,high,no
error-0099,p-b5mQgWPO4_7_0_02_49_202_to_0_03_01_981.mp4,archived_workspace/experiments/perception_control/work/single_probe_200_contact_sheets/pc-0471.jpg,5,Object Deformation and State Transition,Human-Centric,Fill-in-the-Blank,[Fill-in-the-Blank] The procedure shown transforms a single large horizontal loop into two smaller vertical loops by pulling them through the ________ of the knot.,center,loop,simple_relation,"[Single-Choice] Near the end, which way does the straight loose cord from the central knot point? [Options] A) Upward B) Downward C) Leftward D) Rightward",B,D,False,benchmark_ambiguity,protocol_or_parsing,操作把原大环穿过绳结中央的环眼形成两个小环；模型回答 loop 可合理指该中心环口，与 gold center 在此语境基本相容，填空接受范围偏窄。,medium,yes
error-0100,UbOevcbnLLY_0_0_00_00_133_to_0_00_14_714.mp4,archived_workspace/experiments/perception_control/work/single_probe_200_contact_sheets/pc-0156.jpg,2,Dynamic Spatial Relationships,Object-Centric,Single-Choice,"[Single-Choice] As the camera pans to the left, what is the apparent motion of the small puff of smoke on the distant hillside relative to the dock's corner post in the foreground? [Options] A) The smoke appears to move from the right side of the post to the left side of it. B) The smoke remains stationary directly behind the post. C) The smoke appears to move from the left side of the post to the right side of it. D) The smoke is never visible at the same time as the corner post.",B,A) The smoke appears to move from the right side of the post to the left side of it.,action_event,[Single-Choice] Which visible event occurs before the leafy tree canopy enters the view? [Options] A) A large tree trunk fills the left side. B) A white rectangular roof appears near the dock. C) Benches appear beneath the tree. D) The canopy covers much of the top edge.,B,A) A large tree trunk fills the left side.,False,benchmark_ambiguity,perspective_reference_frame,镜头左移时远处烟雾与近处角柱存在视差，模型所述烟雾由柱右侧移到左侧与画面物理关系相容；gold stationary directly behind 缺少稳定视觉支持。,medium,yes
error-0101,JH6vsa0twcA_41_0_08_54_133_to_0_09_04_533.mp4,archived_workspace/experiments/perception_control/work/single_probe_200_contact_sheets/pc-0053.jpg,1,Object Permanence and Occlusion Tracking,Human-Centric,Single-Choice,"[Single-Choice] As the car moves up the curved ramp, which background element is the last to be completely hidden behind the solid white wall on the left? [Options] A) The white sedan parked on the far left of the distant lot. B) The dark SUV parked in the middle of the distant lot. C) The trees on the far right of the distant lot. D) The building behind the distant lot.",A,D) The building behind the distant lot.,action_event,"[Single-Choice] Near the end of the event, what is the car doing near the open gate? [Options] A) Driving forward toward the open gate B) Backing away from the open gate C) Parking beside the open gate D) Making a U-turn near the open gate",A,A) Driving forward toward the open gate,True,spatiotemporal_grounding,perception_recognition,车辆沿弯坡上行，左侧实墙逐步遮住远处停车场；回答把最后完全消失项判为后方建筑，而非远左白色轿车，混淆动态遮挡顺序。,medium,no
error-0102,eVTd0Q43YQY_60_0_06_07_408_to_0_06_19_170.mp4,archived_workspace/experiments/perception_control/work/single_probe_200_contact_sheets/pc-0520.jpg,6,Egocentric vs. Allocentric Reference Frames,Human-Centric,True/False,"[True/False] From the perspective of the man wearing the cap, the man in the blue shirt moves from his right side to his left side as he approaches and opens the car door.",False,"True.

In the video, the man in the blue shirt is seen walking from the right side of the frame towards the left side as he approaches the car and opens the door. This movement is observed from the perspective of the man wearing the cap.",entity,[Single-Choice] Which animal is visible near the men? [Options] A) A cat B) A dog C) A goat D) A bird,B,D,False,perspective_reference_frame,spatiotemporal_grounding,蓝衣男子接近并打开车门时，需以戴帽男子自身朝向判断横向移动；回答用画面右到左替代主体视角，错误断言从其右侧移到左侧。control 未通过也可能影响人物运动识别。,high,no
error-0103,Ig723HvaFYQ_14_0_02_04_374_to_0_02_15_426.mp4,archived_workspace/experiments/perception_control/work/single_probe_200_contact_sheets/pc-0052.jpg,1,Object Permanence and Occlusion Tracking,Object-Centric,Single-Choice,"[Single-Choice] As the camera pans left, which portion of the black-and-white pot is the first to become visible from behind the colorful pot? [Options] A) The top rim. B) The right side. C) The left side. D) The base.",B,A) The top rim.,simple_relation,"[Single-Choice] When both pots are visible, where is the black-and-white pot relative to the colorful pot? [Options] A) To its right B) To its left C) Above it D) Below it",B,B) To its left,True,spatiotemporal_grounding,perception_recognition,左摇镜头使后方黑白罐从彩色罐边缘逐步露出，最先出现的是其右侧轮廓而非顶部口沿；回答未正确定位首次显露的局部。,medium,no
error-0104,f1YWduf7KqQ_26_0_05_12_445_to_0_05_25_224.mp4,archived_workspace/experiments/perception_control/work/single_probe_200_contact_sheets/pc-0092.jpg,1,Object Permanence and Occlusion Tracking,Human-Centric,True/False,"[True/False] At the moment the surfer is most obscured by the wave's curl, the tip of their surfboard is the only part of the surfer/board combination that is visible.",True,False,entity,[Single-Choice] Which clothing item is visible on the rider? [Options] A) A dark wetsuit B) A red life jacket C) A white T-shirt D) A yellow raincoat,A,A) A dark wetsuit,True,spatiotemporal_grounding,perception_recognition,浪卷最强遮挡冲浪者时，人物身体消失而板尖仍短暂露在白水外；回答否认这一精确时刻的局部可见状态。,medium,no
error-0105,P_AssbIRFbI_60_0_12_14_039_to_0_13_12_480.mp4,archived_workspace/experiments/perception_control/work/single_probe_200_contact_sheets/pc-0116.jpg,2,Dynamic Spatial Relationships,Human-Centric,True/False,"[True/False] As the car drives past the animals, all of them scatter in the same direction, moving towards the right side of the frame.",False,"True.

`<answer></answer>`",action_event,[Single-Choice] Which event is visible before the other: the driver's hands gripping the steering wheel or the driver smiling toward the camera? [Options] A) The driver smiles toward the camera first. B) Both events appear at the same time. C) Neither event is visible. D) Hands grip the steering wheel first.,D,D) Hands grip the steering wheel first.,True,spatiotemporal_grounding,perception_recognition,车辆经过时不同动物朝不同方向散开，并非全部向画面右侧；回答把多个对象轨迹错误归并为同一方向。,medium,no
error-0106,myJ2l-o5rYQ_73_0_09_40_480_to_0_09_58_960.mp4,archived_workspace/experiments/perception_control/work/single_probe_200_contact_sheets/pc-0181.jpg,2,Dynamic Spatial Relationships,Human-Centric,Fill-in-the-Blank,"[Fill-in-the-Blank] In the final shot of the video taken by the man in the blue shirt, the puck travels across the floor, passing in front of the ______.",seated person,goalie,simple_relation,[Single-Choice] Where is the large black equipment relative to the glass doorway? [Options] A) To the left of it B) Directly in front of it C) Directly behind it D) To the right of it,D,D,True,benchmark_ambiguity,action_goal_binding,末段冰球从坐在器材旁的人前方经过；模型回答 goalie 可能正是对该坐着人物的角色描述，与 gold seated person 并不必然冲突，填空同义答案边界不足。,medium,yes
error-0107,qkEhTI25974_20_0_03_08_388_to_0_03_24_137.mp4,archived_workspace/experiments/perception_control/work/single_probe_200_contact_sheets/pc-0268.jpg,3,Action and Intent-Driven Spatial Reasoning,Human-Centric,Multiple-Select,"[Multiple-Select] At the moment the motorcycle is on the white-striped crosswalk (0:10), what are the immediate, spatially-relevant intentions governing the rider's actions? (Select all that apply) [Options] A) To yield right-of-way to the white car parked on the right. B) To maintain a consistent following distance behind the silver car ahead. C) To be prepared to stop for any potential pedestrians using the crosswalk. D) To begin accelerating to overtake the silver car.","B, C",C) To be prepared to stop for any potential pedestrians using the crosswalk.,entity,[Single-Choice] Which object is visible along the curb on this street? [Options] A) Red-and-white traffic cone B) Blue mailbox C) Yellow fire hydrant D) Green trash bin,A,C) Yellow fire hydrant,False,action_goal_binding,benchmark_ambiguity,摩托车在斑马线处跟随银车并保持制动余量；回答只选择为行人停车，遗漏维持跟车距离。题干以不可直接观察的 intention 作为多选依据，存在推断性。,medium,yes
error-0108,tfADOMbJYlU_54_0_11_29_556_to_0_11_46_539.mp4,archived_workspace/experiments/perception_control/work/single_probe_200_contact_sheets/pc-0266.jpg,3,Action and Intent-Driven Spatial Reasoning,Human-Centric,Multiple-Select,"[Multiple-Select] Throughout the video, the driver's hands make minor adjustments to the steering wheel. What is the spatial intent of these small movements, as confirmed by the car's trajectory on the road? (Select all that apply) [Options] A) To prepare to change lanes to the left. B) To correct the car's path and keep it centered within the lane markings. C) To navigate a slight curve in the road. D) To initiate a sudden stop.","B,C",BC,action_event,"[Single-Choice] At one point, what action does the driver make beside the steering wheel? [Options] A) Presses a dashboard button B) Raises an open hand C) Shifts the gear lever D) Buckles a seat belt",B,B) Raises an open hand,True,protocol_or_parsing,,"模型输出 BC 与 gold B,C 是完全相同的选项集合；被计入错误只能由多选格式标准化或解析评分造成。",high,no
error-0109,hTxS5J_ZaKQ_80_0_13_52_499_to_0_14_04_110.mp4,archived_workspace/experiments/perception_control/work/single_probe_200_contact_sheets/pc-0384.jpg,4,Predictive and Counterfactual Spatial Reasoning,Human-Centric,Fill-in-the-Blank,"[Fill-in-the-Blank] If the car had continued driving straight on its initial path instead of turning, the 'Baraka' entrance sign would have passed by on the car's ______ side.",left,right,action_event,[Single-Choice] What does the camera vehicle do after entering the grassy parking area? [Options] A) Stops at a gatehouse B) Backs into a garage C) Drives past parked RVs D) Crosses a railroad track,C,C) Drives past parked RVs,True,perspective_reference_frame,physical_prediction_counterfactual,车辆接近 Baraka 标牌后实际右转进入；保持初始直线时需按车身坐标判断标牌从左侧经过，回答把左右关系反转。,high,no
error-0110,lkF5Q42T8Rg_6_0_14_53_433_to_0_15_07_033.mp4,archived_workspace/experiments/perception_control/work/single_probe_200_contact_sheets/pc-0165.jpg,2,Dynamic Spatial Relationships,Human-Centric,Single-Choice,"[Single-Choice] When the woman crosses her arms, which of her arms is positioned on top of the other from the viewer's perspective? [Options] A) Her right arm is on top of her left arm. B) Her left arm is on top of her right arm. C) Her arms are held side-by-side and do not cross. D) Her hands are clasped together in the center.",A,B,simple_relation,[Single-Choice] Where is the large silver microphone relative to the woman from the viewer's perspective? [Options] A) To the viewer's right of her B) To the viewer's left of her C) Directly below her D) Directly behind her,A,B) To the viewer's left of her,False,perception_recognition,perspective_reference_frame,女子交叉双臂时，从观看者角度其右臂叠在左臂上方；回答选择左臂在上。control 未通过也支持局部肢体方向识别困难。,medium,no
error-0111,iwOF8NbK0s8_5_0_01_20_180_to_0_01_37_464.mp4,archived_workspace/experiments/perception_control/work/single_probe_200_contact_sheets/pc-0477.jpg,5,Object Deformation and State Transition,Human-Centric,Single-Choice,[Single-Choice] What is the final orientation of the surfboard after it reappears in the whitewater? [Options] A) Floating horizontally on the surface. B) Floating upside-down. C) Floating nearly vertically with its nose pointed out of the water. D) The board is completely submerged.,C,D) The board is completely submerged.,simple_relation,"[Single-Choice] When the rider is visible on the green wave face, where is he relative to the foamy whitewater? [Options] A) Just left of the whitewater B) Just right of the whitewater C) Far above the whitewater D) Underneath the whitewater",A,C) Far above the whitewater,False,perception_recognition,spatiotemporal_grounding,冲浪板在末段白水中重新出现，板鼻朝上、板体近乎竖直露出水面；回答称完全淹没，否认直接可见的最终状态。,high,no
error-0112,QXeQYoMkZVQ_40_0_05_26_726_to_0_05_38_104.mp4,archived_workspace/experiments/perception_control/work/single_probe_200_contact_sheets/pc-0538.jpg,6,Egocentric vs. Allocentric Reference Frames,Human-Centric,True/False,"[True/False] From the driver's perspective, the turn they execute is a turn to their right.",False,True,entity,[Single-Choice] Which object is visible on the dirt road near the seated rider? A. Orange traffic cones B. White lane markings C. Metal guardrails D. Wooden barricades [Options] A) White lane markings B) Orange traffic cones C) Metal guardrails D) Wooden barricades,B,B) Orange traffic cones,True,perspective_reference_frame,spatiotemporal_grounding,驾驶电动座椅者沿标志物执行一次转向，从其自身前进方向看并非右转；回答按外部相机画面方向判为右转。,medium,no
error-0113,_vyGEgNbx7c_37_0_05_37_003_to_0_06_13_873.mp4,archived_workspace/experiments/perception_control/work/single_probe_200_contact_sheets/pc-0111.jpg,2,Dynamic Spatial Relationships,Human-Centric,Single-Choice,[Single-Choice] What is the consistent spatial relationship between the snowboarder and their shadow throughout the video? [Options] A) The shadow is always directly behind them. B) The shadow is cast to their right and slightly behind them. C) The shadow is cast to their left and slightly in front of them. D) The shadow is not visible.,C,B) The shadow is cast to their right and slightly behind them.,action_event,[Single-Choice] Which event happens before the snowboarder rises into the air off a snow lip? [Options] A) They sit down on the snow. B) They lift the snowboard by hand. C) They walk uphill on foot. D) They crouch low while riding.,D,D,True,perception_recognition,perspective_reference_frame,阴影全段稳定位于滑雪者左侧并略偏前方；回答判为右后方，错误识别基本方向关系。,high,no
error-0114,q9GoU1HN4FQ_1_0_00_15_181_to_0_00_29_129.mp4,archived_workspace/experiments/perception_control/work/single_probe_200_contact_sheets/pc-0369.jpg,4,Predictive and Counterfactual Spatial Reasoning,Human-Centric,Single-Choice,"[Single-Choice] If the surfer had continued in a straight line toward the shore after landing the initial aerial maneuver, instead of turning along the wave's face, what would have been the most likely immediate outcome? [Options] A) They would have outrun the breaking section and ended up on the flat, less powerful part of the wave. B) They would have been immediately engulfed by the breaking crest behind them. C) They would have exited through the back of the wave. D) Their board would have submerged nose-first into the water.",A,B) They would have been immediately engulfed by the breaking crest behind them.,action_event,"[Single-Choice] Which happens before the other: a high spray plume rises from the wave, or the surfer is hidden by whitewater? [Options] A) The surfer is hidden by whitewater first. B) Both events occur simultaneously. C) Neither event is visible. D) A high spray plume rises first.",D,D) A high spray plume rises first.,True,physical_prediction_counterfactual,spatiotemporal_grounding,初次空中动作落地后，沿岸直走将进入前方较平、能量较弱的浪面；回答预测立即被后方破浪吞没，未按落地位置和浪传播延续相对运动。,medium,no
error-0115,k-IbB7jAw9g_114_0_32_35_720_to_0_33_11_089.mp4,archived_workspace/experiments/perception_control/work/single_probe_200_contact_sheets/pc-0183.jpg,2,Dynamic Spatial Relationships,Human-Centric,Single-Choice,"[Single-Choice] Observing the final moments, what is the primary mechanism that moves the fish from the water onto the sand? [Options] A) The fish is lifted clear of the water by the tension of the line. B) An incoming wave washes the fish up onto the beach. C) The person quickly walks backward, dragging the fish out. D) The fish swims onto the sand by itself.",B,A) The fish is lifted clear of the water by the tension of the line.,entity,[Single-Choice] Which long object is prominently visible in the scene? [Options] A) A canoe paddle B) A beach umbrella C) A walking stick D) A fishing rod,D,D) A fishing rod,True,perception_recognition,physical_prediction_counterfactual,末段鱼仍在水边，随涌上沙滩的浪被冲到岸上；回答把机制判为鱼线直接提离水面，混淆可见外力来源。,high,no
error-0116,J1rJ0AP4RPg_12_0_02_02_789_to_0_02_24_410.mp4,archived_workspace/experiments/perception_control/work/single_probe_200_contact_sheets/pc-0005.jpg,1,Object Permanence and Occlusion Tracking,Object-Centric,True/False,"[True/False] During the camera's movement towards the dining area, the passenger seat's headrest momentarily fully occludes the wine bottle on the table.",False,True,action_event,[Single-Choice] What does the camera view do as it leaves the front windshield area? [Options] A) Tilts downward toward the floor B) Zooms in on the dashboard C) Tilts upward toward the ceiling D) Turns to face a side window,C,C) Tilts upward toward the ceiling,True,spatiotemporal_grounding,perception_recognition,镜头从驾驶区移向餐桌时，乘客头枕与酒瓶的投影没有形成题述的短暂完全遮挡；回答错误报告了动态遮挡事件。,medium,no
error-0117,r8iANn9nlOY_8_0_01_22_519_to_0_01_45_920.mp4,archived_workspace/experiments/perception_control/work/single_probe_200_contact_sheets/pc-0252.jpg,3,Action and Intent-Driven Spatial Reasoning,Human-Centric,Single-Choice,"[Single-Choice] At 0:17, the player in the blue vest passes the ball off-screen to the right. Based on the on-field positions and the drill's context, who is the most likely intended recipient? [Options] A) The player in the yellow vest moving towards the center. B) The stationary player in the black jacket and neon yellow shoes. C) A player in a red jersey further downfield. D) The player in a blue vest who is now behind the passer.",B,C) A player in a red jersey further downfield.,simple_relation,[Single-Choice] Where is the nearest orange cone relative to the blue-vested player standing with his back to the camera? [Options] A) Lower right of him B) Upper left of him C) Lower left of him D) Upper right of him,C,C) Lower left of him,True,action_goal_binding,benchmark_ambiguity,0:17 蓝背心球员向画外右侧传球，场上黑夹克荧光鞋球员位置最符合接应路线；回答绑定到更远的红衣球员。接收者在画外且“most likely”依赖训练语境，存在一定推断性。,medium,yes
error-0118,Z0lkr3AQ8Xk_21_0_02_21_820_to_0_02_33_070.mp4,archived_workspace/experiments/perception_control/work/single_probe_200_contact_sheets/pc-0249.jpg,3,Action and Intent-Driven Spatial Reasoning,Human-Centric,Single-Choice,"[Single-Choice] Based on the silver car's final trajectory after swerving across the lane divider, what was its immediate spatial objective?
[Options]
A) To make a U-turn.
B) To pull over on the left shoulder.
C) To turn right at the upcoming intersection.
D) To overtake the black car.",A,C) To turn right at the upcoming intersection.,action_event,"[Single-Choice] Near the start of the event, what is the black car doing? [Options] A) Turning left B) Stopping at the roadside C) Driving straight ahead D) Reversing backward",C,"Based on the video, the black car is driving straight ahead near the start of the event. Therefore, the correct answer is:

C) Driving straight ahead",True,action_goal_binding,benchmark_ambiguity,银车跨线并大幅改变航向，回答把动作目标绑定为前方右转而非掉头；仅凭短轨迹推断驾驶意图并不完全直接，目标措辞具有歧义风险。,low,yes
error-0119,UEvDE_9rlSY_18_0_03_30_233_to_0_03_42_533.mp4,archived_workspace/experiments/perception_control/work/single_probe_200_contact_sheets/pc-0341.jpg,4,Predictive and Counterfactual Spatial Reasoning,Human-Centric,Single-Choice,"[Single-Choice] Assuming the watercraft continues on its current path without turning, what will its position be relative to the group of trees on the land in the next few seconds? [Options] A) It will be directly in front of the trees, having landed on the shore. B) It will have passed the trees, with the trees now on its right side. C) It will have turned away, with the trees getting smaller in the distance. D) It will be stationary in its current position.",A,"B) It will have passed the trees, with the trees now on its right side.",simple_relation,[Single-Choice] Where is the green sail relative to the tree group? [Options] A) Above and to the right B) Above and to the left C) Below and to the right D) Below and to the left,A,A,True,physical_prediction_counterfactual,spatiotemporal_grounding,水上载具沿当前航向持续接近岸边树群；回答预测会越过树群并使其位于右侧，未延续朝岸轨迹。,medium,no
error-0120,QXeQYoMkZVQ_40_0_05_26_726_to_0_05_38_104.mp4,archived_workspace/experiments/perception_control/work/single_probe_200_contact_sheets/pc-0538.jpg,6,Egocentric vs. Allocentric Reference Frames,Human-Centric,True/False,"[True/False] From the driver's perspective, the turn they execute is a turn to their right.",False,True,entity,[Single-Choice] Which object is visible on the dirt road near the seated rider? A. Orange traffic cones B. White lane markings C. Metal guardrails D. Wooden barricades [Options] A) White lane markings B) Orange traffic cones C) Metal guardrails D) Wooden barricades,B,B) Orange traffic cones,True,perspective_reference_frame,spatiotemporal_grounding,驾驶电动座椅者绕标志物转弯，从其自身前进朝向判断不是右转；回答直接采用外部画面方向。,medium,no
error-0121,kIlbv3hRGb4_17_0_03_06_719_to_0_03_24_070.mp4,archived_workspace/experiments/perception_control/work/single_probe_200_contact_sheets/pc-0580.jpg,6,Egocentric vs. Allocentric Reference Frames,Human-Centric,Single-Choice,"[Single-Choice] From the motorcycle's egocentric perspective, which spatial relationship remains constant for the entire duration of the drive? [Options] A) The white shoulder line is on the left, and the double yellow line is on the right. B) The double yellow line is on the left, and the white shoulder line is on the right. C) The motorcycle is positioned directly between the two yellow lines. D) The motorcycle is positioned directly on the white shoulder line.",B,C) The motorcycle is positioned directly between the two yellow lines.,entity,[Single-Choice] Which object is visibly present along the roadside? [Options] A) Traffic cones B) Railroad gates C) Parked bicycles D) Mailboxes,D,D) Mailboxes,True,perspective_reference_frame,perception_recognition,摩托车全程位于正常车道，双黄线持续在其左侧、白色肩线持续在右侧；回答称车辆在两条黄线之间，误读自车参照下的车道边界。,high,no
error-0122,r8iANn9nlOY_8_0_01_22_519_to_0_01_45_920.mp4,archived_workspace/experiments/perception_control/work/single_probe_200_contact_sheets/pc-0252.jpg,3,Action and Intent-Driven Spatial Reasoning,Human-Centric,Single-Choice,"[Single-Choice] At 0:17, the player in the blue vest passes the ball off-screen to the right. Based on the on-field positions and the drill's context, who is the most likely intended recipient? [Options] A) The player in the yellow vest moving towards the center. B) The stationary player in the black jacket and neon yellow shoes. C) A player in a red jersey further downfield. D) The player in a blue vest who is now behind the passer.",B,D,simple_relation,[Single-Choice] Where is the nearest orange cone relative to the blue-vested player standing with his back to the camera? [Options] A) Lower right of him B) Upper left of him C) Lower left of him D) Upper right of him,C,B,False,action_goal_binding,benchmark_ambiguity,蓝背心球员向画外右侧传球，固定站位的黑夹克荧光鞋球员最符合接应位置；回答选择身后另一蓝背心球员。接收者不在画内，题目仍带一定意图推断。,medium,yes
error-0123,fTqaOmRG-xc_79_0_11_34_260_to_0_11_46_730.mp4,archived_workspace/experiments/perception_control/work/single_probe_200_contact_sheets/pc-0395.jpg,4,Predictive and Counterfactual Spatial Reasoning,Object-Centric,Single-Choice,"[Single-Choice] Based on the car's initial trajectory as it moves forward and turns, what is its most likely action? [Options] A) Making a sharp U-turn. B) Following the curve of the road. C) Pulling over to the right-hand curb. D) Reversing into the driveway.",B,C) Pulling over to the right-hand curb.,entity,[Single-Choice] Which additional vehicle is visible near the street? [Options] A) A red motorcycle B) A yellow school bus C) A blue bicycle D) A white pickup truck,D,D,True,action_goal_binding,spatiotemporal_grounding,白车前行并沿道路自然曲线转向，未表现靠右停车；回答把可见轨迹的即时动作目标绑定为驶向右侧路缘。,high,no
error-0124,Ta_LUM-rOJc_18_0_02_16_336_to_0_02_31_151.mp4,archived_workspace/experiments/perception_control/work/single_probe_200_contact_sheets/pc-0359.jpg,4,Predictive and Counterfactual Spatial Reasoning,Human-Centric,Single-Choice,"[Single-Choice] At the 8-second mark, the rider is moving on a trajectory toward the right side of the road. If they had continued on this exact path without correcting their course, which object would they have most likely collided with first? [Options] A) The large tree on the left embankment. B) The oncoming traffic. C) The blue Mini Cooper parked on the right side. D) The large white RV parked further down the road.",B,D,action_event,[Single-Choice] Does the neon-yellow cyclist appear on the left before or after the rider reaches the large painted bicycle symbol? [Options] A) Before the rider reaches the symbol B) After the rider reaches the symbol C) At the same moment as the symbol D) The cyclist is not visible,A,A) Before the rider reaches the symbol,True,physical_prediction_counterfactual,spatiotemporal_grounding,8 秒处骑手轨迹偏向道路右侧/对向区域，继续不修正会先进入迎面交通路径；回答外推到更远的白色 RV，忽略更近的动态冲突。,medium,no
error-0125,KpjKUF2yYiU_38_0_05_45_144_to_0_05_55_855.mp4,archived_workspace/experiments/perception_control/work/single_probe_200_contact_sheets/pc-0413.jpg,5,Object Deformation and State Transition,Human-Centric,True/False,[True/False] The fishing rod's bend is most pronounced at the very end of the video.,True,False,action_event,[Single-Choice] Does the rod appear close to the camera before or after a person in orange appears near the rail? [Options] A) After the person in orange appears. B) Before the person in orange appears. C) At the same moment. D) The rod never appears close.,B,B) Before the person in orange appears.,True,spatiotemporal_grounding,perception_recognition,鱼竿弯曲度随拉力变化，末段弯曲最明显；回答 False 未正确比较全段各时刻的杆体形变。,high,no
error-0126,svE6_cYXDXA_31_0_03_25_505_to_0_03_41_554.mp4,archived_workspace/experiments/perception_control/work/single_probe_200_contact_sheets/pc-0373.jpg,4,Predictive and Counterfactual Spatial Reasoning,Human-Centric,Single-Choice,"[Single-Choice] If the rider failed to navigate the first significant curve and continued in a straight line, what would be the immediate spatial consequence? [Options] A) They would travel off the steep edge to the left of the road. B) They would ride directly into the uphill embankment. C) They would enter the patch of green trees on the right. D) They would safely continue onto a different path.",B,A,action_event,[Single-Choice] What is the person on the motorcycle doing near the bushes? [Options] A) Standing still beside the bike B) Leaning the bike while moving C) Pushing the bike uphill D) Lifting the bike onto a truck,B,B) Leaning the bike while moving,True,physical_prediction_counterfactual,perspective_reference_frame,首个显著弯道向道路右侧绕过上坡土坡，若保持此前直线会驶入弯外侧的上坡路堤；回答错误外推为冲下左侧陡边。,high,no
error-0127,Lt2mVbsy8G4_7_0_00_47_213_to_0_01_00_994.mp4,archived_workspace/experiments/perception_control/work/single_probe_200_contact_sheets/pc-0011.jpg,1,Object Permanence and Occlusion Tracking,Object-Centric,Fill-in-the-Blank,"[Fill-in-the-Blank] A third, less illuminated jellyfish starts below the main jellyfish on the left. As the main jellyfish moves down, it briefly occludes the third one. From the viewer's perspective, the third jellyfish re-emerges to the ________ of the main jellyfish's bell.",below,bottom,action_event,[Single-Choice] Which event happens before foamy ocean waves fill the view? [Options] A) White surf spreads across dark rocks. B) A turquoise patch appears among waves. C) Rough water covers most of the scene. D) Bright jellyfish drift in dark water.,D,A) White surf spreads across dark rocks.,False,benchmark_ambiguity,protocol_or_parsing,模型回答 bottom 与 gold below 在“位于主水母伞体下方”这一语境中完全同义；该错误反映填空同义词接受或评分规范化不足。,high,yes
error-0128,uV3lJhGek10_20_0_02_56_876_to_0_03_09_489.mp4,archived_workspace/experiments/perception_control/work/single_probe_200_contact_sheets/pc-0265.jpg,3,Action and Intent-Driven Spatial Reasoning,Human-Centric,Multiple-Select,"[Multiple-Select] Assuming the man uses the blind as intended, which locations are within his primary field of view for observation? (Select all that apply) [Options] A) The near edge of the pond. B) The far edge of the pond. C) The area where the truck is parked. D) The base of the wind turbines on the hill.","A, B",C) The area where the truck is parked.,simple_relation,[Single-Choice] Where is the camouflaged blind relative to the small pond? [Options] A) To the right of the pond B) Directly behind the pond C) To the left of the pond D) Directly in front of the pond,C,D) Directly in front of the pond,False,action_goal_binding,perspective_reference_frame,隐蔽棚开口朝向池塘，按预期使用时主要观察近岸和远岸水域；回答把观察目标绑定为棚后/侧方停车区域。control 未通过也可能影响场景布局识别。,high,no
error-0129,iOFJq-ylyT4_4_0_01_12_439_to_0_01_27_353.mp4,archived_workspace/experiments/perception_control/work/single_probe_200_contact_sheets/pc-0087.jpg,1,Object Permanence and Occlusion Tracking,Human-Centric,True/False,"[True/False] From the camera's final viewpoint showing the side of the car, the driver's side front wheel is completely occluded.",True,False,action_event,"[Single-Choice] Before the man stands apart from the car near the bushes, what does he do? [Options] A) He opens a car door. B) He kneels beside a wheel. C) He enters the car. D) He walks beside the car.",D,D) He walks beside the car.,True,benchmark_ambiguity,perception_recognition,最终侧视镜头中驾驶员侧前轮因相机裁切离开画面，并无物体挡在车轮前；题干把 out of frame 称为 completely occluded，gold 概念不清。,high,yes
error-0130,iHJC3g4RC64_23_0_03_25_538_to_0_03_42_589.mp4,archived_workspace/experiments/perception_control/work/single_probe_200_contact_sheets/pc-0174.jpg,2,Dynamic Spatial Relationships,Object-Centric,Fill-in-the-Blank,"[Fill-in-the-Blank] During the camera's pan to the right, the two orange lighters on the dark brown pegboard move from the right side of the frame towards the ______.",center,left,entity,[Single-Choice] Which object is visible on the wooden shelves near the hanging display? [Options] A) soccer balls B) metal cups C) potted plants D) paint cans,B,B) metal cups,True,spatiotemporal_grounding,perception_recognition,右摇镜头过程中深棕挂板上的两只橙色打火机从画面右侧移到中部附近；回答称移到左侧，错误概括末位投影。,high,no
error-0131,jrrAZ0wM0bM_1_0_00_05_438_to_0_00_45_211.mp4,archived_workspace/experiments/perception_control/work/single_probe_200_contact_sheets/pc-0191.jpg,2,Dynamic Spatial Relationships,Human-Centric,True/False,"[True/False] At 0:11, from the camera's direct line of sight, the white horse is positioned horizontally between the two brown horses.",True,False,action_event,[Single-Choice] What is the dark horse beside the fence doing in the pasture scene? [Options] A) Trotting along the fence B) Lying flat on the grass C) Jumping over the fence D) Grazing with its head down,D,D) Grazing with its head down,True,perception_recognition,spatiotemporal_grounding,约 0:11 的直视画面中白马在水平方向位于两匹棕马之间；回答 False 否认该同时位置关系。,medium,no
error-0132,c9K7ZNmuLtY_32_0_05_05_338_to_0_05_24_991.mp4,archived_workspace/experiments/perception_control/work/single_probe_200_contact_sheets/pc-0314.jpg,4,Predictive and Counterfactual Spatial Reasoning,Object-Centric,True/False,"[True/False] If the fish had maintained its initial straight-line trajectory without turning, it would have passed behind the grey pontoon visible on the right.",False,True,action_event,"[Single-Choice] Near the middle of the event, what action does the blue-sleeved person perform? [Options] A) Paddles with a double-ended oar B) Extends an arm over the water C) Reels in a fishing line D) Scoops water with a net",B,B) Extends an arm over the water,True,physical_prediction_counterfactual,spatiotemporal_grounding,鱼的初始直线航向与右侧灰色浮桥并不形成从其后方通过的路径；回答在取消转向后错误外推为会穿过浮桥后侧。,medium,no
error-0133,uS1JBZRPNjk_38_0_07_53_306_to_0_08_03_316.mp4,archived_workspace/experiments/perception_control/work/single_probe_200_contact_sheets/pc-0072.jpg,1,Object Permanence and Occlusion Tracking,Object-Centric,True/False,"[True/False] During the camera's pan to the left, the rock and bush in the immediate right foreground move to eventually hide the part of the river that was visible on the far right at the start.",False,True,entity,[Single-Choice] Which man-made feature is visible on the canyon floor? [Options] A) A paved highway B) A railroad track C) A stone bridge D) A pale dirt road,D,D) A pale dirt road,True,perspective_reference_frame,spatiotemporal_grounding,镜头向左摇时右前景岩石和灌木向画面右侧移出，而不是覆盖开头最右端河面；回答混淆相机转动造成的近景投影方向。,high,no
error-0134,mB8Ya4rSxck_89_0_13_02_348_to_0_13_15_594.mp4,archived_workspace/experiments/perception_control/work/single_probe_200_contact_sheets/pc-0273.jpg,3,Action and Intent-Driven Spatial Reasoning,Human-Centric,Fill-in-the-Blank,"[Fill-in-the-Blank] The person's hand first points to the lit candle, then pans left and points to the jar of shells, and finally moves the ______.",tissue box,paper towel box,action_event,"[Single-Choice] As the hand passes over the sink area, what does it briefly do? [Options] A) Clenches into a fist. B) Spreads its fingers open. C) Turns the faucet handle. D) Picks up the soap bottle.",B,B) Spreads its fingers open.,True,perception_recognition,action_goal_binding,手先指蜡烛、再指贝壳罐，最后移动的是左侧抽纸盒；回答称 paper towel box，误识别了被操作物体的类型。,medium,no
error-0135,QVsjGCT8Dyk_12_0_02_14_834_to_0_02_27_313.mp4,archived_workspace/experiments/perception_control/work/single_probe_200_contact_sheets/pc-0209.jpg,3,Action and Intent-Driven Spatial Reasoning,Human-Centric,Single-Choice,"[Single-Choice] According to the numbered diagrams, what is the correct sequence of movements for the lower orange handle to launch the missile after it has been loaded? [Options] A) Pull back, then push forward. B) Push forward, then pull back. C) Push forward only. D) Pull back only.",B,"A) Pull back, then push forward.",simple_relation,"[Single-Choice] In the large product picture, which way does the blaster's orange muzzle face? [Options] A) To the left B) Upward C) Downward D) To the right",D,D) To the right,True,spatiotemporal_grounding,perception_recognition,编号图示显示下方橙色手柄先向前推、再向后拉；回答将动作次序反转。,medium,no
error-0136,Ud7XHwfD6ls_94_0_12_11_230_to_0_12_21_907.mp4,archived_workspace/experiments/perception_control/work/single_probe_200_contact_sheets/pc-0547.jpg,6,Egocentric vs. Allocentric Reference Frames,Human-Centric,Single-Choice,"[Single-Choice] As the camera moves backward, it reveals a main building and a smaller, dark-roofed shed to its left. From a bird's-eye perspective, what is located directly between these two structures? [Options] A) A wooden fence . B) Two children skating in a circle. C) A large snowbank with a trash can on top. D) A black metal fire pit.",A,D) A black metal fire pit.,entity,[Single-Choice] Who is visible closest to the camera? [Options] A) A woman wearing sunglasses B) A child holding hockey sticks C) A dog pulling a sled D) A man riding a bicycle,A,A) A woman wearing sunglasses,True,perspective_reference_frame,perception_recognition,后退镜头揭示主建筑、小黑顶棚及二者之间的木栅栏；回答在转换俯视布局时错误选择黑色火盆。,medium,no
error-0137,RSIVPn1jnBw_20_0_03_04_617_to_0_03_14_661.mp4,archived_workspace/experiments/perception_control/work/single_probe_200_contact_sheets/pc-0237.jpg,3,Action and Intent-Driven Spatial Reasoning,Human-Centric,Single-Choice,"[Single-Choice] After the person in the grey shirt throws the white jersey over his shoulder, where does the jersey ultimately come to rest? [Options] A) On the floor in front of the thrower. B) On the head of the person in the yellow #3 jersey. C) Draped over the basketball rim and through the net. D) On the floor behind the thrower.",D,C) Draped over the basketball rim and through the net.,simple_relation,[Single-Choice] Where is the wall-mounted basketball hoop relative to the nearby players? [Options] A) In front and above them B) Behind and below them C) Behind and above them D) Beside them at knee height,C,A) In front and above them,False,spatiotemporal_grounding,perception_recognition,灰衣者把白球衣甩过肩后，球衣最终落到其身后地面，而非挂到远处篮圈和球网；回答未跟踪抛物终点。20-frame full-duration sheet 对短时抛掷采样有限。,low,no
error-0138,UfsgoajgaA4_4_0_00_29_559_to_0_00_44_880.mp4,archived_workspace/experiments/perception_control/work/single_probe_200_contact_sheets/pc-0464.jpg,5,Object Deformation and State Transition,Human-Centric,Multiple-Select,[Multiple-Select] The prominent ripples seen on the water's surface are primarily generated by which of the man's movements? (Select all that apply) [Options] A) The downward and circular push of his feet. B) The side-to-side sculling motion of his hands. C) The movement of his head as he looks around. D) The passive displacement of his torso.,"A, B",B) The side-to-side sculling motion of his hands.,simple_relation,"[Single-Choice] As the man floats in the water, which side of his torso is facing upward? [Options] A) His back side B) His chest/front side C) His left side D) His right side",B,B) His chest/front side,True,perception_recognition,physical_prediction_counterfactual,水面明显涟漪同时由脚向下/绕圈蹬水和双手左右划水产生；回答只选手部动作，遗漏足部的直接扰水。,high,no
error-0139,uV3lJhGek10_20_0_02_56_876_to_0_03_09_489.mp4,archived_workspace/experiments/perception_control/work/single_probe_200_contact_sheets/pc-0265.jpg,3,Action and Intent-Driven Spatial Reasoning,Human-Centric,Multiple-Select,"[Multiple-Select] Assuming the man uses the blind as intended, which locations are within his primary field of view for observation? (Select all that apply) [Options] A) The near edge of the pond. B) The far edge of the pond. C) The area where the truck is parked. D) The base of the wind turbines on the hill.","A, B","B, D",simple_relation,[Single-Choice] Where is the camouflaged blind relative to the small pond? [Options] A) To the right of the pond B) Directly behind the pond C) To the left of the pond D) Directly in front of the pond,C,D) Directly in front of the pond,False,action_goal_binding,perspective_reference_frame,"隐蔽棚主要朝池塘近岸与远岸开口；回答 B,D 保留远岸但错误加入山上风机基部并遗漏近岸，未对齐设施的观察方向。control 未通过。",high,no
error-0140,gmpJmdKiZQ8_33_0_06_51_311_to_0_07_16_202.mp4,archived_workspace/experiments/perception_control/work/single_probe_200_contact_sheets/pc-0169.jpg,2,Dynamic Spatial Relationships,Human-Centric,Multiple-Select,"[Multiple-Select] At the moment the woman in the blue shirt first interacts with the person in the wheelchair, which of these spatial statements are correct from the camera's perspective? (Select all that apply) [Options] A) A yellow, partially collapsed beach umbrella is visible behind the man in the black shirt. B) A large, blue inflatable slide is visible in the background to the left. C) The ocean is completely out of the frame. D) A pair of shoes is visible on the sand directly beside the blue lounge chair.","A,B",C,entity,[Single-Choice] Which headwear is visible on the seated person near the blue-shirted woman? [Options] A) A bicycle helmet B) A straw sunhat C) A baseball cap D) A knit beanie,C,B) A straw sunhat,False,perception_recognition,spatiotemporal_grounding,蓝衣女子首次接触轮椅使用者时，黑衣男子后方可见折塌黄伞，左后方可见蓝色充气滑梯，海面也仍在画内；回答只选“海洋完全出框”，与可见场景相反。,high,no
error-0141,vIm1Ave5FVw_44_0_11_04_797_to_0_11_20_346.mp4,archived_workspace/experiments/perception_control/work/single_probe_200_contact_sheets/pc-0200.jpg,2,Dynamic Spatial Relationships,Human-Centric,True/False,[True/False] The person's head goes below the surface of the water as the wave passes over them.,True,False,entity,[Single-Choice] Which item is visible on the person? [Options] A) A bright life jacket B) A white helmet C) A striped shirt D) A dark wetsuit,D,D) A dark wetsuit,True,perception_recognition,spatiotemporal_grounding,浪头经过约 8–10 秒时人物头部短暂沉到水面以下并从画面消失；回答否认该直接可见事件。,high,no
error-0142,XfovVgI3gsY_18_0_03_29_719_to_0_03_49_800.mp4,archived_workspace/experiments/perception_control/work/single_probe_200_contact_sheets/pc-0573.jpg,6,Egocentric vs. Allocentric Reference Frames,Object-Centric,Multiple-Select,"[Multiple-Select] The camera pans right, changing the view. Which statements correctly describe the motion from the camera's (egocentric) and the world's (allocentric) reference frames? (Select all that apply)
[Options]
A) Egocentrically, the city skyline appears to move from right to left across the frame.
B) Allocentrically, the boat is moving and the city is stationary.
C) Egocentrically, the flagpole moves from the right side of the frame to the left side.
D) Allocentrically, the city is moving from left to right.","A, B, C",AB,action_event,"[Single-Choice] Near the beginning of the clip, what is the flag doing? [Options] A) Being lowered on the pole B) Being folded by someone C) Waving in the wind D) Sinking into the water",C,C) Waving in the wind,True,perspective_reference_frame,spatiotemporal_grounding,相机/船向右改变视野时，固定城市和前景旗杆在画面中都向左移动，世界坐标中城市静止、船在动；回答 AB 遗漏旗杆的同向画面运动 C。,high,no
error-0143,uV3lJhGek10_20_0_02_56_876_to_0_03_09_489.mp4,archived_workspace/experiments/perception_control/work/single_probe_200_contact_sheets/pc-0265.jpg,3,Action and Intent-Driven Spatial Reasoning,Human-Centric,Multiple-Select,"[Multiple-Select] Assuming the man uses the blind as intended, which locations are within his primary field of view for observation? (Select all that apply) [Options] A) The near edge of the pond. B) The far edge of the pond. C) The area where the truck is parked. D) The base of the wind turbines on the hill.","A, B",ABD,simple_relation,[Single-Choice] Where is the camouflaged blind relative to the small pond? [Options] A) To the right of the pond B) Directly behind the pond C) To the left of the pond D) Directly in front of the pond,C,C) To the left of the pond,True,action_goal_binding,perspective_reference_frame,"隐蔽棚开口覆盖池塘近岸与远岸，回答 ABD 正确保留 A,B 却额外加入并非主要观察方向的风机基部 D。",high,no
error-0144,RoKJc6eScrA_2_0_01_08_866_to_0_01_48_533.mp4,archived_workspace/experiments/perception_control/work/single_probe_200_contact_sheets/pc-0055.jpg,1,Object Permanence and Occlusion Tracking,Object-Centric,True/False,"[True/False] Between 0:26 and 0:28, a person in a yellow shirt is walking on the right sidewalk. They are temporarily occluded by the car's right A-pillar. After they reappear, they have already walked past the red and orange ""Pet Hyper"" sign.",False,True,action_event,"[Single-Choice] Near the storefronts, what is the filming vehicle doing? [Options] A) Parked beside the curb B) Driving forward along the street C) Reversing down the street D) Turning into a driveway",B,B) Driving forward along the street,True,spatiotemporal_grounding,perception_recognition,26–28 秒黄衣行人经过右侧 A 柱后重新出现时尚未走过 Pet Hyper 标牌；回答把遮挡后的相对进度判断为已越过。20-frame full-duration sheet 对两秒窗口采样有限。,low,no
error-0145,UbOevcbnLLY_0_0_00_00_133_to_0_00_14_714.mp4,archived_workspace/experiments/perception_control/work/single_probe_200_contact_sheets/pc-0156.jpg,2,Dynamic Spatial Relationships,Object-Centric,Single-Choice,"[Single-Choice] As the camera pans to the left, what is the apparent motion of the small puff of smoke on the distant hillside relative to the dock's corner post in the foreground? [Options] A) The smoke appears to move from the right side of the post to the left side of it. B) The smoke remains stationary directly behind the post. C) The smoke appears to move from the left side of the post to the right side of it. D) The smoke is never visible at the same time as the corner post.",B,A,action_event,[Single-Choice] Which visible event occurs before the leafy tree canopy enters the view? [Options] A) A large tree trunk fills the left side. B) A white rectangular roof appears near the dock. C) Benches appear beneath the tree. D) The canopy covers much of the top edge.,B,B,True,benchmark_ambiguity,perspective_reference_frame,左摇镜头使远处烟雾相对近处角柱产生可见视差，模型所述由右向左有视觉依据；gold stationary directly behind 难由序列稳定支持。,medium,yes
error-0146,U6Gzd0m7g1Y_2_0_00_34_401_to_0_00_45_945.mp4,archived_workspace/experiments/perception_control/work/single_probe_200_contact_sheets/pc-0135.jpg,2,Dynamic Spatial Relationships,Object-Centric,Single-Choice,"[Single-Choice] As the camera pans to the right, what is the apparent motion of the large white boat in the background relative to the foreground seat backrest? [Options] A) The background boat appears to move from the right side of the seat backrest to its left side. B) The background boat appears to move from the left side of the seat backrest to its right side. C) The background boat remains stationary directly behind the seat backrest. D) The background boat is always visible to the right of the seat backrest.",A,B) The background boat appears to move from the left side of the seat backrest to its right side.,action_event,"[Single-Choice] Near the end, what happens to the beige helm seat? [Options] A) It folds flat. B) It is lifted away. C) It moves back into view. D) It spins around.",C,A) It folds flat.,False,perspective_reference_frame,spatiotemporal_grounding,相机向右摇时，背景白船相对近处座椅靠背由右侧移到左侧；回答把视差运动方向反转为左到右。control 未通过也可能影响相机运动识别。,high,no
error-0147,ZHamsk3qcvM_2_0_01_47_541_to_0_03_16_708.mp4,archived_workspace/experiments/perception_control/work/single_probe_200_contact_sheets/pc-0572.jpg,6,Egocentric vs. Allocentric Reference Frames,Human-Centric,Multiple-Select,"[Multiple-Select] The camera moves along with the boats. From the camera's moving perspective, which of these appear to move from the right side of the screen towards the left side? (Select all that apply) [Options] A) The rowers in the white foreground boat. B) The white tents on the riverbank. C) The yellow competing boat. D) The trees on the riverbank.","B, D",A) The rowers in the white foreground boat.,action_event,[Single-Choice] Which statement correctly describes whether the large England flag appears before or after the brick riverside building? [Options] A) The brick building appears before the flag appears. B) The flag and brick building first appear together. C) Neither the flag nor brick building appears. D) The flag appears before the brick building appears.,D,A) The brick building appears before the flag appears.,False,perspective_reference_frame,spatiotemporal_grounding,相机随赛艇移动时岸边白帐篷和树木形成右到左背景流，白色前景艇的划手不属于该固定背景；回答只选前景划手，未区分随动与世界参照。,high,no
error-0148,uS1JBZRPNjk_38_0_07_53_306_to_0_08_03_316.mp4,archived_workspace/experiments/perception_control/work/single_probe_200_contact_sheets/pc-0072.jpg,1,Object Permanence and Occlusion Tracking,Object-Centric,True/False,"[True/False] During the camera's pan to the left, the rock and bush in the immediate right foreground move to eventually hide the part of the river that was visible on the far right at the start.",False,True,entity,[Single-Choice] Which man-made feature is visible on the canyon floor? [Options] A) A paved highway B) A railroad track C) A stone bridge D) A pale dirt road,D,D) A pale dirt road,True,perspective_reference_frame,spatiotemporal_grounding,左摇镜头时右前景岩石和灌木向右移出画面，不会去遮住开头最右侧河面；回答错误解释近景视差。,high,no
error-0149,PbiwvryfH94_27_0_10_50_999_to_0_12_30_624.mp4,archived_workspace/experiments/perception_control/work/single_probe_200_contact_sheets/pc-0015.jpg,1,Object Permanence and Occlusion Tracking,Human-Centric,True/False,[True/False] The person in the purple shirt who walks past the woman in the grey vest is completely hidden from view by her at some point before exiting the frame.,True,False,entity,[Single-Choice] Which object is visible beside the woman near the walkway? [Options] A) A wooden bench B) A metal railing C) A parked bicycle D) A beach umbrella,B,B) A metal railing,True,spatiotemporal_grounding,perception_recognition,紫衣行人经过灰马甲女子时存在短暂完全重叠；回答否认其被完全遮住。20-frame full-duration sheet 对瞬时完全遮挡覆盖有限。,low,no
error-0150,FN2ABL7CkJA_11_0_05_28_861_to_0_06_16_876.mp4,archived_workspace/experiments/perception_control/work/single_probe_200_contact_sheets/pc-0328.jpg,4,Predictive and Counterfactual Spatial Reasoning,Human-Centric,Single-Choice,"[Single-Choice] At 0:31, a black car approaches from the opposite direction. If the driver of the classic car had continued to drive straight instead of following the curve, what would have been the most immediate spatial outcome? [Options] A) A collision with the oncoming black car. B) Driving onto the grass on the left side of the road. C) Driving onto the grass on the right side of the road. D) A collision with the mailboxes on the left.",C,A) A collision with the oncoming black car.,simple_relation,"[Single-Choice] At the bend, which way does the road curve from the driver's view? [Options] A) To the left B) Straight ahead C) Into a fork D) To the right",D,D) To the right,True,physical_prediction_counterfactual,perspective_reference_frame,0:31 道路向左弯，经典车若保持直行会先驶上道路右侧草地；回答预测立即撞上对向黑车，未延续切线与弯道边界。,high,no
error-0151,D39Xmg7PEew_28_0_05_27_360_to_0_05_43_443.mp4,archived_workspace/experiments/perception_control/work/single_probe_200_contact_sheets/pc-0109.jpg,2,Dynamic Spatial Relationships,Human-Centric,True/False,"[True/False] The trajectory of the fish, as it is being pulled through the water before being lifted, is primarily from a distant point toward the camera's location.",False,True,simple_relation,[Single-Choice] Where is the tree-lined shoreline relative to the open water? [Options] A) Below the open water B) Above the open water C) Left of the open water D) Right of the open water,B,B) Above the open water,True,spatiotemporal_grounding,perspective_reference_frame,鱼被拖行至起吊前的轨迹主要沿水面横向/远离镜头中心变化，并非从远处直指相机位置；回答把画面尺度变化误作朝相机运动。,medium,no
error-0152,jr2s_4Fvf80_58_0_05_29_862_to_0_05_43_476.mp4,archived_workspace/experiments/perception_control/work/single_probe_200_contact_sheets/pc-0184.jpg,2,Dynamic Spatial Relationships,Object-Centric,Single-Choice,"[Single-Choice] During the drift, the car travels along a curved path around the prominent orange cone. Relative to the center of this curve, where is the cone located? [Options] A) On the inside of the curve. B) On the outside of the curve. C) The car's path goes directly over the cone. D) The cone is located exactly at the center of the curve.",A,B) On the outside of the curve.,entity,[Single-Choice] Which background feature is visible beyond the open driving area? [Options] A) A city skyline B) An ocean shoreline C) Indoor stadium seats D) A forested hillside,D,D) A forested hillside,True,spatiotemporal_grounding,perspective_reference_frame,漂移车围绕橙色锥桶形成弧线，锥桶位于转弯弧的内侧；回答将轨迹内外关系反转。,high,no
error-0153,FN2ABL7CkJA_11_0_05_28_861_to_0_06_16_876.mp4,archived_workspace/experiments/perception_control/work/single_probe_200_contact_sheets/pc-0328.jpg,4,Predictive and Counterfactual Spatial Reasoning,Human-Centric,Single-Choice,"[Single-Choice] At 0:31, a black car approaches from the opposite direction. If the driver of the classic car had continued to drive straight instead of following the curve, what would have been the most immediate spatial outcome? [Options] A) A collision with the oncoming black car. B) Driving onto the grass on the left side of the road. C) Driving onto the grass on the right side of the road. D) A collision with the mailboxes on the left.",C,B) Driving onto the grass on the left side of the road.,simple_relation,"[Single-Choice] At the bend, which way does the road curve from the driver's view? [Options] A) To the left B) Straight ahead C) Into a fork D) To the right",D,A) To the left,False,physical_prediction_counterfactual,perspective_reference_frame,0:31 道路向左弯，经典车若沿原航向直行会越过弯道外侧、驶上道路右侧草地；回答错误预测为左侧草地。control 同样把弯向判反。,high,no
error-0154,eeJWtwV5OzA_28_0_05_18_100_to_0_05_28_800.mp4,archived_workspace/experiments/perception_control/work/single_probe_200_contact_sheets/pc-0018.jpg,1,Object Permanence and Occlusion Tracking,Human-Centric,Multiple-Select,"[Multiple-Select] As the man walks from the doorway to the red car, which vehicle in the background is temporarily hidden from view by his body? [Options] A) The grey Land Rover. B) The small black Smart car. C) The blue sedan. D) The white convertible.",B.C.D,"B, C",entity,[Single-Choice] Which accessory is visible around the walking man's neck? [Options] A) A bright green lanyard B) A red scarf C) A black tie D) A blue headset,A,A) A bright green lanyard,True,spatiotemporal_grounding,perception_recognition,男子从门口走向红车时身体先后覆盖小黑 Smart、蓝色轿车和白色敞篷车；回答只保留 B、C，遗漏短暂被遮挡的 D。20-frame full-duration sheet 对瞬时完全遮挡覆盖有限。,low,no
error-0155,SjaUzHILZ8Y_56_0_09_01_474_to_0_09_23_229.mp4,archived_workspace/experiments/perception_control/work/single_probe_200_contact_sheets/pc-0543.jpg,6,Egocentric vs. Allocentric Reference Frames,Human-Centric,Single-Choice,"[Single-Choice] From the camera's perspective, the shoreline appears to be moving from right to left. What is the boat's actual direction of travel relative to the distant dam visible at the start of the video? [Options] A) Towards the dam. B) Away from the dam. C) Parallel to the dam. D) The boat is stationary.",D,B) Away from the dam.,simple_relation,"[Single-Choice] In the opening view, where is the tree-covered shoreline relative to the camera? [Options] A) Along the right side of the water B) Straight across the near foreground C) Centered far ahead on the horizon D) Along the left side of the water",D,<answer>Along the left side of the water,False,perspective_reference_frame,spatiotemporal_grounding,岸线在画面中右向左滑动主要来自相机绕船观察/转向；远处水坝相对船没有持续缩小的证据，回答把表观背景流误解为船远离水坝。,medium,no
error-0156,FHea6tOnSYY_27_0_03_34_881_to_0_03_49_295.mp4,archived_workspace/experiments/perception_control/work/single_probe_200_contact_sheets/pc-0030.jpg,1,Object Permanence and Occlusion Tracking,Object-Centric,Single-Choice,"[Single-Choice] At the very beginning of the video, as the silver Corvette drives past, which object in the background does it temporarily and completely occlude from the camera's view? [Options] A) The red Porsche. B) A white SUV. C) A distant building. D) The blue Subaru.",B,A) The red Porsche.,entity,[Single-Choice] Which large vehicle is visible in the background near the roadway? [Options] A) A yellow school bus B) A white semi-trailer truck C) A red fire engine D) A black pickup truck,B,B) A white semi-trailer truck,True,spatiotemporal_grounding,perception_recognition,开头银色 Corvette 掠过前景时，短暂完全覆盖的是远处白色 SUV；红色 Porsche 随后才作为独立前景车辆出现，回答混淆了遮挡时刻和对象。20-frame full-duration sheet 对开头瞬时遮挡采样有限。,low,no
error-0157,mrgxon0Wf_g_47_0_10_15_000_to_0_10_30_100.mp4,archived_workspace/experiments/perception_control/work/single_probe_200_contact_sheets/pc-0598.jpg,6,Egocentric vs. Allocentric Reference Frames,Human-Centric,True/False,"[True/False] From the man's own perspective, the finger-pointing gesture he makes early in the video is directed towards his right.",True,False,entity,[Single-Choice] Who is prominently visible in the foreground? [Options] A) A child wearing a red shirt B) A person in a white lab coat C) A woman with long dark hair D) An elderly woman with gray hair,C,C) A woman with long dark hair,True,perspective_reference_frame,perception_recognition,男子面向镜头后方女子站立，早期伸出的手指从其自身身体轴指向右侧；回答 False 混淆人物自身左右与观察者画面左右。,high,no
error-0158,R5lA1ZQzauM_12_0_07_29_399_to_0_08_49_533.mp4,archived_workspace/experiments/perception_control/work/single_probe_200_contact_sheets/pc-0246.jpg,3,Action and Intent-Driven Spatial Reasoning,Human-Centric,Multiple-Select,[Multiple-Select] The operator's intent is to test the drone's 'follow me' capability. Which of the following spatial behaviors are observed in the drone's attempt to follow the operator? (Select all that apply) [Options] A) The drone initially drifts without tracking the operator's movement. B) The drone successfully matches the operator's forward speed perfectly. C) The drone adjusts its position laterally to keep the operator in the camera's view. D) The drone loses significant altitude while attempting to move towards the operator.,"B, C, D","A) The drone initially drifts without tracking the operator's movement.
C) The drone adjusts its position laterally to keep the operator in the camera's view.",entity,[Single-Choice] Which object is visible near the bottom foreground of the scene? [Options] A) A bicycle handlebar B) A radio controller C) A camera tripod D) A folding chair,B,<answer>A radio controller,False,spatiotemporal_grounding,action_goal_binding,follow-me 测试中无人机后续进行横向修正并伴随高度下降，且存在与操作者前移相匹配的阶段；回答加入初始不跟踪 A，并遗漏 B、D。20-frame full-duration sheet 难以精确确认“perfectly”与短时高度变化。,low,no
error-0159,NmImpLawyDg_4_0_02_41_340_to_0_02_52_717.mp4,archived_workspace/experiments/perception_control/work/single_probe_200_contact_sheets/pc-0115.jpg,2,Dynamic Spatial Relationships,Object-Centric,Single-Choice,"[Single-Choice] During the camera's upward pan, what is the apparent change in the position of the blue star-shaped light in the foreground relative to the red and white star-shaped light behind it? [Options] A) The blue light moves from being below the red light to being above it. B) The blue light appears to move further down and to the left relative to the red light. C) The two lights maintain a fixed spatial relationship to each other in the frame. D) The blue light moves from being to the left of the red light to its right.",C,"A) The blue light moves from being below the red light to being above it.
C) The two lights maintain a fixed spatial relationship to each other in the frame.",simple_relation,[Single-Choice] Where is the red teardrop-shaped ornament positioned relative to the red-and-white star decoration? [Options] A) lower left of it B) upper right of it C) upper left of it D) lower right of it,D,D,True,protocol_or_parsing,spatiotemporal_grounding,题目明确为单选，模型同时输出互斥的 A 与 C；其中 C 正是 gold，错误主要由额外输出选项和单选协议未遵守造成，而非完全未识别固定相对关系。,high,no
error-0160,l5gnnZXoDK0_18_0_02_11_360_to_0_02_21_400.mp4,archived_workspace/experiments/perception_control/work/single_probe_200_contact_sheets/pc-0568.jpg,6,Egocentric vs. Allocentric Reference Frames,Human-Centric,True/False,"[True/False] During the skier's final turn (from 5-8 seconds), the shadow cast by the skier is consistently on their left side.",False,True,action_event,"[Single-Choice] Near the end, what does the person do with both hands? [Options] A) Plants them on their hips B) Stretches them out sideways C) Raises them toward their helmet D) Clasps them behind their back",C,C) Raises them toward their helmet,True,perspective_reference_frame,perception_recognition,5–8 秒最终转弯中影子持续落在画面中滑雪者的右侧区域；按滑雪者自身方向换算并不支持“始终在其左侧”，回答混淆主体左右参照。,medium,no
error-0161,ikx-L45Gqmw_66_0_09_18_224_to_0_09_36_842.mp4,archived_workspace/experiments/perception_control/work/single_probe_200_contact_sheets/pc-0283.jpg,3,Action and Intent-Driven Spatial Reasoning,Human-Centric,Single-Choice,"[Single-Choice] Based on the woman's path of movement from the sidewalk and the sudden appearance of a light source from above and behind her around the 5-second mark, what spatial interaction most likely occurred? [Options] A) She walked under a street lamp that turned on. B) She opened the rear trunk of the vehicle. C) She turned around to face the sunset. D) Another car turned its headlights on her.",B,A) She walked under a street lamp that turned on.,simple_relation,"[Single-Choice] After the woman reaches the parked vehicle, where is its raised hatch relative to her head? [Options] A) Below her chin B) Beside her left shoulder C) Across the street D) Above her head",D,D,True,action_goal_binding,perception_recognition,女子沿人行道走到停放车辆后方，约 5 秒上后方亮起并随后可见掀起的尾门；该空间路径和结果对应打开后备箱，而非经过自动点亮的路灯。,high,no
error-0162,hekzmOGY4jo_14_0_01_46_940_to_0_01_59_385.mp4,archived_workspace/experiments/perception_control/work/single_probe_200_contact_sheets/pc-0591.jpg,6,Egocentric vs. Allocentric Reference Frames,Human-Centric,True/False,"[True/False] For most of the ride, the surfer is moving along the face of the wave, causing the surfboard to travel in a direction roughly parallel to the shoreline.",True,False,simple_relation,[Single-Choice] How are the main bands of breaking white water oriented across the scene? [Options] A) Mostly left-to-right B) Mostly top-to-bottom C) Diagonally upward left-to-right D) Diagonally downward left-to-right,A,A) Mostly left-to-right,True,spatiotemporal_grounding,perspective_reference_frame,冲浪者在大部分骑行中沿浪壁横向推进，板的主位移与横贯画面的岸线/碎浪带近似平行；回答 False 未整合完整轨迹。,high,no
error-0163,NIZ_SpWGs3M_14_0_03_59_466_to_0_04_11_266.mp4,archived_workspace/experiments/perception_control/work/single_probe_200_contact_sheets/pc-0414.jpg,5,Object Deformation and State Transition,Human-Centric,Multiple-Select,"[Multiple-Select] After the button is pressed, which of these components visually transition from an inactive state to an active, illuminated state? (Select all that apply) [Options] A) The central display screen. B) The dials behind the steering wheel. C) The buttons on the steering wheel spokes. D) The ring around the start button itself.","A,B",ABCD,simple_relation,[Single-Choice] Where is the red circular start button relative to the central display screen? [Options] A) Below and to the right B) Above and to the left C) Above and to the right D) Below and to the left,D,D,True,perception_recognition,spatiotemporal_grounding,按下启动键后中央屏幕与方向盘后的仪表盘由暗变亮；方向盘辐条按钮及启动键环没有同样明确的状态转换，回答 ABCD 过度选择 C、D。,high,no
error-0164,U_77ItXKYDs_29_0_05_43_933_to_0_05_54_033.mp4,archived_workspace/experiments/perception_control/work/single_probe_200_contact_sheets/pc-0126.jpg,2,Dynamic Spatial Relationships,Human-Centric,Multiple-Select,"[Multiple-Select] At the end of the video, the woman brings both hands down to adjust the bottom of the shirt. Which of the following spatial relationships change during this specific action? (Select all that apply) [Options] A) The distance between her right hand and her left hand. B) The distance between her left hand and the red mug. C) The orientation of the paintbrush relative to the table surface. D) The position of the green foam sheet relative to the table.","A,B,C",A) The distance between her right hand and her left hand.,simple_relation,"[Single-Choice] Relative to the green foam sheet, where is the red mug located? [Options] A) To its left B) To its right C) Directly above it D) Under it",A,B) To its right,False,spatiotemporal_grounding,perception_recognition,女子双手下移整理衣摆时，双手间距、左手与红杯距离以及手持画笔相对桌面的朝向均发生变化；回答只识别 A，遗漏 B、C。,medium,no
error-0165,owFY8o68sDk_32_0_05_29_666_to_0_05_39_800.mp4,archived_workspace/experiments/perception_control/work/single_probe_200_contact_sheets/pc-0596.jpg,6,Egocentric vs. Allocentric Reference Frames,Human-Centric,True/False,"[True/False] Throughout the video, the hand holding the receiver assembly remains on the left side of the visual frame from the camera's perspective.",True,False,entity,[Single-Choice] Which object is visible near the person at the beginning of the scene? [Options] A) A laptop computer B) A handheld radio controller C) A soldering iron D) A pair of pliers,B,B) A handheld radio controller,True,spatiotemporal_grounding,perspective_reference_frame,整个序列中握接收器组件的手始终位于画面左半侧，右侧主要是遥控器或背景；回答 False 否认持续的画面坐标关系。,high,no
error-0166,Uz_Fmus7BgA_10_0_03_43_189_to_0_03_53_466.mp4,archived_workspace/experiments/perception_control/work/single_probe_200_contact_sheets/pc-0041.jpg,1,Object Permanence and Occlusion Tracking,Human-Centric,True/False,"[True/False] After the surfer is completely occluded by the whitewater at the end of the ride, they have ended up in front of the breaking part of the wave.",False,True,simple_relation,"[Single-Choice] While the surfer rides near the foamy spray, where is the dark, unbroken wave face relative to the surfer? [Options] A) To the viewer's left B) To the viewer's right C) Directly above D) Directly below",A,D) Directly below,False,spatiotemporal_grounding,perception_recognition,冲浪者进入白水遮挡前位于破浪前沿后方/浪壁一侧，末段白水覆盖后不能据此判为落到破浪前方；回答 True 错误延续遮挡后的相对位置。20-frame full-duration sheet 无法直接观察完全遮挡后的主体，故结论置信度低。,low,no
error-0167,ecgPZ4yevss_16_0_05_24_857_to_0_05_37_637.mp4,archived_workspace/experiments/perception_control/work/single_probe_200_contact_sheets/pc-0316.jpg,4,Predictive and Counterfactual Spatial Reasoning,Object-Centric,Single-Choice,"[Single-Choice] Based on the camera's final position and direction of movement, if it continued to pan forward along the kayak's centerline, what would be the next major feature to come into view? [Options] A) The gray seat. B) The very front tip (bow) of the kayak. C) The teal storage box. D) The side carrying handle.",B,A) The gray seat.,entity,[Single-Choice] Which item is visible on the deck near the open cockpit? [Options] A) A black paddle blade B) A red life jacket C) A white helmet D) A yellow dry bag,A,B) A red life jacket,False,physical_prediction_counterfactual,perspective_reference_frame,末镜头沿皮划艇纵向中心线继续向前，开放座舱和灰座椅已被越过，下一主要结构应是最前端船艏；回答错误回指已出现的灰座椅。,high,no
error-0168,TD27Rs6mTes_1_0_00_06_519_to_0_00_16_920.mp4,archived_workspace/experiments/perception_control/work/single_probe_200_contact_sheets/pc-0534.jpg,6,Egocentric vs. Allocentric Reference Frames,Human-Centric,Single-Choice,"[Single-Choice] If the woman in the black dress were to turn 180 degrees, what would be directly in her line of sight? [Options] A) The man carrying a basket on his shoulder. B) A stone fountain. C) The large arched doorway. D) The woman with her back to the camera.",C,A,simple_relation,[Single-Choice] Where in the image is the green double door relative to the woman in the black dress? [Options] A) To her right B) To her left C) Directly above her D) Directly below her,A,B) To her left,False,perspective_reference_frame,physical_prediction_counterfactual,黑裙女子若以自身轴转身 180 度，反向视线会朝向大型拱门；回答选择侧方/场景内移动人物，未完成主体朝向到世界布局的转换。,high,no
error-0169,JCDFMUawpsY_31_0_13_29_141_to_0_13_57_836.mp4,archived_workspace/experiments/perception_control/work/single_probe_200_contact_sheets/pc-0334.jpg,4,Predictive and Counterfactual Spatial Reasoning,Human-Centric,Single-Choice,"[Single-Choice] Just before entering the paved area, the rider passes a yellow 'CAUTION' sign on their right. If the rider had instead turned sharply right immediately after this sign, what would they have ridden onto? [Options] A) A set of metal crowd-control barriers. B) A gravel road leading up a hill. C) A raised wooden deck next to a building. D) Another dirt bike path.",D,A) A set of metal crowd-control barriers.,action_event,[Single-Choice] Which event happens before the rider rides beside the wooden building? [Options] A) The rider extends an arm sideways. B) The rider stops beside pedestrians. C) The rider descends a dirt slope. D) The rider turns back uphill.,C,C) The rider descends a dirt slope.,True,physical_prediction_counterfactual,perspective_reference_frame,骑手越过右侧黄色 CAUTION 标牌后，其右方连接的是另一条土质自行车路径；若立即急右转会驶入该路径，而非撞上更外侧的金属围栏。,high,no
error-0170,PR7PqA5EisY_16_0_02_27_547_to_0_03_22_068.mp4,archived_workspace/experiments/perception_control/work/single_probe_200_contact_sheets/pc-0416.jpg,5,Object Deformation and State Transition,Object-Centric,True/False,"[True/False] When the car drives away from the camera down the road between 0:29 and 0:34, its pop-up headlights are retracted into the hood.",True,False,action_event,[Single-Choice] What happens before the car is viewed broadside while moving? [Options] A) The hood is lifted open. B) Both doors are opened. C) A wheel is removed. D) A raised front lamp is lit.,D,D) A raised front lamp is lit.,True,perception_recognition,spatiotemporal_grounding,车在约 0:29–0:34 远离镜头的侧后视图中，前灯舱盖与引擎盖齐平，弹出式前灯已收回；回答 False 未识别该状态。,high,no
error-0171,TVPLbXI1fR8_10_0_02_28_982_to_0_03_03_182.mp4,archived_workspace/experiments/perception_control/work/single_probe_200_contact_sheets/pc-0247.jpg,3,Action and Intent-Driven Spatial Reasoning,Human-Centric,Single-Choice,"[Single-Choice] To open the transom door, what is the correct sequence of spatial operations performed on the latch and door? [Options] A) The handle is pushed up, then the door is pulled outward. B) The handle is rotated clockwise, then the door is pushed outward. C) The handle is pulled downward, then the door is pushed inward. D) The door is pushed inward first, which releases the handle.",A,B,entity,[Single-Choice] Which human body part is visibly present near the boat hardware? [Options] A) A hand B) A foot C) A knee D) A head,A,A) A hand,True,action_goal_binding,spatiotemporal_grounding,手先把舷门锁扣手柄向上推以释放机构，随后将门向外拉开；回答把操作误述为顺时针旋转并向外推，动作方向和先后均不符。,medium,no
error-0172,qRtxlEZpev0_31_0_07_11_699_to_0_07_26_366.mp4,archived_workspace/experiments/perception_control/work/single_probe_200_contact_sheets/pc-0454.jpg,5,Object Deformation and State Transition,Human-Centric,Multiple-Select,[Multiple-Select] Which physical states describe the single blue band while it is being manipulated by the hook? (Select all that apply) [Options] A) Under tension. B) Rigid. C) Twisted. D) Compressed.,"A, C",A) Under tension.,action_event,"[Single-Choice] While the person works with the yellow hook, what is the other hand doing? [Options] A) Cutting bands with scissors B) Holding the clear loom steady C) Pouring beads onto the loom D) Writing labels on the loom",B,B) Holding the clear loom steady,True,perception_recognition,spatiotemporal_grounding,蓝色橡皮筋被钩针拉伸时既处于张力状态，也在跨越织机柱时呈扭转；回答只选 tension，遗漏可见的 twisted 状态。,high,no
error-0173,jhcqv4tPIRQ_15_0_03_49_400_to_0_04_01_300.mp4,archived_workspace/experiments/perception_control/work/single_probe_200_contact_sheets/pc-0387.jpg,4,Predictive and Counterfactual Spatial Reasoning,Human-Centric,Single-Choice,"[Single-Choice] Based on its final position, if the bird were to continue climbing straight down the wall, what is the first object it would physically contact? [Options] A) The floor. B) The decorative window on the door. C) The light switch. D) The door frame.",C,B) The decorative window on the door.,entity,[Single-Choice] Which large object is visible directly beside the bird near the wall? [Options] A) A metal ladder B) A leafy plant C) A tan padded cushion D) A cardboard box,C,C) A tan padded cushion,True,physical_prediction_counterfactual,perception_recognition,鸟在墙面终点的正下方首先是灯开关，装饰窗位于门板更侧下方；沿当前方向继续直下会先接触开关，回答错误选择装饰窗。,medium,no
error-0174,H4AAXWDxHdI_3_0_00_36_002_to_0_00_46_413.mp4,archived_workspace/experiments/perception_control/work/single_probe_200_contact_sheets/pc-0233.jpg,3,Action and Intent-Driven Spatial Reasoning,Human-Centric,Single-Choice,"[Single-Choice] Based on the person's turn and final orientation at the 6-second mark, which direction are they preparing to walk? [Options] A) Towards the green dumpster. B) Back in the direction they originally came from. C) Down the road towards the low buildings. D) Across the grassy area to their right.",B,D,simple_relation,[Single-Choice] Where is the green dumpster relative to the person in the scene? [Options] A) Behind her on the viewer's left B) In front of her on the viewer's right C) Behind her on the viewer's right D) In front of her on the viewer's left,C,C) Behind her on the viewer's right,True,action_goal_binding,perspective_reference_frame,人物约 6 秒完成转身后，身体和视线朝回此前来路，表现为准备沿原方向返回；回答选择右侧草地，未将转身结果绑定到下一步移动意图。,medium,no
error-0175,v0C5551Yh0k_11_0_01_18_745_to_0_01_31_491.mp4,archived_workspace/experiments/perception_control/work/single_probe_200_contact_sheets/pc-0255.jpg,3,Action and Intent-Driven Spatial Reasoning,Human-Centric,Single-Choice,[Single-Choice] What action does the shirtless surfer take that significantly lowers their body's center of gravity relative to the board? [Options] A) They jump off the board. B) They crouch low while remaining on their feet. C) They lie down on their stomach. D) They fall backward into the water.,C,B) They crouch low while remaining on their feet.,entity,[Single-Choice] Which visible feature is directly behind the rider on the water? [Options] A) A sandy beach B) A rocky cliff C) A white breaking wave D) A floating buoy,C,C) A white breaking wave,True,perception_recognition,action_goal_binding,衬衫赤膊冲浪者先站立滑行，随后俯身并完全趴到板上，身体重心显著降低；回答称仍以双脚低蹲，误识别了最终姿态。,high,no
error-0176,j8Gic59heRg_65_0_15_52_084_to_0_16_08_233.mp4,archived_workspace/experiments/perception_control/work/single_probe_200_contact_sheets/pc-0078.jpg,1,Object Permanence and Occlusion Tracking,Human-Centric,Fill-in-the-Blank,"[Fill-in-the-Blank] Between 0:04 and 0:06, the white paper lantern hanging on the left side of the street is temporarily hidden from view by the corner of the ______ building.",brick,white,entity,[Single-Choice] Which object is visible along the street? [Options] A) Railroad crossing gates B) Short metal bollards C) Outdoor water fountains D) Parked delivery trucks,B,B) Short metal bollards,True,perception_recognition,spatiotemporal_grounding,4–6 秒白纸灯笼经过街角时，被左前景红褐色砖墙建筑的转角短暂挡住；回答 white 误取了邻近白色立面属性。,high,no
error-0177,Ud7XHwfD6ls_94_0_12_11_230_to_0_12_21_907.mp4,archived_workspace/experiments/perception_control/work/single_probe_200_contact_sheets/pc-0547.jpg,6,Egocentric vs. Allocentric Reference Frames,Human-Centric,Single-Choice,"[Single-Choice] As the camera moves backward, it reveals a main building and a smaller, dark-roofed shed to its left. From a bird's-eye perspective, what is located directly between these two structures? [Options] A) A wooden fence . B) Two children skating in a circle. C) A large snowbank with a trash can on top. D) A black metal fire pit.",A,C) A large snowbank with a trash can on top.,entity,[Single-Choice] Who is visible closest to the camera? [Options] A) A woman wearing sunglasses B) A child holding hockey sticks C) A dog pulling a sled D) A man riding a bicycle,A,A) A woman wearing sunglasses,True,perspective_reference_frame,perception_recognition,后退视野揭示主楼与左侧黑顶棚之间横亘木栅栏；回答把附近雪堆和垃圾桶误投影到两结构之间。,medium,no
error-0178,GdCdu6KH5ak_18_0_02_32_960_to_0_02_43_199.mp4,archived_workspace/experiments/perception_control/work/single_probe_200_contact_sheets/pc-0147.jpg,2,Dynamic Spatial Relationships,Human-Centric,True/False,[True/False] The soccer ball passes over the crossbar of the goal only once during the entire visible sequence.,False,True,entity,[Single-Choice] Which actor is visibly present on the field? [Options] A) A cyclist riding a bike B) A swimmer in a pool C) A skier on snow D) A person in a bright yellow shirt,D,D) A person in a bright yellow shirt,True,spatiotemporal_grounding,perception_recognition,全序列中高空足球跨越球门横梁高度区域不止一次，回答 True 未累计多个分离的越杆事件。20-frame full-duration sheet 对快速飞行的逐次穿越采样有限。,low,no
error-0179,odcmK3Int58_6_0_01_22_282_to_0_01_50_877.mp4,archived_workspace/experiments/perception_control/work/single_probe_200_contact_sheets/pc-0577.jpg,6,Egocentric vs. Allocentric Reference Frames,Human-Centric,Fill-in-the-Blank,"[Fill-in-the-Blank] From the person's own point of view, when they place the two batteries on the table, the batteries are positioned to the ______ of the mouse.",right,left,action_event,[Single-Choice] What does the person do with the white instruction leaflet near the end? [Options] A) Cuts it apart B) Writes on it C) Unfolds it D) Throws it away,C,C) Unfolds it,True,perspective_reference_frame,perception_recognition,从操作者自身朝桌面的视角，两节电池最终放在鼠标右侧；回答 left 把人物自身视角与反向观察方向混淆。,high,no
error-0180,XrwHnGrObHA_29_0_06_33_460_to_0_06_50_176.mp4,archived_workspace/experiments/perception_control/work/single_probe_200_contact_sheets/pc-0364.jpg,4,Predictive and Counterfactual Spatial Reasoning,Object-Centric,Single-Choice,"[Single-Choice] At 0:03, a fish is swimming from the upper right towards the lower left. Given its trajectory at that moment, if it had continued in a perfectly straight line, where would it have most likely exited the frame? [Options] A) The bottom edge of the frame. B) The left edge of the frame. C) The top edge of the frame. D) It would have remained in the center.",A,B,action_event,[Single-Choice] Which event occurs before the fish becomes clearly visible in the water? [Options] A) The fish passes close to the lower edge. B) Two fish overlap near the center. C) Only water and a dark diagonal reflection are visible. D) The fish touches the left border.,C,C,True,physical_prediction_counterfactual,spatiotemporal_grounding,鱼在 0:03 的右上到左下轨迹斜率更快触及画面底边；回答预测左边界，错误延长瞬时运动向量。,medium,no
error-0181,Ul4Hy1EfPNQ_41_0_07_41_628_to_0_07_54_607.mp4,archived_workspace/experiments/perception_control/work/single_probe_200_contact_sheets/pc-0342.jpg,4,Predictive and Counterfactual Spatial Reasoning,Human-Centric,Single-Choice,"[Single-Choice] If the girl had pushed off with her feet with the same force but without first turning the handlebars, what would have been the tricycle's most likely initial path? [Options] A) It would have moved directly toward the camera. B) It would have moved backward away from the camera. C) It would have moved to the left, as it did in the video. D) It would have spun in a circle without moving forward.",C,B) It would have moved backward away from the camera.,simple_relation,[Single-Choice] Where is the tricycle's front wheel relative to its red rear basket? [Options] A) To the left of the basket B) To the right of the basket C) Directly above the basket D) Directly below the basket,B,D) Directly below the basket,False,physical_prediction_counterfactual,action_goal_binding,女孩蹬地的推进方向不会因未先转动车把而反向后退；保持相同蹬力的初始路径应延续其左向运动，回答错误预测远离相机后退。,medium,no
error-0182,WrTTfmkKQsM_46_0_08_03_524_to_0_08_15_119.mp4,archived_workspace/experiments/perception_control/work/single_probe_200_contact_sheets/pc-0511.jpg,6,Egocentric vs. Allocentric Reference Frames,Human-Centric,Single-Choice,"[Single-Choice] As the motorcycle accelerates through the intersection, what is the final position of the red car relative to the motorcycle's camera? [Options] A) Directly in front of the motorcycle. B) To the right and behind the motorcycle. C) To the left and behind the motorcycle. D) It is no longer visible.",A,D) It is no longer visible.,action_event,[Single-Choice] Which event happens before the red car enters the intersection? [Options] A) It parks along the right curb. B) It reverses toward the motorcycle. C) It drives ahead of the motorcycle. D) It turns into a driveway.,C,A) It parks along the right curb.,False,spatiotemporal_grounding,perspective_reference_frame,摩托车穿过路口加速时红车持续位于前方车道并在末帧仍清晰可见；回答称其已不可见，未跟踪目标终态。,high,no
error-0183,XfovVgI3gsY_18_0_03_29_719_to_0_03_49_800.mp4,archived_workspace/experiments/perception_control/work/single_probe_200_contact_sheets/pc-0573.jpg,6,Egocentric vs. Allocentric Reference Frames,Object-Centric,Multiple-Select,"[Multiple-Select] The camera pans right, changing the view. Which statements correctly describe the motion from the camera's (egocentric) and the world's (allocentric) reference frames? (Select all that apply)
[Options]
A) Egocentrically, the city skyline appears to move from right to left across the frame.
B) Allocentrically, the boat is moving and the city is stationary.
C) Egocentrically, the flagpole moves from the right side of the frame to the left side.
D) Allocentrically, the city is moving from left to right.","A, B, C","B) Allocentrically, the boat is moving and the city is stationary.",action_event,"[Single-Choice] Near the beginning of the clip, what is the flag doing? [Options] A) Being lowered on the pole B) Being folded by someone C) Waving in the wind D) Sinking into the water",C,C) Waving in the wind,True,perspective_reference_frame,spatiotemporal_grounding,相机右摇时城市天际线和旗杆在画面中均右向左移动，而世界坐标中城市静止、船移动；回答只选 B，遗漏两个自我中心投影 A、C。,high,no
error-0184,u5bdvLkN9pI_11_0_01_44_479_to_0_02_02_622.mp4,archived_workspace/experiments/perception_control/work/single_probe_200_contact_sheets/pc-0566.jpg,6,Egocentric vs. Allocentric Reference Frames,Object-Centric,Fill-in-the-Blank,"[Fill-in-the-Blank] In the final arrangement shown on the table, the four tall stacks in clear tubes are located to the ______ of the main group of stacks in white tubes.",before,right,simple_relation,"[Single-Choice] In the final setup, where are the small loose coin stacks relative to the main group of white tubes? [Options] A) To the left B) In front C) To the right D) Behind",C,D) Behind,False,benchmark_ambiguity,protocol_or_parsing,题干要求四个透明管高堆相对白管主组的空间方位，gold 却为 before，既非左右方位也不符合最终静态排列；模型 right 在画面布局上有直接依据。,high,yes
error-0185,sSy9TvBC92o_15_0_01_39_519_to_0_01_58_920.mp4,archived_workspace/experiments/perception_control/work/single_probe_200_contact_sheets/pc-0452.jpg,5,Object Deformation and State Transition,Human-Centric,Multiple-Select,"[Multiple-Select] The snake actively deforms its body to grip the man's arm. Which of the following spatial configurations are created by this deformation? (Select all that apply) [Options] A) Multiple circular coils wrapped around the forearm. B) A single loop running lengthwise along the other coils. C) A complex, overlapping mass where the body crosses over itself multiple times. D) A straight, rigid line along the top of the man's arm.","A,B,C",A) Multiple circular coils wrapped around the forearm.,simple_relation,"[Single-Choice] How is the man's raised forearm oriented near his chest? [Options] A) Upright, with the hand above the elbow B) Horizontal, with the hand level with the elbow C) Downward, with the hand below the elbow D) Straight outward, pointing toward the camera",A,"A) Upright, with the hand above the elbow",True,perception_recognition,spatiotemporal_grounding,蛇缠绕手臂形成多个环、沿线单环及多次自交叠层；回答只识别 A，遗漏可见的 B、C 形变构型。,high,no
error-0186,HlPI1M9yYgM_27_0_04_48_766_to_0_05_05_233.mp4,archived_workspace/experiments/perception_control/work/single_probe_200_contact_sheets/pc-0122.jpg,2,Dynamic Spatial Relationships,Human-Centric,Single-Choice,"[Single-Choice] As the camera pans from looking at the passenger seat toward the dashboard, which object appears to move from the right side of the visual field to the left? [Options] A) The passenger-side door handle. B) The gear shift. C) The rearview mirror. D) The passenger headrest.",C,D) The passenger headrest.,entity,[Single-Choice] Which object is visible between the front seats? [Options] A) A cup holder B) A laptop C) A bicycle helmet D) A coffee mug,A,A,True,perspective_reference_frame,spatiotemporal_grounding,相机由副驾座椅摇向仪表台时，后视镜从视野右侧进入并移向左侧；副驾头枕主要随视野离开，回答混淆被追踪对象。,medium,no
error-0187,srbQrg_NF5E_56_0_09_33_703_to_0_09_45_432.mp4,archived_workspace/experiments/perception_control/work/single_probe_200_contact_sheets/pc-0069.jpg,1,Object Permanence and Occlusion Tracking,Object-Centric,Single-Choice,"[Single-Choice] Between 00:08 and 00:10, the branches of the bare tree in the foreground pass in front of and briefly hide which feature? [Options] A) The highest mountain peak in the distance. B) A section of the road deep in the valley. C) A cluster of houses on the opposite hillside. D) The group of pine trees on the far right.",A,D,entity,[Single-Choice] Which object is visible along the roadside in the foreground? [Options] A) Red traffic cones B) Wooden picnic tables C) Metal streetlights D) White concrete barriers,D,D,True,spatiotemporal_grounding,perception_recognition,8–10 秒裸树细枝从远处最高山峰前方经过并短暂覆盖峰线；回答选择最右侧松树群，未对齐遮挡时刻与背景目标。20-frame full-duration sheet 对短暂覆盖采样有限。,low,no
error-0188,EC6xdTpJOo8_17_0_05_25_799_to_0_05_36_675.mp4,archived_workspace/experiments/perception_control/work/single_probe_200_contact_sheets/pc-0421.jpg,5,Object Deformation and State Transition,Human-Centric,Single-Choice,"[Single-Choice] How does the state of the fish's mouth change from the moment it is first displayed horizontally to the final moment of the video?
[Options]
A) It remains shut the entire time.
B) It goes from mostly closed to wide open.
C) It remains wide open the entire time.
D) It goes from wide open to mostly closed.",C,B) It goes from mostly closed to wide open.,simple_relation,"[Single-Choice] When the man holds the fish sideways in front of him, where is the fish's head relative to its tail? [Options] A) To the left of the tail B) Above the tail C) Below the tail D) To the right of the tail",D,A) To the left of the tail,False,perception_recognition,spatiotemporal_grounding,鱼首次横向展示时嘴已明显张开，末尾仍保持大张状态；回答把持续状态误判成由闭到开。,high,no
error-0189,JCDFMUawpsY_31_0_13_29_141_to_0_13_57_836.mp4,archived_workspace/experiments/perception_control/work/single_probe_200_contact_sheets/pc-0334.jpg,4,Predictive and Counterfactual Spatial Reasoning,Human-Centric,Single-Choice,"[Single-Choice] Just before entering the paved area, the rider passes a yellow 'CAUTION' sign on their right. If the rider had instead turned sharply right immediately after this sign, what would they have ridden onto? [Options] A) A set of metal crowd-control barriers. B) A gravel road leading up a hill. C) A raised wooden deck next to a building. D) Another dirt bike path.",D,B) A gravel road leading up a hill.,action_event,[Single-Choice] Which event happens before the rider rides beside the wooden building? [Options] A) The rider extends an arm sideways. B) The rider stops beside pedestrians. C) The rider descends a dirt slope. D) The rider turns back uphill.,C,C,True,physical_prediction_counterfactual,perspective_reference_frame,越过右侧 CAUTION 标牌后立即右转会进入相接的另一条土质自行车路径；回答 gravel road up hill 未沿局部路口几何外推。,high,no
error-0190,_Bk5JLlP6iw_11_0_01_21_681_to_0_01_32_492.mp4,archived_workspace/experiments/perception_control/work/single_probe_200_contact_sheets/pc-0066.jpg,1,Object Permanence and Occlusion Tracking,Object-Centric,True/False,"[True/False] At the moment the white car is first fully hidden by the large bush on the left, the dark red car that passed at the beginning is no longer visible on the road.",False,True,action_event,[Single-Choice] Does the orange-clad motorcyclist appear before or after the white car enters view? [Options] A) After the white car enters view B) At the same time as the white car C) The motorcyclist does not appear D) Before the white car enters view,D,A) After the white car enters view,False,spatiotemporal_grounding,perception_recognition,白车首次完全进入左侧大灌木遮挡时，开头经过的深红车仍可在道路远处辨认；回答 True 过早宣告目标消失。20-frame full-duration sheet 对首次完全遮挡的精确时刻采样有限。,low,no
error-0191,pFawXXbi7oY_4_0_00_36_302_to_0_00_47_747.mp4,archived_workspace/experiments/perception_control/work/single_probe_200_contact_sheets/pc-0094.jpg,1,Object Permanence and Occlusion Tracking,Object-Centric,True/False,"[True/False] After the camera finishes panning to the right, the silver SUV that was initially parked beside a white horse trailer is completely occluded by the trailer in the foreground.",True,False,entity,[Single-Choice] What object is visible along the bottom edge of the scene? [Options] A) A wooden fence B) A car roof C) A traffic cone D) A bicycle handlebar,B,B) A car roof,True,spatiotemporal_grounding,perception_recognition,右摇结束后，前景白色马拖车完全覆盖最初停在其旁边的银色 SUV；回答 False 未维持被遮挡车辆的对象持续性。,high,no
error-0192,QuNcS5RWDGk_22_0_03_48_375_to_0_04_04_958.mp4,archived_workspace/experiments/perception_control/work/single_probe_200_contact_sheets/pc-0540.jpg,6,Egocentric vs. Allocentric Reference Frames,Human-Centric,Single-Choice,"[Single-Choice] From the perspective of the man on the left holding the phone, in which direction is the city shoreline located? [Options] A) Directly in front of him. B) To his immediate right. C) Directly behind him. D) To his immediate left.",C,A) Directly in front of him.,simple_relation,[Single-Choice] Where is the distant city shoreline relative to the water surface? [Options] A) Below the water surface B) At the bottom edge C) Along the horizon above the water D) High overhead in the sky,C,C) Along the horizon above the water,True,perspective_reference_frame,perception_recognition,左侧持手机男子面向相机/水中同伴，城市岸线位于其背后方向；回答 directly in front 未把画面布局转换到人物自身朝向。,medium,no
error-0193,mWF9aH2BeZ0_29_0_06_13_940_to_0_06_25_885.mp4,archived_workspace/experiments/perception_control/work/single_probe_200_contact_sheets/pc-0298.jpg,3,Action and Intent-Driven Spatial Reasoning,Human-Centric,True/False,"[True/False] Based on the position of the sun shown during the pan and the man's shadow at the end of the video, the man is facing away from the sun.",False,True,action_event,[Single-Choice] Which event happens before the person raises both gloved hands near their head? [Options] A) A gloved hand comes close to the lens. B) The person's face fills much of the view. C) The camera passes a tall stone tower. D) The person leans toward the camera.,C,A) A gloved hand comes close to the lens.,False,perspective_reference_frame,spatiotemporal_grounding,摇镜展示太阳位置后，末帧男子及其影子的方向表明其并非背向太阳；回答 True 错误结合光源、影向和人物朝向。,medium,no
error-0194,NIZ_SpWGs3M_14_0_03_59_466_to_0_04_11_266.mp4,archived_workspace/experiments/perception_control/work/single_probe_200_contact_sheets/pc-0414.jpg,5,Object Deformation and State Transition,Human-Centric,Multiple-Select,"[Multiple-Select] After the button is pressed, which of these components visually transition from an inactive state to an active, illuminated state? (Select all that apply) [Options] A) The central display screen. B) The dials behind the steering wheel. C) The buttons on the steering wheel spokes. D) The ring around the start button itself.","A,B",C) The buttons on the steering wheel spokes.,simple_relation,[Single-Choice] Where is the red circular start button relative to the central display screen? [Options] A) Below and to the right B) Above and to the left C) Above and to the right D) Below and to the left,D,A) Below and to the right,False,perception_recognition,spatiotemporal_grounding,按钮按下后由暗转亮的是中央显示屏和仪表盘 A、B；回答只选方向盘辐条按钮 C，既遗漏主要状态转换又选中未明确变化部件。,high,no
error-0195,iIpRKgC-9pw_42_0_08_15_662_to_0_08_32_312.mp4,archived_workspace/experiments/perception_control/work/single_probe_200_contact_sheets/pc-0587.jpg,6,Egocentric vs. Allocentric Reference Frames,Human-Centric,Single-Choice,"[Single-Choice] Relative to the car's frame of reference, which description best captures the initial motion of the armrest as it moves from its stowed to its deployed position? [Options] A) It pivots downwards and towards the front of the car. B) It slides horizontally forward from the seatback. C) It pivots downwards and towards the rear of the car. D) It rotates sideways from the seat cushion.",A,C) It pivots downwards and towards the rear of the car.,entity,[Single-Choice] Which item is visible on the rear seat cushion? [Options] A) Blue water bottle B) Black smartphone C) White paper cup D) Red seat belt buckle,D,D) Red seat belt buckle,True,perspective_reference_frame,spatiotemporal_grounding,扶手从靠背收纳位绕铰链向下并朝车辆前方展开；回答把车辆纵轴前后方向反转为向后。,high,no
error-0196,UEvDE_9rlSY_18_0_03_30_233_to_0_03_42_533.mp4,archived_workspace/experiments/perception_control/work/single_probe_200_contact_sheets/pc-0341.jpg,4,Predictive and Counterfactual Spatial Reasoning,Human-Centric,Single-Choice,"[Single-Choice] Assuming the watercraft continues on its current path without turning, what will its position be relative to the group of trees on the land in the next few seconds? [Options] A) It will be directly in front of the trees, having landed on the shore. B) It will have passed the trees, with the trees now on its right side. C) It will have turned away, with the trees getting smaller in the distance. D) It will be stationary in its current position.",A,"B) It will have passed the trees, with the trees now on its right side.",simple_relation,[Single-Choice] Where is the green sail relative to the tree group? [Options] A) Above and to the right B) Above and to the left C) Below and to the right D) Below and to the left,A,A) Above and to the right,True,physical_prediction_counterfactual,spatiotemporal_grounding,水上载具当前航向直指岸边树群，若不转向数秒后将到达树前岸线；回答预测已越过且树转到右侧，未延续当前路径。,high,no
error-0197,Xg9VRoWYh0E_60_0_12_29_782_to_0_12_48_033.mp4,archived_workspace/experiments/perception_control/work/single_probe_200_contact_sheets/pc-0550.jpg,6,Egocentric vs. Allocentric Reference Frames,Human-Centric,True/False,"[True/False] From the initial forward-facing viewpoint, the trolling motor is in front of the camera, but from the final viewpoint focused on the driver, the trolling motor is behind the camera.",False,True,action_event,[Single-Choice] Does the tree-covered shoreline on the left appear before or after the man in the blue cap is shown holding the steering wheel? [Options] A) After B) At the same moment C) Before D) One event is not visible,C,C) Before,True,perspective_reference_frame,perception_recognition,末镜头只是相机转向驾驶者，拖钓马达相对船体和相机安装位置并未从相机前方穿越到后方；回答 True 把视向改变误作物体跨越相机。,medium,no
error-0198,GvWldUGLkVM_53_0_07_40_793_to_0_08_00_279.mp4,archived_workspace/experiments/perception_control/work/single_probe_200_contact_sheets/pc-0232.jpg,3,Action and Intent-Driven Spatial Reasoning,Human-Centric,True/False,"[True/False] As the second car slides through the turn, the driver is steering the front wheels in the opposite direction of the turn itself.",True,False,entity,[Single-Choice] What surface is visible beneath the red vehicles? [Options] A) A sandy beach B) A grassy field C) A paved road D) A wooden bridge,C,C) A paved road,True,action_goal_binding,spatiotemporal_grounding,第二辆车横滑过弯时前轮明显朝弯道旋转方向的反向打舵，以修正车尾侧滑；回答 False 未识别漂移中的反打动作。,high,no
error-0199,srbQrg_NF5E_56_0_09_33_703_to_0_09_45_432.mp4,archived_workspace/experiments/perception_control/work/single_probe_200_contact_sheets/pc-0069.jpg,1,Object Permanence and Occlusion Tracking,Object-Centric,Single-Choice,"[Single-Choice] Between 00:08 and 00:10, the branches of the bare tree in the foreground pass in front of and briefly hide which feature? [Options] A) The highest mountain peak in the distance. B) A section of the road deep in the valley. C) A cluster of houses on the opposite hillside. D) The group of pine trees on the far right.",A,D,entity,[Single-Choice] Which object is visible along the roadside in the foreground? [Options] A) Red traffic cones B) Wooden picnic tables C) Metal streetlights D) White concrete barriers,D,D) White concrete barriers,True,spatiotemporal_grounding,perception_recognition,8–10 秒裸树枝条经过远处最高峰轮廓并短暂遮住峰顶，不是最右松树群；回答未对齐遮挡事件与背景对象。20-frame full-duration sheet 对瞬时覆盖采样有限。,low,no
error-0200,gmpJmdKiZQ8_33_0_06_51_311_to_0_07_16_202.mp4,archived_workspace/experiments/perception_control/work/single_probe_200_contact_sheets/pc-0169.jpg,2,Dynamic Spatial Relationships,Human-Centric,Multiple-Select,"[Multiple-Select] At the moment the woman in the blue shirt first interacts with the person in the wheelchair, which of these spatial statements are correct from the camera's perspective? (Select all that apply) [Options] A) A yellow, partially collapsed beach umbrella is visible behind the man in the black shirt. B) A large, blue inflatable slide is visible in the background to the left. C) The ocean is completely out of the frame. D) A pair of shoes is visible on the sand directly beside the blue lounge chair.","A,B",AB,entity,[Single-Choice] Which headwear is visible on the seated person near the blue-shirted woman? [Options] A) A bicycle helmet B) A straw sunhat C) A baseball cap D) A knit beanie,C,C) A baseball cap,True,protocol_or_parsing,,"模型输出 AB 与 gold A,B 表示完全相同的选项集合，仅分隔符格式不同；该条被计为错误是答案规范化/解析问题，并非空间推理失败。",high,yes
error-0201,Xg9VRoWYh0E_60_0_12_29_782_to_0_12_48_033.mp4,archived_workspace/experiments/perception_control/work/single_probe_200_contact_sheets/pc-0550.jpg,6,Egocentric vs. Allocentric Reference Frames,Human-Centric,True/False,"[True/False] From the initial forward-facing viewpoint, the trolling motor is in front of the camera, but from the final viewpoint focused on the driver, the trolling motor is behind the camera.",False,True,action_event,[Single-Choice] Does the tree-covered shoreline on the left appear before or after the man in the blue cap is shown holding the steering wheel? [Options] A) After B) At the same moment C) Before D) One event is not visible,C,A,False,perspective_reference_frame,perception_recognition,相机末段转向驾驶员并不使固定于船体前部的拖钓马达越过相机到后方；回答把视线旋转误作物体位置反转。,medium,no
error-0202,Z0lkr3AQ8Xk_21_0_02_21_820_to_0_02_33_070.mp4,archived_workspace/experiments/perception_control/work/single_probe_200_contact_sheets/pc-0249.jpg,3,Action and Intent-Driven Spatial Reasoning,Human-Centric,Single-Choice,"[Single-Choice] Based on the silver car's final trajectory after swerving across the lane divider, what was its immediate spatial objective?
[Options]
A) To make a U-turn.
B) To pull over on the left shoulder.
C) To turn right at the upcoming intersection.
D) To overtake the black car.",A,C) To turn right at the upcoming intersection.,action_event,"[Single-Choice] Near the start of the event, what is the black car doing? [Options] A) Turning left B) Stopping at the roadside C) Driving straight ahead D) Reversing backward",C,C) Driving straight ahead,True,action_goal_binding,spatiotemporal_grounding,银车跨越分道线后的弧形轨迹回绕原行驶方向，直接目标是掉头；回答将其绑定为驶向尚未到达的右转路口。,high,no
error-0203,cCzDa3zWdjo_39_0_09_15_933_to_0_09_26_600.mp4,archived_workspace/experiments/perception_control/work/single_probe_200_contact_sheets/pc-0225.jpg,3,Action and Intent-Driven Spatial Reasoning,Human-Centric,Single-Choice,"[Single-Choice] At the end of the video, the rider points with her left hand across her body. Based on this gesture and the layout of the field, what is she most likely indicating to the person filming? [Options] A) The direction she and the horse will go next. B) The location of an obstacle off-screen to the camera's left. C) An obstacle located to the right from the camera's perspective. D) That she is finished with the exercise.",C,B) The location of an obstacle off-screen to the camera's left.,action_event,"[Single-Choice] When the rider is in the middle of the field, what is the horse doing? [Options] A) Trotting across the grass B) Jumping over a log C) Standing beside a barrel D) Eating grass from the ground",A,A) Trotting across the grass,True,perspective_reference_frame,action_goal_binding,骑手末尾用左手跨过身体指向画面右侧障碍区域，意在提示摄影者该处障碍；回答将画面方向反转为左侧。,high,no
error-0204,ZkJgqKAYywE_22_0_04_13_439_to_0_04_23_800.mp4,archived_workspace/experiments/perception_control/work/single_probe_200_contact_sheets/pc-0160.jpg,2,Dynamic Spatial Relationships,Object-Centric,Single-Choice,"[Single-Choice] As the camera pans right, how does the perceived spatial relationship between the small arched section of the track and the large white-tarped structure change? [Options] A) The arched section moves from being below the white structure to being above it. B) The arched section moves from being to the right of the white structure to being directly in front of it. C) The white structure moves from being behind the arched section to being beside it. D) The arched section and the white structure maintain a fixed side-by-side position.",A,B,action_event,"[Single-Choice] Near the end, what is the camera view passing alongside? [Options] A) A row of parked cars B) A wooden roller coaster framework C) A water slide tower D) A chain-link fence line",B,D) A chain-link fence line,False,perspective_reference_frame,spatiotemporal_grounding,右摇过程中小拱轨相对大白篷结构的投影由下方向上方变化；回答误述为由右侧到正前。,medium,no
error-0205,HlPI1M9yYgM_27_0_04_48_766_to_0_05_05_233.mp4,archived_workspace/experiments/perception_control/work/single_probe_200_contact_sheets/pc-0122.jpg,2,Dynamic Spatial Relationships,Human-Centric,Single-Choice,"[Single-Choice] As the camera pans from looking at the passenger seat toward the dashboard, which object appears to move from the right side of the visual field to the left? [Options] A) The passenger-side door handle. B) The gear shift. C) The rearview mirror. D) The passenger headrest.",C,B) The gear shift.,entity,[Single-Choice] Which object is visible between the front seats? [Options] A) A cup holder B) A laptop C) A bicycle helmet D) A coffee mug,A,A) A cup holder,True,perspective_reference_frame,spatiotemporal_grounding,从副驾座椅摇向仪表台时后视镜由视野右侧移到左侧；回答 gear shift 未跟踪题定对象的画面位移。,medium,no
error-0206,U_77ItXKYDs_29_0_05_43_933_to_0_05_54_033.mp4,archived_workspace/experiments/perception_control/work/single_probe_200_contact_sheets/pc-0126.jpg,2,Dynamic Spatial Relationships,Human-Centric,Multiple-Select,"[Multiple-Select] At the end of the video, the woman brings both hands down to adjust the bottom of the shirt. Which of the following spatial relationships change during this specific action? (Select all that apply) [Options] A) The distance between her right hand and her left hand. B) The distance between her left hand and the red mug. C) The orientation of the paintbrush relative to the table surface. D) The position of the green foam sheet relative to the table.","A,B,C",A) The distance between her right hand and her left hand.,simple_relation,"[Single-Choice] Relative to the green foam sheet, where is the red mug located? [Options] A) To its left B) To its right C) Directly above it D) Under it",A,A) To its left,True,spatiotemporal_grounding,perception_recognition,整理衣摆时双手间距、左手到红杯距离及画笔相对桌面朝向均改变；回答仅选 A，遗漏 B、C。,medium,no
error-0207,lJ98a0Owtuo_34_0_06_48_174_to_0_06_59_652.mp4,archived_workspace/experiments/perception_control/work/single_probe_200_contact_sheets/pc-0497.jpg,5,Object Deformation and State Transition,Object-Centric,True/False,[True/False] The peak height of the wave's crest remains consistent as it travels from the left side of the frame to the right.,False,True,entity,[Single-Choice] Which feature is visible on the ocean surface near the breaking water? [Options] A) Red buoy B) Wooden pier C) Lone surfer D) White foam,D,D) White foam,True,perception_recognition,spatiotemporal_grounding,浪峰由左向右传播时高度和陡峭程度持续变化，并非保持恒定；回答 True 未识别波形形变。,high,no
error-0208,HjDY6bjj5Ic_33_0_06_07_567_to_0_06_25_384.mp4,archived_workspace/experiments/perception_control/work/single_probe_200_contact_sheets/pc-0332.jpg,4,Predictive and Counterfactual Spatial Reasoning,Object-Centric,True/False,"[True/False] At the 15-second mark, the car is turning. If it were to continue moving along this exact curved trajectory, it would eventually collide with the large dirt mound located at the top of the screen at the start of the video.",True,False,simple_relation,"[Single-Choice] At the beginning, where is the small red-and-white car relative to the large dirt mound? [Options] A) Below the mound B) Above the mound C) Level with the mound D) Hidden behind the mound",A,B) Above the mound,False,physical_prediction_counterfactual,spatiotemporal_grounding,15 秒遥控车正沿弧线朝开头画面上方的大土堆回转，若保持曲率会与其路径相交；回答 False 未延长弯曲轨迹。,medium,no
error-0209,U6Gzd0m7g1Y_2_0_00_34_401_to_0_00_45_945.mp4,archived_workspace/experiments/perception_control/work/single_probe_200_contact_sheets/pc-0135.jpg,2,Dynamic Spatial Relationships,Object-Centric,Single-Choice,"[Single-Choice] As the camera pans to the right, what is the apparent motion of the large white boat in the background relative to the foreground seat backrest? [Options] A) The background boat appears to move from the right side of the seat backrest to its left side. B) The background boat appears to move from the left side of the seat backrest to its right side. C) The background boat remains stationary directly behind the seat backrest. D) The background boat is always visible to the right of the seat backrest.",A,C) The background boat remains stationary directly behind the seat backrest.,action_event,"[Single-Choice] Near the end, what happens to the beige helm seat? [Options] A) It folds flat. B) It is lifted away. C) It moves back into view. D) It spins around.",C,C) It moves back into view.,True,perspective_reference_frame,spatiotemporal_grounding,右摇时背景白船相对近处座椅靠背从右侧移至左侧，存在清楚视差；回答 stationary directly behind 忽略相对投影变化。,high,no
error-0210,sPcffDKFKWc_52_0_14_02_107_to_0_14_15_688.mp4,archived_workspace/experiments/perception_control/work/single_probe_200_contact_sheets/pc-0112.jpg,2,Dynamic Spatial Relationships,Human-Centric,Single-Choice,"[Single-Choice] At the beginning of the video, from the camera's viewpoint, the boy in the blue hat is on the right side of the girl in the light green shirt. What is their relative side-by-side position just before the camera pans away from them? [Options] A) The boy is now on the left side of the girl. B) The boy is directly behind the girl. C) Their side-by-side position has not changed. D) The girl is now on the left side of the boy.",A,C) Their side-by-side position has not changed.,entity,[Single-Choice] Which other person is visible walking near the children? [Options] A) A woman in a red jacket B) A man in a light blue shirt C) A man in a black suit D) A child in a yellow shirt,B,B) A man in a light blue shirt,True,spatiotemporal_grounding,perception_recognition,镜头移开前蓝帽男孩已从浅绿衣女孩画面右侧换到左侧；回答称并排关系不变，未跟踪两人的交叉。,high,no
error-0211,TUOAKfFlRK0_10_0_00_54_533_to_0_01_05_780.mp4,archived_workspace/experiments/perception_control/work/single_probe_200_contact_sheets/pc-0153.jpg,2,Dynamic Spatial Relationships,Human-Centric,Fill-in-the-Blank,"[Fill-in-the-Blank] As the camera pans to the left, the white building on the distant hill appears to move toward the ______ edge of the video frame.",right,left,entity,[Single-Choice] Which object is visible along the shoreline in the foreground? [Options] A) Parked cars B) Beach umbrellas C) Small boats D) Wooden benches,C,C) Small boats,True,perspective_reference_frame,spatiotemporal_grounding,相机向左摇，固定在远山的白建筑在画面中向右缘移动；回答 left 把相机运动与背景表观运动设为同向。,high,no
error-0212,H4AAXWDxHdI_3_0_00_36_002_to_0_00_46_413.mp4,archived_workspace/experiments/perception_control/work/single_probe_200_contact_sheets/pc-0233.jpg,3,Action and Intent-Driven Spatial Reasoning,Human-Centric,Single-Choice,"[Single-Choice] Based on the person's turn and final orientation at the 6-second mark, which direction are they preparing to walk? [Options] A) Towards the green dumpster. B) Back in the direction they originally came from. C) Down the road towards the low buildings. D) Across the grassy area to their right.",B,C) Down the road towards the low buildings.,simple_relation,[Single-Choice] Where is the green dumpster relative to the person in the scene? [Options] A) Behind her on the viewer's left B) In front of her on the viewer's right C) Behind her on the viewer's right D) In front of her on the viewer's left,C,C) Behind her on the viewer's right,True,action_goal_binding,perspective_reference_frame,人物约 6 秒转身后朝回原来路方向，准备返回；回答称继续向低矮建筑方向，未利用最终身体朝向。,medium,no
error-0213,kPxokEIaItg_30_0_03_30_240_to_0_03_41_280.mp4,archived_workspace/experiments/perception_control/work/single_probe_200_contact_sheets/pc-0446.jpg,5,Object Deformation and State Transition,Human-Centric,Multiple-Select,"[Multiple-Select] As the brush moves across the eyebrow, which of the following visual state transitions occur? (Select all that apply) [Options] A) The gaps between the hairs become more prominent. B) The overall shape becomes more defined against the skin. C) The color of the eyebrow becomes darker and more uniform. D) The eyebrow appears to decrease in length.","B,C","A) The gaps between the hairs become more prominent.
B) The overall shape becomes more defined against the skin.
C) The color of the eyebrow becomes darker and more uniform.",entity,[Single-Choice] Which facial feature is clearly visible beneath the area being groomed? [Options] A) An eye B) A mouth C) An ear D) A chin,A,A) An eye,True,perception_recognition,spatiotemporal_grounding,刷眉后轮廓更清晰且颜色更深更均匀 B、C，但毛发间隙并未更突出；回答在正确 B、C 外多选 A。,high,no
error-0214,kymf00Kmy1w_85_0_10_01_500_to_0_10_12_845.mp4,archived_workspace/experiments/perception_control/work/single_probe_200_contact_sheets/pc-0164.jpg,2,Dynamic Spatial Relationships,Human-Centric,Single-Choice,"[Single-Choice] After the woman in blue scrubs places the first medicine bottle back on the shelf, what is the position of the next bottle she selects relative to the first one? [Options] A) It is on the shelf directly above. B) It is on the same shelf, to the left. C) It is on the same shelf, to the right. D) It is on the shelf directly below.",B,"C) It is on the same shelf, to the right.",simple_relation,[Single-Choice] Where are the medicine shelves relative to the computer monitor? [Options] A) To the left of the monitor B) To the right of the monitor C) Directly above the monitor D) Directly below the monitor,A,B) To the right of the monitor,False,spatiotemporal_grounding,perspective_reference_frame,蓝衣女子放回首瓶后，从同层其左侧取下一瓶；回答 right 将货架水平相对位置反转。,medium,no
error-0215,u5olx9qLE5A_20_0_03_34_633_to_0_03_46_866.mp4,archived_workspace/experiments/perception_control/work/single_probe_200_contact_sheets/pc-0377.jpg,4,Predictive and Counterfactual Spatial Reasoning,Object-Centric,Single-Choice,"[Single-Choice] Assuming the vehicle continues at the same speed and on the same path, which prominent background feature will the next passing lamppost be the first to visually align with and begin to occlude? [Options] A) The large red brick building on the far left. B) The tall, dark church steeple. C) The cluster of white buildings on the distant right hill. D) The parking lot on the left side of the river.",A,B,simple_relation,[Single-Choice] Where are the roadside lampposts positioned relative to the river? [Options] A) Behind the river B) In front of the river C) On the distant hillside D) Among the far buildings,B,B) In front of the river,True,physical_prediction_counterfactual,perspective_reference_frame,按车辆恒速与同一路径推进，下一根近景灯杆先扫过左侧大型红砖楼投影，而非更靠中远景的教堂尖塔；回答错误外推视差对齐次序。,medium,no
error-0216,olfO0rPYVX0_27_0_05_19_886_to_0_05_43_976.mp4,archived_workspace/experiments/perception_control/work/single_probe_200_contact_sheets/pc-0597.jpg,6,Egocentric vs. Allocentric Reference Frames,Object-Centric,True/False,"[True/False] From the perspective of a person sitting in the driver's seat, the radio controls are located to the right of the steering wheel.",True,False,simple_relation,"[Single-Choice] In the car interior, where is the steering wheel relative to the front passenger seat? [Options] A) To the right of it B) Directly behind it C) To the left of it D) Directly in front of it",C,A) To the right of it,False,perspective_reference_frame,perception_recognition,从驾驶座朝前看，方向盘位于左侧，中央收音机控制区在其右侧；回答 False 否认直接的驾驶者参照关系。,high,no
error-0217,Ta_LUM-rOJc_18_0_02_16_336_to_0_02_31_151.mp4,archived_workspace/experiments/perception_control/work/single_probe_200_contact_sheets/pc-0359.jpg,4,Predictive and Counterfactual Spatial Reasoning,Human-Centric,Single-Choice,"[Single-Choice] At the 8-second mark, the rider is moving on a trajectory toward the right side of the road. If they had continued on this exact path without correcting their course, which object would they have most likely collided with first? [Options] A) The large tree on the left embankment. B) The oncoming traffic. C) The blue Mini Cooper parked on the right side. D) The large white RV parked further down the road.",B,D) The large white RV parked further down the road.,action_event,[Single-Choice] Does the neon-yellow cyclist appear on the left before or after the rider reaches the large painted bicycle symbol? [Options] A) Before the rider reaches the symbol B) After the rider reaches the symbol C) At the same moment as the symbol D) The cyclist is not visible,A,A) Before the rider reaches the symbol,True,physical_prediction_counterfactual,spatiotemporal_grounding,8 秒骑手向道路右侧偏移，沿该瞬时轨迹首先进入对向交通路径；远处白 RV 更晚且不在首个碰撞点，回答外推过远。,medium,no
error-0218,DDlrlxASBOI_30_0_06_03_963_to_0_06_15_475.mp4,archived_workspace/experiments/perception_control/work/single_probe_200_contact_sheets/pc-0304.jpg,4,Predictive and Counterfactual Spatial Reasoning,Human-Centric,True/False,"[True/False] If the surfer had continued moving in a straight line from their starting position in the video, their path would have led them directly into the rocks.",True,False,simple_relation,"[Single-Choice] In the wide view, where are the shoreline rocks relative to the surfer? [Options] A) Right of the surfer B) Above the surfer C) Left of the surfer D) Below the surfer",C,C) Left of the surfer,True,physical_prediction_counterfactual,spatiotemporal_grounding,冲浪者起点直线延长明确指向左前方近岸岩石，实际转向才避开；回答 False 未延长初始航向。,high,no
error-0219,ZHamsk3qcvM_2_0_01_47_541_to_0_03_16_708.mp4,archived_workspace/experiments/perception_control/work/single_probe_200_contact_sheets/pc-0572.jpg,6,Egocentric vs. Allocentric Reference Frames,Human-Centric,Multiple-Select,"[Multiple-Select] The camera moves along with the boats. From the camera's moving perspective, which of these appear to move from the right side of the screen towards the left side? (Select all that apply) [Options] A) The rowers in the white foreground boat. B) The white tents on the riverbank. C) The yellow competing boat. D) The trees on the riverbank.","B, D","A, B, D",action_event,[Single-Choice] Which statement correctly describes whether the large England flag appears before or after the brick riverside building? [Options] A) The brick building appears before the flag appears. B) The flag and brick building first appear together. C) Neither the flag nor brick building appears. D) The flag appears before the brick building appears.,D,D) The flag appears before the brick building appears.,True,perspective_reference_frame,spatiotemporal_grounding,随艇相机下岸边白帐篷和树木形成右向左背景流；前景白艇划手与相机共同移动，不应作为该固定背景流，回答多选 A。,high,no
error-0220,FN2ABL7CkJA_11_0_05_28_861_to_0_06_16_876.mp4,archived_workspace/experiments/perception_control/work/single_probe_200_contact_sheets/pc-0328.jpg,4,Predictive and Counterfactual Spatial Reasoning,Human-Centric,Single-Choice,"[Single-Choice] At 0:31, a black car approaches from the opposite direction. If the driver of the classic car had continued to drive straight instead of following the curve, what would have been the most immediate spatial outcome? [Options] A) A collision with the oncoming black car. B) Driving onto the grass on the left side of the road. C) Driving onto the grass on the right side of the road. D) A collision with the mailboxes on the left.",C,A) A collision with the oncoming black car.,simple_relation,"[Single-Choice] At the bend, which way does the road curve from the driver's view? [Options] A) To the left B) Straight ahead C) Into a fork D) To the right",D,D) To the right,True,physical_prediction_counterfactual,perspective_reference_frame,道路左弯而车辆保持直线会先越出弯外侧、驶入右侧草地；回答预测撞上对向黑车，未按切线和道路边界判断最即时结果。,high,no
error-0221,iHJC3g4RC64_23_0_03_25_538_to_0_03_42_589.mp4,archived_workspace/experiments/perception_control/work/single_probe_200_contact_sheets/pc-0174.jpg,2,Dynamic Spatial Relationships,Object-Centric,Fill-in-the-Blank,"[Fill-in-the-Blank] During the camera's pan to the right, the two orange lighters on the dark brown pegboard move from the right side of the frame towards the ______.",center,left,entity,[Single-Choice] Which object is visible on the wooden shelves near the hanging display? [Options] A) soccer balls B) metal cups C) potted plants D) paint cans,B,B) metal cups,True,spatiotemporal_grounding,perception_recognition,右摇中棕色挂板两只橙色打火机从画面右侧移到中心附近；回答 left 过度延伸其终点。,high,no
error-0222,i0F4379JRnw_95_0_17_13_933_to_0_17_24_310.mp4,archived_workspace/experiments/perception_control/work/single_probe_200_contact_sheets/pc-0589.jpg,6,Egocentric vs. Allocentric Reference Frames,Human-Centric,Single-Choice,"[Single-Choice] Which statement accurately describes the woman's movement relative to both the camera and the blue structure in the background?
[Options]
A) She moves away from the blue structure and away from the camera.
B) She moves towards the blue structure and towards the camera.
C) She moves towards the camera but her distance from the blue structure remains constant.
D) She moves towards the camera while moving away from the blue structure.",D,B) She moves towards the blue structure and towards the camera.,entity,[Single-Choice] Which object is visible on the woman's face? [Options] A) Dark sunglasses B) A snorkel mask C) Pink swim goggles D) A baseball cap,A,A) Dark sunglasses,True,spatiotemporal_grounding,perspective_reference_frame,女子游向相机时离相机变近，同时远离后方蓝色结构；回答称同时接近两者，未结合相反的深度关系。,high,no
error-0223,r-jQ8zjtMuQ_9_0_01_24_818_to_0_01_41_768.mp4,archived_workspace/experiments/perception_control/work/single_probe_200_contact_sheets/pc-0411.jpg,5,Object Deformation and State Transition,Object-Centric,True/False,[True/False] The plane's landing gear is still visible and fully extended when the aircraft passes over the distant treeline.,True,False,entity,[Single-Choice] What surface is visible beneath the aircraft near the start? [Options] A) A paved city street B) A blue water surface C) A tan grassy field D) A snowy mountain slope,C,C) A tan grassy field,True,perception_recognition,spatiotemporal_grounding,飞机越过远处树线时起落架仍清楚外露并完全放下；回答 False 否认可见状态。,high,no
error-0224,tx46Qks27fQ_40_0_07_29_582_to_0_07_48_668.mp4,archived_workspace/experiments/perception_control/work/single_probe_200_contact_sheets/pc-0070.jpg,1,Object Permanence and Occlusion Tracking,Object-Centric,Single-Choice,"[Single-Choice] As the camera pans from right to left, which object is the last one to be fully revealed from behind the building with the white pergola? [Options] A) The long swimming pool. B) A white circular sofa. C) A single lounge chair next to a tree. D) A row of orange umbrellas.",C,A) The long swimming pool.,action_event,[Single-Choice] Which visible event occurs before the wooden dining set appears beside the patio building? [Options] A) A cushioned wicker chair enters along the left edge. B) Dark patio doors occupy the left side. C) A glass-topped table is shown in the foreground. D) A close wall fills much of the view.,C,B) Dark patio doors occupy the left side.,False,spatiotemporal_grounding,perception_recognition,镜头由右向左摇过白色凉棚建筑，最后完全显露的是树旁单张躺椅；长泳池更早已大范围出现，回答未跟踪揭示次序。,medium,no
error-0225,JaOVlghcZtM_58_0_18_10_433_to_0_18_21_833.mp4,archived_workspace/experiments/perception_control/work/single_probe_200_contact_sheets/pc-0308.jpg,4,Predictive and Counterfactual Spatial Reasoning,Human-Centric,Single-Choice,"[Single-Choice] At the 8-second mark, if the rider were to turn sharply to their right and continue downhill instead of following the main path, which object would they most directly approach? [Options] A) The red building. B) The yellow excavator. C) The cluster of parked cars. D) A small wooden shelter on the far right.",D,"B) The yellow excavator.
C) The cluster of parked cars.
D) A small wooden shelter on the far right.
A) The red building.
C) The cluster of parked cars.
D) A small wooden shelter on the far right.
B) The yellow excavator.
C) The cluster of parked cars.
D) A small wooden shelter on the far right.
A) The red building.
C) The cluster of parked cars.
D) A small wooden shelter on the far right.
B) The yellow excavator.
C) The cluster of parked cars.
D) A small wooden shelter on the far right.
A) The red building.
C) The cluster of parked cars.
D) A small wooden shelter on the far right.
B) The yellow excavator.
C) The cluster of parked cars.
D) A small wooden shelter on the far right.
A) The red building.
C) The cluster of parked cars.
D) A small wooden shelter on the far right.
B) The yellow excavator.
C) The cluster of parked cars.
D) A small wooden shelter on the far right.
A) The red building.
C) The cluster of parked cars.
D) A small wooden shelter on the far right.
B) The yellow excavator.
C) The cluster of parked cars.
D) A small wooden shelter on the far right.
A) The red building.",simple_relation,"[Single-Choice] As the rider enters the open grassy area, where is the yellow excavator relative to the main path? [Options] A) To the right of the path B) Directly on the path C) Behind the rider D) To the left of the path",D,A) To the right of the path,False,protocol_or_parsing,physical_prediction_counterfactual,单选回答循环重复 A/B/C/D 多轮，包含正确 D 但未形成可解析的唯一答案；主要是生成/协议失控，不能据此归为单纯空间预测错误。,high,yes
error-0226,j7XGRgoCYo0_75_0_10_05_372_to_0_10_27_827.mp4,archived_workspace/experiments/perception_control/work/single_probe_200_contact_sheets/pc-0442.jpg,5,Object Deformation and State Transition,Object-Centric,Multiple-Select,"[Multiple-Select] Based on the visual evidence of the skull's transformation, which of the following physical changes occur? (Select all that apply) [Options] A) The material transitions from a rigid solid to a viscous semi-liquid. B) The object's volume significantly increases. C) The defined anatomical features collapse into an undefined shape. D) The material changes color from white to clear.","A,C",ABC,simple_relation,[Single-Choice] Where is the small white bottle positioned relative to the skull as liquid is poured? [Options] A) Below the skull B) Above the skull C) Beside the skull D) In front of the skull,B,B) Above the skull,True,perception_recognition,spatiotemporal_grounding,头骨由刚性清晰结构塌成黏稠不定形物 A、C，但总体体积没有显著增加；回答 ABC 多选 B。,high,no
error-0227,XfovVgI3gsY_18_0_03_29_719_to_0_03_49_800.mp4,archived_workspace/experiments/perception_control/work/single_probe_200_contact_sheets/pc-0573.jpg,6,Egocentric vs. Allocentric Reference Frames,Object-Centric,Multiple-Select,"[Multiple-Select] The camera pans right, changing the view. Which statements correctly describe the motion from the camera's (egocentric) and the world's (allocentric) reference frames? (Select all that apply)
[Options]
A) Egocentrically, the city skyline appears to move from right to left across the frame.
B) Allocentrically, the boat is moving and the city is stationary.
C) Egocentrically, the flagpole moves from the right side of the frame to the left side.
D) Allocentrically, the city is moving from left to right.","A, B, C","B, C",action_event,"[Single-Choice] Near the beginning of the clip, what is the flag doing? [Options] A) Being lowered on the pole B) Being folded by someone C) Waving in the wind D) Sinking into the water",C,C) Waving in the wind,True,perspective_reference_frame,spatiotemporal_grounding,"右摇时城市天际线与旗杆均在画面中右向左移，世界中城市静止；回答 B,C 遗漏天际线表观运动 A。",high,no
error-0228,YjM0K5_4FHU_124_0_16_17_679_to_0_16_28_240.mp4,archived_workspace/experiments/perception_control/work/single_probe_200_contact_sheets/pc-0408.jpg,5,Object Deformation and State Transition,Human-Centric,True/False,[True/False] The car's front bumper becomes detached from the vehicle during the attempt to climb the hill.,False,True,action_event,[Single-Choice] Does the car drive across the flat snowy area before or after its front wheels rise onto the snowy bank? [Options] A) Before the wheels rise onto the bank B) After the wheels rise onto the bank C) While the wheels rise onto the bank D) No ordering is visible,A,B) After the wheels rise onto the bank,False,perception_recognition,spatiotemporal_grounding,车辆爬坡过程中前保险杠虽受力变形/接触地面但未与车体脱离；回答 True 将变形误判成脱落。,high,no
error-0229,j7XGRgoCYo0_75_0_10_05_372_to_0_10_27_827.mp4,archived_workspace/experiments/perception_control/work/single_probe_200_contact_sheets/pc-0442.jpg,5,Object Deformation and State Transition,Object-Centric,Multiple-Select,"[Multiple-Select] Based on the visual evidence of the skull's transformation, which of the following physical changes occur? (Select all that apply) [Options] A) The material transitions from a rigid solid to a viscous semi-liquid. B) The object's volume significantly increases. C) The defined anatomical features collapse into an undefined shape. D) The material changes color from white to clear.","A,C",C,simple_relation,[Single-Choice] Where is the small white bottle positioned relative to the skull as liquid is poured? [Options] A) Below the skull B) Above the skull C) Beside the skull D) In front of the skull,B,A) Below the skull,False,perception_recognition,spatiotemporal_grounding,除解剖特征塌陷 C 外，材料还由刚性固体转为黏稠半液体 A；回答只选 C，遗漏材态转换。,high,no
error-0230,suiKjKdBLto_71_0_13_35_047_to_0_13_49_828.mp4,archived_workspace/experiments/perception_control/work/single_probe_200_contact_sheets/pc-0451.jpg,5,Object Deformation and State Transition,Human-Centric,Multiple-Select,[Multiple-Select] Which of the following spatial transformations describe the change in the customer's hair from its initial state to its styled state at the end of the clip? (Select all that apply) [Options] A) The overall volume of the hair on top is increased. B) The hair is reoriented to flow primarily forward towards the face. C) The hair transitions from an undefined shape to one swept upwards and back. D) The hair is parted and combed flat to the sides.,"A,C",AB,action_event,"[Single-Choice] After the customer turns sideways, what does the barber do? [Options] A) Washes the customer's hair with shampoo B) Lifts the customer's hair with his fingers C) Shaves the customer's beard with clippers D) Ties the customer's hair into a ponytail",B,B) Lifts the customer's hair with his fingers,True,perception_recognition,spatiotemporal_grounding,造型后顶部体积增加且头发由无定形变为向上后梳 A、C；回答 AB 将方向误判为朝脸前梳并漏 C。,high,no
error-0231,FDMxA941dVE_64_0_08_46_292_to_0_08_56_869.mp4,archived_workspace/experiments/perception_control/work/single_probe_200_contact_sheets/pc-0318.jpg,4,Predictive and Counterfactual Spatial Reasoning,Human-Centric,Single-Choice,"[Single-Choice] If the kitesurfer were to immediately make a sharp 90-degree turn to their left, what would be their new direction of travel relative to the landmarks? [Options] A) Directly towards the beach with palm trees. B) Parallel to the line of wooden posts, but moving away from the pier. C) Directly towards the large white dome. D) Towards the open sea, away from the shoreline.",D,A) Directly towards the beach with palm trees.,simple_relation,[Single-Choice] Where is the row of wooden posts relative to the kitesurfer in the view? [Options] A) Farther out toward open sea B) Directly underneath the board C) Beside him at the same depth D) Farther back near the shoreline,D,D) Farther back near the shoreline,True,perspective_reference_frame,physical_prediction_counterfactual,风筝冲浪者当前航向左转 90 度后会朝离岸开放海面，而非朝棕榈海滩；回答反转了主体左右与岸线参照。,medium,no
error-0232,QD-b4M7nnYo_102_0_15_34_652_to_0_15_47_334.mp4,archived_workspace/experiments/perception_control/work/single_probe_200_contact_sheets/pc-0355.jpg,4,Predictive and Counterfactual Spatial Reasoning,Object-Centric,Single-Choice,"[Single-Choice] Imagine the camera's pan from left to right is immediately reversed at the same speed. Which distant object, visible at the end of the video, would be the first to become completely hidden again by the foreground bamboo poles? [Options] A) The bridge. B) The white boat. C) The left edge of the distant island. D) The floating structure on the far left.",D,C) The left edge of the distant island.,simple_relation,"[Single-Choice] Near the end of the video, where is the hanging woven shade relative to the foreground bamboo poles? [Options] A) Left of all poles B) Right of all poles C) Below the poles D) Between the vertical poles",D,B) Right of all poles,False,physical_prediction_counterfactual,spatiotemporal_grounding,末位反向等速摇镜时，最先重新进入前景竹竿遮挡的是最左浮动结构 D；回答将更远的岛左缘排在首位。,medium,no
error-0233,cvHz5JgkzlM_41_0_06_01_094_to_0_06_15_742.mp4,archived_workspace/experiments/perception_control/work/single_probe_200_contact_sheets/pc-0325.jpg,4,Predictive and Counterfactual Spatial Reasoning,Human-Centric,Single-Choice,"[Single-Choice] If the car had continued its trajectory and rotation from the point seen at the 0:07 mark without the driver correcting its path, which object would it have most likely collided with? [Options] A) The parked semi-trailer on the right. B) The green dumpsters. C) The white truck that briefly enters from the left. D) The loading dock doors of the main building.",D,The car drives past the fence.,entity,[Single-Choice] Which upright object is visible near the edge of the paved lot? [Options] A) Orange traffic cones B) Yellow protective bollards C) A bicycle rack D) A red fire hydrant,B,The car drives on the road.,False,protocol_or_parsing,physical_prediction_counterfactual,题目要求从 A–D 单选，模型却输出题外陈述“drives past the fence”，无法映射为选项；同时未给出沿 0:07 旋转继续会撞装卸门 D 的预测。,high,yes
error-0234,SlYOIchzbAA_22_0_05_39_672_to_0_09_56_495.mp4,archived_workspace/experiments/perception_control/work/single_probe_200_contact_sheets/pc-0338.jpg,4,Predictive and Counterfactual Spatial Reasoning,Human-Centric,Single-Choice,"[Single-Choice] At 2:28, the lead cyclist approaches an intersection of paths and chooses to go left. If they had instead turned right, where would that path have led them? [Options] A) Directly into the dense forest. B) Back along the path they just came from, creating a loop. C) Towards the small wooden structure visible in the distance. D) Onto a path that runs parallel to their original path.",C,B,entity,[Single-Choice] What covers the ground around the riders? [Options] A) Grass B) Pavement C) Snow D) Sand,C,C) Snow,True,physical_prediction_counterfactual,spatiotemporal_grounding,2:28 岔路右支通向远处可见的小木结构；回答称回到来路形成环路，未按分支几何外推。20-frame full-duration sheet 对精确 2:28 局部画面采样有限。,low,no
error-0235,0j-sCYYgupA_31_0_04_30_637_to_0_04_52_458.mp4,archived_workspace/experiments/perception_control/work/single_probe_200_contact_sheets/pc-0504.jpg,6,Egocentric vs. Allocentric Reference Frames,Human-Centric,True/False,"[True/False] From the perspective of the man kneeling on the ice, the ice pick is initially positioned to his right.",True,The man X touches the ice with the ice pick,entity,[Single-Choice] Which prominent feature is visible on the ice near the kneeling man? [Options] A) A red backpack B) A wooden bench C) A blue cooler D) A large white ice mound,D,C) A blue cooler,False,protocol_or_parsing,perspective_reference_frame,True/False 题要求判断冰镐在跪姿男子自身右侧，模型只复述“男子用冰镐碰冰”而未作真假判断；主要为答题协议失败。,high,yes
error-0236,H4AAXWDxHdI_3_0_00_36_002_to_0_00_46_413.mp4,archived_workspace/experiments/perception_control/work/single_probe_200_contact_sheets/pc-0233.jpg,3,Action and Intent-Driven Spatial Reasoning,Human-Centric,Single-Choice,"[Single-Choice] Based on the person's turn and final orientation at the 6-second mark, which direction are they preparing to walk? [Options] A) Towards the green dumpster. B) Back in the direction they originally came from. C) Down the road towards the low buildings. D) Across the grassy area to their right.",B,C) Down the road towards the low buildings.,simple_relation,[Single-Choice] Where is the green dumpster relative to the person in the scene? [Options] A) Behind her on the viewer's left B) In front of her on the viewer's right C) Behind her on the viewer's right D) In front of her on the viewer's left,C,B) In front of her on the viewer's right,False,action_goal_binding,perspective_reference_frame,人物转身后的身体朝向指回原来路，准备返回；回答继续走向低建筑未对齐最终姿态。,medium,no
error-0237,O21Zy3-o9MI_13_0_01_25_385_to_0_01_36_196.mp4,archived_workspace/experiments/perception_control/work/single_probe_200_contact_sheets/pc-0001.jpg,1,Object Permanence and Occlusion Tracking,Human-Centric,True/False,"[True/False] During the first scene, the intercom panel on the wall is briefly but completely hidden from view by the man's body.",True,False,simple_relation,[Single-Choice] Where is the woman relative to the man in the hallway scene? [Options] A) To the viewer's left of him B) To the viewer's right of him C) Directly behind him D) Directly in front of him,A,A) To the viewer's left of him,True,spatiotemporal_grounding,perception_recognition,首场景男子经过墙面时身体与对讲面板发生短暂完全重叠；回答 False 未识别瞬时遮挡。20-frame full-duration sheet 对短时完全覆盖采样有限。,low,no
error-0238,jxs9pxgjm8c_5_0_01_53_733_to_0_02_25_333.mp4,archived_workspace/experiments/perception_control/work/single_probe_200_contact_sheets/pc-0397.jpg,4,Predictive and Counterfactual Spatial Reasoning,Human-Centric,True/False,"[True/False] Based on the visible volume of the plant's root ball, it appears it would fit back into the green pot with significant empty space remaining around it.",False,True,entity,[Single-Choice] Which actor is visible near the pots? [Options] A) An adult man B) A young child C) An adult woman D) A dog,C,C) An adult woman,True,physical_prediction_counterfactual,perception_recognition,取出的根球体积接近甚至大于绿色盆口和内部容量，放回不会留下显著空隙；回答 True 错估相对体积。,high,no
error-0239,TD27Rs6mTes_1_0_00_06_519_to_0_00_16_920.mp4,archived_workspace/experiments/perception_control/work/single_probe_200_contact_sheets/pc-0534.jpg,6,Egocentric vs. Allocentric Reference Frames,Human-Centric,Single-Choice,"[Single-Choice] If the woman in the black dress were to turn 180 degrees, what would be directly in her line of sight? [Options] A) The man carrying a basket on his shoulder. B) A stone fountain. C) The large arched doorway. D) The woman with her back to the camera.",C,D,simple_relation,[Single-Choice] Where in the image is the green double door relative to the woman in the black dress? [Options] A) To her right B) To her left C) Directly above her D) Directly below her,A,B) To her left,False,perspective_reference_frame,physical_prediction_counterfactual,黑裙女子反转 180 度后的视线指向大型拱门 C，而非背对镜头女子 D；回答未完成主体朝向转换。,high,no
error-0240,Xe8SxWrViU0_91_0_17_15_240_to_0_17_27_599.mp4,archived_workspace/experiments/perception_control/work/single_probe_200_contact_sheets/pc-0157.jpg,2,Dynamic Spatial Relationships,Object-Centric,Single-Choice,"[Single-Choice] From the camera's point of view, what is the apparent overall directional motion of the Eiffel Tower across the frame as the car drives forward? [Options] A) From the center of the frame towards the right edge. B) From the right side of the frame towards the left edge. C) It remains stationary relative to the car. D) From the left side of the frame towards the right edge.",A,C) It remains stationary relative to the car.,simple_relation,"[Single-Choice] From the camera's view, where is the Eiffel Tower relative to the roadside railing? [Options] A) In front of the roadside railing B) Behind the roadside railing C) Below the roadside railing D) On top of the roadside railing",B,B) Behind the roadside railing,True,perspective_reference_frame,spatiotemporal_grounding,车辆前进时埃菲尔铁塔由画面中心逐渐滑向右缘，固定地标相对移动清晰；回答 stationary 混淆世界静止与画面投影。,high,no
error-0241,4K8-QImEpk0_7_0_00_50_479_to_0_01_04_120.mp4,archived_workspace/experiments/perception_control/work/single_probe_200_contact_sheets/pc-0107.jpg,2,Dynamic Spatial Relationships,Human-Centric,True/False,[True/False] The piece that breaks off the fishing rod travels in a high arc before landing in the water.,False,True,action_event,"[Single-Choice] At the beginning, what is the man in the dark vest doing? [Options] A) Throwing a rock B) Reeling a fishing rod C) Taking a photograph D) Tying a knot",B,B) Reeling a fishing rod,True,spatiotemporal_grounding,perception_recognition,鱼竿断片以低平、快速路径落水，没有形成明显高抛弧线；回答 True 夸大轨迹高度。20-frame full-duration sheet 对快速断片轨迹采样有限。,low,no
error-0242,kIlbv3hRGb4_17_0_03_06_719_to_0_03_24_070.mp4,archived_workspace/experiments/perception_control/work/single_probe_200_contact_sheets/pc-0580.jpg,6,Egocentric vs. Allocentric Reference Frames,Human-Centric,Single-Choice,"[Single-Choice] From the motorcycle's egocentric perspective, which spatial relationship remains constant for the entire duration of the drive? [Options] A) The white shoulder line is on the left, and the double yellow line is on the right. B) The double yellow line is on the left, and the white shoulder line is on the right. C) The motorcycle is positioned directly between the two yellow lines. D) The motorcycle is positioned directly on the white shoulder line.",B,"A) The white shoulder line is on the left, and the double yellow line is on the right.",entity,[Single-Choice] Which object is visibly present along the roadside? [Options] A) Traffic cones B) Railroad gates C) Parked bicycles D) Mailboxes,D,D) Mailboxes,True,perspective_reference_frame,perception_recognition,摩托车行驶全程双黄线在左、白色路肩线在右；回答 A 将驾驶者自我中心左右完全反转。,high,no
error-0243,jxs9pxgjm8c_5_0_01_53_733_to_0_02_25_333.mp4,archived_workspace/experiments/perception_control/work/single_probe_200_contact_sheets/pc-0397.jpg,4,Predictive and Counterfactual Spatial Reasoning,Human-Centric,True/False,"[True/False] Based on the visible volume of the plant's root ball, it appears it would fit back into the green pot with significant empty space remaining around it.",False,True,entity,[Single-Choice] Which actor is visible near the pots? [Options] A) An adult man B) A young child C) An adult woman D) A dog,C,C) An adult woman,True,physical_prediction_counterfactual,perception_recognition,根球与绿色盆口/内腔尺度接近，不可能放回后仍有显著空隙；回答 True 错估容积匹配。,high,no
error-0244,EOswWepObDw_28_0_03_27_975_to_0_03_54_329.mp4,archived_workspace/experiments/perception_control/work/single_probe_200_contact_sheets/pc-0326.jpg,4,Predictive and Counterfactual Spatial Reasoning,Object-Centric,Single-Choice,"[Single-Choice] Based on the visible arc of motion, what object is located behind the ride's path when it reaches its highest point on the left side of the screen? [Options] A) A tall, glass-paneled building. B) The sun. C) A parking lot full of cars. D) A small, single-story shop.",A,The sun.,entity,[Single-Choice] Which structure is visible beside the water in the harbor scene? [Options] A) A Ferris wheel B) A train station C) A red lighthouse D) A soccer goal,C,C) A red lighthouse,True,perception_recognition,spatiotemporal_grounding,游乐设施左侧最高点后方是高大的玻璃幕墙建筑；太阳虽在附近天空中但不位于题定运动弧后方，回答错选 B。,medium,no
error-0245,cCzDa3zWdjo_39_0_09_15_933_to_0_09_26_600.mp4,archived_workspace/experiments/perception_control/work/single_probe_200_contact_sheets/pc-0225.jpg,3,Action and Intent-Driven Spatial Reasoning,Human-Centric,Single-Choice,"[Single-Choice] At the end of the video, the rider points with her left hand across her body. Based on this gesture and the layout of the field, what is she most likely indicating to the person filming? [Options] A) The direction she and the horse will go next. B) The location of an obstacle off-screen to the camera's left. C) An obstacle located to the right from the camera's perspective. D) That she is finished with the exercise.",C,B) The location of an obstacle off-screen to the camera's left.,action_event,"[Single-Choice] When the rider is in the middle of the field, what is the horse doing? [Options] A) Trotting across the grass B) Jumping over a log C) Standing beside a barrel D) Eating grass from the ground",A,A) Trotting across the grass,True,perspective_reference_frame,action_goal_binding,骑手左手跨身指向画面右侧障碍，回答 left 把摄影者画面方向反转。,high,no
error-0246,UrABBEA_R0Y_25_0_07_05_124_to_0_07_27_380.mp4,archived_workspace/experiments/perception_control/work/single_probe_200_contact_sheets/pc-0038.jpg,1,Object Permanence and Occlusion Tracking,Human-Centric,Single-Choice,"[Single-Choice] Immediately after the surfer emerges from the large splash of water at 0:14, what is the orientation of the surfboard relative to the overall direction of the wave's movement towards the shore? [Options] A) It is mostly perpendicular, pointing towards the shore. B) It is parallel, pointing along the wave's face. C) It is angled backwards, away from the shore. D) The board is completely submerged and not visible.",D,"B) It is parallel, pointing along the wave's face.",simple_relation,[Single-Choice] Where is the foamy whitewater relative to the darker green wave face? [Options] A) Above the darker green wave face B) Left of the darker green wave face C) Right of the darker green wave face D) Below the darker green wave face,D,C) Right of the darker green wave face,False,spatiotemporal_grounding,perception_recognition,0:14 大水花后冲浪板仍完全淹没不可见，无法支持与浪向平行；回答 B 错误补全被遮挡物朝向。20-frame full-duration sheet 对该瞬时窗口采样有限。,low,no
error-0247,tfADOMbJYlU_54_0_11_29_556_to_0_11_46_539.mp4,archived_workspace/experiments/perception_control/work/single_probe_200_contact_sheets/pc-0266.jpg,3,Action and Intent-Driven Spatial Reasoning,Human-Centric,Multiple-Select,"[Multiple-Select] Throughout the video, the driver's hands make minor adjustments to the steering wheel. What is the spatial intent of these small movements, as confirmed by the car's trajectory on the road? (Select all that apply) [Options] A) To prepare to change lanes to the left. B) To correct the car's path and keep it centered within the lane markings. C) To navigate a slight curve in the road. D) To initiate a sudden stop.","B,C",B) To correct the car's path and keep it centered within the lane markings.,action_event,"[Single-Choice] At one point, what action does the driver make beside the steering wheel? [Options] A) Presses a dashboard button B) Raises an open hand C) Shifts the gear lever D) Buckles a seat belt",B,A) Presses a dashboard button,False,action_goal_binding,spatiotemporal_grounding,小幅方向盘调整既保持车身居中 B，也用于顺应道路轻微弯曲 C；回答只选 B，遗漏第二个由轨迹确认的意图。,medium,no
error-0248,Lt2mVbsy8G4_7_0_00_47_213_to_0_01_00_994.mp4,archived_workspace/experiments/perception_control/work/single_probe_200_contact_sheets/pc-0011.jpg,1,Object Permanence and Occlusion Tracking,Object-Centric,Fill-in-the-Blank,"[Fill-in-the-Blank] A third, less illuminated jellyfish starts below the main jellyfish on the left. As the main jellyfish moves down, it briefly occludes the third one. From the viewer's perspective, the third jellyfish re-emerges to the ________ of the main jellyfish's bell.",below,left,action_event,[Single-Choice] Which event happens before foamy ocean waves fill the view? [Options] A) White surf spreads across dark rocks. B) A turquoise patch appears among waves. C) Rough water covers most of the scene. D) Bright jellyfish drift in dark water.,D,D) Bright jellyfish drift in dark water.,True,spatiotemporal_grounding,perception_recognition,较暗第三只水母从主水母伞体下方重新出现；回答 left 未对齐遮挡解除后的相对位置。,medium,no
error-0249,gmpJmdKiZQ8_33_0_06_51_311_to_0_07_16_202.mp4,archived_workspace/experiments/perception_control/work/single_probe_200_contact_sheets/pc-0169.jpg,2,Dynamic Spatial Relationships,Human-Centric,Multiple-Select,"[Multiple-Select] At the moment the woman in the blue shirt first interacts with the person in the wheelchair, which of these spatial statements are correct from the camera's perspective? (Select all that apply) [Options] A) A yellow, partially collapsed beach umbrella is visible behind the man in the black shirt. B) A large, blue inflatable slide is visible in the background to the left. C) The ocean is completely out of the frame. D) A pair of shoes is visible on the sand directly beside the blue lounge chair.","A,B","A, B, D",entity,[Single-Choice] Which headwear is visible on the seated person near the blue-shirted woman? [Options] A) A bicycle helmet B) A straw sunhat C) A baseball cap D) A knit beanie,C,C) A baseball cap,True,perception_recognition,spatiotemporal_grounding,首次互动时黄伞和左后方蓝色滑梯可见 A、B，但蓝躺椅旁并无题述鞋对 D；回答额外多选 D。,high,no
error-0250,TZckze5qCeY_24_0_03_32_812_to_0_03_51_664.mp4,archived_workspace/experiments/perception_control/work/single_probe_200_contact_sheets/pc-0435.jpg,5,Object Deformation and State Transition,Human-Centric,True/False,"[True/False] When the person opens the device, the top lid moves away from the camera to reveal the interior.",False,"True.

Answer: True",simple_relation,"[Single-Choice] While the blue device is closed, what is on the edge facing the camera? [Options] A) Several small ports B) A white rectangular label C) A glowing blue symbol D) A black carrying handle",A,C) A glowing blue symbol,False,perspective_reference_frame,spatiotemporal_grounding,打开设备时上盖朝相机方向翻动以露出内部，并非远离相机；回答 True 将深度运动方向反转。,medium,no
error-0251,kymf00Kmy1w_85_0_10_01_500_to_0_10_12_845.mp4,archived_workspace/experiments/perception_control/work/single_probe_200_contact_sheets/pc-0164.jpg,2,Dynamic Spatial Relationships,Human-Centric,Single-Choice,"[Single-Choice] After the woman in blue scrubs places the first medicine bottle back on the shelf, what is the position of the next bottle she selects relative to the first one? [Options] A) It is on the shelf directly above. B) It is on the same shelf, to the left. C) It is on the same shelf, to the right. D) It is on the shelf directly below.",B,"C) It is on the same shelf, to the right.",simple_relation,[Single-Choice] Where are the medicine shelves relative to the computer monitor? [Options] A) To the left of the monitor B) To the right of the monitor C) Directly above the monitor D) Directly below the monitor,A,A) To the left of the monitor,True,spatiotemporal_grounding,perspective_reference_frame,首瓶放回后下一瓶来自同层左侧；回答 right 将先后操作对象的水平关系反转。,medium,no
error-0252,_4dgPq-hqQY_38_0_05_11_133_to_0_05_21_800.mp4,archived_workspace/experiments/perception_control/work/single_probe_200_contact_sheets/pc-0366.jpg,4,Predictive and Counterfactual Spatial Reasoning,Object-Centric,Single-Choice,"[Single-Choice] If the SUV had continued on its initial trajectory without turning right, what would it have moved towards? [Options] A) The white mailbox post on the right side of the road. B) The house with the brown roof visible in the background. C) The driveway of the house on the immediate left. D) The curb directly in front of the camera's viewpoint.",C,D) The curb directly in front of the camera's viewpoint.,entity,[Single-Choice] What surface is visible bordering the paved roadway? [Options] A) Deep snow B) Loose sand C) Red brick paving D) Green grass,D,D) Green grass,True,physical_prediction_counterfactual,spatiotemporal_grounding,SUV 初始航向若不右转，会进入紧邻左侧房屋车道，而非朝相机前 curb；回答未延长初始路径。,medium,no
error-0253,YZSZwejs058_1_0_00_05_271_to_0_00_21_688.mp4,archived_workspace/experiments/perception_control/work/single_probe_200_contact_sheets/pc-0562.jpg,6,Egocentric vs. Allocentric Reference Frames,Human-Centric,Single-Choice,"[Single-Choice] The man walks forward and then makes a single turn. From a fixed (allocentric) viewpoint looking down the first hallway from his starting position, how would his final path be described? [Options] A) He continued straight ahead. B) He turned around and walked back. C) He turned to his left. D) He turned to his right.",C,D,simple_relation,"[Single-Choice] At the beginning, which way does the man's cap brim point in the image? [Options] A) Toward the left B) Toward the camera C) Away from the camera D) Toward the right",D,D,True,perspective_reference_frame,spatiotemporal_grounding,从起点固定俯视第一走廊，男子前行后唯一转向是左转；回答 D 把主体/观察者方向换算反转。,high,no
error-0254,KpjKUF2yYiU_38_0_05_45_144_to_0_05_55_855.mp4,archived_workspace/experiments/perception_control/work/single_probe_200_contact_sheets/pc-0413.jpg,5,Object Deformation and State Transition,Human-Centric,True/False,[True/False] The fishing rod's bend is most pronounced at the very end of the video.,True,False,action_event,[Single-Choice] Does the rod appear close to the camera before or after a person in orange appears near the rail? [Options] A) After the person in orange appears. B) Before the person in orange appears. C) At the same moment. D) The rod never appears close.,B,A) After the person in orange appears.,False,perception_recognition,spatiotemporal_grounding,鱼竿弯曲随末段受力增大，并在视频末端达到最明显曲率；回答 False 未识别峰值状态。,medium,no
error-0255,cvHz5JgkzlM_41_0_06_01_094_to_0_06_15_742.mp4,archived_workspace/experiments/perception_control/work/single_probe_200_contact_sheets/pc-0325.jpg,4,Predictive and Counterfactual Spatial Reasoning,Human-Centric,Single-Choice,"[Single-Choice] If the car had continued its trajectory and rotation from the point seen at the 0:07 mark without the driver correcting its path, which object would it have most likely collided with? [Options] A) The parked semi-trailer on the right. B) The green dumpsters. C) The white truck that briefly enters from the left. D) The loading dock doors of the main building.",D,B,entity,[Single-Choice] Which upright object is visible near the edge of the paved lot? [Options] A) Orange traffic cones B) Yellow protective bollards C) A bicycle rack D) A red fire hydrant,B,B) Yellow protective bollards,True,physical_prediction_counterfactual,spatiotemporal_grounding,0:07 车辆旋转切线继续延长会指向主楼装卸门 D；回答 dumpsters B 未按角速度和航向外推。,medium,no
error-0256,GvWldUGLkVM_53_0_07_40_793_to_0_08_00_279.mp4,archived_workspace/experiments/perception_control/work/single_probe_200_contact_sheets/pc-0232.jpg,3,Action and Intent-Driven Spatial Reasoning,Human-Centric,True/False,"[True/False] As the second car slides through the turn, the driver is steering the front wheels in the opposite direction of the turn itself.",True,False,entity,[Single-Choice] What surface is visible beneath the red vehicles? [Options] A) A sandy beach B) A grassy field C) A paved road D) A wooden bridge,C,C) A paved road,True,action_goal_binding,spatiotemporal_grounding,第二车侧滑转弯时前轮明显向弯向反侧反打以控制滑移；回答 False 未识别操舵意图。,high,no
error-0257,kPxokEIaItg_30_0_03_30_240_to_0_03_41_280.mp4,archived_workspace/experiments/perception_control/work/single_probe_200_contact_sheets/pc-0446.jpg,5,Object Deformation and State Transition,Human-Centric,Multiple-Select,"[Multiple-Select] As the brush moves across the eyebrow, which of the following visual state transitions occur? (Select all that apply) [Options] A) The gaps between the hairs become more prominent. B) The overall shape becomes more defined against the skin. C) The color of the eyebrow becomes darker and more uniform. D) The eyebrow appears to decrease in length.","B,C",BC,entity,[Single-Choice] Which facial feature is clearly visible beneath the area being groomed? [Options] A) An eye B) A mouth C) An ear D) A chin,A,(A) An eye,True,protocol_or_parsing,,"模型输出 BC 与 gold B,C 是完全相同的选项集合，仅缺少分隔符；该错误属于多选答案规范化/解析，而非视觉状态判断。",high,yes
error-0258,cCzDa3zWdjo_39_0_09_15_933_to_0_09_26_600.mp4,archived_workspace/experiments/perception_control/work/single_probe_200_contact_sheets/pc-0225.jpg,3,Action and Intent-Driven Spatial Reasoning,Human-Centric,Single-Choice,"[Single-Choice] At the end of the video, the rider points with her left hand across her body. Based on this gesture and the layout of the field, what is she most likely indicating to the person filming? [Options] A) The direction she and the horse will go next. B) The location of an obstacle off-screen to the camera's left. C) An obstacle located to the right from the camera's perspective. D) That she is finished with the exercise.",C,B) The location of an obstacle off-screen to the camera's left.,action_event,"[Single-Choice] When the rider is in the middle of the field, what is the horse doing? [Options] A) Trotting across the grass B) Jumping over a log C) Standing beside a barrel D) Eating grass from the ground",A,A) Trotting across the grass,True,perspective_reference_frame,action_goal_binding,骑手左手跨身指向画面右侧障碍；回答 camera left 反转摄影者参照方向。,high,no
error-0259,fRmaPWqByGw_25_0_05_06_560_to_0_05_41_199.mp4,archived_workspace/experiments/perception_control/work/single_probe_200_contact_sheets/pc-0469.jpg,5,Object Deformation and State Transition,Object-Centric,Fill-in-the-Blank,"[Fill-in-the-Blank] After the helicopter lands, the visual state of the main rotor blades transitions from a continuous transparent blur to ______, as they slow to a stop.",distinct individual blades,stationary,entity,[Single-Choice] Which surface is visible under the helicopter near its touchdown area? [Options] A) A paved road B) A sandy beach C) A snowy field D) A grassy field,D,D) A grassy field,True,benchmark_ambiguity,protocol_or_parsing,旋翼由透明连续模糊减速后变为静止，模型 stationary 与该终态相符；gold“distinct individual blades”描述视觉可分辨性，但不应排斥相容的停止状态答案。,high,yes
error-0260,kIlbv3hRGb4_17_0_03_06_719_to_0_03_24_070.mp4,archived_workspace/experiments/perception_control/work/single_probe_200_contact_sheets/pc-0580.jpg,6,Egocentric vs. Allocentric Reference Frames,Human-Centric,Single-Choice,"[Single-Choice] From the motorcycle's egocentric perspective, which spatial relationship remains constant for the entire duration of the drive? [Options] A) The white shoulder line is on the left, and the double yellow line is on the right. B) The double yellow line is on the left, and the white shoulder line is on the right. C) The motorcycle is positioned directly between the two yellow lines. D) The motorcycle is positioned directly on the white shoulder line.",B,A,entity,[Single-Choice] Which object is visibly present along the roadside? [Options] A) Traffic cones B) Railroad gates C) Parked bicycles D) Mailboxes,D,D) Mailboxes,True,perspective_reference_frame,perception_recognition,驾驶全程双黄线在摩托车左、白路肩线在右；回答 A 完全反转自我中心左右。,high,no
error-0261,SjaUzHILZ8Y_56_0_09_01_474_to_0_09_23_229.mp4,archived_workspace/experiments/perception_control/work/single_probe_200_contact_sheets/pc-0543.jpg,6,Egocentric vs. Allocentric Reference Frames,Human-Centric,Single-Choice,"[Single-Choice] From the camera's perspective, the shoreline appears to be moving from right to left. What is the boat's actual direction of travel relative to the distant dam visible at the start of the video? [Options] A) Towards the dam. B) Away from the dam. C) Parallel to the dam. D) The boat is stationary.",D,B) Away from the dam.,simple_relation,"[Single-Choice] In the opening view, where is the tree-covered shoreline relative to the camera? [Options] A) Along the right side of the water B) Straight across the near foreground C) Centered far ahead on the horizon D) Along the left side of the water",D,D) Along the left side of the water,True,perspective_reference_frame,spatiotemporal_grounding,岸线右向左表观移动来自相机/船视向变化，不能推出远离坝体；回答把背景流直接等同船的世界方向。,medium,no
error-0262,h8riuf39Bio_21_0_02_40_733_to_0_02_52_733.mp4,archived_workspace/experiments/perception_control/work/single_probe_200_contact_sheets/pc-0089.jpg,1,Object Permanence and Occlusion Tracking,Object-Centric,True/False,"[True/False] At the moment the brown-headed duck turns its head towards the red-headed duck, its body is partially occluding the red-headed duck from the camera's perspective.",True,False,entity,[Single-Choice] What visible surface are the two birds floating on? [Options] A) Grass B) Water C) Snow D) Sand,B,B) Water,True,spatiotemporal_grounding,perception_recognition,棕头鸭转头朝红头鸭时身体在相机投影中与后者部分重叠并遮挡其前部；回答 False 未识别局部遮挡。,high,no
error-0263,PR7PqA5EisY_16_0_02_27_547_to_0_03_22_068.mp4,archived_workspace/experiments/perception_control/work/single_probe_200_contact_sheets/pc-0416.jpg,5,Object Deformation and State Transition,Object-Centric,True/False,"[True/False] When the car drives away from the camera down the road between 0:29 and 0:34, its pop-up headlights are retracted into the hood.",True,False,action_event,[Single-Choice] What happens before the car is viewed broadside while moving? [Options] A) The hood is lifted open. B) Both doors are opened. C) A wheel is removed. D) A raised front lamp is lit.,D,C) A wheel is removed.,False,perception_recognition,spatiotemporal_grounding,0:29–0:34 车辆远离镜头时弹出式灯已与引擎盖齐平收回；回答 False 错判灯具状态。,high,no
error-0264,LSlhkLImq8U_2_0_01_22_449_to_0_02_30_283.mp4,archived_workspace/experiments/perception_control/work/single_probe_200_contact_sheets/pc-0227.jpg,3,Action and Intent-Driven Spatial Reasoning,Human-Centric,True/False,"[True/False] In the first minute of the video, every time the person walking the dog comes to a complete stop, the dog sits.",True,False,action_event,[Single-Choice] Which event occurs before the person and dog cross a more open part of the plaza? [Options] A) They climb the steps together. B) They walk into the water. C) They stand beside a bicycle. D) They pass beside a large crowd.,D,D) They pass beside a large crowd.,True,spatiotemporal_grounding,action_goal_binding,首分钟人物每次完全停步后狗都坐下；回答 False 未汇总跨多个停步事件的稳定对应。20-frame full-duration sheet 对一分钟内各次短暂停止采样有限。,low,no
error-0265,EC6xdTpJOo8_17_0_05_25_799_to_0_05_36_675.mp4,archived_workspace/experiments/perception_control/work/single_probe_200_contact_sheets/pc-0421.jpg,5,Object Deformation and State Transition,Human-Centric,Single-Choice,"[Single-Choice] How does the state of the fish's mouth change from the moment it is first displayed horizontally to the final moment of the video?
[Options]
A) It remains shut the entire time.
B) It goes from mostly closed to wide open.
C) It remains wide open the entire time.
D) It goes from wide open to mostly closed.",C,D,simple_relation,"[Single-Choice] When the man holds the fish sideways in front of him, where is the fish's head relative to its tail? [Options] A) To the left of the tail B) Above the tail C) Below the tail D) To the right of the tail",D,D,True,perception_recognition,spatiotemporal_grounding,鱼首次横向展示时嘴已大张，直到末尾仍保持；回答由张到闭 D 与终态不符。,high,no
error-0266,mWF9aH2BeZ0_29_0_06_13_940_to_0_06_25_885.mp4,archived_workspace/experiments/perception_control/work/single_probe_200_contact_sheets/pc-0298.jpg,3,Action and Intent-Driven Spatial Reasoning,Human-Centric,True/False,"[True/False] Based on the position of the sun shown during the pan and the man's shadow at the end of the video, the man is facing away from the sun.",False,True,action_event,[Single-Choice] Which event happens before the person raises both gloved hands near their head? [Options] A) A gloved hand comes close to the lens. B) The person's face fills much of the view. C) The camera passes a tall stone tower. D) The person leans toward the camera.,C,The camera passes a tall stone tower.,False,perspective_reference_frame,spatiotemporal_grounding,太阳位置与末端影向共同表明男子并非背向太阳；回答 True 错误组合光源、影子和身体朝向。,medium,no
error-0267,Tsl-R5qsDK4_12_0_02_42_028_to_0_03_05_485.mp4,archived_workspace/experiments/perception_control/work/single_probe_200_contact_sheets/pc-0154.jpg,2,Dynamic Spatial Relationships,Human-Centric,Fill-in-the-Blank,"[Fill-in-the-Blank] Immediately after the fish bites the line, causing a large splash, its subsequent movement creates ripples that travel primarily toward the ______ of the frame.",left,center,simple_relation,[Single-Choice] Which side of the view has the tall hedge along the bank? [Options] A) Left side B) Upper side C) Right side D) Lower side,C,C) Right side,True,spatiotemporal_grounding,perception_recognition,鱼咬线大水花后，主要涟漪波列向画面左侧传播扩散；回答 center 将传播方向误作静态中心位置。,medium,no
error-0268,orlTzRHVfPI_19_0_02_07_193_to_0_02_18_571.mp4,archived_workspace/experiments/perception_control/work/single_probe_200_contact_sheets/pc-0198.jpg,2,Dynamic Spatial Relationships,Human-Centric,True/False,"[True/False] To begin tying the final knot around the napkin, the ribbon end held in the person's right hand is initially crossed over the ribbon end held in their left hand.",True,False,action_event,[Single-Choice] Which event occurs before the person lays the lace piece on the green napkin? [Options] A) Cutting the ribbon with scissors B) Pulling ribbon ends beside the napkin C) Lifting the wrapped napkin D) Tightening ribbon around the napkin,A,B) Pulling ribbon ends beside the napkin,False,perspective_reference_frame,spatiotemporal_grounding,开始打最终结时，人物右手所持带端从上方跨过左手带端；回答 False 未对齐双手身份与交叉层次。,medium,no
error-0269,Q_KgiEB6bYc_157_0_37_26_212_to_0_37_37_590.mp4,archived_workspace/experiments/perception_control/work/single_probe_200_contact_sheets/pc-0040.jpg,1,Object Permanence and Occlusion Tracking,Human-Centric,True/False,"[True/False] As the camera moves forward, the second mannequin in the red dress partially blocks the view of the fourth mannequin wearing the yellow 'RADIANT' sweatshirt.",False,true,action_event,[Single-Choice] Does the camera pass the pink shirt display before or after passing the black shirt with white shorts display? [Options] A) After B) Before C) At the same time D) Neither is passed,B,B) Before,True,spatiotemporal_grounding,perception_recognition,前移镜头中第二个红裙模特并未与第四个黄色 RADIANT 模特形成遮挡重叠；回答 true 错判深度投影。,high,no
error-0270,q9GoU1HN4FQ_1_0_00_15_181_to_0_00_29_129.mp4,archived_workspace/experiments/perception_control/work/single_probe_200_contact_sheets/pc-0369.jpg,4,Predictive and Counterfactual Spatial Reasoning,Human-Centric,Single-Choice,"[Single-Choice] If the surfer had continued in a straight line toward the shore after landing the initial aerial maneuver, instead of turning along the wave's face, what would have been the most likely immediate outcome? [Options] A) They would have outrun the breaking section and ended up on the flat, less powerful part of the wave. B) They would have been immediately engulfed by the breaking crest behind them. C) They would have exited through the back of the wave. D) Their board would have submerged nose-first into the water.",A,B) They would have been immediately engulfed by the breaking crest behind them.,action_event,"[Single-Choice] Which happens before the other: a high spray plume rises from the wave, or the surfer is hidden by whitewater? [Options] A) The surfer is hidden by whitewater first. B) Both events occur simultaneously. C) Neither event is visible. D) A high spray plume rises first.",D,D) A high spray plume rises first.,True,physical_prediction_counterfactual,spatiotemporal_grounding,落地后若直冲岸边会越过有力破浪区进入前方平缓浪面，而非立即被身后浪冠吞没；回答未结合相对速度和浪区布局。,medium,no
error-0271,R5lA1ZQzauM_12_0_07_29_399_to_0_08_49_533.mp4,archived_workspace/experiments/perception_control/work/single_probe_200_contact_sheets/pc-0246.jpg,3,Action and Intent-Driven Spatial Reasoning,Human-Centric,Multiple-Select,[Multiple-Select] The operator's intent is to test the drone's 'follow me' capability. Which of the following spatial behaviors are observed in the drone's attempt to follow the operator? (Select all that apply) [Options] A) The drone initially drifts without tracking the operator's movement. B) The drone successfully matches the operator's forward speed perfectly. C) The drone adjusts its position laterally to keep the operator in the camera's view. D) The drone loses significant altitude while attempting to move towards the operator.,"B, C, D","A) The drone initially drifts without tracking the operator's movement.
C) The drone adjusts its position laterally to keep the operator in the camera's view.",entity,[Single-Choice] Which object is visible near the bottom foreground of the scene? [Options] A) A bicycle handlebar B) A radio controller C) A camera tripod D) A folding chair,B,B) A radio controller,True,spatiotemporal_grounding,action_goal_binding,"follow-me 尝试包含横向修正、匹配前移及明显掉高 B,C,D；回答加入初始漂移 A 并漏 B,D。20-frame full-duration sheet 对“perfectly”和短时高度变化确认有限。",low,no
error-0272,orlTzRHVfPI_19_0_02_07_193_to_0_02_18_571.mp4,archived_workspace/experiments/perception_control/work/single_probe_200_contact_sheets/pc-0198.jpg,2,Dynamic Spatial Relationships,Human-Centric,True/False,"[True/False] To begin tying the final knot around the napkin, the ribbon end held in the person's right hand is initially crossed over the ribbon end held in their left hand.",True,False,action_event,[Single-Choice] Which event occurs before the person lays the lace piece on the green napkin? [Options] A) Cutting the ribbon with scissors B) Pulling ribbon ends beside the napkin C) Lifting the wrapped napkin D) Tightening ribbon around the napkin,A,D) Tightening ribbon around the napkin,False,perspective_reference_frame,spatiotemporal_grounding,最终结起始时右手带端明确跨过左手带端；回答 False 混淆左右手带端。,medium,no
error-0273,gNf7G6PrLv8_20_0_02_28_300_to_0_02_47_599.mp4,archived_workspace/experiments/perception_control/work/single_probe_200_contact_sheets/pc-0170.jpg,2,Dynamic Spatial Relationships,Object-Centric,Multiple-Select,"[Multiple-Select] Throughout its visible flight, what are the jet's spatial relationships with the clouds? (Select all that apply) [Options] A) The jet flies exclusively in front of all clouds. B) The jet flies exclusively behind all clouds. C) The jet emerges from behind a cloud at the start. D) The jet passes in front of a large cloud formation in the middle of the video.","C, D",CD,entity,[Single-Choice] Which object is visible near the lower edge of the scene? [Options] A) Tall buildings B) Mountain peaks C) Palm trees D) Streetlights,C,C) Palm trees,True,protocol_or_parsing,,"模型输出 CD 与 gold C,D 表示相同选项集合，仅标点格式不同；属于多选答案解析问题。",high,yes
error-0274,GdCdu6KH5ak_18_0_02_32_960_to_0_02_43_199.mp4,archived_workspace/experiments/perception_control/work/single_probe_200_contact_sheets/pc-0147.jpg,2,Dynamic Spatial Relationships,Human-Centric,True/False,[True/False] The soccer ball passes over the crossbar of the goal only once during the entire visible sequence.,False,True,entity,[Single-Choice] Which actor is visibly present on the field? [Options] A) A cyclist riding a bike B) A swimmer in a pool C) A skier on snow D) A person in a bright yellow shirt,D,D) A person in a bright yellow shirt,True,spatiotemporal_grounding,perception_recognition,足球在完整序列中越过横梁高度区域不止一次；回答 True 未累计分离事件。20-frame full-duration sheet 对高速球轨迹采样有限。,low,no
error-0275,NIZ_SpWGs3M_14_0_03_59_466_to_0_04_11_266.mp4,archived_workspace/experiments/perception_control/work/single_probe_200_contact_sheets/pc-0414.jpg,5,Object Deformation and State Transition,Human-Centric,Multiple-Select,"[Multiple-Select] After the button is pressed, which of these components visually transition from an inactive state to an active, illuminated state? (Select all that apply) [Options] A) The central display screen. B) The dials behind the steering wheel. C) The buttons on the steering wheel spokes. D) The ring around the start button itself.","A,B","B, C, D",simple_relation,[Single-Choice] Where is the red circular start button relative to the central display screen? [Options] A) Below and to the right B) Above and to the left C) Above and to the right D) Below and to the left,D,D) Below and to the left,True,perception_recognition,spatiotemporal_grounding,"按键后中央屏幕和仪表盘 A、B 由暗转亮；回答 B,C,D 漏 A 且多选未明确点亮的 C、D。",high,no
error-0276,mKa-dlKrt_Q_24_0_05_55_154_to_0_06_06_265.mp4,archived_workspace/experiments/perception_control/work/single_probe_200_contact_sheets/pc-0098.jpg,1,Object Permanence and Occlusion Tracking,Object-Centric,True/False,"[True/False] The blue object on the shoreline, visible at the start, is completely occluded from view by the island's landscape before the video ends.",True,False,entity,[Single-Choice] Which object is visible on the rocky land near the water? [Options] A) A parked car B) A red tent C) Tall evergreen trees D) A wooden dock,C,C) Tall evergreen trees,True,spatiotemporal_grounding,perception_recognition,开头岸边蓝色物体随船/相机经过岛体后，末段被岛屿岩石和植被完全挡住；回答 False 未维持遮挡关系。,high,no
error-0277,sdQGcOEbh3Y_25_0_02_45_333_to_0_02_57_900.mp4,archived_workspace/experiments/perception_control/work/single_probe_200_contact_sheets/pc-0267.jpg,3,Action and Intent-Driven Spatial Reasoning,Object-Centric,Multiple-Select,"[Multiple-Select] Based on the puma's body language (lowered head, tentative paw extensions, focused gaze), which of the following spatial intentions can be inferred? (Select all that apply) [Options] A) An intention to immediately consume the crayfish. B) An intention to investigate the crayfish from a safe distance. C) An intention to herd all the crayfish into a single group. D) An intention to cautiously test the crayfish's reaction to being touched.","B,D",B) An intention to investigate the crayfish from a safe distance.,simple_relation,[Single-Choice] Where are the crayfish positioned relative to the puma's front paws? [Options] A) Behind the hind legs B) In front of the paws C) On the puma's back D) Inside the woven post,B,B) In front of the paws,True,action_goal_binding,perception_recognition,美洲狮低头凝视、保持距离并试探伸爪，既体现安全距离调查 B，也体现谨慎测试触碰反应 D；回答只选 B。,high,no
error-0278,mKa-dlKrt_Q_24_0_05_55_154_to_0_06_06_265.mp4,archived_workspace/experiments/perception_control/work/single_probe_200_contact_sheets/pc-0098.jpg,1,Object Permanence and Occlusion Tracking,Object-Centric,True/False,"[True/False] The blue object on the shoreline, visible at the start, is completely occluded from view by the island's landscape before the video ends.",True,False,entity,[Single-Choice] Which object is visible on the rocky land near the water? [Options] A) A parked car B) A red tent C) Tall evergreen trees D) A wooden dock,C,C) Tall evergreen trees,True,spatiotemporal_grounding,perception_recognition,蓝色岸边物在开头可见，至末尾已完全落到岛体地形后方；回答 False 未跟踪其消失原因。,high,no
error-0279,lkF5Q42T8Rg_6_0_14_53_433_to_0_15_07_033.mp4,archived_workspace/experiments/perception_control/work/single_probe_200_contact_sheets/pc-0165.jpg,2,Dynamic Spatial Relationships,Human-Centric,Single-Choice,"[Single-Choice] When the woman crosses her arms, which of her arms is positioned on top of the other from the viewer's perspective? [Options] A) Her right arm is on top of her left arm. B) Her left arm is on top of her right arm. C) Her arms are held side-by-side and do not cross. D) Her hands are clasped together in the center.",A,B) Her left arm is on top of her right arm.,simple_relation,[Single-Choice] Where is the large silver microphone relative to the woman from the viewer's perspective? [Options] A) To the viewer's right of her B) To the viewer's left of her C) Directly below her D) Directly behind her,A,D) Directly behind her,False,perspective_reference_frame,perception_recognition,女子交叉双臂后，从观察者视角其右臂覆盖在左臂上方；回答 B 将身体左右身份反转。,high,no
error-0280,IhCQUucY59I_5_0_02_40_639_to_0_03_00_680.mp4,archived_workspace/experiments/perception_control/work/single_probe_200_contact_sheets/pc-0527.jpg,6,Egocentric vs. Allocentric Reference Frames,Human-Centric,Single-Choice,"[Single-Choice] From the perspective of the rower seated at the very front of the boat, in which direction is the chase boat that is following them located? [Options] A) Directly in front of her. B) Directly behind her. C) To her left. D) To her right.",C,B) Directly behind her.,entity,[Single-Choice] What is visible aboard the motorboat near the rowing shell? [Options] A) A large sail B) Several people C) Stacked cargo boxes D) An empty deck,B,B) Several people,True,perspective_reference_frame,spatiotemporal_grounding,从最前排划手自身朝向换算，跟随的追艇位于其左侧，而非直接后方；回答未完成艇身朝向到主体参照转换。,medium,no
error-0281,HjDY6bjj5Ic_33_0_06_07_567_to_0_06_25_384.mp4,archived_workspace/experiments/perception_control/work/single_probe_200_contact_sheets/pc-0332.jpg,4,Predictive and Counterfactual Spatial Reasoning,Object-Centric,True/False,"[True/False] At the 15-second mark, the car is turning. If it were to continue moving along this exact curved trajectory, it would eventually collide with the large dirt mound located at the top of the screen at the start of the video.",True,False,simple_relation,"[Single-Choice] At the beginning, where is the small red-and-white car relative to the large dirt mound? [Options] A) Below the mound B) Above the mound C) Level with the mound D) Hidden behind the mound",A,A) Below the mound,True,physical_prediction_counterfactual,spatiotemporal_grounding,15 秒遥控车弯曲轨迹继续延长会与开头顶部大土堆相交；回答 False 未保持当前曲率。,medium,no
error-0282,q9GoU1HN4FQ_1_0_00_15_181_to_0_00_29_129.mp4,archived_workspace/experiments/perception_control/work/single_probe_200_contact_sheets/pc-0369.jpg,4,Predictive and Counterfactual Spatial Reasoning,Human-Centric,Single-Choice,"[Single-Choice] If the surfer had continued in a straight line toward the shore after landing the initial aerial maneuver, instead of turning along the wave's face, what would have been the most likely immediate outcome? [Options] A) They would have outrun the breaking section and ended up on the flat, less powerful part of the wave. B) They would have been immediately engulfed by the breaking crest behind them. C) They would have exited through the back of the wave. D) Their board would have submerged nose-first into the water.",A,B) They would have been immediately engulfed by the breaking crest behind them.,action_event,"[Single-Choice] Which happens before the other: a high spray plume rises from the wave, or the surfer is hidden by whitewater? [Options] A) The surfer is hidden by whitewater first. B) Both events occur simultaneously. C) Neither event is visible. D) A high spray plume rises first.",D,D) A high spray plume rises first.,True,physical_prediction_counterfactual,spatiotemporal_grounding,若落地后直冲岸边，冲浪者会进入前方平缓低能浪区 A，而非立即被身后破浪冠吞没；回答错误判断相对运动。,medium,no
error-0283,F_Y2Kg1_W3Q_58_0_09_44_684_to_0_09_54_994.mp4,archived_workspace/experiments/perception_control/work/single_probe_200_contact_sheets/pc-0529.jpg,6,Egocentric vs. Allocentric Reference Frames,Human-Centric,True/False,"[True/False] Relative to the scooter's deck, the person initiates the handlebar spin by pushing their right hand forward and pulling their left hand backward.",True,False,action_event,"[Single-Choice] Near the beginning, what does the person do with one foot on the pavement? [Options] A) Kicks a ball across the pavement B) Steps onto the grass C) Pushes off to move the scooter D) Jumps with both feet together",C,C) Pushes off to move the scooter,True,action_goal_binding,perspective_reference_frame,相对滑板车踏板，起始旋把动作由右手前推、左手后拉驱动；回答 False 未识别双手相反方向的动作组合。,medium,no
error-0284,Xe8SxWrViU0_91_0_17_15_240_to_0_17_27_599.mp4,archived_workspace/experiments/perception_control/work/single_probe_200_contact_sheets/pc-0157.jpg,2,Dynamic Spatial Relationships,Object-Centric,Single-Choice,"[Single-Choice] From the camera's point of view, what is the apparent overall directional motion of the Eiffel Tower across the frame as the car drives forward? [Options] A) From the center of the frame towards the right edge. B) From the right side of the frame towards the left edge. C) It remains stationary relative to the car. D) From the left side of the frame towards the right edge.",A,<answer>D,simple_relation,"[Single-Choice] From the camera's view, where is the Eiffel Tower relative to the roadside railing? [Options] A) In front of the roadside railing B) Behind the roadside railing C) Below the roadside railing D) On top of the roadside railing",B,B) Behind the roadside railing,True,perspective_reference_frame,spatiotemporal_grounding,车辆前行时铁塔总体从画面中心滑向右缘；回答 D 声称从左到右，错误设定起始位置并概括投影轨迹。,high,no
error-0285,UrABBEA_R0Y_25_0_07_05_124_to_0_07_27_380.mp4,archived_workspace/experiments/perception_control/work/single_probe_200_contact_sheets/pc-0038.jpg,1,Object Permanence and Occlusion Tracking,Human-Centric,Single-Choice,"[Single-Choice] Immediately after the surfer emerges from the large splash of water at 0:14, what is the orientation of the surfboard relative to the overall direction of the wave's movement towards the shore? [Options] A) It is mostly perpendicular, pointing towards the shore. B) It is parallel, pointing along the wave's face. C) It is angled backwards, away from the shore. D) The board is completely submerged and not visible.",D,"B) It is parallel, pointing along the wave's face.",simple_relation,[Single-Choice] Where is the foamy whitewater relative to the darker green wave face? [Options] A) Above the darker green wave face B) Left of the darker green wave face C) Right of the darker green wave face D) Below the darker green wave face,D,D) Below the darker green wave face,True,spatiotemporal_grounding,perception_recognition,0:14 大水花后板仍完全淹没不可见，回答却补全为沿浪面平行。20-frame full-duration sheet 对瞬时窗口采样有限。,low,no
error-0286,O21Zy3-o9MI_13_0_01_25_385_to_0_01_36_196.mp4,archived_workspace/experiments/perception_control/work/single_probe_200_contact_sheets/pc-0001.jpg,1,Object Permanence and Occlusion Tracking,Human-Centric,True/False,"[True/False] During the first scene, the intercom panel on the wall is briefly but completely hidden from view by the man's body.",True,No,simple_relation,[Single-Choice] Where is the woman relative to the man in the hallway scene? [Options] A) To the viewer's left of him B) To the viewer's right of him C) Directly behind him D) Directly in front of him,A,D,False,spatiotemporal_grounding,perception_recognition,第一场男子经过墙面时身体短暂完全覆盖对讲面板；模型 No/False 否认瞬时完全遮挡。20-frame full-duration sheet 对短时事件采样有限。,low,no
error-0287,dtSKBM4UMy8_17_0_05_08_808_to_0_05_19_385.mp4,archived_workspace/experiments/perception_control/work/single_probe_200_contact_sheets/pc-0417.jpg,5,Object Deformation and State Transition,Human-Centric,True/False,[True/False] The action of the person's fingers pulling the skin upward causes the eyelid surface to become more convex (curved outward).,True,False,simple_relation,[Single-Choice] Where are the fingertips positioned relative to the woman's eyebrow? [Options] A) Below the lower eyelid B) Beside the nose C) Above the eyebrow D) Near the chin,C,C) Above the eyebrow,True,perception_recognition,physical_prediction_counterfactual,手指向上牵拉眼周皮肤时，眼睑表面外凸曲率增加；回答 False 未识别受力后的局部形变。,medium,no
error-0288,EOswWepObDw_28_0_03_27_975_to_0_03_54_329.mp4,archived_workspace/experiments/perception_control/work/single_probe_200_contact_sheets/pc-0326.jpg,4,Predictive and Counterfactual Spatial Reasoning,Object-Centric,Single-Choice,"[Single-Choice] Based on the visible arc of motion, what object is located behind the ride's path when it reaches its highest point on the left side of the screen? [Options] A) A tall, glass-paneled building. B) The sun. C) A parking lot full of cars. D) A small, single-story shop.",A,B) The sun.,entity,[Single-Choice] Which structure is visible beside the water in the harbor scene? [Options] A) A Ferris wheel B) A train station C) A red lighthouse D) A soccer goal,C,C) A red lighthouse,True,perception_recognition,spatiotemporal_grounding,设施运动弧在画面左侧最高点时，后方对齐的是高大玻璃幕墙建筑 A；回答太阳 B 混淆邻近背景。,medium,no
error-0289,RTzP1HAsg0w_61_0_10_21_854_to_0_10_34_166.mp4,archived_workspace/experiments/perception_control/work/single_probe_200_contact_sheets/pc-0541.jpg,6,Egocentric vs. Allocentric Reference Frames,Object-Centric,True/False,"[True/False] Based on the visible background traffic, the red car is parked parallel to the direction of the moving cars on the street.",False,True,simple_relation,[Single-Choice] Where is the visible license plate located on the red car? [Options] A) On the front grille below the hood B) On the driver's door below the window C) On the rear trunk above the bumper D) On the roof behind the windshield,C,C) On the rear trunk above the bumper,True,perspective_reference_frame,perception_recognition,红色老爷车停放朝向与街上背景车辆流向并不平行；回答 True 错判两套世界方向关系。,medium,no
error-0290,cTYPnXXcYp4_14_0_02_57_110_to_0_03_13_026.mp4,archived_workspace/experiments/perception_control/work/single_probe_200_contact_sheets/pc-0119.jpg,2,Dynamic Spatial Relationships,Human-Centric,Single-Choice,"[Single-Choice] Considering the camera's entire path of movement, which landmark ends up closest to the camera's final position? [Options] A) The yellow bus. B) The large tree on the far left of the scene. C) The tall, dark wooden structure behind the bus. D) The mountains in the far background.",A,"A) The yellow bus.
B) The large tree on the far left of the scene.
C) The tall, dark wooden structure behind the bus.
D) The mountains in the far background.",action_event,[Single-Choice] What happens before the view returns to the parked vehicle near the trees? [Options] A) The camera faces open scrubland. B) The camera faces a paved street. C) The camera faces a cloudy sky. D) The camera faces a close-up fence.,A,"Based on the video, the correct answer is A) The camera faces open scrubland. The camera pans across the open scrubland before returning to the parked vehicle near the trees.",True,protocol_or_parsing,spatiotemporal_grounding,单选题模型同时输出 A、B、C、D，虽含正确 A（最终最近的黄色巴士）但未给唯一答案；主要为输出协议失控。,high,yes
error-0291,V32cqjzdvq4_3_0_00_28_561_to_0_00_40_073.mp4,archived_workspace/experiments/perception_control/work/single_probe_200_contact_sheets/pc-0463.jpg,5,Object Deformation and State Transition,Object-Centric,Multiple-Select,"[Multiple-Select] The video shows a long, thin, white cushion positioned as a backrest on the left side of the boat. What spatial changes would occur if this cushion were moved to the empty slot visible on the right side? (Select all that apply) [Options] A) The total available seating space would decrease. B) The right side would gain a backrest, creating a symmetrical seating arrangement with the left side. C) The table would be blocked from swinging to the left. D) A gap would be created between the corner cushion and the side cushion on the left.","B, D","B) The right side would gain a backrest, creating a symmetrical seating arrangement with the left side.",entity,[Single-Choice] Which object is visible inset into the dark tabletop? [Options] A) Circular cup holders B) A steering wheel C) A life jacket D) A fishing rod,A,A) Circular cup holders,True,physical_prediction_counterfactual,perception_recognition,将左侧长白靠垫移到右侧空位会使右侧获得靠背并形成对称 B，同时左侧角垫与侧垫间留下缺口 D；回答只选 B。,high,no
error-0292,i0F4379JRnw_95_0_17_13_933_to_0_17_24_310.mp4,archived_workspace/experiments/perception_control/work/single_probe_200_contact_sheets/pc-0589.jpg,6,Egocentric vs. Allocentric Reference Frames,Human-Centric,Single-Choice,"[Single-Choice] Which statement accurately describes the woman's movement relative to both the camera and the blue structure in the background?
[Options]
A) She moves away from the blue structure and away from the camera.
B) She moves towards the blue structure and towards the camera.
C) She moves towards the camera but her distance from the blue structure remains constant.
D) She moves towards the camera while moving away from the blue structure.",D,C) She moves towards the camera but her distance from the blue structure remains constant.,entity,[Single-Choice] Which object is visible on the woman's face? [Options] A) Dark sunglasses B) A snorkel mask C) Pink swim goggles D) A baseball cap,A,A,True,spatiotemporal_grounding,perspective_reference_frame,女子游向相机同时远离后方蓝色结构，二者距离不恒定；回答 C 漏掉相对背景的深度变化。,high,no
error-0293,j8Gic59heRg_73_0_16_58_350_to_0_17_12_631.mp4,archived_workspace/experiments/perception_control/work/single_probe_200_contact_sheets/pc-0192.jpg,2,Dynamic Spatial Relationships,Human-Centric,True/False,"[True/False] The person in the light-colored top and face mask, who is walking towards the camera on the right side of the street, remains to the right of the camera's central line of sight for the entire duration they are visible.",True,False,simple_relation,[Single-Choice] Where are the shopfronts located relative to the central walkway? [Options] A) Only on the left side B) Only on the right side C) On both sides of the walkway D) In the middle of the walkway,C,C) On both sides of the walkway,True,spatiotemporal_grounding,perspective_reference_frame,浅色上衣口罩行人在可见全程始终位于相机中央视线右侧，即使接近也未越过中心；回答 False 未跟踪持续侧向约束。,high,no
error-0294,v0C5551Yh0k_11_0_01_18_745_to_0_01_31_491.mp4,archived_workspace/experiments/perception_control/work/single_probe_200_contact_sheets/pc-0255.jpg,3,Action and Intent-Driven Spatial Reasoning,Human-Centric,Single-Choice,[Single-Choice] What action does the shirtless surfer take that significantly lowers their body's center of gravity relative to the board? [Options] A) They jump off the board. B) They crouch low while remaining on their feet. C) They lie down on their stomach. D) They fall backward into the water.,C,B) They crouch low while remaining on their feet.,entity,[Single-Choice] Which visible feature is directly behind the rider on the water? [Options] A) A sandy beach B) A rocky cliff C) A white breaking wave D) A floating buoy,C,C,True,perception_recognition,action_goal_binding,赤膊冲浪者最终完全俯卧在板上，显著降低重心；回答称仍站立低蹲，误识别姿态。,high,no
error-0295,odcmK3Int58_6_0_01_22_282_to_0_01_50_877.mp4,archived_workspace/experiments/perception_control/work/single_probe_200_contact_sheets/pc-0577.jpg,6,Egocentric vs. Allocentric Reference Frames,Human-Centric,Fill-in-the-Blank,"[Fill-in-the-Blank] From the person's own point of view, when they place the two batteries on the table, the batteries are positioned to the ______ of the mouse.",right,left,action_event,[Single-Choice] What does the person do with the white instruction leaflet near the end? [Options] A) Cuts it apart B) Writes on it C) Unfolds it D) Throws it away,C,C) Unfolds it,True,perspective_reference_frame,perception_recognition,从操作者自身俯视桌面，两节电池放在鼠标右侧；回答 left 反转人物视角左右。,high,no
error-0296,lJ98a0Owtuo_34_0_06_48_174_to_0_06_59_652.mp4,archived_workspace/experiments/perception_control/work/single_probe_200_contact_sheets/pc-0497.jpg,5,Object Deformation and State Transition,Object-Centric,True/False,[True/False] The peak height of the wave's crest remains consistent as it travels from the left side of the frame to the right.,False,True,entity,[Single-Choice] Which feature is visible on the ocean surface near the breaking water? [Options] A) Red buoy B) Wooden pier C) Lone surfer D) White foam,D,D) White foam,True,perception_recognition,spatiotemporal_grounding,浪峰左向右传播时峰高和陡峭度明显改变；回答 True 将动态波形误判为恒定。,high,no
error-0297,j4jcztT_3O0_30_0_06_10_966_to_0_06_24_133.mp4,archived_workspace/experiments/perception_control/work/single_probe_200_contact_sheets/pc-0476.jpg,5,Object Deformation and State Transition,Human-Centric,Single-Choice,[Single-Choice] How does the spatial arrangement of the red leash change from the beginning to the end of the video? [Options] A) It starts stretched out and becomes coiled near the husky. B) It remains coiled in the same spot throughout the video. C) It starts partially coiled and ends up stretched out towards the right side of the scene. D) It starts partially coiled and ends up stretched out towards the left side of the scene.,D,C) It starts partially coiled and ends up stretched out towards the right side of the scene.,action_event,[Single-Choice] What is the dark dog doing when it moves near the red leash? [Options] A) Lying on the sand B) Jumping over branches C) Walking across the sand D) Digging in the sand,C,C) Walking across the sand,True,spatiotemporal_grounding,perspective_reference_frame,红牵引绳由部分盘绕逐渐拉直并延伸到画面左侧；回答 right 将末端展开方向反转。,high,no
error-0298,EneKMFjJBRI_24_0_04_11_699_to_0_04_26_233.mp4,archived_workspace/experiments/perception_control/work/single_probe_200_contact_sheets/pc-0228.jpg,3,Action and Intent-Driven Spatial Reasoning,Human-Centric,Single-Choice,"[Single-Choice] At the beginning of the video, the operator pushes the right joystick forward and then immediately pulls it back. What is the corresponding spatial maneuver performed by the drone in the air? [Options] A) It hovers in place. B) It performs a forward flip. C) It spins 360 degrees horizontally. D) It flies straight backwards.",B,C) It spins 360 degrees horizontally.,entity,[Single-Choice] Which outdoor setting is visible beneath the flying object? [Options] A) A sandy desert plain B) A grassy sports field C) A snowy mountain slope D) A paved city street,A,A) A sandy desert plain,True,action_goal_binding,spatiotemporal_grounding,右摇杆前推后立即回拉对应无人机完成一次向前翻滚 B；回答水平 360 度旋转 C 混淆控制输入与机动轴。,high,no
error-0299,S9IFUxQyu6U_19_0_03_28_374_to_0_04_07_347.mp4,archived_workspace/experiments/perception_control/work/single_probe_200_contact_sheets/pc-0329.jpg,4,Predictive and Counterfactual Spatial Reasoning,Human-Centric,Single-Choice,"[Single-Choice] At 0:26, the husky is running at speed across the background. If it had continued moving in that same straight line, which of the following would it have passed closest to? [Options] A) The group of people sitting on the far-left bench. B) The other dogs playing in the center of the field. C) The person standing near the gazebo structure. D) The yellow labrador standing near the two people.",B,D,entity,[Single-Choice] What ground surface is visible under the dogs? [Options] A) Tan sand B) Wooden decking C) Green artificial turf D) Gray concrete,C,C) Green artificial turf,True,physical_prediction_counterfactual,spatiotemporal_grounding,0:26 哈士奇背景直线轨迹延长后最接近场中央玩耍的其他狗 B，而非右侧黄拉布拉多；回答错误外推路径。,medium,no
error-0300,ikx-L45Gqmw_66_0_09_18_224_to_0_09_36_842.mp4,archived_workspace/experiments/perception_control/work/single_probe_200_contact_sheets/pc-0283.jpg,3,Action and Intent-Driven Spatial Reasoning,Human-Centric,Single-Choice,"[Single-Choice] Based on the woman's path of movement from the sidewalk and the sudden appearance of a light source from above and behind her around the 5-second mark, what spatial interaction most likely occurred? [Options] A) She walked under a street lamp that turned on. B) She opened the rear trunk of the vehicle. C) She turned around to face the sunset. D) Another car turned its headlights on her.",B,A) She walked under a street lamp that turned on.,simple_relation,"[Single-Choice] After the woman reaches the parked vehicle, where is its raised hatch relative to her head? [Options] A) Below her chin B) Beside her left shoulder C) Across the street D) Above her head",D,A) Below her chin,False,action_goal_binding,perception_recognition,女子从人行道走到车尾，约 5 秒上后方亮起且随后可见升起尾门，说明打开后备箱；回答错误归因为路灯开启。,high,no
