unit_id,video,contact_sheet,category_id,category,scene_type,question_type,question,gold_answer,model_answer,control_type,control_question,control_gold_answer,control_model_answer,control_pass,primary_label,secondary_label,evidence_note,confidence,question_or_key_problem
error-0001,hTxS5J_ZaKQ_80_0_13_52_499_to_0_14_04_110.mp4,archived_workspace/experiments/perception_control/work/single_probe_200_contact_sheets/pc-0384.jpg,4,Predictive and Counterfactual Spatial Reasoning,Human-Centric,Fill-in-the-Blank,"[Fill-in-the-Blank] If the car had continued driving straight on its initial path instead of turning, the 'Baraka' entrance sign would have passed by on the car's ______ side.",left,right,action_event,[Single-Choice] What does the camera vehicle do after entering the grassy parking area? [Options] A) Stops at a gatehouse B) Backs into a garage C) Drives past parked RVs D) Crosses a railroad track,C,C) Drives past parked RVs,True,physical_prediction_counterfactual,perspective_reference_frame,20-frame full-duration sheet: the Baraka sign is visible ahead and to the left of the vehicle's initial straight path before the actual rightward turn; the answer reverses the counterfactual passing side.,high,no
error-0002,coriwTyx1Os_26_0_04_32_890_to_0_04_45_408.mp4,archived_workspace/experiments/perception_control/work/single_probe_200_contact_sheets/pc-0315.jpg,4,Predictive and Counterfactual Spatial Reasoning,Object-Centric,True/False,"[True/False] Assuming the flying object's path relative to the road remained the same, if the camera vehicle had been traveling in the left lane at the same speed, the object would have most likely passed harmlessly behind it.",False,True,action_event,"[Single-Choice] Before the dark object comes close, what is the camera vehicle doing? [Options] A) Merging into the left lane B) Driving straight in the right lane C) Pulling onto the shoulder D) Turning off the highway",B,B) Driving straight in the right lane,True,physical_prediction_counterfactual,spatiotemporal_grounding,20-frame full-duration sheet: the vehicle remains in the right lane while the airborne object approaches and crosses the forward view; the answer does not preserve the observed relative trajectory under the left-lane counterfactual.,medium,no
error-0003,smpHs3qH_dE_40_0_07_17_854_to_0_07_29_532.mp4,archived_workspace/experiments/perception_control/work/single_probe_200_contact_sheets/pc-0372.jpg,4,Predictive and Counterfactual Spatial Reasoning,Object-Centric,Single-Choice,"[Single-Choice] Based on the white van's consistent speed and trajectory, which object would its front bumper be aligned with approximately one second after the video ends? [Options] A) The front of the parked dark-colored SUV. B) The rear of the parked silver sedan. C) The storefront with the red sign in the distance. D) The second light pole on the sidewalk.",D,B) The rear of the parked silver sedan.,action_event,"[Single-Choice] Near the start, what is the camera doing as the street is viewed? [Options] A) Moving forward along the sidewalk B) Remaining fixed beside the curb C) Tilting upward toward the trees D) Crossing the street toward cars",A,B) Remaining fixed beside the curb,False,physical_prediction_counterfactual,spatiotemporal_grounding,20-frame full-duration sheet: the white van advances steadily past successive curbside landmarks while the camera also moves forward; choosing the parked silver sedan fails to extrapolate the van's final motion to the later light-pole alignment.,medium,no
error-0004,fRmaPWqByGw_25_0_05_06_560_to_0_05_41_199.mp4,archived_workspace/experiments/perception_control/work/single_probe_200_contact_sheets/pc-0469.jpg,5,Object Deformation and State Transition,Object-Centric,Fill-in-the-Blank,"[Fill-in-the-Blank] After the helicopter lands, the visual state of the main rotor blades transitions from a continuous transparent blur to ______, as they slow to a stop.",distinct individual blades,stillness,entity,[Single-Choice] Which surface is visible under the helicopter near its touchdown area? [Options] A) A paved road B) A sandy beach C) A snowy field D) A grassy field,D,D,True,benchmark_ambiguity,protocol_or_parsing,20-frame full-duration sheet: the helicopter rotor changes from motion blur to a visibly stopped rotor; 'stillness' describes that terminal state and is semantically compatible with the prompt although it does not match the preferred wording 'distinct individual blades'.,high,yes
error-0005,GIZXp3foP9g_22_0_04_56_896_to_0_05_11_477.mp4,archived_workspace/experiments/perception_control/work/single_probe_200_contact_sheets/pc-0350.jpg,4,Predictive and Counterfactual Spatial Reasoning,Human-Centric,True/False,"[True/False] Based entirely on the difference in acceleration between the two motorcycles within the first two seconds of the race, it is predictable that the motorcycle in the right lane will maintain its lead.",False,True,simple_relation,"[Single-Choice] After the start, which direction do the motorcycles move across the view? [Options] A) From right to left B) Toward the camera C) From left to right D) Away from the camera",C,D,False,benchmark_ambiguity,physical_prediction_counterfactual,"20-frame full-duration sheet: both motorcycles accelerate left-to-right and their separation changes, but the first two seconds alone do not uniquely establish whether the right-lane motorcycle will maintain its lead for an unspecified future interval.",medium,yes
error-0006,YjM0K5_4FHU_124_0_16_17_679_to_0_16_28_240.mp4,archived_workspace/experiments/perception_control/work/single_probe_200_contact_sheets/pc-0408.jpg,5,Object Deformation and State Transition,Human-Centric,True/False,[True/False] The car's front bumper becomes detached from the vehicle during the attempt to climb the hill.,False,True,action_event,[Single-Choice] Does the car drive across the flat snowy area before or after its front wheels rise onto the snowy bank? [Options] A) Before the wheels rise onto the bank B) After the wheels rise onto the bank C) While the wheels rise onto the bank D) No ordering is visible,A,B) After the wheels rise onto the bank,False,perception_recognition,spatiotemporal_grounding,20-frame full-duration sheet: the car repeatedly climbs the snowy bank and its front bumper remains visibly attached throughout; the affirmative answer reports a detachment not present in the sequence.,high,no
error-0007,myJ2l-o5rYQ_73_0_09_40_480_to_0_09_58_960.mp4,archived_workspace/experiments/perception_control/work/single_probe_200_contact_sheets/pc-0181.jpg,2,Dynamic Spatial Relationships,Human-Centric,Fill-in-the-Blank,"[Fill-in-the-Blank] In the final shot of the video taken by the man in the blue shirt, the puck travels across the floor, passing in front of the ______.",seated person,goal,simple_relation,[Single-Choice] Where is the large black equipment relative to the glass doorway? [Options] A) To the left of it B) Directly in front of it C) Directly behind it D) To the right of it,D,D) To the right of it,True,spatiotemporal_grounding,perception_recognition,"20-frame full-duration sheet: in the final shot the puck crosses the floor in front of the seated person/equipment area, whereas the goal belongs to a different spatial location and earlier play context.",high,no
error-0008,FDMxA941dVE_64_0_08_46_292_to_0_08_56_869.mp4,archived_workspace/experiments/perception_control/work/single_probe_200_contact_sheets/pc-0318.jpg,4,Predictive and Counterfactual Spatial Reasoning,Human-Centric,Single-Choice,"[Single-Choice] If the kitesurfer were to immediately make a sharp 90-degree turn to their left, what would be their new direction of travel relative to the landmarks? [Options] A) Directly towards the beach with palm trees. B) Parallel to the line of wooden posts, but moving away from the pier. C) Directly towards the large white dome. D) Towards the open sea, away from the shoreline.",D,"B) Parallel to the line of wooden posts, moving away from the pier.",simple_relation,[Single-Choice] Where is the row of wooden posts relative to the kitesurfer in the view? [Options] A) Farther out toward open sea B) Directly underneath the board C) Beside him at the same depth D) Farther back near the shoreline,D,D,True,perspective_reference_frame,physical_prediction_counterfactual,"20-frame full-duration sheet: the kitesurfer travels with the shoreline and posts behind him; applying a 90-degree turn to the rider's own left yields the open-sea direction, not motion parallel to the posts.",high,no
error-0009,Ul4Hy1EfPNQ_41_0_07_41_628_to_0_07_54_607.mp4,archived_workspace/experiments/perception_control/work/single_probe_200_contact_sheets/pc-0342.jpg,4,Predictive and Counterfactual Spatial Reasoning,Human-Centric,Single-Choice,"[Single-Choice] If the girl had pushed off with her feet with the same force but without first turning the handlebars, what would have been the tricycle's most likely initial path? [Options] A) It would have moved directly toward the camera. B) It would have moved backward away from the camera. C) It would have moved to the left, as it did in the video. D) It would have spun in a circle without moving forward.",C,B) It would have moved backward away from the camera.,simple_relation,[Single-Choice] Where is the tricycle's front wheel relative to its red rear basket? [Options] A) To the left of the basket B) To the right of the basket C) Directly above the basket D) Directly below the basket,B,D) Directly below the basket,False,benchmark_ambiguity,physical_prediction_counterfactual,"20-frame full-duration sheet: the tricycle's wheel orientation and the girl's push are visible, but the prompt removes the handlebar turn without specifying the retained wheel heading; the asserted gold path 'left, as in the video' is not uniquely determined by that intervention.",low,yes
error-0010,j4jcztT_3O0_30_0_06_10_966_to_0_06_24_133.mp4,archived_workspace/experiments/perception_control/work/single_probe_200_contact_sheets/pc-0476.jpg,5,Object Deformation and State Transition,Human-Centric,Single-Choice,[Single-Choice] How does the spatial arrangement of the red leash change from the beginning to the end of the video? [Options] A) It starts stretched out and becomes coiled near the husky. B) It remains coiled in the same spot throughout the video. C) It starts partially coiled and ends up stretched out towards the right side of the scene. D) It starts partially coiled and ends up stretched out towards the left side of the scene.,D,C) It starts partially coiled and ends up stretched out towards the right side of the scene.,action_event,[Single-Choice] What is the dark dog doing when it moves near the red leash? [Options] A) Lying on the sand B) Jumping over branches C) Walking across the sand D) Digging in the sand,C,C) Walking across the sand,True,perception_recognition,spatiotemporal_grounding,20-frame full-duration sheet: the red leash begins partly coiled near the dogs and ends extended across the sand toward the image-left side; the answer reverses the directly visible final direction.,high,no
error-0011,TD27Rs6mTes_1_0_00_06_519_to_0_00_16_920.mp4,archived_workspace/experiments/perception_control/work/single_probe_200_contact_sheets/pc-0534.jpg,6,Egocentric vs. Allocentric Reference Frames,Human-Centric,Single-Choice,"[Single-Choice] If the woman in the black dress were to turn 180 degrees, what would be directly in her line of sight? [Options] A) The man carrying a basket on his shoulder. B) A stone fountain. C) The large arched doorway. D) The woman with her back to the camera.",C,A) The man carrying a basket on his shoulder.,simple_relation,[Single-Choice] Where in the image is the green double door relative to the woman in the black dress? [Options] A) To her right B) To her left C) Directly above her D) Directly below her,A,A) To her right,True,perspective_reference_frame,action_goal_binding,"20-frame full-duration sheet: the woman in black initially faces the foreground woman, with the arched doorway behind her; after a 180-degree body-centered turn her sight line would face the doorway rather than the basket-carrying man.",high,no
error-0012,coriwTyx1Os_26_0_04_32_890_to_0_04_45_408.mp4,archived_workspace/experiments/perception_control/work/single_probe_200_contact_sheets/pc-0315.jpg,4,Predictive and Counterfactual Spatial Reasoning,Object-Centric,True/False,"[True/False] Assuming the flying object's path relative to the road remained the same, if the camera vehicle had been traveling in the left lane at the same speed, the object would have most likely passed harmlessly behind it.",False,True,action_event,"[Single-Choice] Before the dark object comes close, what is the camera vehicle doing? [Options] A) Merging into the left lane B) Driving straight in the right lane C) Pulling onto the shoulder D) Turning off the highway",B,B) Driving straight in the right lane,True,physical_prediction_counterfactual,spatiotemporal_grounding,20-frame full-duration sheet: the vehicle remains in the right lane while the airborne object approaches and crosses the forward view; the answer does not preserve the observed relative trajectory under the left-lane counterfactual.,medium,no
error-0013,XrwHnGrObHA_29_0_06_33_460_to_0_06_50_176.mp4,archived_workspace/experiments/perception_control/work/single_probe_200_contact_sheets/pc-0364.jpg,4,Predictive and Counterfactual Spatial Reasoning,Object-Centric,Single-Choice,"[Single-Choice] At 0:03, a fish is swimming from the upper right towards the lower left. Given its trajectory at that moment, if it had continued in a perfectly straight line, where would it have most likely exited the frame? [Options] A) The bottom edge of the frame. B) The left edge of the frame. C) The top edge of the frame. D) It would have remained in the center.",A,B) The left edge of the frame.,action_event,[Single-Choice] Which event occurs before the fish becomes clearly visible in the water? [Options] A) The fish passes close to the lower edge. B) Two fish overlap near the center. C) Only water and a dark diagonal reflection are visible. D) The fish touches the left border.,C,C) Only water and a dark diagonal reflection are visible.,True,physical_prediction_counterfactual,spatiotemporal_grounding,"20-frame full-duration sheet: once visible, the fish moves diagonally from upper right toward lower left with a stronger downward component; extending that local vector reaches the bottom edge before the left edge.",medium,no
error-0014,Zj70SP5RI7U_11_0_01_16_376_to_0_01_31_157.mp4,archived_workspace/experiments/perception_control/work/single_probe_200_contact_sheets/pc-0159.jpg,2,Dynamic Spatial Relationships,Human-Centric,True/False,"[True/False] During the trick, the skateboard completes a full 360-degree horizontal rotation before the person's feet land back on it.",True,False,simple_relation,[Single-Choice] Where is the person relative to the tall buildings in the background? [Options] A) In front of the buildings B) Behind the buildings C) On top of the buildings D) Inside the buildings,A,A) In front of the buildings,True,spatiotemporal_grounding,perception_recognition,20-frame full-duration sheet: the skateboard's horizontal orientation changes across the airborne trick and returns under the rider; the false response fails to integrate the board orientation over the full rotation interval.,medium,no
error-0015,Z0lkr3AQ8Xk_21_0_02_21_820_to_0_02_33_070.mp4,archived_workspace/experiments/perception_control/work/single_probe_200_contact_sheets/pc-0249.jpg,3,Action and Intent-Driven Spatial Reasoning,Human-Centric,Single-Choice,"[Single-Choice] Based on the silver car's final trajectory after swerving across the lane divider, what was its immediate spatial objective?
[Options]
A) To make a U-turn.
B) To pull over on the left shoulder.
C) To turn right at the upcoming intersection.
D) To overtake the black car.",A,C) To turn right at the upcoming intersection.,action_event,"[Single-Choice] Near the start of the event, what is the black car doing? [Options] A) Turning left B) Stopping at the roadside C) Driving straight ahead D) Reversing backward",C,C) Driving straight ahead,True,action_goal_binding,spatiotemporal_grounding,"20-frame full-duration sheet: the silver car crosses leftward ahead of the camera and continues rotating back across the roadway, supporting an immediate U-turn objective; the answer binds the maneuver to a right turn at the intersection.",high,no
error-0016,EEDc5gDPPdE_10_0_01_11_538_to_0_01_22_449.mp4,archived_workspace/experiments/perception_control/work/single_probe_200_contact_sheets/pc-0121.jpg,2,Dynamic Spatial Relationships,Human-Centric,True/False,"[True/False] As the two individuals walk along the shoreline, the tall, multi-story building in the background appears to move from the right side of the camera's view towards the center.",False,True,simple_relation,[Single-Choice] Where is the long pier relative to the two beachgoers? [Options] A) Behind them to the viewer's right B) Behind them to the viewer's left C) In front of them to the viewer's right D) Between them in the foreground,A,[Answer] A) Behind them to the viewer's right,True,perspective_reference_frame,spatiotemporal_grounding,"20-frame full-duration sheet: the selfie camera changes pose while the beachgoers walk, but the tall building remains in the same background sector rather than translating from image-right to center; the answer confuses camera-relative apparent motion.",medium,no
error-0017,smpHs3qH_dE_40_0_07_17_854_to_0_07_29_532.mp4,archived_workspace/experiments/perception_control/work/single_probe_200_contact_sheets/pc-0372.jpg,4,Predictive and Counterfactual Spatial Reasoning,Object-Centric,Single-Choice,"[Single-Choice] Based on the white van's consistent speed and trajectory, which object would its front bumper be aligned with approximately one second after the video ends? [Options] A) The front of the parked dark-colored SUV. B) The rear of the parked silver sedan. C) The storefront with the red sign in the distance. D) The second light pole on the sidewalk.",D,C,action_event,"[Single-Choice] Near the start, what is the camera doing as the street is viewed? [Options] A) Moving forward along the sidewalk B) Remaining fixed beside the curb C) Tilting upward toward the trees D) Crossing the street toward cars",A,A) Moving forward along the sidewalk,True,physical_prediction_counterfactual,spatiotemporal_grounding,20-frame full-duration sheet: the white van advances steadily past successive curbside landmarks while the camera moves along the sidewalk; selecting the distant storefront does not match the one-second continuation toward the second light pole.,medium,no
error-0018,cvHz5JgkzlM_41_0_06_01_094_to_0_06_15_742.mp4,archived_workspace/experiments/perception_control/work/single_probe_200_contact_sheets/pc-0325.jpg,4,Predictive and Counterfactual Spatial Reasoning,Human-Centric,Single-Choice,"[Single-Choice] If the car had continued its trajectory and rotation from the point seen at the 0:07 mark without the driver correcting its path, which object would it have most likely collided with? [Options] A) The parked semi-trailer on the right. B) The green dumpsters. C) The white truck that briefly enters from the left. D) The loading dock doors of the main building.",D,A) The parked semi-trailer on the right.,entity,[Single-Choice] Which upright object is visible near the edge of the paved lot? [Options] A) Orange traffic cones B) Yellow protective bollards C) A bicycle rack D) A red fire hydrant,B,"B) Yellow protective bollards
B) Yellow protective bollards",True,physical_prediction_counterfactual,spatiotemporal_grounding,"20-frame full-duration sheet: near 0:07 the white car is rotating toward the loading-dock facade; continuing that rotation and trajectory points toward the dock doors, not the stationary semi-trailer on the right.",high,no
error-0019,MnE3cI7sR6U_54_0_12_31_766_to_0_12_47_200.mp4,archived_workspace/experiments/perception_control/work/single_probe_200_contact_sheets/pc-0013.jpg,1,Object Permanence and Occlusion Tracking,Human-Centric,Single-Choice,"[Single-Choice] A red sedan is parked on the right at the start of the turn. As the driver's car moves forward and left, which part of the red sedan is the last to be occluded from the driver's direct forward view by the car's A-pillar? [Options] A) The front headlight. B) The rear taillight. C) The side mirror. D) The front wheel.",B,C) The side mirror.,simple_relation,"[Single-Choice] In the driver's view, where is the thick windshield pillar relative to the steering wheel? [Options] A) To the left of the steering wheel. B) To the right of the steering wheel. C) Directly above the steering wheel. D) Directly below the steering wheel.",A,A) To the left of the steering wheel.,True,spatiotemporal_grounding,perspective_reference_frame,"20-frame full-duration sheet: during the driver's forward-left turn, the red sedan sweeps behind the fixed left A-pillar and its rear portion remains visible last; choosing the side mirror loses the occlusion order in the driver-centered view.",medium,no
error-0020,IhCQUucY59I_5_0_02_40_639_to_0_03_00_680.mp4,archived_workspace/experiments/perception_control/work/single_probe_200_contact_sheets/pc-0527.jpg,6,Egocentric vs. Allocentric Reference Frames,Human-Centric,Single-Choice,"[Single-Choice] From the perspective of the rower seated at the very front of the boat, in which direction is the chase boat that is following them located? [Options] A) Directly in front of her. B) Directly behind her. C) To her left. D) To her right.",C,B) Directly behind her.,entity,[Single-Choice] What is visible aboard the motorboat near the rowing shell? [Options] A) A large sail B) Several people C) Stacked cargo boxes D) An empty deck,B,B) Several people,True,perspective_reference_frame,spatiotemporal_grounding,"20-frame full-duration sheet: the chase motorboat follows behind the rowing shell in world coordinates, but the front rower faces opposite the shell's travel direction; from her seated perspective the boat falls to her left rather than directly behind.",medium,no
error-0021,TVPLbXI1fR8_10_0_02_28_982_to_0_03_03_182.mp4,archived_workspace/experiments/perception_control/work/single_probe_200_contact_sheets/pc-0247.jpg,3,Action and Intent-Driven Spatial Reasoning,Human-Centric,Single-Choice,"[Single-Choice] To open the transom door, what is the correct sequence of spatial operations performed on the latch and door? [Options] A) The handle is pushed up, then the door is pulled outward. B) The handle is rotated clockwise, then the door is pushed outward. C) The handle is pulled downward, then the door is pushed inward. D) The door is pushed inward first, which releases the handle.",A,"B) The handle is rotated clockwise, then the door is pushed outward.",entity,[Single-Choice] Which human body part is visibly present near the boat hardware? [Options] A) A hand B) A foot C) A knee D) A head,A,A) A hand,True,spatiotemporal_grounding,perception_recognition,"20-frame full-duration sheet: the hand first lifts the transom latch handle and then pulls the released door outward; the answer substitutes a clockwise rotation and outward push, reversing the observed operation sequence and direction.",high,no
error-0022,WPTAA4RdksE_40_0_08_53_499_to_0_09_10_483.mp4,archived_workspace/experiments/perception_control/work/single_probe_200_contact_sheets/pc-0462.jpg,5,Object Deformation and State Transition,Human-Centric,Multiple-Select,[Multiple-Select] Which of the following spatial properties of the large green fabric are visibly changed by the person's folding action? (Select all that apply) [Options] A) Its total surface area. B) Its thickness in the folded region. C) The number of layers presented to the pattern. D) Its overall shape from a top-down view.,"B, C, D",BCD,entity,[Single-Choice] Which object is visible beneath the materials being handled? [Options] A) A wooden dining table B) A metal baking tray C) A blue ironing board D) A green gridded cutting mat,D,D) A green gridded cutting mat,True,protocol_or_parsing,,"20-frame full-duration sheet: folding visibly increases local thickness and layer count and changes the top-down shape; the model response 'BCD' selects exactly the three gold options, so the recorded error is attributable to response normalization or parsing.",high,no
error-0023,v9lTwOyEhd8_31_0_09_28_559_to_0_09_41_480.mp4,archived_workspace/experiments/perception_control/work/single_probe_200_contact_sheets/pc-0262.jpg,3,Action and Intent-Driven Spatial Reasoning,Human-Centric,Multiple-Select,"[Multiple-Select] In the second scene, the person wraps the rope around the silver winch. What is the spatial and mechanical purpose of this preparatory action? (Select all that apply)
[Options]
A) To use the friction between the rope and the winch drum to hold tension.
B) To engage the rope with a rotating mechanism that provides a mechanical advantage.
C) To guide the rope in a straight line toward the front of the boat.
D) To prepare to tie a knot, securing the rope to the winch.","A, B",A,action_event,[Single-Choice] Does the person stand beside a small boat on land before or after the man in sunglasses gestures near docked boats? [Options] A) After the gesturing near docked boats B) At the same time as the gesturing C) Before the gesturing near docked boats D) It is not shown,C,A) After the gesturing near docked boats,False,action_goal_binding,perception_recognition,20-frame full-duration sheet: the rope is wrapped around the silver winch drum to create friction and engage the mechanical winding system; selecting only friction omits the visible mechanism-related purpose.,high,no
error-0024,Y2NywKtqQdI_2_0_00_13_533_to_0_01_05_700.mp4,archived_workspace/experiments/perception_control/work/single_probe_200_contact_sheets/pc-0457.jpg,5,Object Deformation and State Transition,Human-Centric,Multiple-Select,"[Multiple-Select] During the man's transition from a seated to a standing position, which of these spatial changes occur? (Select all that apply) [Options] A) The vertical distance between the man's head and the kayak's floor increases. B) The selfie stick moves from a position angled upwards from his lap to a position held vertically in front of his torso. C) The paddle, resting on his left, is moved to the back of the kayak. D) His feet are repositioned from the angled footrests to the flat central floor.","A,B,D","A) The vertical distance between the man's head and the kayak's floor increases.
B) The selfie stick moves from a position angled upwards from his lap to a position held vertically in front of his torso.
C) The paddle, resting on his left, is moved to the back of the kayak.
D) His feet are repositioned from the angled footrests to the flat central floor.",action_event,[Single-Choice] Which action occurs before the man stands upright on the kayak? [Options] A) He braces a hand on the kayak rim. B) He kneels with both knees on the deck. C) He lies back across the seat. D) He raises both arms overhead.,A,B) He kneels with both knees on the deck.,False,spatiotemporal_grounding,perception_recognition,"20-frame full-duration sheet: across the seated-to-standing transition the man's head rises, the selfie stick becomes upright, and his feet reposition, while the paddle remains alongside rather than moving behind the kayak; the answer incorrectly includes that non-occurring change.",high,no
error-0025,UrABBEA_R0Y_25_0_07_05_124_to_0_07_27_380.mp4,archived_workspace/experiments/perception_control/work/single_probe_200_contact_sheets/pc-0038.jpg,1,Object Permanence and Occlusion Tracking,Human-Centric,Single-Choice,"[Single-Choice] Immediately after the surfer emerges from the large splash of water at 0:14, what is the orientation of the surfboard relative to the overall direction of the wave's movement towards the shore? [Options] A) It is mostly perpendicular, pointing towards the shore. B) It is parallel, pointing along the wave's face. C) It is angled backwards, away from the shore. D) The board is completely submerged and not visible.",D,"B) It is parallel, pointing along the wave's face.",simple_relation,[Single-Choice] Where is the foamy whitewater relative to the darker green wave face? [Options] A) Above the darker green wave face B) Left of the darker green wave face C) Right of the darker green wave face D) Below the darker green wave face,D,D) Below the darker green wave face,True,spatiotemporal_grounding,perception_recognition,"20-frame full-duration sheet: immediately after the large splash around 0:14 the surfboard is occluded/submerged, becoming visible again only later; the answer applies a later parallel-board state to the specified immediate moment.",medium,no
error-0026,Zj70SP5RI7U_11_0_01_16_376_to_0_01_31_157.mp4,archived_workspace/experiments/perception_control/work/single_probe_200_contact_sheets/pc-0159.jpg,2,Dynamic Spatial Relationships,Human-Centric,True/False,"[True/False] During the trick, the skateboard completes a full 360-degree horizontal rotation before the person's feet land back on it.",True,False,simple_relation,[Single-Choice] Where is the person relative to the tall buildings in the background? [Options] A) In front of the buildings B) Behind the buildings C) On top of the buildings D) Inside the buildings,A,A) In front of the buildings,True,spatiotemporal_grounding,perception_recognition,20-frame full-duration sheet: the board changes horizontal orientation through the airborne trick and returns beneath the rider before landing; the false answer misses the complete rotation across time.,medium,no
error-0027,JXeuauaocHE_113_0_10_36_080_to_0_10_49_759.mp4,archived_workspace/experiments/perception_control/work/single_probe_200_contact_sheets/pc-0128.jpg,2,Dynamic Spatial Relationships,Object-Centric,Single-Choice,"[Single-Choice] Observing the white line on the road during the last three seconds of the video, what is its direction of movement relative to the car's body? [Options] A) It moves towards the left side of the screen. B) It moves closer to the car, towards the bottom-right of the screen. C) It remains in a static position relative to the car. D) It moves directly away from the car.",B,C) It remains in a static position relative to the car.,action_event,[Single-Choice] Which event happens before the concrete wall comes into view? [Options] A) Green trees and bushes pass by. B) Parked cars pass by. C) A tunnel entrance passes by. D) A city skyline passes by.,A,A) Green trees and bushes pass by.,True,spatiotemporal_grounding,perspective_reference_frame,20-frame full-duration sheet: during the final seconds the road line flows rearward and toward the lower-right relative to the fixed red car body; the answer incorrectly treats it as car-fixed.,high,no
error-0028,kneXuHEHE4A_3_0_00_26_726_to_0_00_53_019.mp4,archived_workspace/experiments/perception_control/work/single_probe_200_contact_sheets/pc-0567.jpg,6,Egocentric vs. Allocentric Reference Frames,Human-Centric,Fill-in-the-Blank,"[Fill-in-the-Blank] From the perspective of the player sitting on the bench in the background, the green team's celebration huddle occurs on the ______ side of the soccer field.",right,left,simple_relation,"[Single-Choice] In the camera view, where is the seated purple player relative to the white corner flag? [Options] A) To the right of the flag. B) To the left of the flag. C) Directly below the flag. D) On the field side of the flag.",B,D) On the field side of the flag.,False,perspective_reference_frame,perception_recognition,20-frame full-duration sheet: the celebration huddle is on the bench player's right-hand side of the field; the answer maps image/world left-right without preserving the seated player's viewpoint.,medium,no
error-0029,N1rs6Sf2x3Y_37_0_17_12_990_to_0_17_43_353.mp4,archived_workspace/experiments/perception_control/work/single_probe_200_contact_sheets/pc-0515.jpg,6,Egocentric vs. Allocentric Reference Frames,Human-Centric,True/False,"[True/False] From the moment the group of four pedestrians becomes fully visible, they are always positioned to the allocentric left of the yellow car.",False,"True.

Answer: True",action_event,[Single-Choice] What is the yellow car doing as the camera approaches it? [Options] A) Driving toward the camera B) Turning across the street C) Parked along the roadside D) Reversing into traffic,C,C) Parked along the roadside,True,spatiotemporal_grounding,perspective_reference_frame,20-frame full-duration sheet: the pedestrian group and yellow parked car change their left-right ordering as the moving camera passes them; 'always left' fails over the full visible interval.,high,no
error-0030,ZkJgqKAYywE_22_0_04_13_439_to_0_04_23_800.mp4,archived_workspace/experiments/perception_control/work/single_probe_200_contact_sheets/pc-0160.jpg,2,Dynamic Spatial Relationships,Object-Centric,Single-Choice,"[Single-Choice] As the camera pans right, how does the perceived spatial relationship between the small arched section of the track and the large white-tarped structure change? [Options] A) The arched section moves from being below the white structure to being above it. B) The arched section moves from being to the right of the white structure to being directly in front of it. C) The white structure moves from being behind the arched section to being beside it. D) The arched section and the white structure maintain a fixed side-by-side position.",A,C) The white structure moves from being behind the arched section to being beside it.,action_event,"[Single-Choice] Near the end, what is the camera view passing alongside? [Options] A) A row of parked cars B) A wooden roller coaster framework C) A water slide tower D) A chain-link fence line",B,B) A wooden roller coaster framework,True,perspective_reference_frame,spatiotemporal_grounding,20-frame full-duration sheet: the rightward pan changes the projected vertical relation of the foreground arched track and the white-tarped structure; the answer instead describes a behind-to-beside depth change.,medium,no
error-0031,k2GjZH0EdTE_20_0_06_19_245_to_0_06_37_230.mp4,archived_workspace/experiments/perception_control/work/single_probe_200_contact_sheets/pc-0276.jpg,3,Action and Intent-Driven Spatial Reasoning,Human-Centric,Single-Choice,"[Single-Choice] Based on the horse's trajectory across the field, what is the rider's immediate goal? [Options] A) To head towards the parked vehicles. B) To navigate towards the line of trees in the background. C) To jump over the wooden table-like obstacle. D) To circle back to the top of the hill.",C,B) To navigate towards the line of trees in the background.,action_event,"[Single-Choice] At the beginning of the event, what is the horse doing? [Options] A) Standing beside the rider B) Grazing with its head down C) Cantering with the rider aboard D) Jumping over a fence",C,C) Cantering with the rider aboard,True,action_goal_binding,spatiotemporal_grounding,20-frame full-duration sheet: the horse's path converges directly on the wooden table obstacle and the rider clears it at the end; the answer binds the trajectory to the distant tree line.,high,no
error-0032,NmImpLawyDg_4_0_02_41_340_to_0_02_52_717.mp4,archived_workspace/experiments/perception_control/work/single_probe_200_contact_sheets/pc-0115.jpg,2,Dynamic Spatial Relationships,Object-Centric,Single-Choice,"[Single-Choice] During the camera's upward pan, what is the apparent change in the position of the blue star-shaped light in the foreground relative to the red and white star-shaped light behind it? [Options] A) The blue light moves from being below the red light to being above it. B) The blue light appears to move further down and to the left relative to the red light. C) The two lights maintain a fixed spatial relationship to each other in the frame. D) The blue light moves from being to the left of the red light to its right.",C,A) The blue light moves from being below the red light to being above it.,simple_relation,[Single-Choice] Where is the red teardrop-shaped ornament positioned relative to the red-and-white star decoration? [Options] A) lower left of it B) upper right of it C) upper left of it D) lower right of it,D,D) lower right of it,True,perspective_reference_frame,spatiotemporal_grounding,20-frame full-duration sheet: the blue foreground star and red-white star are fixed decorations and retain their relative arrangement during the shared upward camera pan; the answer invents a relative crossing.,high,no
error-0033,vIm1Ave5FVw_44_0_11_04_797_to_0_11_20_346.mp4,archived_workspace/experiments/perception_control/work/single_probe_200_contact_sheets/pc-0200.jpg,2,Dynamic Spatial Relationships,Human-Centric,True/False,[True/False] The person's head goes below the surface of the water as the wave passes over them.,True,False,entity,[Single-Choice] Which item is visible on the person? [Options] A) A bright life jacket B) A white helmet C) A striped shirt D) A dark wetsuit,D,D) A dark wetsuit,True,perception_recognition,spatiotemporal_grounding,20-frame full-duration sheet: the breaking wave covers the person's head around 0:08-0:10 before the head reappears; the negative answer misses the visible submergence event.,high,no
error-0034,iIpRKgC-9pw_42_0_08_15_662_to_0_08_32_312.mp4,archived_workspace/experiments/perception_control/work/single_probe_200_contact_sheets/pc-0587.jpg,6,Egocentric vs. Allocentric Reference Frames,Human-Centric,Single-Choice,"[Single-Choice] Relative to the car's frame of reference, which description best captures the initial motion of the armrest as it moves from its stowed to its deployed position? [Options] A) It pivots downwards and towards the front of the car. B) It slides horizontally forward from the seatback. C) It pivots downwards and towards the rear of the car. D) It rotates sideways from the seat cushion.",A,C) It pivots downwards and towards the rear of the car.,entity,[Single-Choice] Which item is visible on the rear seat cushion? [Options] A) Blue water bottle B) Black smartphone C) White paper cup D) Red seat belt buckle,D,D) Red seat belt buckle,True,perspective_reference_frame,perception_recognition,20-frame full-duration sheet: the rear-seat armrest pivots down from the seatback toward the car's front; the answer reverses front and rear in the vehicle-centered frame.,high,no
error-0035,iOFJq-ylyT4_4_0_01_12_439_to_0_01_27_353.mp4,archived_workspace/experiments/perception_control/work/single_probe_200_contact_sheets/pc-0087.jpg,1,Object Permanence and Occlusion Tracking,Human-Centric,True/False,"[True/False] From the camera's final viewpoint showing the side of the car, the driver's side front wheel is completely occluded.",True,No,action_event,"[Single-Choice] Before the man stands apart from the car near the bushes, what does he do? [Options] A) He opens a car door. B) He kneels beside a wheel. C) He enters the car. D) He walks beside the car.",D,D,True,perception_recognition,spatiotemporal_grounding,20-frame full-duration sheet: in the final side view the driver's front wheel is outside/fully occluded from the camera view while the rear wheel remains visible; the negative answer contradicts the final frame state.,high,no
error-0036,Fh9NSGL42aU_27_0_04_54_500_to_0_05_12_566.mp4,archived_workspace/experiments/perception_control/work/single_probe_200_contact_sheets/pc-0026.jpg,1,Object Permanence and Occlusion Tracking,Human-Centric,True/False,"[True/False] During the camera's pan towards the group of people, the man wearing a black shirt and sunglasses is, at one point, completely hidden from view behind the man in the grey t-shirt.",False,True,entity,[Single-Choice] Which object is visible leaning against a camper vehicle near the people? [Options] A) A bicycle B) A surfboard C) A shopping cart D) A ladder,D,D) A ladder,True,spatiotemporal_grounding,perception_recognition,"20-frame full-duration sheet: as the camera pans into the group, the black-shirted man remains at least partly visible beside the grey-shirted man; the answer incorrectly marks a moment of complete occlusion.",medium,no
error-0037,JH6vsa0twcA_41_0_08_54_133_to_0_09_04_533.mp4,archived_workspace/experiments/perception_control/work/single_probe_200_contact_sheets/pc-0053.jpg,1,Object Permanence and Occlusion Tracking,Human-Centric,Single-Choice,"[Single-Choice] As the car moves up the curved ramp, which background element is the last to be completely hidden behind the solid white wall on the left? [Options] A) The white sedan parked on the far left of the distant lot. B) The dark SUV parked in the middle of the distant lot. C) The trees on the far right of the distant lot. D) The building behind the distant lot.",A,C,action_event,"[Single-Choice] Near the end of the event, what is the car doing near the open gate? [Options] A) Driving forward toward the open gate B) Backing away from the open gate C) Parking beside the open gate D) Making a U-turn near the open gate",A,A) Driving forward toward the open gate,True,spatiotemporal_grounding,perception_recognition,"20-frame full-duration sheet: as the car climbs and the wall rises across the distant lot, the far-left white sedan remains visible after the central SUV/right trees are hidden; the answer loses the occlusion order.",medium,no
error-0038,sSy9TvBC92o_15_0_01_39_519_to_0_01_58_920.mp4,archived_workspace/experiments/perception_control/work/single_probe_200_contact_sheets/pc-0452.jpg,5,Object Deformation and State Transition,Human-Centric,Multiple-Select,"[Multiple-Select] The snake actively deforms its body to grip the man's arm. Which of the following spatial configurations are created by this deformation? (Select all that apply) [Options] A) Multiple circular coils wrapped around the forearm. B) A single loop running lengthwise along the other coils. C) A complex, overlapping mass where the body crosses over itself multiple times. D) A straight, rigid line along the top of the man's arm.","A,B,C",AC,simple_relation,"[Single-Choice] How is the man's raised forearm oriented near his chest? [Options] A) Upright, with the hand above the elbow B) Horizontal, with the hand level with the elbow C) Downward, with the hand below the elbow D) Straight outward, pointing toward the camera",A,"B) Horizontal, with the hand level with the elbow",False,perception_recognition,spatiotemporal_grounding,"20-frame full-duration sheet: the snake forms multiple forearm coils, crossing overlaps, and a longitudinal loop along the coiled mass; selecting only A and C omits the visible B configuration.",high,no
error-0039,IhCQUucY59I_5_0_02_40_639_to_0_03_00_680.mp4,archived_workspace/experiments/perception_control/work/single_probe_200_contact_sheets/pc-0527.jpg,6,Egocentric vs. Allocentric Reference Frames,Human-Centric,Single-Choice,"[Single-Choice] From the perspective of the rower seated at the very front of the boat, in which direction is the chase boat that is following them located? [Options] A) Directly in front of her. B) Directly behind her. C) To her left. D) To her right.",C,B) Directly behind her.,entity,[Single-Choice] What is visible aboard the motorboat near the rowing shell? [Options] A) A large sail B) Several people C) Stacked cargo boxes D) An empty deck,B,B) Several people,True,perspective_reference_frame,spatiotemporal_grounding,"20-frame full-duration sheet: the chase boat follows the shell in world coordinates, but the front rower is oriented opposite travel; the answer uses boat/world behind rather than the rower's left-relative direction.",medium,no
error-0040,_4dgPq-hqQY_38_0_05_11_133_to_0_05_21_800.mp4,archived_workspace/experiments/perception_control/work/single_probe_200_contact_sheets/pc-0366.jpg,4,Predictive and Counterfactual Spatial Reasoning,Object-Centric,Single-Choice,"[Single-Choice] If the SUV had continued on its initial trajectory without turning right, what would it have moved towards? [Options] A) The white mailbox post on the right side of the road. B) The house with the brown roof visible in the background. C) The driveway of the house on the immediate left. D) The curb directly in front of the camera's viewpoint.",C,D) The curb directly in front of the camera's viewpoint.,entity,[Single-Choice] What surface is visible bordering the paved roadway? [Options] A) Deep snow B) Loose sand C) Red brick paving D) Green grass,D,D) Green grass,True,physical_prediction_counterfactual,perspective_reference_frame,"20-frame full-duration sheet: before turning right, the SUV's initial straight path projects toward the left-side driveway/road continuation rather than the foreground curb; the answer misprojects the no-turn trajectory.",medium,no
error-0041,j7XGRgoCYo0_75_0_10_05_372_to_0_10_27_827.mp4,archived_workspace/experiments/perception_control/work/single_probe_200_contact_sheets/pc-0442.jpg,5,Object Deformation and State Transition,Object-Centric,Multiple-Select,"[Multiple-Select] Based on the visual evidence of the skull's transformation, which of the following physical changes occur? (Select all that apply) [Options] A) The material transitions from a rigid solid to a viscous semi-liquid. B) The object's volume significantly increases. C) The defined anatomical features collapse into an undefined shape. D) The material changes color from white to clear.","A,C","A, B, C",simple_relation,[Single-Choice] Where is the small white bottle positioned relative to the skull as liquid is poured? [Options] A) Below the skull B) Above the skull C) Beside the skull D) In front of the skull,B,B) Above the skull,True,perception_recognition,physical_prediction_counterfactual,"20-frame full-duration sheet: the rigid skull collapses into a viscous undefined mass, but its material spreads rather than showing a supported significant volume increase; the answer adds unsupported option B.",high,no
error-0042,F_Y2Kg1_W3Q_58_0_09_44_684_to_0_09_54_994.mp4,archived_workspace/experiments/perception_control/work/single_probe_200_contact_sheets/pc-0529.jpg,6,Egocentric vs. Allocentric Reference Frames,Human-Centric,True/False,"[True/False] Relative to the scooter's deck, the person initiates the handlebar spin by pushing their right hand forward and pulling their left hand backward.",True,False,action_event,"[Single-Choice] Near the beginning, what does the person do with one foot on the pavement? [Options] A) Kicks a ball across the pavement B) Steps onto the grass C) Pushes off to move the scooter D) Jumps with both feet together",C,C) Pushes off to move the scooter,True,perspective_reference_frame,perception_recognition,20-frame full-duration sheet: the rider initiates the bar spin with opposite fore-aft hand motions relative to the scooter deck; the false answer fails the deck-centered right/left hand direction.,medium,no
error-0043,FDMxA941dVE_64_0_08_46_292_to_0_08_56_869.mp4,archived_workspace/experiments/perception_control/work/single_probe_200_contact_sheets/pc-0318.jpg,4,Predictive and Counterfactual Spatial Reasoning,Human-Centric,Single-Choice,"[Single-Choice] If the kitesurfer were to immediately make a sharp 90-degree turn to their left, what would be their new direction of travel relative to the landmarks? [Options] A) Directly towards the beach with palm trees. B) Parallel to the line of wooden posts, but moving away from the pier. C) Directly towards the large white dome. D) Towards the open sea, away from the shoreline.",D,"B) Parallel to the line of wooden posts, but moving away from the pier.",simple_relation,[Single-Choice] Where is the row of wooden posts relative to the kitesurfer in the view? [Options] A) Farther out toward open sea B) Directly underneath the board C) Beside him at the same depth D) Farther back near the shoreline,D,D) Farther back near the shoreline,True,perspective_reference_frame,physical_prediction_counterfactual,"20-frame full-duration sheet: the shoreline/posts lie behind the kitesurfer; rotating the rider's current heading 90 degrees to his own left points toward open sea, not parallel to the posts.",high,no
error-0044,Xg9VRoWYh0E_60_0_12_29_782_to_0_12_48_033.mp4,archived_workspace/experiments/perception_control/work/single_probe_200_contact_sheets/pc-0550.jpg,6,Egocentric vs. Allocentric Reference Frames,Human-Centric,True/False,"[True/False] From the initial forward-facing viewpoint, the trolling motor is in front of the camera, but from the final viewpoint focused on the driver, the trolling motor is behind the camera.",False,True,action_event,[Single-Choice] Does the tree-covered shoreline on the left appear before or after the man in the blue cap is shown holding the steering wheel? [Options] A) After B) At the same moment C) Before D) One event is not visible,C,A) After,False,perspective_reference_frame,spatiotemporal_grounding,20-frame full-duration sheet: the trolling motor remains at the boat's bow while the camera pans from forward view to the driver; changing camera orientation does not place the motor behind the camera as claimed.,medium,no
error-0045,LSlhkLImq8U_2_0_01_22_449_to_0_02_30_283.mp4,archived_workspace/experiments/perception_control/work/single_probe_200_contact_sheets/pc-0227.jpg,3,Action and Intent-Driven Spatial Reasoning,Human-Centric,True/False,"[True/False] In the first minute of the video, every time the person walking the dog comes to a complete stop, the dog sits.",True,False,action_event,[Single-Choice] Which event occurs before the person and dog cross a more open part of the plaza? [Options] A) They climb the steps together. B) They walk into the water. C) They stand beside a bicycle. D) They pass beside a large crowd.,D,A) They climb the steps together.,False,spatiotemporal_grounding,perception_recognition,"20-frame full-duration sheet: over the full first-minute sample, each clearly captured complete stop of the walker is accompanied by the dog sitting; no counterexample is visible. The 20-frame full-duration sheet may miss brief stop boundaries.",low,no
error-0046,eeJWtwV5OzA_28_0_05_18_100_to_0_05_28_800.mp4,archived_workspace/experiments/perception_control/work/single_probe_200_contact_sheets/pc-0018.jpg,1,Object Permanence and Occlusion Tracking,Human-Centric,Multiple-Select,"[Multiple-Select] As the man walks from the doorway to the red car, which vehicle in the background is temporarily hidden from view by his body? [Options] A) The grey Land Rover. B) The small black Smart car. C) The blue sedan. D) The white convertible.",B.C.D,B) The small black Smart car.,entity,[Single-Choice] Which accessory is visible around the walking man's neck? [Options] A) A bright green lanyard B) A red scarf C) A black tie D) A blue headset,A,A) A bright green lanyard,True,spatiotemporal_grounding,perception_recognition,"20-frame full-duration sheet: as the man crosses from the doorway to the red car, his body successively occludes the black Smart car, blue sedan, and white convertible; the response records only the first of the three.",high,no
error-0047,VO_W9H4ReyM_8_0_02_11_731_to_0_02_23_143.mp4,archived_workspace/experiments/perception_control/work/single_probe_200_contact_sheets/pc-0230.jpg,3,Action and Intent-Driven Spatial Reasoning,Human-Centric,Single-Choice,"[Single-Choice] Based on the rider's control and the horse's path, what is the primary spatial objective of the maneuver shown? [Options] A) To approach the jump on the right side of the screen. B) To move the horse sideways across the arena while maintaining a forward direction. C) To make the horse back up towards the building. D) To circle around the jump on the left.",B,A) To approach the jump on the right side of the screen.,action_event,[Single-Choice] Does the horse move through the open middle before or after it reaches the far hedge? [Options] A) Before it reaches the far hedge. B) After it reaches the far hedge. C) While reaching the far hedge. D) It never reaches the far hedge.,A,B) After it reaches the far hedge.,False,action_goal_binding,spatiotemporal_grounding,"20-frame full-duration sheet: the rider controls a lateral, side-passing path across the arena while retaining forward motion and does not approach the right-side jump; the answer binds the maneuver to the wrong target.",high,no
error-0048,UEvDE_9rlSY_18_0_03_30_233_to_0_03_42_533.mp4,archived_workspace/experiments/perception_control/work/single_probe_200_contact_sheets/pc-0341.jpg,4,Predictive and Counterfactual Spatial Reasoning,Human-Centric,Single-Choice,"[Single-Choice] Assuming the watercraft continues on its current path without turning, what will its position be relative to the group of trees on the land in the next few seconds? [Options] A) It will be directly in front of the trees, having landed on the shore. B) It will have passed the trees, with the trees now on its right side. C) It will have turned away, with the trees getting smaller in the distance. D) It will be stationary in its current position.",A,"B) It will have passed the trees, with the trees now on its right side.",simple_relation,[Single-Choice] Where is the green sail relative to the tree group? [Options] A) Above and to the right B) Above and to the left C) Below and to the right D) Below and to the left,A,A) Above and to the right,True,physical_prediction_counterfactual,spatiotemporal_grounding,20-frame full-duration sheet: the watercraft's maintained heading converges on the shoreline/tree group; continuing straight leads to the shore in front of the trees rather than already passing them to the right.,medium,no
error-0049,U_77ItXKYDs_29_0_05_43_933_to_0_05_54_033.mp4,archived_workspace/experiments/perception_control/work/single_probe_200_contact_sheets/pc-0126.jpg,2,Dynamic Spatial Relationships,Human-Centric,Multiple-Select,"[Multiple-Select] At the end of the video, the woman brings both hands down to adjust the bottom of the shirt. Which of the following spatial relationships change during this specific action? (Select all that apply) [Options] A) The distance between her right hand and her left hand. B) The distance between her left hand and the red mug. C) The orientation of the paintbrush relative to the table surface. D) The position of the green foam sheet relative to the table.","A,B,C",AB,simple_relation,"[Single-Choice] Relative to the green foam sheet, where is the red mug located? [Options] A) To its left B) To its right C) Directly above it D) Under it",A,A,True,spatiotemporal_grounding,perception_recognition,"20-frame full-duration sheet: during the final shirt adjustment the hands move closer/change separation, the left hand shifts relative to the red mug, and the held paintbrush changes orientation relative to the tabletop; the answer omits C.",high,no
error-0050,QnBZWeo5H28_14_0_02_09_996_to_0_02_31_384.mp4,archived_workspace/experiments/perception_control/work/single_probe_200_contact_sheets/pc-0054.jpg,1,Object Permanence and Occlusion Tracking,Human-Centric,True/False,"[True/False] During the camera's pan to the right, the covered structure on the pier moves in front of the small, white chapel-like building from the camera's viewpoint, but the chapel remains at least partially visible throughout this transit.",True,No,action_event,"[Single-Choice] When the sandy beach is prominent, what are the two people doing? [Options] A) Walking on the sand B) Swimming in the water C) Sitting in lounge chairs D) Climbing onto the pier",A,A,True,spatiotemporal_grounding,perception_recognition,20-frame full-duration sheet: during the rightward pan the dark covered pier structure passes in front of the small white chapel-like building while part of the chapel remains visible throughout; the negative answer misses this occlusion relation.,high,no
error-0051,ZHamsk3qcvM_2_0_01_47_541_to_0_03_16_708.mp4,archived_workspace/experiments/perception_control/work/single_probe_200_contact_sheets/pc-0572.jpg,6,Egocentric vs. Allocentric Reference Frames,Human-Centric,Multiple-Select,"[Multiple-Select] The camera moves along with the boats. From the camera's moving perspective, which of these appear to move from the right side of the screen towards the left side? (Select all that apply) [Options] A) The rowers in the white foreground boat. B) The white tents on the riverbank. C) The yellow competing boat. D) The trees on the riverbank.","B, D","A, C, D",action_event,[Single-Choice] Which statement correctly describes whether the large England flag appears before or after the brick riverside building? [Options] A) The brick building appears before the flag appears. B) The flag and brick building first appear together. C) Neither the flag nor brick building appears. D) The flag appears before the brick building appears.,D,D) The flag appears before the brick building appears.,True,perspective_reference_frame,spatiotemporal_grounding,"20-frame full-duration sheet: because the camera tracks the boats, stationary riverbank tents and trees sweep right-to-left while the foreground white and yellow boats remain approximately camera-locked; the response reverses moving-camera foreground/background behavior.",high,no
error-0052,lVoflPzlZRU_27_0_09_08_514_to_0_09_35_675.mp4,archived_workspace/experiments/perception_control/work/single_probe_200_contact_sheets/pc-0474.jpg,5,Object Deformation and State Transition,Human-Centric,Fill-in-the-Blank,"[Fill-in-the-Blank] To transition the wheel from a locked to an unlocked state, the man must pivot the three red levers ______ from the face of the wheel's hub.",outward,inward,action_event,[Single-Choice] What happens before the man kneels beside the rear wheel? [Options] A) He opens a cabinet door. B) He walks around the bicycle. C) He removes the saddle. D) He rides the bicycle away.,B,C) He removes the saddle.,False,perception_recognition,spatiotemporal_grounding,20-frame full-duration sheet: the three red hub levers visibly pivot away from the wheel face to release the lock; the answer reverses the directly shown lever direction.,high,no
error-0053,Ud7XHwfD6ls_94_0_12_11_230_to_0_12_21_907.mp4,archived_workspace/experiments/perception_control/work/single_probe_200_contact_sheets/pc-0547.jpg,6,Egocentric vs. Allocentric Reference Frames,Human-Centric,Single-Choice,"[Single-Choice] As the camera moves backward, it reveals a main building and a smaller, dark-roofed shed to its left. From a bird's-eye perspective, what is located directly between these two structures? [Options] A) A wooden fence . B) Two children skating in a circle. C) A large snowbank with a trash can on top. D) A black metal fire pit.",A,D,entity,[Single-Choice] Who is visible closest to the camera? [Options] A) A woman wearing sunglasses B) A child holding hockey sticks C) A dog pulling a sled D) A man riding a bicycle,A,A) A woman wearing sunglasses,True,perspective_reference_frame,perception_recognition,"20-frame full-duration sheet: as the camera retreats, the main building and left dark-roofed shed are revealed with a wooden fence occupying the space between them; the fire pit is in a different foreground location.",medium,no
error-0054,WPTAA4RdksE_40_0_08_53_499_to_0_09_10_483.mp4,archived_workspace/experiments/perception_control/work/single_probe_200_contact_sheets/pc-0462.jpg,5,Object Deformation and State Transition,Human-Centric,Multiple-Select,[Multiple-Select] Which of the following spatial properties of the large green fabric are visibly changed by the person's folding action? (Select all that apply) [Options] A) Its total surface area. B) Its thickness in the folded region. C) The number of layers presented to the pattern. D) Its overall shape from a top-down view.,"B, C, D",B) Its thickness in the folded region.,entity,[Single-Choice] Which object is visible beneath the materials being handled? [Options] A) A wooden dining table B) A metal baking tray C) A blue ironing board D) A green gridded cutting mat,D,D) A green gridded cutting mat,True,perception_recognition,spatiotemporal_grounding,"20-frame full-duration sheet: folding the green fabric increases local thickness, creates multiple layers, and changes its top-down outline; selecting only thickness omits the visible layer and shape changes.",high,no
error-0055,PbiwvryfH94_27_0_10_50_999_to_0_12_30_624.mp4,archived_workspace/experiments/perception_control/work/single_probe_200_contact_sheets/pc-0015.jpg,1,Object Permanence and Occlusion Tracking,Human-Centric,True/False,[True/False] The person in the purple shirt who walks past the woman in the grey vest is completely hidden from view by her at some point before exiting the frame.,True,False,entity,[Single-Choice] Which object is visible beside the woman near the walkway? [Options] A) A wooden bench B) A metal railing C) A parked bicycle D) A beach umbrella,B,B) A metal railing,True,spatiotemporal_grounding,perception_recognition,20-frame full-duration sheet: the purple-shirted passer crosses directly behind the grey-vested woman and is completely occluded at the overlap before reappearing/exiting; the negative answer misses the transient occlusion.,medium,no
error-0056,MUbr53dyrak_22_0_07_02_639_to_0_07_28_079.mp4,archived_workspace/experiments/perception_control/work/single_probe_200_contact_sheets/pc-0022.jpg,1,Object Permanence and Occlusion Tracking,Object-Centric,True/False,"[True/False] The wooden pier with the thatched roof moves from the left side of the frame to the right, and as it does, it continuously occludes a new portion of the beach behind it.",True,False,simple_relation,[Single-Choice] Where is the sandy beach relative to the line of palm trees? [Options] A) Behind the palm trees B) Above the palm trees C) In front of the palm trees D) Below the water,C,C) In front of the palm trees,True,spatiotemporal_grounding,perspective_reference_frame,20-frame full-duration sheet: during the camera transit the thatched pier shifts from frame-left to frame-right and its silhouette successively covers different beach/palm regions; the negative answer misses the continuous occlusion change.,high,no
error-0057,svE6_cYXDXA_31_0_03_25_505_to_0_03_41_554.mp4,archived_workspace/experiments/perception_control/work/single_probe_200_contact_sheets/pc-0373.jpg,4,Predictive and Counterfactual Spatial Reasoning,Human-Centric,Single-Choice,"[Single-Choice] If the rider failed to navigate the first significant curve and continued in a straight line, what would be the immediate spatial consequence? [Options] A) They would travel off the steep edge to the left of the road. B) They would ride directly into the uphill embankment. C) They would enter the patch of green trees on the right. D) They would safely continue onto a different path.",B,A) They would travel off the steep edge to the left of the road.,action_event,[Single-Choice] What is the person on the motorcycle doing near the bushes? [Options] A) Standing still beside the bike B) Leaning the bike while moving C) Pushing the bike uphill D) Lifting the bike onto a truck,B,B) Leaning the bike while moving,True,physical_prediction_counterfactual,spatiotemporal_grounding,"20-frame full-duration sheet: the rider approaches a significant bend with the uphill dirt embankment lying on the straight-line continuation; failing to steer would carry the bike into that bank, not over the left edge.",high,no
error-0058,NkFI7LBA8N4_22_0_03_36_382_to_0_03_48_127.mp4,archived_workspace/experiments/perception_control/work/single_probe_200_contact_sheets/pc-0014.jpg,1,Object Permanence and Occlusion Tracking,Object-Centric,True/False,"[True/False] The dark sedan that drives from left to right passes in front of the yellow car, temporarily occluding it from view.",False,True,action_event,"[Single-Choice] When the yellow car is visible beside the white tents, what is it doing? [Options] A) Driving forward B) Backing up C) Turning across the lot D) Sitting parked",D,D,True,spatiotemporal_grounding,perception_recognition,20-frame full-duration sheet: the dark sedan traverses left-to-right on a path that does not pass across the yellow car's image footprint; the asserted temporary occlusion is absent.,medium,no
error-0059,Xdn4-pqGD6A_53_0_13_48_285_to_0_14_30_327.mp4,archived_workspace/experiments/perception_control/work/single_probe_200_contact_sheets/pc-0205.jpg,3,Action and Intent-Driven Spatial Reasoning,Human-Centric,Single-Choice,"[Single-Choice] After the second golfer (in the black shirt) putts, what is the final spatial relationship between his ball and the hole compared to its starting position? [Options] A) The ball is closer to the hole. B) The ball is further from the hole. C) The ball is in the same location relative to the hole. D) The ball has moved to the right of the hole.",A,B) The ball is further from the hole.,entity,[Single-Choice] Which object is visible on the putting green near the golfers? [Options] A) A yellow flagstick B) A red tee marker C) A sand rake D) A water hazard sign,A,A) A yellow flagstick,True,spatiotemporal_grounding,action_goal_binding,20-frame full-duration sheet: the black-shirted golfer's ball starts farther from the yellow-flagged hole and finishes visibly nearer after the putt; the answer reverses the start-to-end distance change.,high,no
error-0060,H3NlWOY-eaU_16_0_05_34_801_to_0_06_27_887.mp4,archived_workspace/experiments/perception_control/work/single_probe_200_contact_sheets/pc-0050.jpg,1,Object Permanence and Occlusion Tracking,Object-Centric,True/False,"[True/False] As the ferry moves forward, the view of the small white building on the distant point of land is eventually occluded by the white life raft canisters.",False,True,entity,[Single-Choice] Which background landscape is visible in the scene? [Options] A) dense city skyline B) snowy mountain range C) flat desert dunes D) green forested shoreline,D,D,True,spatiotemporal_grounding,perception_recognition,"20-frame full-duration sheet: as the ferry advances, the life-raft canisters enter the foreground but the distant small white building/landmark remains visible rather than becoming fully covered; the answer invents an occlusion.",medium,no
error-0061,p-b5mQgWPO4_7_0_02_49_202_to_0_03_01_981.mp4,archived_workspace/experiments/perception_control/work/single_probe_200_contact_sheets/pc-0471.jpg,5,Object Deformation and State Transition,Human-Centric,Fill-in-the-Blank,[Fill-in-the-Blank] The procedure shown transforms a single large horizontal loop into two smaller vertical loops by pulling them through the ________ of the knot.,center,[answer] eye,simple_relation,"[Single-Choice] Near the end, which way does the straight loose cord from the central knot point? [Options] A) Upward B) Downward C) Leftward D) Rightward",B,B) Downward,True,benchmark_ambiguity,protocol_or_parsing,20-frame full-duration sheet: the two smaller loops are pulled through the central opening of the knot; 'eye' is a standard spatial synonym for that opening and is semantically compatible with the keyed word 'center'.,high,yes
error-0062,R5lA1ZQzauM_12_0_07_29_399_to_0_08_49_533.mp4,archived_workspace/experiments/perception_control/work/single_probe_200_contact_sheets/pc-0246.jpg,3,Action and Intent-Driven Spatial Reasoning,Human-Centric,Multiple-Select,[Multiple-Select] The operator's intent is to test the drone's 'follow me' capability. Which of the following spatial behaviors are observed in the drone's attempt to follow the operator? (Select all that apply) [Options] A) The drone initially drifts without tracking the operator's movement. B) The drone successfully matches the operator's forward speed perfectly. C) The drone adjusts its position laterally to keep the operator in the camera's view. D) The drone loses significant altitude while attempting to move towards the operator.,"B, C, D","A, C",entity,[Single-Choice] Which object is visible near the bottom foreground of the scene? [Options] A) A bicycle handlebar B) A radio controller C) A camera tripod D) A folding chair,B,B) A radio controller,True,spatiotemporal_grounding,action_goal_binding,"20-frame full-duration sheet: over the follow-me attempt the drone adjusts laterally, advances with the operator, and loses altitude; the response both adds initial non-tracking drift and omits matched forward motion/altitude loss.",medium,no
error-0063,VpbGt1S2_MA_15_0_01_26_553_to_0_01_39_399.mp4,archived_workspace/experiments/perception_control/work/single_probe_200_contact_sheets/pc-0060.jpg,1,Object Permanence and Occlusion Tracking,Human-Centric,True/False,"[True/False] During the moment the white boat (sail number 3412) overtakes the yellow boat, the person steering the yellow boat is completely hidden from the camera's view by the white boat's sail.",False,True,simple_relation,"[Single-Choice] When the white and yellow sailboats pass close together, where is the yellow boat relative to the nearby white sailboat in the view? [Options] A) Behind and to the right B) In front and to the left C) Behind and to the left D) In front and to the right",C,D) In front and to the right,False,spatiotemporal_grounding,perception_recognition,"20-frame full-duration sheet: while sail 3412 overtakes, the yellow-boat helmsman remains at least partly visible around/below the white sail rather than becoming completely hidden; the answer overstates the occlusion.",medium,no
error-0064,D39Xmg7PEew_28_0_05_27_360_to_0_05_43_443.mp4,archived_workspace/experiments/perception_control/work/single_probe_200_contact_sheets/pc-0109.jpg,2,Dynamic Spatial Relationships,Human-Centric,True/False,"[True/False] The trajectory of the fish, as it is being pulled through the water before being lifted, is primarily from a distant point toward the camera's location.",False,True,simple_relation,[Single-Choice] Where is the tree-lined shoreline relative to the open water? [Options] A) Below the open water B) Above the open water C) Left of the open water D) Right of the open water,B,D,False,spatiotemporal_grounding,perspective_reference_frame,"20-frame full-duration sheet: before lifting, the fish is drawn laterally across the water near the boat rather than primarily along the depth axis from a distant point toward the camera; the answer assigns the wrong trajectory.",medium,no
error-0065,amXzenmYYlw_12_0_03_47_400_to_0_03_57_680.mp4,archived_workspace/experiments/perception_control/work/single_probe_200_contact_sheets/pc-0016.jpg,1,Object Permanence and Occlusion Tracking,Human-Centric,Fill-in-the-Blank,"[Fill-in-the-Blank] A utility pole temporarily occludes the man. Immediately after he reappears, he is on the ______ side of the white parked car.",left,right,simple_relation,[Single-Choice] Where is the white parked car located relative to the storefront? [Options] A) In front of the storefront B) Behind the storefront C) Across the road from the storefront D) Inside the storefront,A,B,False,spatiotemporal_grounding,perspective_reference_frame,"20-frame full-duration sheet: after the utility-pole occlusion, the man reappears on image-left of the white parked car; the answer reverses the post-occlusion side.",high,no
error-0066,QVsjGCT8Dyk_12_0_02_14_834_to_0_02_27_313.mp4,archived_workspace/experiments/perception_control/work/single_probe_200_contact_sheets/pc-0209.jpg,3,Action and Intent-Driven Spatial Reasoning,Human-Centric,Single-Choice,"[Single-Choice] According to the numbered diagrams, what is the correct sequence of movements for the lower orange handle to launch the missile after it has been loaded? [Options] A) Pull back, then push forward. B) Push forward, then pull back. C) Push forward only. D) Pull back only.",B,"A) Pull back, then push forward.",simple_relation,"[Single-Choice] In the large product picture, which way does the blaster's orange muzzle face? [Options] A) To the left B) Upward C) Downward D) To the right",D,B) Upward,False,spatiotemporal_grounding,perception_recognition,20-frame full-duration sheet: the numbered package diagrams show the lower orange handle pushed forward first and then pulled back for launch; the response reverses the illustrated operation order.,high,no
error-0067,fRmaPWqByGw_25_0_05_06_560_to_0_05_41_199.mp4,archived_workspace/experiments/perception_control/work/single_probe_200_contact_sheets/pc-0469.jpg,5,Object Deformation and State Transition,Object-Centric,Fill-in-the-Blank,"[Fill-in-the-Blank] After the helicopter lands, the visual state of the main rotor blades transitions from a continuous transparent blur to ______, as they slow to a stop.",distinct individual blades,clear,entity,[Single-Choice] Which surface is visible under the helicopter near its touchdown area? [Options] A) A paved road B) A sandy beach C) A snowy field D) A grassy field,D,D) A grassy field,True,benchmark_ambiguity,protocol_or_parsing,20-frame full-duration sheet: after landing the blurred rotor resolves into clearly visible individual blades; the fill 'clear' plausibly describes this same visual transition even though it is less explicit than the keyed phrase.,medium,yes
error-0068,HWw84p9DkGU_21_0_02_39_058_to_0_02_50_270.mp4,archived_workspace/experiments/perception_control/work/single_probe_200_contact_sheets/pc-0533.jpg,6,Egocentric vs. Allocentric Reference Frames,Human-Centric,True/False,"[True/False] From the man's perspective, the hydraulic strut holding the hood open is on his right side.",False,True,simple_relation,"[Single-Choice] From the viewer's perspective, where is the man relative to the raised hood? [Options] A) To the left of the hood B) To the right of the hood C) Directly above the hood D) Directly below the hood",A,A) To the left of the hood,True,perspective_reference_frame,perception_recognition,20-frame full-duration sheet: the hood strut is on the man's left as he stands facing the engine bay; the answer maps the image/vehicle side to his right incorrectly.,high,no
error-0069,MUbr53dyrak_22_0_07_02_639_to_0_07_28_079.mp4,archived_workspace/experiments/perception_control/work/single_probe_200_contact_sheets/pc-0022.jpg,1,Object Permanence and Occlusion Tracking,Object-Centric,True/False,"[True/False] The wooden pier with the thatched roof moves from the left side of the frame to the right, and as it does, it continuously occludes a new portion of the beach behind it.",True,False,simple_relation,[Single-Choice] Where is the sandy beach relative to the line of palm trees? [Options] A) Behind the palm trees B) Above the palm trees C) In front of the palm trees D) Below the water,C,C) In front of the palm trees,True,spatiotemporal_grounding,perspective_reference_frame,20-frame full-duration sheet: the thatched pier shifts left-to-right during the camera motion and successively occludes new beach regions; the negative answer fails the changing projected overlap.,high,no
error-0070,_vyGEgNbx7c_37_0_05_37_003_to_0_06_13_873.mp4,archived_workspace/experiments/perception_control/work/single_probe_200_contact_sheets/pc-0111.jpg,2,Dynamic Spatial Relationships,Human-Centric,Single-Choice,[Single-Choice] What is the consistent spatial relationship between the snowboarder and their shadow throughout the video? [Options] A) The shadow is always directly behind them. B) The shadow is cast to their right and slightly behind them. C) The shadow is cast to their left and slightly in front of them. D) The shadow is not visible.,C,B,action_event,[Single-Choice] Which event happens before the snowboarder rises into the air off a snow lip? [Options] A) They sit down on the snow. B) They lift the snowboard by hand. C) They walk uphill on foot. D) They crouch low while riding.,D,D) They crouch low while riding.,True,perspective_reference_frame,perception_recognition,20-frame full-duration sheet: the snowboarder's shadow consistently falls to the rider's left and slightly forward across turns; the response reverses both side and fore-aft relation.,high,no
error-0071,UbOevcbnLLY_0_0_00_00_133_to_0_00_14_714.mp4,archived_workspace/experiments/perception_control/work/single_probe_200_contact_sheets/pc-0156.jpg,2,Dynamic Spatial Relationships,Object-Centric,Single-Choice,"[Single-Choice] As the camera pans to the left, what is the apparent motion of the small puff of smoke on the distant hillside relative to the dock's corner post in the foreground? [Options] A) The smoke appears to move from the right side of the post to the left side of it. B) The smoke remains stationary directly behind the post. C) The smoke appears to move from the left side of the post to the right side of it. D) The smoke is never visible at the same time as the corner post.",B,The smoke appears to move from the right side of the post to the left side of it.,action_event,[Single-Choice] Which visible event occurs before the leafy tree canopy enters the view? [Options] A) A large tree trunk fills the left side. B) A white rectangular roof appears near the dock. C) Benches appear beneath the tree. D) The canopy covers much of the top edge.,B,B) A white rectangular roof appears near the dock.,True,perspective_reference_frame,spatiotemporal_grounding,20-frame full-duration sheet: throughout the left pan the distant smoke remains aligned behind the dock corner post rather than crossing from one side to the other; the answer mistakes camera motion for relative object motion.,medium,no
error-0072,pFawXXbi7oY_4_0_00_36_302_to_0_00_47_747.mp4,archived_workspace/experiments/perception_control/work/single_probe_200_contact_sheets/pc-0094.jpg,1,Object Permanence and Occlusion Tracking,Object-Centric,True/False,"[True/False] After the camera finishes panning to the right, the silver SUV that was initially parked beside a white horse trailer is completely occluded by the trailer in the foreground.",True,False,entity,[Single-Choice] What object is visible along the bottom edge of the scene? [Options] A) A wooden fence B) A car roof C) A traffic cone D) A bicycle handlebar,B,B) A car roof,True,spatiotemporal_grounding,perception_recognition,20-frame full-duration sheet: after the rightward pan the foreground horse trailer covers the silver SUV that began beside it; the negative answer misses the final complete occlusion.,high,no
error-0073,EC6xdTpJOo8_17_0_05_25_799_to_0_05_36_675.mp4,archived_workspace/experiments/perception_control/work/single_probe_200_contact_sheets/pc-0421.jpg,5,Object Deformation and State Transition,Human-Centric,Single-Choice,"[Single-Choice] How does the state of the fish's mouth change from the moment it is first displayed horizontally to the final moment of the video?
[Options]
A) It remains shut the entire time.
B) It goes from mostly closed to wide open.
C) It remains wide open the entire time.
D) It goes from wide open to mostly closed.",C,D) It goes from wide open to mostly closed.,simple_relation,"[Single-Choice] When the man holds the fish sideways in front of him, where is the fish's head relative to its tail? [Options] A) To the left of the tail B) Above the tail C) Below the tail D) To the right of the tail",D,D) To the right of the tail,True,spatiotemporal_grounding,perception_recognition,20-frame full-duration sheet: the fish's mouth is already wide open when first shown horizontally and remains open through the final handoff; the response invents a late closing transition.,high,no
error-0074,JXeuauaocHE_113_0_10_36_080_to_0_10_49_759.mp4,archived_workspace/experiments/perception_control/work/single_probe_200_contact_sheets/pc-0128.jpg,2,Dynamic Spatial Relationships,Object-Centric,Single-Choice,"[Single-Choice] Observing the white line on the road during the last three seconds of the video, what is its direction of movement relative to the car's body? [Options] A) It moves towards the left side of the screen. B) It moves closer to the car, towards the bottom-right of the screen. C) It remains in a static position relative to the car. D) It moves directly away from the car.",B,A) It moves towards the left side of the screen.,action_event,[Single-Choice] Which event happens before the concrete wall comes into view? [Options] A) Green trees and bushes pass by. B) Parked cars pass by. C) A tunnel entrance passes by. D) A city skyline passes by.,A,<answer>A) Green trees and bushes pass by.,True,spatiotemporal_grounding,perspective_reference_frame,"20-frame full-duration sheet: in the last seconds the white road line approaches the camera/car and shifts toward lower-right, not simply toward image-left; the response captures the wrong component of relative motion.",high,no
error-0075,iYrcXfBRJ2c_48_0_09_24_297_to_0_09_36_909.mp4,archived_workspace/experiments/perception_control/work/single_probe_200_contact_sheets/pc-0486.jpg,5,Object Deformation and State Transition,Object-Centric,True/False,[True/False] The video depicts a continuous action of a person organizing the drawer from empty to full.,False,True,entity,[Single-Choice] What kind of items are visible inside the open compartment? [Options] A) Stacked books B) Cooking utensils C) Cleaning supplies D) Folded clothing,D,D,True,spatiotemporal_grounding,perception_recognition,20-frame full-duration sheet: the sequence cuts abruptly from an empty drawer to a fully stocked organized drawer with no person or continuous filling action shown; the affirmative answer misses the discontinuous state jump.,high,no
error-0076,smpHs3qH_dE_40_0_07_17_854_to_0_07_29_532.mp4,archived_workspace/experiments/perception_control/work/single_probe_200_contact_sheets/pc-0372.jpg,4,Predictive and Counterfactual Spatial Reasoning,Object-Centric,Single-Choice,"[Single-Choice] Based on the white van's consistent speed and trajectory, which object would its front bumper be aligned with approximately one second after the video ends? [Options] A) The front of the parked dark-colored SUV. B) The rear of the parked silver sedan. C) The storefront with the red sign in the distance. D) The second light pole on the sidewalk.",D,A,action_event,"[Single-Choice] Near the start, what is the camera doing as the street is viewed? [Options] A) Moving forward along the sidewalk B) Remaining fixed beside the curb C) Tilting upward toward the trees D) Crossing the street toward cars",A,A) Moving forward along the sidewalk,True,physical_prediction_counterfactual,spatiotemporal_grounding,20-frame full-duration sheet: the white van advances past the curbside cars toward the later light-pole position; choosing the dark SUV fails to extend its final speed and trajectory by one second.,medium,no
error-0077,qkEhTI25974_20_0_03_08_388_to_0_03_24_137.mp4,archived_workspace/experiments/perception_control/work/single_probe_200_contact_sheets/pc-0268.jpg,3,Action and Intent-Driven Spatial Reasoning,Human-Centric,Multiple-Select,"[Multiple-Select] At the moment the motorcycle is on the white-striped crosswalk (0:10), what are the immediate, spatially-relevant intentions governing the rider's actions? (Select all that apply) [Options] A) To yield right-of-way to the white car parked on the right. B) To maintain a consistent following distance behind the silver car ahead. C) To be prepared to stop for any potential pedestrians using the crosswalk. D) To begin accelerating to overtake the silver car.","B, C",C,entity,[Single-Choice] Which object is visible along the curb on this street? [Options] A) Red-and-white traffic cone B) Blue mailbox C) Yellow fire hydrant D) Green trash bin,A,A) Red-and-white traffic cone,True,action_goal_binding,spatiotemporal_grounding,"20-frame full-duration sheet: at the crosswalk the rider remains behind the silver car while approaching a pedestrian crossing, supporting both following-distance maintenance and readiness to stop; the response omits the former intention.",medium,no
error-0078,rBFpc0p64JE_37_0_08_12_279_to_0_08_23_959.mp4,archived_workspace/experiments/perception_control/work/single_probe_200_contact_sheets/pc-0412.jpg,5,Object Deformation and State Transition,Human-Centric,True/False,[True/False] The process shown results in a permanent spatial change to the client's arm by adding a new material onto the outer surface of the skin.,True,False,action_event,[Single-Choice] Which visible event occurs before the bearded worker holds up a small white bottle? [Options] A) He wraps the forearm with a bandage. B) He photographs the forearm with a phone. C) He places a stencil sheet on the forearm. D) He presses a tattoo machine against the forearm.,D,D) He presses a tattoo machine against the forearm.,True,perception_recognition,physical_prediction_counterfactual,"20-frame full-duration sheet: a tattoo machine deposits new dark pigment into/on the client's outer forearm surface, leaving a persistent visible design; the negative answer misses the material/state addition.",high,no
error-0079,jhcqv4tPIRQ_15_0_03_49_400_to_0_04_01_300.mp4,archived_workspace/experiments/perception_control/work/single_probe_200_contact_sheets/pc-0387.jpg,4,Predictive and Counterfactual Spatial Reasoning,Human-Centric,Single-Choice,"[Single-Choice] Based on its final position, if the bird were to continue climbing straight down the wall, what is the first object it would physically contact? [Options] A) The floor. B) The decorative window on the door. C) The light switch. D) The door frame.",C,B,entity,[Single-Choice] Which large object is visible directly beside the bird near the wall? [Options] A) A metal ladder B) A leafy plant C) A tan padded cushion D) A cardboard box,C,C) A tan padded cushion,True,physical_prediction_counterfactual,spatiotemporal_grounding,"20-frame full-duration sheet: from the bird's final wall position, a straight downward continuation intersects the light switch below before reaching the decorative door window; the response projects to the wrong object.",high,no
error-0080,S9IFUxQyu6U_19_0_03_28_374_to_0_04_07_347.mp4,archived_workspace/experiments/perception_control/work/single_probe_200_contact_sheets/pc-0329.jpg,4,Predictive and Counterfactual Spatial Reasoning,Human-Centric,Single-Choice,"[Single-Choice] At 0:26, the husky is running at speed across the background. If it had continued moving in that same straight line, which of the following would it have passed closest to? [Options] A) The group of people sitting on the far-left bench. B) The other dogs playing in the center of the field. C) The person standing near the gazebo structure. D) The yellow labrador standing near the two people.",B,C,entity,[Single-Choice] What ground surface is visible under the dogs? [Options] A) Tan sand B) Wooden decking C) Green artificial turf D) Gray concrete,C,C) Green artificial turf,True,physical_prediction_counterfactual,spatiotemporal_grounding,20-frame full-duration sheet: at about 0:26 the husky's straight running line traverses the central dog group; continuing it would pass closest to those dogs rather than the gazebo-side person.,medium,no
error-0081,iIpRKgC-9pw_42_0_08_15_662_to_0_08_32_312.mp4,archived_workspace/experiments/perception_control/work/single_probe_200_contact_sheets/pc-0587.jpg,6,Egocentric vs. Allocentric Reference Frames,Human-Centric,Single-Choice,"[Single-Choice] Relative to the car's frame of reference, which description best captures the initial motion of the armrest as it moves from its stowed to its deployed position? [Options] A) It pivots downwards and towards the front of the car. B) It slides horizontally forward from the seatback. C) It pivots downwards and towards the rear of the car. D) It rotates sideways from the seat cushion.",A,C,entity,[Single-Choice] Which item is visible on the rear seat cushion? [Options] A) Blue water bottle B) Black smartphone C) White paper cup D) Red seat belt buckle,D,D) Red seat belt buckle,True,perspective_reference_frame,perception_recognition,20-frame full-duration sheet: the rear armrest pivots downward from the seatback toward the vehicle's front; the answer reverses front and rear in the car-centered frame.,high,no
error-0082,u5bdvLkN9pI_11_0_01_44_479_to_0_02_02_622.mp4,archived_workspace/experiments/perception_control/work/single_probe_200_contact_sheets/pc-0566.jpg,6,Egocentric vs. Allocentric Reference Frames,Object-Centric,Fill-in-the-Blank,"[Fill-in-the-Blank] In the final arrangement shown on the table, the four tall stacks in clear tubes are located to the ______ of the main group of stacks in white tubes.",before,left,simple_relation,"[Single-Choice] In the final setup, where are the small loose coin stacks relative to the main group of white tubes? [Options] A) To the left B) In front C) To the right D) Behind",C,B) In front,False,benchmark_ambiguity,perspective_reference_frame,20-frame full-duration sheet: the four clear-tube stacks are behind the main white-tube group in the final table layout; the keyed fill 'before' is ungrammatical/ambiguous in 'to the before of' and does not uniquely encode that relation.,high,yes
error-0083,RNIf6N7JeLo_95_0_11_28_320_to_0_11_39_632.mp4,archived_workspace/experiments/perception_control/work/single_probe_200_contact_sheets/pc-0357.jpg,4,Predictive and Counterfactual Spatial Reasoning,Object-Centric,Single-Choice,"[Single-Choice] Imagine that at the 2-second mark, the car's steering locked and it continued forward in a perfectly straight line. Based on the road's curvature, where would the car have first left the paved surface? [Options] A) Off the left shoulder of the road. B) Off the right shoulder of the road. C) It would have remained on the road for the duration of the clip. D) It would have hit the guardrail on the right.",A,B) Off the right shoulder of the road.,entity,[Single-Choice] Which roadside objects are visible beside the roadway? [Options] A) Orange traffic cones B) White reflector posts C) Railroad crossing gates D) Pedestrian crossing signs,B,B) White reflector posts,True,physical_prediction_counterfactual,perspective_reference_frame,"20-frame full-duration sheet: at two seconds the road bends to the vehicle's right; a locked straight heading would depart across the left shoulder, while the answer reverses the curve-relative side.",high,no
error-0084,Lt2mVbsy8G4_7_0_00_47_213_to_0_01_00_994.mp4,archived_workspace/experiments/perception_control/work/single_probe_200_contact_sheets/pc-0011.jpg,1,Object Permanence and Occlusion Tracking,Object-Centric,Fill-in-the-Blank,"[Fill-in-the-Blank] A third, less illuminated jellyfish starts below the main jellyfish on the left. As the main jellyfish moves down, it briefly occludes the third one. From the viewer's perspective, the third jellyfish re-emerges to the ________ of the main jellyfish's bell.",below,right,action_event,[Single-Choice] Which event happens before foamy ocean waves fill the view? [Options] A) White surf spreads across dark rocks. B) A turquoise patch appears among waves. C) Rough water covers most of the scene. D) Bright jellyfish drift in dark water.,D,D,True,spatiotemporal_grounding,perception_recognition,"20-frame full-duration sheet: in the opening jellyfish scene the dim third jellyfish is covered by the descending main bell and reappears below it, not to its right; the answer loses the post-occlusion relation.",medium,no
error-0085,u5bdvLkN9pI_11_0_01_44_479_to_0_02_02_622.mp4,archived_workspace/experiments/perception_control/work/single_probe_200_contact_sheets/pc-0566.jpg,6,Egocentric vs. Allocentric Reference Frames,Object-Centric,Fill-in-the-Blank,"[Fill-in-the-Blank] In the final arrangement shown on the table, the four tall stacks in clear tubes are located to the ______ of the main group of stacks in white tubes.",before,left,simple_relation,"[Single-Choice] In the final setup, where are the small loose coin stacks relative to the main group of white tubes? [Options] A) To the left B) In front C) To the right D) Behind",C,C) To the right,True,benchmark_ambiguity,perspective_reference_frame,"20-frame full-duration sheet: the clear-tube stacks lie behind the white-tube group, but the prompt's keyed phrase 'to the before of' is malformed and does not define a standard spatial relation; 'left' is wrong but the gold wording is also defective.",high,yes
error-0086,_vyGEgNbx7c_37_0_05_37_003_to_0_06_13_873.mp4,archived_workspace/experiments/perception_control/work/single_probe_200_contact_sheets/pc-0111.jpg,2,Dynamic Spatial Relationships,Human-Centric,Single-Choice,[Single-Choice] What is the consistent spatial relationship between the snowboarder and their shadow throughout the video? [Options] A) The shadow is always directly behind them. B) The shadow is cast to their right and slightly behind them. C) The shadow is cast to their left and slightly in front of them. D) The shadow is not visible.,C,B) The shadow is cast to their right and slightly behind them.,action_event,[Single-Choice] Which event happens before the snowboarder rises into the air off a snow lip? [Options] A) They sit down on the snow. B) They lift the snowboard by hand. C) They walk uphill on foot. D) They crouch low while riding.,D,D) They crouch low while riding.,True,perspective_reference_frame,perception_recognition,20-frame full-duration sheet: the snowboarder's shadow remains to the rider's left and slightly forward through the run; the response reverses side and fore-aft orientation.,high,no
error-0087,coriwTyx1Os_26_0_04_32_890_to_0_04_45_408.mp4,archived_workspace/experiments/perception_control/work/single_probe_200_contact_sheets/pc-0315.jpg,4,Predictive and Counterfactual Spatial Reasoning,Object-Centric,True/False,"[True/False] Assuming the flying object's path relative to the road remained the same, if the camera vehicle had been traveling in the left lane at the same speed, the object would have most likely passed harmlessly behind it.",False,True,action_event,"[Single-Choice] Before the dark object comes close, what is the camera vehicle doing? [Options] A) Merging into the left lane B) Driving straight in the right lane C) Pulling onto the shoulder D) Turning off the highway",B,B) Driving straight in the right lane,True,physical_prediction_counterfactual,spatiotemporal_grounding,20-frame full-duration sheet: preserving the airborne object's observed road-relative crossing while shifting the vehicle into the left lane does not place the object harmlessly behind; the response misapplies the lane counterfactual.,medium,no
error-0088,UfsgoajgaA4_4_0_00_29_559_to_0_00_44_880.mp4,archived_workspace/experiments/perception_control/work/single_probe_200_contact_sheets/pc-0464.jpg,5,Object Deformation and State Transition,Human-Centric,Multiple-Select,[Multiple-Select] The prominent ripples seen on the water's surface are primarily generated by which of the man's movements? (Select all that apply) [Options] A) The downward and circular push of his feet. B) The side-to-side sculling motion of his hands. C) The movement of his head as he looks around. D) The passive displacement of his torso.,"A, B",AB,simple_relation,"[Single-Choice] As the man floats in the water, which side of his torso is facing upward? [Options] A) His back side B) His chest/front side C) His left side D) His right side",B,B) His chest/front side,True,protocol_or_parsing,,"20-frame full-duration sheet: the dominant ripples coincide with foot pushing/circling and lateral hand sculling; the model's compact response 'AB' selects exactly the two keyed options, so the recorded error is formatting/normalization related.",high,no
error-0089,EfzJ8XHu5Mo_14_0_03_32_579_to_0_05_31_564.mp4,archived_workspace/experiments/perception_control/work/single_probe_200_contact_sheets/pc-0021.jpg,1,Object Permanence and Occlusion Tracking,Human-Centric,True/False,"[True/False] After emerging from under the bench, the fox's path takes it behind the black and white gaming chair before it moves towards the center of the room.",True,False,simple_relation,[Single-Choice] Where is the green tunnel relative to the bench seats along the wall? [Options] A) To the right of the bench seats B) In front of the bench seats C) To the left of the bench seats D) Behind the bench seats,C,A) To the right of the bench seats,False,spatiotemporal_grounding,perception_recognition,"20-frame full-duration sheet: after emerging beneath the benches, the fox passes behind the black-and-white gaming chair before moving into the room center; the negative answer misses the route segment.",high,no
error-0090,Me-ow0kXHfI_11_0_01_58_718_to_0_02_36_456.mp4,archived_workspace/experiments/perception_control/work/single_probe_200_contact_sheets/pc-0224.jpg,3,Action and Intent-Driven Spatial Reasoning,Human-Centric,True/False,"[True/False] Judging by the speed at which the scenery begins to move past the car in the first five seconds, the driver is performing a cautious and slow acceleration.",True,False,entity,[Single-Choice] Which object is visible beside the road near the start of the drive? [Options] A) Traffic cone B) Orange roadwork sign C) Parked bicycle D) Toll booth,B,B) Orange roadwork sign,True,spatiotemporal_grounding,perception_recognition,"20-frame full-duration sheet: in the first five seconds the roadside scenery begins moving gradually rather than abruptly, consistent with cautious slow acceleration; the negative answer misreads the early optic-flow rate.",medium,no
error-0091,myJ2l-o5rYQ_73_0_09_40_480_to_0_09_58_960.mp4,archived_workspace/experiments/perception_control/work/single_probe_200_contact_sheets/pc-0181.jpg,2,Dynamic Spatial Relationships,Human-Centric,Fill-in-the-Blank,"[Fill-in-the-Blank] In the final shot of the video taken by the man in the blue shirt, the puck travels across the floor, passing in front of the ______.",seated person,goal,simple_relation,[Single-Choice] Where is the large black equipment relative to the glass doorway? [Options] A) To the left of it B) Directly in front of it C) Directly behind it D) To the right of it,D,D) To the right of it,True,spatiotemporal_grounding,perception_recognition,"20-frame full-duration sheet: in the final shot the puck crosses in front of the seated person/equipment area, whereas the goal is in another part of the room/earlier context.",high,no
error-0092,QnBZWeo5H28_14_0_02_09_996_to_0_02_31_384.mp4,archived_workspace/experiments/perception_control/work/single_probe_200_contact_sheets/pc-0054.jpg,1,Object Permanence and Occlusion Tracking,Human-Centric,True/False,"[True/False] During the camera's pan to the right, the covered structure on the pier moves in front of the small, white chapel-like building from the camera's viewpoint, but the chapel remains at least partially visible throughout this transit.",True,False,action_event,"[Single-Choice] When the sandy beach is prominent, what are the two people doing? [Options] A) Walking on the sand B) Swimming in the water C) Sitting in lounge chairs D) Climbing onto the pier",A,A) Walking on the sand,True,spatiotemporal_grounding,perception_recognition,20-frame full-duration sheet: the covered pier structure crosses in front of the chapel-like building during the right pan while a portion of the chapel remains visible; the negative response misses the partial occlusion sequence.,high,no
error-0093,amXzenmYYlw_12_0_03_47_400_to_0_03_57_680.mp4,archived_workspace/experiments/perception_control/work/single_probe_200_contact_sheets/pc-0016.jpg,1,Object Permanence and Occlusion Tracking,Human-Centric,Fill-in-the-Blank,"[Fill-in-the-Blank] A utility pole temporarily occludes the man. Immediately after he reappears, he is on the ______ side of the white parked car.",left,right,simple_relation,[Single-Choice] Where is the white parked car located relative to the storefront? [Options] A) In front of the storefront B) Behind the storefront C) Across the road from the storefront D) Inside the storefront,A,A) In front of the storefront,True,spatiotemporal_grounding,perspective_reference_frame,20-frame full-duration sheet: immediately after the utility-pole occlusion the man reappears on the image-left side of the white parked car; the answer reverses the post-occlusion side.,high,no
error-0094,sPcffDKFKWc_52_0_14_02_107_to_0_14_15_688.mp4,archived_workspace/experiments/perception_control/work/single_probe_200_contact_sheets/pc-0112.jpg,2,Dynamic Spatial Relationships,Human-Centric,Single-Choice,"[Single-Choice] At the beginning of the video, from the camera's viewpoint, the boy in the blue hat is on the right side of the girl in the light green shirt. What is their relative side-by-side position just before the camera pans away from them? [Options] A) The boy is now on the left side of the girl. B) The boy is directly behind the girl. C) Their side-by-side position has not changed. D) The girl is now on the left side of the boy.",A,C) Their side-by-side position has not changed.,entity,[Single-Choice] Which other person is visible walking near the children? [Options] A) A woman in a red jacket B) A man in a light blue shirt C) A man in a black suit D) A child in a yellow shirt,B,B,True,spatiotemporal_grounding,perspective_reference_frame,20-frame full-duration sheet: the blue-hatted boy and green-shirted girl exchange their left-right image ordering before the camera leaves them; the response incorrectly treats the initial side-by-side relation as unchanged.,medium,no
error-0095,O21Zy3-o9MI_13_0_01_25_385_to_0_01_36_196.mp4,archived_workspace/experiments/perception_control/work/single_probe_200_contact_sheets/pc-0001.jpg,1,Object Permanence and Occlusion Tracking,Human-Centric,True/False,"[True/False] During the first scene, the intercom panel on the wall is briefly but completely hidden from view by the man's body.",True,False,simple_relation,[Single-Choice] Where is the woman relative to the man in the hallway scene? [Options] A) To the viewer's left of him B) To the viewer's right of him C) Directly behind him D) Directly in front of him,A,D) Directly in front of him,False,spatiotemporal_grounding,perception_recognition,20-frame full-duration sheet: in the first scene the man's torso passes directly across and completely covers the wall intercom panel before moving away; the negative answer misses the brief full occlusion.,high,no
error-0096,Uiuiu3FBLZw_25_0_07_02_622_to_0_07_23_609.mp4,archived_workspace/experiments/perception_control/work/single_probe_200_contact_sheets/pc-0137.jpg,2,Dynamic Spatial Relationships,Human-Centric,Fill-in-the-Blank,"[Fill-in-the-Blank] At the moment the surfer begins their final turn (0:16), the person in the blue swim cap is positioned directly ______ them, relative to the direction of the wave's travel.",behind,in front of,entity,[Single-Choice] Which additional person is visible floating in the water near the breaking wave? [Options] A) A red-capped swimmer B) A kayaker C) A jet-ski rider D) A scuba diver,A,A) A red-capped swimmer,True,perspective_reference_frame,spatiotemporal_grounding,20-frame full-duration sheet: at the surfer's final turn the blue-capped swimmer lies behind the surfer along the wave's travel direction; the answer reverses the wave-relative fore-aft relation.,medium,no
error-0097,r-jQ8zjtMuQ_9_0_01_24_818_to_0_01_41_768.mp4,archived_workspace/experiments/perception_control/work/single_probe_200_contact_sheets/pc-0411.jpg,5,Object Deformation and State Transition,Object-Centric,True/False,[True/False] The plane's landing gear is still visible and fully extended when the aircraft passes over the distant treeline.,True,False,entity,[Single-Choice] What surface is visible beneath the aircraft near the start? [Options] A) A paved city street B) A blue water surface C) A tan grassy field D) A snowy mountain slope,C,C) A tan grassy field,True,perception_recognition,spatiotemporal_grounding,20-frame full-duration sheet: the aircraft's landing gear remains visibly down as it crosses above the distant treeline; the negative answer contradicts the visible configuration.,high,no
error-0098,YZSZwejs058_1_0_00_05_271_to_0_00_21_688.mp4,archived_workspace/experiments/perception_control/work/single_probe_200_contact_sheets/pc-0562.jpg,6,Egocentric vs. Allocentric Reference Frames,Human-Centric,Single-Choice,"[Single-Choice] The man walks forward and then makes a single turn. From a fixed (allocentric) viewpoint looking down the first hallway from his starting position, how would his final path be described? [Options] A) He continued straight ahead. B) He turned around and walked back. C) He turned to his left. D) He turned to his right.",C,D) He turned to his right.,simple_relation,"[Single-Choice] At the beginning, which way does the man's cap brim point in the image? [Options] A) Toward the left B) Toward the camera C) Away from the camera D) Toward the right",D,A) Toward the left,False,perspective_reference_frame,spatiotemporal_grounding,"20-frame full-duration sheet: from the fixed starting-hallway orientation the man makes one allocentric left turn; the response reports his right turn, confusing body/camera and fixed hallway frames.",high,no
error-0099,p-b5mQgWPO4_7_0_02_49_202_to_0_03_01_981.mp4,archived_workspace/experiments/perception_control/work/single_probe_200_contact_sheets/pc-0471.jpg,5,Object Deformation and State Transition,Human-Centric,Fill-in-the-Blank,[Fill-in-the-Blank] The procedure shown transforms a single large horizontal loop into two smaller vertical loops by pulling them through the ________ of the knot.,center,loop,simple_relation,"[Single-Choice] Near the end, which way does the straight loose cord from the central knot point? [Options] A) Upward B) Downward C) Leftward D) Rightward",B,D,False,benchmark_ambiguity,protocol_or_parsing,20-frame full-duration sheet: the large loop is drawn through the knot's central loop/opening to form two vertical loops; the answer 'loop' identifies the same visible passage but is less specific than the keyed 'center'.,medium,yes
error-0100,UbOevcbnLLY_0_0_00_00_133_to_0_00_14_714.mp4,archived_workspace/experiments/perception_control/work/single_probe_200_contact_sheets/pc-0156.jpg,2,Dynamic Spatial Relationships,Object-Centric,Single-Choice,"[Single-Choice] As the camera pans to the left, what is the apparent motion of the small puff of smoke on the distant hillside relative to the dock's corner post in the foreground? [Options] A) The smoke appears to move from the right side of the post to the left side of it. B) The smoke remains stationary directly behind the post. C) The smoke appears to move from the left side of the post to the right side of it. D) The smoke is never visible at the same time as the corner post.",B,A) The smoke appears to move from the right side of the post to the left side of it.,action_event,[Single-Choice] Which visible event occurs before the leafy tree canopy enters the view? [Options] A) A large tree trunk fills the left side. B) A white rectangular roof appears near the dock. C) Benches appear beneath the tree. D) The canopy covers much of the top edge.,B,A) A large tree trunk fills the left side.,False,perspective_reference_frame,spatiotemporal_grounding,20-frame full-duration sheet: the distant smoke remains aligned directly behind the foreground dock post during the pan; the response incorrectly assigns a right-to-left crossing caused by camera motion.,medium,no
error-0101,JH6vsa0twcA_41_0_08_54_133_to_0_09_04_533.mp4,archived_workspace/experiments/perception_control/work/single_probe_200_contact_sheets/pc-0053.jpg,1,Object Permanence and Occlusion Tracking,Human-Centric,Single-Choice,"[Single-Choice] As the car moves up the curved ramp, which background element is the last to be completely hidden behind the solid white wall on the left? [Options] A) The white sedan parked on the far left of the distant lot. B) The dark SUV parked in the middle of the distant lot. C) The trees on the far right of the distant lot. D) The building behind the distant lot.",A,D) The building behind the distant lot.,action_event,"[Single-Choice] Near the end of the event, what is the car doing near the open gate? [Options] A) Driving forward toward the open gate B) Backing away from the open gate C) Parking beside the open gate D) Making a U-turn near the open gate",A,A) Driving forward toward the open gate,True,spatiotemporal_grounding,perception_recognition,"20-frame full-duration sheet: as the left wall rises across the distant lot, the far-left white sedan is the last listed element to disappear; the building is covered earlier by the wall/trees.",medium,no
error-0102,eVTd0Q43YQY_60_0_06_07_408_to_0_06_19_170.mp4,archived_workspace/experiments/perception_control/work/single_probe_200_contact_sheets/pc-0520.jpg,6,Egocentric vs. Allocentric Reference Frames,Human-Centric,True/False,"[True/False] From the perspective of the man wearing the cap, the man in the blue shirt moves from his right side to his left side as he approaches and opens the car door.",False,"True.

In the video, the man in the blue shirt is seen walking from the right side of the frame towards the left side as he approaches the car and opens the door. This movement is observed from the perspective of the man wearing the cap.",entity,[Single-Choice] Which animal is visible near the men? [Options] A) A cat B) A dog C) A goat D) A bird,B,D,False,perspective_reference_frame,spatiotemporal_grounding,"20-frame full-duration sheet: relative to the cap-wearing man's own orientation, the blue-shirted man does not cross from his right to left while approaching the door; the response substitutes screen-left motion for the observer's body-centered sides.",medium,no
error-0103,Ig723HvaFYQ_14_0_02_04_374_to_0_02_15_426.mp4,archived_workspace/experiments/perception_control/work/single_probe_200_contact_sheets/pc-0052.jpg,1,Object Permanence and Occlusion Tracking,Object-Centric,Single-Choice,"[Single-Choice] As the camera pans left, which portion of the black-and-white pot is the first to become visible from behind the colorful pot? [Options] A) The top rim. B) The right side. C) The left side. D) The base.",B,A) The top rim.,simple_relation,"[Single-Choice] When both pots are visible, where is the black-and-white pot relative to the colorful pot? [Options] A) To its right B) To its left C) Above it D) Below it",B,B) To its left,True,spatiotemporal_grounding,perception_recognition,20-frame full-duration sheet: during the left pan the black-and-white pot first emerges at its right side from behind the colorful foreground pot; the top rim is not the first newly exposed portion.,high,no
error-0104,f1YWduf7KqQ_26_0_05_12_445_to_0_05_25_224.mp4,archived_workspace/experiments/perception_control/work/single_probe_200_contact_sheets/pc-0092.jpg,1,Object Permanence and Occlusion Tracking,Human-Centric,True/False,"[True/False] At the moment the surfer is most obscured by the wave's curl, the tip of their surfboard is the only part of the surfer/board combination that is visible.",True,False,entity,[Single-Choice] Which clothing item is visible on the rider? [Options] A) A dark wetsuit B) A red life jacket C) A white T-shirt D) A yellow raincoat,A,A) A dark wetsuit,True,perception_recognition,spatiotemporal_grounding,20-frame full-duration sheet: at maximum curl occlusion the surfer's body is hidden and only the board tip protrudes from the whitewater; the negative answer misses the visible remnant.,high,no
error-0105,P_AssbIRFbI_60_0_12_14_039_to_0_13_12_480.mp4,archived_workspace/experiments/perception_control/work/single_probe_200_contact_sheets/pc-0116.jpg,2,Dynamic Spatial Relationships,Human-Centric,True/False,"[True/False] As the car drives past the animals, all of them scatter in the same direction, moving towards the right side of the frame.",False,"True.

`<answer></answer>`",action_event,[Single-Choice] Which event is visible before the other: the driver's hands gripping the steering wheel or the driver smiling toward the camera? [Options] A) The driver smiles toward the camera first. B) Both events appear at the same time. C) Neither event is visible. D) Hands grip the steering wheel first.,D,D) Hands grip the steering wheel first.,True,spatiotemporal_grounding,perception_recognition,20-frame full-duration sheet: the animals scatter in more than one direction as the car passes rather than all moving frame-right; the affirmative answer collapses distinct trajectories.,medium,no
error-0106,myJ2l-o5rYQ_73_0_09_40_480_to_0_09_58_960.mp4,archived_workspace/experiments/perception_control/work/single_probe_200_contact_sheets/pc-0181.jpg,2,Dynamic Spatial Relationships,Human-Centric,Fill-in-the-Blank,"[Fill-in-the-Blank] In the final shot of the video taken by the man in the blue shirt, the puck travels across the floor, passing in front of the ______.",seated person,goalie,simple_relation,[Single-Choice] Where is the large black equipment relative to the glass doorway? [Options] A) To the left of it B) Directly in front of it C) Directly behind it D) To the right of it,D,D,True,spatiotemporal_grounding,perception_recognition,"20-frame full-duration sheet: in the final blue-shirt-camera shot the puck passes before the seated person/equipment area, not the goalie/goal location from another moment.",high,no
error-0107,qkEhTI25974_20_0_03_08_388_to_0_03_24_137.mp4,archived_workspace/experiments/perception_control/work/single_probe_200_contact_sheets/pc-0268.jpg,3,Action and Intent-Driven Spatial Reasoning,Human-Centric,Multiple-Select,"[Multiple-Select] At the moment the motorcycle is on the white-striped crosswalk (0:10), what are the immediate, spatially-relevant intentions governing the rider's actions? (Select all that apply) [Options] A) To yield right-of-way to the white car parked on the right. B) To maintain a consistent following distance behind the silver car ahead. C) To be prepared to stop for any potential pedestrians using the crosswalk. D) To begin accelerating to overtake the silver car.","B, C",C) To be prepared to stop for any potential pedestrians using the crosswalk.,entity,[Single-Choice] Which object is visible along the curb on this street? [Options] A) Red-and-white traffic cone B) Blue mailbox C) Yellow fire hydrant D) Green trash bin,A,C) Yellow fire hydrant,False,action_goal_binding,spatiotemporal_grounding,20-frame full-duration sheet: at the crosswalk the rider is both maintaining position behind the silver car and prepared for pedestrians; selecting only pedestrian readiness omits the visible following-distance objective.,medium,no
error-0108,tfADOMbJYlU_54_0_11_29_556_to_0_11_46_539.mp4,archived_workspace/experiments/perception_control/work/single_probe_200_contact_sheets/pc-0266.jpg,3,Action and Intent-Driven Spatial Reasoning,Human-Centric,Multiple-Select,"[Multiple-Select] Throughout the video, the driver's hands make minor adjustments to the steering wheel. What is the spatial intent of these small movements, as confirmed by the car's trajectory on the road? (Select all that apply) [Options] A) To prepare to change lanes to the left. B) To correct the car's path and keep it centered within the lane markings. C) To navigate a slight curve in the road. D) To initiate a sudden stop.","B,C",BC,action_event,"[Single-Choice] At one point, what action does the driver make beside the steering wheel? [Options] A) Presses a dashboard button B) Raises an open hand C) Shifts the gear lever D) Buckles a seat belt",B,B) Raises an open hand,True,protocol_or_parsing,,"20-frame full-duration sheet: the minor steering corrections keep the car centered and negotiate a slight road curve; the response 'BC' exactly matches both keyed options, indicating normalization/parsing rather than content error.",high,no
error-0109,hTxS5J_ZaKQ_80_0_13_52_499_to_0_14_04_110.mp4,archived_workspace/experiments/perception_control/work/single_probe_200_contact_sheets/pc-0384.jpg,4,Predictive and Counterfactual Spatial Reasoning,Human-Centric,Fill-in-the-Blank,"[Fill-in-the-Blank] If the car had continued driving straight on its initial path instead of turning, the 'Baraka' entrance sign would have passed by on the car's ______ side.",left,right,action_event,[Single-Choice] What does the camera vehicle do after entering the grassy parking area? [Options] A) Stops at a gatehouse B) Backs into a garage C) Drives past parked RVs D) Crosses a railroad track,C,C) Drives past parked RVs,True,physical_prediction_counterfactual,perspective_reference_frame,"20-frame full-duration sheet: the Baraka sign lies ahead-left of the vehicle's initial straight path before the actual turn; continuing straight would pass it on the car's left, not right.",high,no
error-0110,lkF5Q42T8Rg_6_0_14_53_433_to_0_15_07_033.mp4,archived_workspace/experiments/perception_control/work/single_probe_200_contact_sheets/pc-0165.jpg,2,Dynamic Spatial Relationships,Human-Centric,Single-Choice,"[Single-Choice] When the woman crosses her arms, which of her arms is positioned on top of the other from the viewer's perspective? [Options] A) Her right arm is on top of her left arm. B) Her left arm is on top of her right arm. C) Her arms are held side-by-side and do not cross. D) Her hands are clasped together in the center.",A,B,simple_relation,[Single-Choice] Where is the large silver microphone relative to the woman from the viewer's perspective? [Options] A) To the viewer's right of her B) To the viewer's left of her C) Directly below her D) Directly behind her,A,B) To the viewer's left of her,False,perspective_reference_frame,perception_recognition,"20-frame full-duration sheet: when the woman crosses her arms, her right arm lies visibly on top from the viewer's perspective; the response reverses right and left.",high,no
error-0111,iwOF8NbK0s8_5_0_01_20_180_to_0_01_37_464.mp4,archived_workspace/experiments/perception_control/work/single_probe_200_contact_sheets/pc-0477.jpg,5,Object Deformation and State Transition,Human-Centric,Single-Choice,[Single-Choice] What is the final orientation of the surfboard after it reappears in the whitewater? [Options] A) Floating horizontally on the surface. B) Floating upside-down. C) Floating nearly vertically with its nose pointed out of the water. D) The board is completely submerged.,C,D) The board is completely submerged.,simple_relation,"[Single-Choice] When the rider is visible on the green wave face, where is he relative to the foamy whitewater? [Options] A) Just left of the whitewater B) Just right of the whitewater C) Far above the whitewater D) Underneath the whitewater",A,C) Far above the whitewater,False,perception_recognition,spatiotemporal_grounding,20-frame full-duration sheet: after the wipeout the board reappears nearly vertical with its nose protruding above the whitewater; it is not completely submerged as answered.,high,no
error-0112,QXeQYoMkZVQ_40_0_05_26_726_to_0_05_38_104.mp4,archived_workspace/experiments/perception_control/work/single_probe_200_contact_sheets/pc-0538.jpg,6,Egocentric vs. Allocentric Reference Frames,Human-Centric,True/False,"[True/False] From the driver's perspective, the turn they execute is a turn to their right.",False,True,entity,[Single-Choice] Which object is visible on the dirt road near the seated rider? A. Orange traffic cones B. White lane markings C. Metal guardrails D. Wooden barricades [Options] A) White lane markings B) Orange traffic cones C) Metal guardrails D) Wooden barricades,B,B) Orange traffic cones,True,perspective_reference_frame,spatiotemporal_grounding,20-frame full-duration sheet: the chair-vehicle executes a turn that is left from the seated driver's own forward orientation; the answer uses the opposite/camera-relative side.,high,no
error-0113,_vyGEgNbx7c_37_0_05_37_003_to_0_06_13_873.mp4,archived_workspace/experiments/perception_control/work/single_probe_200_contact_sheets/pc-0111.jpg,2,Dynamic Spatial Relationships,Human-Centric,Single-Choice,[Single-Choice] What is the consistent spatial relationship between the snowboarder and their shadow throughout the video? [Options] A) The shadow is always directly behind them. B) The shadow is cast to their right and slightly behind them. C) The shadow is cast to their left and slightly in front of them. D) The shadow is not visible.,C,B) The shadow is cast to their right and slightly behind them.,action_event,[Single-Choice] Which event happens before the snowboarder rises into the air off a snow lip? [Options] A) They sit down on the snow. B) They lift the snowboard by hand. C) They walk uphill on foot. D) They crouch low while riding.,D,D,True,perspective_reference_frame,perception_recognition,20-frame full-duration sheet: the snowboarder's shadow remains left and slightly forward relative to the rider; the response consistently reverses that relation.,high,no
error-0114,q9GoU1HN4FQ_1_0_00_15_181_to_0_00_29_129.mp4,archived_workspace/experiments/perception_control/work/single_probe_200_contact_sheets/pc-0369.jpg,4,Predictive and Counterfactual Spatial Reasoning,Human-Centric,Single-Choice,"[Single-Choice] If the surfer had continued in a straight line toward the shore after landing the initial aerial maneuver, instead of turning along the wave's face, what would have been the most likely immediate outcome? [Options] A) They would have outrun the breaking section and ended up on the flat, less powerful part of the wave. B) They would have been immediately engulfed by the breaking crest behind them. C) They would have exited through the back of the wave. D) Their board would have submerged nose-first into the water.",A,B) They would have been immediately engulfed by the breaking crest behind them.,action_event,"[Single-Choice] Which happens before the other: a high spray plume rises from the wave, or the surfer is hidden by whitewater? [Options] A) The surfer is hidden by whitewater first. B) Both events occur simultaneously. C) Neither event is visible. D) A high spray plume rises first.",D,D) A high spray plume rises first.,True,physical_prediction_counterfactual,spatiotemporal_grounding,"20-frame full-duration sheet: after the aerial the shoreward straight continuation leads ahead onto flatter less powerful water, while the breaking crest remains behind; the response incorrectly predicts immediate engulfment.",medium,no
error-0115,k-IbB7jAw9g_114_0_32_35_720_to_0_33_11_089.mp4,archived_workspace/experiments/perception_control/work/single_probe_200_contact_sheets/pc-0183.jpg,2,Dynamic Spatial Relationships,Human-Centric,Single-Choice,"[Single-Choice] Observing the final moments, what is the primary mechanism that moves the fish from the water onto the sand? [Options] A) The fish is lifted clear of the water by the tension of the line. B) An incoming wave washes the fish up onto the beach. C) The person quickly walks backward, dragging the fish out. D) The fish swims onto the sand by itself.",B,A) The fish is lifted clear of the water by the tension of the line.,entity,[Single-Choice] Which long object is prominently visible in the scene? [Options] A) A canoe paddle B) A beach umbrella C) A walking stick D) A fishing rod,D,D) A fishing rod,True,action_goal_binding,spatiotemporal_grounding,20-frame full-duration sheet: the final incoming wave carries/washes the fish from shallow water onto the sand while the line remains present; the response assigns the displacement primarily to line lifting.,high,no
error-0116,J1rJ0AP4RPg_12_0_02_02_789_to_0_02_24_410.mp4,archived_workspace/experiments/perception_control/work/single_probe_200_contact_sheets/pc-0005.jpg,1,Object Permanence and Occlusion Tracking,Object-Centric,True/False,"[True/False] During the camera's movement towards the dining area, the passenger seat's headrest momentarily fully occludes the wine bottle on the table.",False,True,action_event,[Single-Choice] What does the camera view do as it leaves the front windshield area? [Options] A) Tilts downward toward the floor B) Zooms in on the dashboard C) Tilts upward toward the ceiling D) Turns to face a side window,C,C) Tilts upward toward the ceiling,True,spatiotemporal_grounding,perception_recognition,"20-frame full-duration sheet: as the camera moves toward the dining area, the passenger headrest approaches the wine bottle's sightline but the bottle remains at least partly visible; the answer overstates full occlusion.",medium,no
error-0117,r8iANn9nlOY_8_0_01_22_519_to_0_01_45_920.mp4,archived_workspace/experiments/perception_control/work/single_probe_200_contact_sheets/pc-0252.jpg,3,Action and Intent-Driven Spatial Reasoning,Human-Centric,Single-Choice,"[Single-Choice] At 0:17, the player in the blue vest passes the ball off-screen to the right. Based on the on-field positions and the drill's context, who is the most likely intended recipient? [Options] A) The player in the yellow vest moving towards the center. B) The stationary player in the black jacket and neon yellow shoes. C) A player in a red jersey further downfield. D) The player in a blue vest who is now behind the passer.",B,C) A player in a red jersey further downfield.,simple_relation,[Single-Choice] Where is the nearest orange cone relative to the blue-vested player standing with his back to the camera? [Options] A) Lower right of him B) Upper left of him C) Lower left of him D) Upper right of him,C,C) Lower left of him,True,action_goal_binding,spatiotemporal_grounding,20-frame full-duration sheet: at 0:17 the off-screen-right pass is directed toward the stationary black-jacketed player with neon shoes positioned on that passing lane; the red-jersey player is farther downfield on another line.,medium,no
error-0118,Z0lkr3AQ8Xk_21_0_02_21_820_to_0_02_33_070.mp4,archived_workspace/experiments/perception_control/work/single_probe_200_contact_sheets/pc-0249.jpg,3,Action and Intent-Driven Spatial Reasoning,Human-Centric,Single-Choice,"[Single-Choice] Based on the silver car's final trajectory after swerving across the lane divider, what was its immediate spatial objective?
[Options]
A) To make a U-turn.
B) To pull over on the left shoulder.
C) To turn right at the upcoming intersection.
D) To overtake the black car.",A,C) To turn right at the upcoming intersection.,action_event,"[Single-Choice] Near the start of the event, what is the black car doing? [Options] A) Turning left B) Stopping at the roadside C) Driving straight ahead D) Reversing backward",C,"Based on the video, the black car is driving straight ahead near the start of the event. Therefore, the correct answer is:

C) Driving straight ahead",True,action_goal_binding,spatiotemporal_grounding,"20-frame full-duration sheet: the silver car crosses left and continues rotating back across the roadway, indicating a U-turn objective rather than a right turn at the intersection.",high,no
error-0119,UEvDE_9rlSY_18_0_03_30_233_to_0_03_42_533.mp4,archived_workspace/experiments/perception_control/work/single_probe_200_contact_sheets/pc-0341.jpg,4,Predictive and Counterfactual Spatial Reasoning,Human-Centric,Single-Choice,"[Single-Choice] Assuming the watercraft continues on its current path without turning, what will its position be relative to the group of trees on the land in the next few seconds? [Options] A) It will be directly in front of the trees, having landed on the shore. B) It will have passed the trees, with the trees now on its right side. C) It will have turned away, with the trees getting smaller in the distance. D) It will be stationary in its current position.",A,"B) It will have passed the trees, with the trees now on its right side.",simple_relation,[Single-Choice] Where is the green sail relative to the tree group? [Options] A) Above and to the right B) Above and to the left C) Below and to the right D) Below and to the left,A,A,True,physical_prediction_counterfactual,spatiotemporal_grounding,"20-frame full-duration sheet: the watercraft's maintained heading converges on the shore/tree group, so a straight continuation reaches land in front of the trees rather than passing them with trees to the right.",medium,no
error-0120,QXeQYoMkZVQ_40_0_05_26_726_to_0_05_38_104.mp4,archived_workspace/experiments/perception_control/work/single_probe_200_contact_sheets/pc-0538.jpg,6,Egocentric vs. Allocentric Reference Frames,Human-Centric,True/False,"[True/False] From the driver's perspective, the turn they execute is a turn to their right.",False,True,entity,[Single-Choice] Which object is visible on the dirt road near the seated rider? A. Orange traffic cones B. White lane markings C. Metal guardrails D. Wooden barricades [Options] A) White lane markings B) Orange traffic cones C) Metal guardrails D) Wooden barricades,B,B) Orange traffic cones,True,perspective_reference_frame,spatiotemporal_grounding,20-frame full-duration sheet: from the seated driver's own forward orientation the executed maneuver is a left turn; the affirmative right-turn answer reverses the egocentric side.,high,no
error-0121,kIlbv3hRGb4_17_0_03_06_719_to_0_03_24_070.mp4,archived_workspace/experiments/perception_control/work/single_probe_200_contact_sheets/pc-0580.jpg,6,Egocentric vs. Allocentric Reference Frames,Human-Centric,Single-Choice,"[Single-Choice] From the motorcycle's egocentric perspective, which spatial relationship remains constant for the entire duration of the drive? [Options] A) The white shoulder line is on the left, and the double yellow line is on the right. B) The double yellow line is on the left, and the white shoulder line is on the right. C) The motorcycle is positioned directly between the two yellow lines. D) The motorcycle is positioned directly on the white shoulder line.",B,C) The motorcycle is positioned directly between the two yellow lines.,entity,[Single-Choice] Which object is visibly present along the roadside? [Options] A) Traffic cones B) Railroad gates C) Parked bicycles D) Mailboxes,D,D) Mailboxes,True,perspective_reference_frame,perception_recognition,20-frame full-duration sheet: throughout the ride the double-yellow centerline stays on the motorcycle's left and the white shoulder line stays on its right; the response places the bike between yellow lines.,high,no
error-0122,r8iANn9nlOY_8_0_01_22_519_to_0_01_45_920.mp4,archived_workspace/experiments/perception_control/work/single_probe_200_contact_sheets/pc-0252.jpg,3,Action and Intent-Driven Spatial Reasoning,Human-Centric,Single-Choice,"[Single-Choice] At 0:17, the player in the blue vest passes the ball off-screen to the right. Based on the on-field positions and the drill's context, who is the most likely intended recipient? [Options] A) The player in the yellow vest moving towards the center. B) The stationary player in the black jacket and neon yellow shoes. C) A player in a red jersey further downfield. D) The player in a blue vest who is now behind the passer.",B,D,simple_relation,[Single-Choice] Where is the nearest orange cone relative to the blue-vested player standing with his back to the camera? [Options] A) Lower right of him B) Upper left of him C) Lower left of him D) Upper right of him,C,B,False,action_goal_binding,spatiotemporal_grounding,"20-frame full-duration sheet: the off-screen-right pass aligns with the stationary black-jacketed, neon-shoed recipient; the blue-vested player behind the passer is not on the outgoing path.",medium,no
error-0123,fTqaOmRG-xc_79_0_11_34_260_to_0_11_46_730.mp4,archived_workspace/experiments/perception_control/work/single_probe_200_contact_sheets/pc-0395.jpg,4,Predictive and Counterfactual Spatial Reasoning,Object-Centric,Single-Choice,"[Single-Choice] Based on the car's initial trajectory as it moves forward and turns, what is its most likely action? [Options] A) Making a sharp U-turn. B) Following the curve of the road. C) Pulling over to the right-hand curb. D) Reversing into the driveway.",B,C) Pulling over to the right-hand curb.,entity,[Single-Choice] Which additional vehicle is visible near the street? [Options] A) A red motorcycle B) A yellow school bus C) A blue bicycle D) A white pickup truck,D,D,True,action_goal_binding,spatiotemporal_grounding,20-frame full-duration sheet: the white car follows the roadway's curve through the turn and does not settle at the right curb; the response binds normal curve following to a pull-over objective.,high,no
error-0124,Ta_LUM-rOJc_18_0_02_16_336_to_0_02_31_151.mp4,archived_workspace/experiments/perception_control/work/single_probe_200_contact_sheets/pc-0359.jpg,4,Predictive and Counterfactual Spatial Reasoning,Human-Centric,Single-Choice,"[Single-Choice] At the 8-second mark, the rider is moving on a trajectory toward the right side of the road. If they had continued on this exact path without correcting their course, which object would they have most likely collided with first? [Options] A) The large tree on the left embankment. B) The oncoming traffic. C) The blue Mini Cooper parked on the right side. D) The large white RV parked further down the road.",B,D,action_event,[Single-Choice] Does the neon-yellow cyclist appear on the left before or after the rider reaches the large painted bicycle symbol? [Options] A) Before the rider reaches the symbol B) After the rider reaches the symbol C) At the same moment as the symbol D) The cyclist is not visible,A,A) Before the rider reaches the symbol,True,physical_prediction_counterfactual,spatiotemporal_grounding,20-frame full-duration sheet: at eight seconds the rider's corrected rightward trajectory crosses toward the oncoming lane; maintaining it would meet oncoming traffic before the more distant parked RV.,medium,no
error-0125,KpjKUF2yYiU_38_0_05_45_144_to_0_05_55_855.mp4,archived_workspace/experiments/perception_control/work/single_probe_200_contact_sheets/pc-0413.jpg,5,Object Deformation and State Transition,Human-Centric,True/False,[True/False] The fishing rod's bend is most pronounced at the very end of the video.,True,False,action_event,[Single-Choice] Does the rod appear close to the camera before or after a person in orange appears near the rail? [Options] A) After the person in orange appears. B) Before the person in orange appears. C) At the same moment. D) The rod never appears close.,B,B) Before the person in orange appears.,True,spatiotemporal_grounding,perception_recognition,20-frame full-duration sheet: the rod's curvature increases over the sequence and is strongest in the final frames under line tension; the negative answer misses the end-state maximum.,high,no
error-0126,svE6_cYXDXA_31_0_03_25_505_to_0_03_41_554.mp4,archived_workspace/experiments/perception_control/work/single_probe_200_contact_sheets/pc-0373.jpg,4,Predictive and Counterfactual Spatial Reasoning,Human-Centric,Single-Choice,"[Single-Choice] If the rider failed to navigate the first significant curve and continued in a straight line, what would be the immediate spatial consequence? [Options] A) They would travel off the steep edge to the left of the road. B) They would ride directly into the uphill embankment. C) They would enter the patch of green trees on the right. D) They would safely continue onto a different path.",B,A,action_event,[Single-Choice] What is the person on the motorcycle doing near the bushes? [Options] A) Standing still beside the bike B) Leaning the bike while moving C) Pushing the bike uphill D) Lifting the bike onto a truck,B,B) Leaning the bike while moving,True,physical_prediction_counterfactual,spatiotemporal_grounding,20-frame full-duration sheet: the first major bend places the uphill dirt embankment directly on the rider's uncorrected straight path; continuing straight would hit it rather than leave over the left edge.,high,no
error-0127,Lt2mVbsy8G4_7_0_00_47_213_to_0_01_00_994.mp4,archived_workspace/experiments/perception_control/work/single_probe_200_contact_sheets/pc-0011.jpg,1,Object Permanence and Occlusion Tracking,Object-Centric,Fill-in-the-Blank,"[Fill-in-the-Blank] A third, less illuminated jellyfish starts below the main jellyfish on the left. As the main jellyfish moves down, it briefly occludes the third one. From the viewer's perspective, the third jellyfish re-emerges to the ________ of the main jellyfish's bell.",below,bottom,action_event,[Single-Choice] Which event happens before foamy ocean waves fill the view? [Options] A) White surf spreads across dark rocks. B) A turquoise patch appears among waves. C) Rough water covers most of the scene. D) Bright jellyfish drift in dark water.,D,A) White surf spreads across dark rocks.,False,protocol_or_parsing,benchmark_ambiguity,"20-frame full-duration sheet: the dim third jellyfish re-emerges underneath the main bell; the model fill 'bottom' expresses the same below relation as the keyed 'below', so this is not a substantive content error.",high,yes
error-0128,uV3lJhGek10_20_0_02_56_876_to_0_03_09_489.mp4,archived_workspace/experiments/perception_control/work/single_probe_200_contact_sheets/pc-0265.jpg,3,Action and Intent-Driven Spatial Reasoning,Human-Centric,Multiple-Select,"[Multiple-Select] Assuming the man uses the blind as intended, which locations are within his primary field of view for observation? (Select all that apply) [Options] A) The near edge of the pond. B) The far edge of the pond. C) The area where the truck is parked. D) The base of the wind turbines on the hill.","A, B",C) The area where the truck is parked.,simple_relation,[Single-Choice] Where is the camouflaged blind relative to the small pond? [Options] A) To the right of the pond B) Directly behind the pond C) To the left of the pond D) Directly in front of the pond,C,D) Directly in front of the pond,False,action_goal_binding,perspective_reference_frame,20-frame full-duration sheet: the blind opening faces the pond and covers its near and far edges as the primary observation field; the parked truck lies outside/behind that intended viewing sector.,high,no
error-0129,iOFJq-ylyT4_4_0_01_12_439_to_0_01_27_353.mp4,archived_workspace/experiments/perception_control/work/single_probe_200_contact_sheets/pc-0087.jpg,1,Object Permanence and Occlusion Tracking,Human-Centric,True/False,"[True/False] From the camera's final viewpoint showing the side of the car, the driver's side front wheel is completely occluded.",True,False,action_event,"[Single-Choice] Before the man stands apart from the car near the bushes, what does he do? [Options] A) He opens a car door. B) He kneels beside a wheel. C) He enters the car. D) He walks beside the car.",D,D) He walks beside the car.,True,perception_recognition,spatiotemporal_grounding,20-frame full-duration sheet: the final side view excludes/fully occludes the driver's front wheel while retaining other side features; the negative answer contradicts the final visible state.,high,no
error-0130,iHJC3g4RC64_23_0_03_25_538_to_0_03_42_589.mp4,archived_workspace/experiments/perception_control/work/single_probe_200_contact_sheets/pc-0174.jpg,2,Dynamic Spatial Relationships,Object-Centric,Fill-in-the-Blank,"[Fill-in-the-Blank] During the camera's pan to the right, the two orange lighters on the dark brown pegboard move from the right side of the frame towards the ______.",center,left,entity,[Single-Choice] Which object is visible on the wooden shelves near the hanging display? [Options] A) soccer balls B) metal cups C) potted plants D) paint cans,B,B) metal cups,True,spatiotemporal_grounding,perspective_reference_frame,"20-frame full-duration sheet: during the right pan the two orange lighters move from frame-right into the center region, not all the way to frame-left; the response overextends their apparent displacement.",high,no
error-0131,jrrAZ0wM0bM_1_0_00_05_438_to_0_00_45_211.mp4,archived_workspace/experiments/perception_control/work/single_probe_200_contact_sheets/pc-0191.jpg,2,Dynamic Spatial Relationships,Human-Centric,True/False,"[True/False] At 0:11, from the camera's direct line of sight, the white horse is positioned horizontally between the two brown horses.",True,False,action_event,[Single-Choice] What is the dark horse beside the fence doing in the pasture scene? [Options] A) Trotting along the fence B) Lying flat on the grass C) Jumping over the fence D) Grazing with its head down,D,D) Grazing with its head down,True,perception_recognition,perspective_reference_frame,20-frame full-duration sheet: around 0:11 the white horse is horizontally framed between the two brown horses in the direct view; the negative answer misses that visible ordering.,high,no
error-0132,c9K7ZNmuLtY_32_0_05_05_338_to_0_05_24_991.mp4,archived_workspace/experiments/perception_control/work/single_probe_200_contact_sheets/pc-0314.jpg,4,Predictive and Counterfactual Spatial Reasoning,Object-Centric,True/False,"[True/False] If the fish had maintained its initial straight-line trajectory without turning, it would have passed behind the grey pontoon visible on the right.",False,True,action_event,"[Single-Choice] Near the middle of the event, what action does the blue-sleeved person perform? [Options] A) Paddles with a double-ended oar B) Extends an arm over the water C) Reels in a fishing line D) Scoops water with a net",B,B) Extends an arm over the water,True,physical_prediction_counterfactual,spatiotemporal_grounding,"20-frame full-duration sheet: the fish's initial straight vector does not project behind the right-side grey pontoon; preserving it yields a different crossing path, so the affirmative answer is unsupported.",medium,no
error-0133,uS1JBZRPNjk_38_0_07_53_306_to_0_08_03_316.mp4,archived_workspace/experiments/perception_control/work/single_probe_200_contact_sheets/pc-0072.jpg,1,Object Permanence and Occlusion Tracking,Object-Centric,True/False,"[True/False] During the camera's pan to the left, the rock and bush in the immediate right foreground move to eventually hide the part of the river that was visible on the far right at the start.",False,True,entity,[Single-Choice] Which man-made feature is visible on the canyon floor? [Options] A) A paved highway B) A railroad track C) A stone bridge D) A pale dirt road,D,D) A pale dirt road,True,perspective_reference_frame,spatiotemporal_grounding,"20-frame full-duration sheet: the left pan changes the canyon/river view, but the immediate right rock/bush do not move across and hide the initially far-right river sector as stated; the response treats camera pan as foreground translation.",medium,no
error-0134,mB8Ya4rSxck_89_0_13_02_348_to_0_13_15_594.mp4,archived_workspace/experiments/perception_control/work/single_probe_200_contact_sheets/pc-0273.jpg,3,Action and Intent-Driven Spatial Reasoning,Human-Centric,Fill-in-the-Blank,"[Fill-in-the-Blank] The person's hand first points to the lit candle, then pans left and points to the jar of shells, and finally moves the ______.",tissue box,paper towel box,action_event,"[Single-Choice] As the hand passes over the sink area, what does it briefly do? [Options] A) Clenches into a fist. B) Spreads its fingers open. C) Turns the faucet handle. D) Picks up the soap bottle.",B,B) Spreads its fingers open.,True,benchmark_ambiguity,protocol_or_parsing,"20-frame full-duration sheet: the final moved object is the rectangular tissue box; 'paper towel box' is an imprecise but visually referential name for the same dispenser-like box, making strict fill-word rejection questionable.",medium,yes
error-0135,QVsjGCT8Dyk_12_0_02_14_834_to_0_02_27_313.mp4,archived_workspace/experiments/perception_control/work/single_probe_200_contact_sheets/pc-0209.jpg,3,Action and Intent-Driven Spatial Reasoning,Human-Centric,Single-Choice,"[Single-Choice] According to the numbered diagrams, what is the correct sequence of movements for the lower orange handle to launch the missile after it has been loaded? [Options] A) Pull back, then push forward. B) Push forward, then pull back. C) Push forward only. D) Pull back only.",B,"A) Pull back, then push forward.",simple_relation,"[Single-Choice] In the large product picture, which way does the blaster's orange muzzle face? [Options] A) To the left B) Upward C) Downward D) To the right",D,D) To the right,True,spatiotemporal_grounding,perception_recognition,20-frame full-duration sheet: the numbered instructions show the lower orange handle pushed forward and then pulled back; the response reverses the illustrated sequence.,high,no
error-0136,Ud7XHwfD6ls_94_0_12_11_230_to_0_12_21_907.mp4,archived_workspace/experiments/perception_control/work/single_probe_200_contact_sheets/pc-0547.jpg,6,Egocentric vs. Allocentric Reference Frames,Human-Centric,Single-Choice,"[Single-Choice] As the camera moves backward, it reveals a main building and a smaller, dark-roofed shed to its left. From a bird's-eye perspective, what is located directly between these two structures? [Options] A) A wooden fence . B) Two children skating in a circle. C) A large snowbank with a trash can on top. D) A black metal fire pit.",A,D) A black metal fire pit.,entity,[Single-Choice] Who is visible closest to the camera? [Options] A) A woman wearing sunglasses B) A child holding hockey sticks C) A dog pulling a sled D) A man riding a bicycle,A,A) A woman wearing sunglasses,True,perspective_reference_frame,perception_recognition,20-frame full-duration sheet: retreating view reveals the wooden fence directly between the main building and smaller dark-roofed shed; the black fire pit occupies another foreground location.,medium,no
error-0137,RSIVPn1jnBw_20_0_03_04_617_to_0_03_14_661.mp4,archived_workspace/experiments/perception_control/work/single_probe_200_contact_sheets/pc-0237.jpg,3,Action and Intent-Driven Spatial Reasoning,Human-Centric,Single-Choice,"[Single-Choice] After the person in the grey shirt throws the white jersey over his shoulder, where does the jersey ultimately come to rest? [Options] A) On the floor in front of the thrower. B) On the head of the person in the yellow #3 jersey. C) Draped over the basketball rim and through the net. D) On the floor behind the thrower.",D,C) Draped over the basketball rim and through the net.,simple_relation,[Single-Choice] Where is the wall-mounted basketball hoop relative to the nearby players? [Options] A) In front and above them B) Behind and below them C) Behind and above them D) Beside them at knee height,C,A) In front and above them,False,spatiotemporal_grounding,perception_recognition,"20-frame full-duration sheet: after the grey-shirted person throws the white jersey over his shoulder, it travels behind him and lands on the rear floor, not on the rim/net.",high,no
error-0138,UfsgoajgaA4_4_0_00_29_559_to_0_00_44_880.mp4,archived_workspace/experiments/perception_control/work/single_probe_200_contact_sheets/pc-0464.jpg,5,Object Deformation and State Transition,Human-Centric,Multiple-Select,[Multiple-Select] The prominent ripples seen on the water's surface are primarily generated by which of the man's movements? (Select all that apply) [Options] A) The downward and circular push of his feet. B) The side-to-side sculling motion of his hands. C) The movement of his head as he looks around. D) The passive displacement of his torso.,"A, B",B) The side-to-side sculling motion of his hands.,simple_relation,"[Single-Choice] As the man floats in the water, which side of his torso is facing upward? [Options] A) His back side B) His chest/front side C) His left side D) His right side",B,B) His chest/front side,True,perception_recognition,spatiotemporal_grounding,20-frame full-duration sheet: prominent surface ripples are generated by both the downward/circular foot push and hand sculling; selecting only hand motion omits the visible foot contribution.,high,no
error-0139,uV3lJhGek10_20_0_02_56_876_to_0_03_09_489.mp4,archived_workspace/experiments/perception_control/work/single_probe_200_contact_sheets/pc-0265.jpg,3,Action and Intent-Driven Spatial Reasoning,Human-Centric,Multiple-Select,"[Multiple-Select] Assuming the man uses the blind as intended, which locations are within his primary field of view for observation? (Select all that apply) [Options] A) The near edge of the pond. B) The far edge of the pond. C) The area where the truck is parked. D) The base of the wind turbines on the hill.","A, B","B, D",simple_relation,[Single-Choice] Where is the camouflaged blind relative to the small pond? [Options] A) To the right of the pond B) Directly behind the pond C) To the left of the pond D) Directly in front of the pond,C,D) Directly in front of the pond,False,action_goal_binding,perspective_reference_frame,"20-frame full-duration sheet: intended use of the blind directs observation toward both near and far pond edges; the turbine base lies outside the blind's primary opening, so B,D binds the purpose to the wrong distant location.",high,no
error-0140,gmpJmdKiZQ8_33_0_06_51_311_to_0_07_16_202.mp4,archived_workspace/experiments/perception_control/work/single_probe_200_contact_sheets/pc-0169.jpg,2,Dynamic Spatial Relationships,Human-Centric,Multiple-Select,"[Multiple-Select] At the moment the woman in the blue shirt first interacts with the person in the wheelchair, which of these spatial statements are correct from the camera's perspective? (Select all that apply) [Options] A) A yellow, partially collapsed beach umbrella is visible behind the man in the black shirt. B) A large, blue inflatable slide is visible in the background to the left. C) The ocean is completely out of the frame. D) A pair of shoes is visible on the sand directly beside the blue lounge chair.","A,B",C,entity,[Single-Choice] Which headwear is visible on the seated person near the blue-shirted woman? [Options] A) A bicycle helmet B) A straw sunhat C) A baseball cap D) A knit beanie,C,B) A straw sunhat,False,perception_recognition,spatiotemporal_grounding,"20-frame full-duration sheet: at the first wheelchair interaction the yellow collapsed umbrella is behind the black-shirted man and the blue inflatable slide is background-left, while ocean remains visible; selecting C misses both keyed relations.",high,no
error-0141,vIm1Ave5FVw_44_0_11_04_797_to_0_11_20_346.mp4,archived_workspace/experiments/perception_control/work/single_probe_200_contact_sheets/pc-0200.jpg,2,Dynamic Spatial Relationships,Human-Centric,True/False,[True/False] The person's head goes below the surface of the water as the wave passes over them.,True,False,entity,[Single-Choice] Which item is visible on the person? [Options] A) A bright life jacket B) A white helmet C) A striped shirt D) A dark wetsuit,D,D) A dark wetsuit,True,perception_recognition,spatiotemporal_grounding,20-frame full-duration sheet: the wave passes over and fully submerges the person's head before it reappears; the negative answer misses the event.,high,no
error-0142,XfovVgI3gsY_18_0_03_29_719_to_0_03_49_800.mp4,archived_workspace/experiments/perception_control/work/single_probe_200_contact_sheets/pc-0573.jpg,6,Egocentric vs. Allocentric Reference Frames,Object-Centric,Multiple-Select,"[Multiple-Select] The camera pans right, changing the view. Which statements correctly describe the motion from the camera's (egocentric) and the world's (allocentric) reference frames? (Select all that apply)
[Options]
A) Egocentrically, the city skyline appears to move from right to left across the frame.
B) Allocentrically, the boat is moving and the city is stationary.
C) Egocentrically, the flagpole moves from the right side of the frame to the left side.
D) Allocentrically, the city is moving from left to right.","A, B, C",AB,action_event,"[Single-Choice] Near the beginning of the clip, what is the flag doing? [Options] A) Being lowered on the pole B) Being folded by someone C) Waving in the wind D) Sinking into the water",C,C) Waving in the wind,True,perspective_reference_frame,spatiotemporal_grounding,"20-frame full-duration sheet: during the right pan both skyline and foreground flagpole move right-to-left egocentrically, while allocentrically the boat moves and city stays fixed; the response omits the flagpole relation C.",high,no
error-0143,uV3lJhGek10_20_0_02_56_876_to_0_03_09_489.mp4,archived_workspace/experiments/perception_control/work/single_probe_200_contact_sheets/pc-0265.jpg,3,Action and Intent-Driven Spatial Reasoning,Human-Centric,Multiple-Select,"[Multiple-Select] Assuming the man uses the blind as intended, which locations are within his primary field of view for observation? (Select all that apply) [Options] A) The near edge of the pond. B) The far edge of the pond. C) The area where the truck is parked. D) The base of the wind turbines on the hill.","A, B",ABD,simple_relation,[Single-Choice] Where is the camouflaged blind relative to the small pond? [Options] A) To the right of the pond B) Directly behind the pond C) To the left of the pond D) Directly in front of the pond,C,C) To the left of the pond,True,action_goal_binding,perspective_reference_frame,20-frame full-duration sheet: the blind's intended field covers near and far pond edges only; adding the wind-turbine base extends beyond the primary observation aperture.,high,no
error-0144,RoKJc6eScrA_2_0_01_08_866_to_0_01_48_533.mp4,archived_workspace/experiments/perception_control/work/single_probe_200_contact_sheets/pc-0055.jpg,1,Object Permanence and Occlusion Tracking,Object-Centric,True/False,"[True/False] Between 0:26 and 0:28, a person in a yellow shirt is walking on the right sidewalk. They are temporarily occluded by the car's right A-pillar. After they reappear, they have already walked past the red and orange ""Pet Hyper"" sign.",False,True,action_event,"[Single-Choice] Near the storefronts, what is the filming vehicle doing? [Options] A) Parked beside the curb B) Driving forward along the street C) Reversing down the street D) Turning into a driveway",B,B) Driving forward along the street,True,spatiotemporal_grounding,perception_recognition,"20-frame full-duration sheet: after the right A-pillar briefly hides the yellow-shirted pedestrian, the person reappears before reaching/passing the Pet Hyper sign; the answer reverses that post-occlusion ordering.",medium,no
error-0145,UbOevcbnLLY_0_0_00_00_133_to_0_00_14_714.mp4,archived_workspace/experiments/perception_control/work/single_probe_200_contact_sheets/pc-0156.jpg,2,Dynamic Spatial Relationships,Object-Centric,Single-Choice,"[Single-Choice] As the camera pans to the left, what is the apparent motion of the small puff of smoke on the distant hillside relative to the dock's corner post in the foreground? [Options] A) The smoke appears to move from the right side of the post to the left side of it. B) The smoke remains stationary directly behind the post. C) The smoke appears to move from the left side of the post to the right side of it. D) The smoke is never visible at the same time as the corner post.",B,A,action_event,[Single-Choice] Which visible event occurs before the leafy tree canopy enters the view? [Options] A) A large tree trunk fills the left side. B) A white rectangular roof appears near the dock. C) Benches appear beneath the tree. D) The canopy covers much of the top edge.,B,B,True,perspective_reference_frame,spatiotemporal_grounding,20-frame full-duration sheet: the distant smoke remains aligned behind the dock corner post during the left pan; the response mistakes camera motion for a right-to-left relative crossing.,medium,no
error-0146,U6Gzd0m7g1Y_2_0_00_34_401_to_0_00_45_945.mp4,archived_workspace/experiments/perception_control/work/single_probe_200_contact_sheets/pc-0135.jpg,2,Dynamic Spatial Relationships,Object-Centric,Single-Choice,"[Single-Choice] As the camera pans to the right, what is the apparent motion of the large white boat in the background relative to the foreground seat backrest? [Options] A) The background boat appears to move from the right side of the seat backrest to its left side. B) The background boat appears to move from the left side of the seat backrest to its right side. C) The background boat remains stationary directly behind the seat backrest. D) The background boat is always visible to the right of the seat backrest.",A,B) The background boat appears to move from the left side of the seat backrest to its right side.,action_event,"[Single-Choice] Near the end, what happens to the beige helm seat? [Options] A) It folds flat. B) It is lifted away. C) It moves back into view. D) It spins around.",C,A) It folds flat.,False,perspective_reference_frame,spatiotemporal_grounding,"20-frame full-duration sheet: as the camera pans right, the distant white boat shifts from the seat backrest's right side toward/through its left side in projection; the response reverses the parallax direction.",high,no
error-0147,ZHamsk3qcvM_2_0_01_47_541_to_0_03_16_708.mp4,archived_workspace/experiments/perception_control/work/single_probe_200_contact_sheets/pc-0572.jpg,6,Egocentric vs. Allocentric Reference Frames,Human-Centric,Multiple-Select,"[Multiple-Select] The camera moves along with the boats. From the camera's moving perspective, which of these appear to move from the right side of the screen towards the left side? (Select all that apply) [Options] A) The rowers in the white foreground boat. B) The white tents on the riverbank. C) The yellow competing boat. D) The trees on the riverbank.","B, D",A) The rowers in the white foreground boat.,action_event,[Single-Choice] Which statement correctly describes whether the large England flag appears before or after the brick riverside building? [Options] A) The brick building appears before the flag appears. B) The flag and brick building first appear together. C) Neither the flag nor brick building appears. D) The flag appears before the brick building appears.,D,A) The brick building appears before the flag appears.,False,perspective_reference_frame,spatiotemporal_grounding,20-frame full-duration sheet: the tracking camera keeps the racing boats roughly stable while stationary riverbank tents and trees sweep right-to-left; selecting the foreground rowers confuses camera-locked and world-fixed elements.,high,no
error-0148,uS1JBZRPNjk_38_0_07_53_306_to_0_08_03_316.mp4,archived_workspace/experiments/perception_control/work/single_probe_200_contact_sheets/pc-0072.jpg,1,Object Permanence and Occlusion Tracking,Object-Centric,True/False,"[True/False] During the camera's pan to the left, the rock and bush in the immediate right foreground move to eventually hide the part of the river that was visible on the far right at the start.",False,True,entity,[Single-Choice] Which man-made feature is visible on the canyon floor? [Options] A) A paved highway B) A railroad track C) A stone bridge D) A pale dirt road,D,D) A pale dirt road,True,perspective_reference_frame,spatiotemporal_grounding,20-frame full-duration sheet: the right foreground rock/bush do not cross to hide the initially far-right river region during the left pan; the affirmative answer assigns an incorrect projected occlusion.,medium,no
error-0149,PbiwvryfH94_27_0_10_50_999_to_0_12_30_624.mp4,archived_workspace/experiments/perception_control/work/single_probe_200_contact_sheets/pc-0015.jpg,1,Object Permanence and Occlusion Tracking,Human-Centric,True/False,[True/False] The person in the purple shirt who walks past the woman in the grey vest is completely hidden from view by her at some point before exiting the frame.,True,False,entity,[Single-Choice] Which object is visible beside the woman near the walkway? [Options] A) A wooden bench B) A metal railing C) A parked bicycle D) A beach umbrella,B,B) A metal railing,True,spatiotemporal_grounding,perception_recognition,20-frame full-duration sheet: the purple-shirted passer moves directly behind the grey-vested woman and is briefly fully occluded before exiting; the negative answer misses that overlap.,medium,no
error-0150,FN2ABL7CkJA_11_0_05_28_861_to_0_06_16_876.mp4,archived_workspace/experiments/perception_control/work/single_probe_200_contact_sheets/pc-0328.jpg,4,Predictive and Counterfactual Spatial Reasoning,Human-Centric,Single-Choice,"[Single-Choice] At 0:31, a black car approaches from the opposite direction. If the driver of the classic car had continued to drive straight instead of following the curve, what would have been the most immediate spatial outcome? [Options] A) A collision with the oncoming black car. B) Driving onto the grass on the left side of the road. C) Driving onto the grass on the right side of the road. D) A collision with the mailboxes on the left.",C,A) A collision with the oncoming black car.,simple_relation,"[Single-Choice] At the bend, which way does the road curve from the driver's view? [Options] A) To the left B) Straight ahead C) Into a fork D) To the right",D,D) To the right,True,physical_prediction_counterfactual,perspective_reference_frame,20-frame full-duration sheet: at the curve the classic car's uncorrected straight heading leads onto the right-side grass; the oncoming black car follows a separate lane and is not the first projected contact.,high,no
error-0151,D39Xmg7PEew_28_0_05_27_360_to_0_05_43_443.mp4,archived_workspace/experiments/perception_control/work/single_probe_200_contact_sheets/pc-0109.jpg,2,Dynamic Spatial Relationships,Human-Centric,True/False,"[True/False] The trajectory of the fish, as it is being pulled through the water before being lifted, is primarily from a distant point toward the camera's location.",False,True,simple_relation,[Single-Choice] Where is the tree-lined shoreline relative to the open water? [Options] A) Below the open water B) Above the open water C) Left of the open water D) Right of the open water,B,B) Above the open water,True,spatiotemporal_grounding,perspective_reference_frame,"20-frame full-duration sheet: the fish is pulled laterally across the water before being raised; its image grows as the camera tracks it, but the path is not primarily a straight approach from a distant point toward the camera.",high,no
error-0152,jr2s_4Fvf80_58_0_05_29_862_to_0_05_43_476.mp4,archived_workspace/experiments/perception_control/work/single_probe_200_contact_sheets/pc-0184.jpg,2,Dynamic Spatial Relationships,Object-Centric,Single-Choice,"[Single-Choice] During the drift, the car travels along a curved path around the prominent orange cone. Relative to the center of this curve, where is the cone located? [Options] A) On the inside of the curve. B) On the outside of the curve. C) The car's path goes directly over the cone. D) The cone is located exactly at the center of the curve.",A,B) On the outside of the curve.,entity,[Single-Choice] Which background feature is visible beyond the open driving area? [Options] A) A city skyline B) An ocean shoreline C) Indoor stadium seats D) A forested hillside,D,D) A forested hillside,True,perspective_reference_frame,spatiotemporal_grounding,20-frame full-duration sheet: the car arcs around the orange cone and leaves the cone on the concave/inside side of its curved trajectory; the response reverses the curve-centered relation.,high,no
error-0153,FN2ABL7CkJA_11_0_05_28_861_to_0_06_16_876.mp4,archived_workspace/experiments/perception_control/work/single_probe_200_contact_sheets/pc-0328.jpg,4,Predictive and Counterfactual Spatial Reasoning,Human-Centric,Single-Choice,"[Single-Choice] At 0:31, a black car approaches from the opposite direction. If the driver of the classic car had continued to drive straight instead of following the curve, what would have been the most immediate spatial outcome? [Options] A) A collision with the oncoming black car. B) Driving onto the grass on the left side of the road. C) Driving onto the grass on the right side of the road. D) A collision with the mailboxes on the left.",C,B) Driving onto the grass on the left side of the road.,simple_relation,"[Single-Choice] At the bend, which way does the road curve from the driver's view? [Options] A) To the left B) Straight ahead C) Into a fork D) To the right",D,A) To the left,False,physical_prediction_counterfactual,perspective_reference_frame,"20-frame full-duration sheet: at the bend the classic car's uncorrected forward heading projects onto the right-side grass, whereas the oncoming black car remains in the opposite lane; the response chooses the wrong side.",high,no
error-0154,eeJWtwV5OzA_28_0_05_18_100_to_0_05_28_800.mp4,archived_workspace/experiments/perception_control/work/single_probe_200_contact_sheets/pc-0018.jpg,1,Object Permanence and Occlusion Tracking,Human-Centric,Multiple-Select,"[Multiple-Select] As the man walks from the doorway to the red car, which vehicle in the background is temporarily hidden from view by his body? [Options] A) The grey Land Rover. B) The small black Smart car. C) The blue sedan. D) The white convertible.",B.C.D,"B, C",entity,[Single-Choice] Which accessory is visible around the walking man's neck? [Options] A) A bright green lanyard B) A red scarf C) A black tie D) A blue headset,A,A) A bright green lanyard,True,perception_recognition,spatiotemporal_grounding,"20-frame full-duration sheet: as the man crosses toward the red car, his body successively overlaps the small black Smart car, blue sedan, and white convertible; omitting D misses a visible temporary occlusion.",medium,no
error-0155,SjaUzHILZ8Y_56_0_09_01_474_to_0_09_23_229.mp4,archived_workspace/experiments/perception_control/work/single_probe_200_contact_sheets/pc-0543.jpg,6,Egocentric vs. Allocentric Reference Frames,Human-Centric,Single-Choice,"[Single-Choice] From the camera's perspective, the shoreline appears to be moving from right to left. What is the boat's actual direction of travel relative to the distant dam visible at the start of the video? [Options] A) Towards the dam. B) Away from the dam. C) Parallel to the dam. D) The boat is stationary.",D,B) Away from the dam.,simple_relation,"[Single-Choice] In the opening view, where is the tree-covered shoreline relative to the camera? [Options] A) Along the right side of the water B) Straight across the near foreground C) Centered far ahead on the horizon D) Along the left side of the water",D,<answer>Along the left side of the water,False,benchmark_ambiguity,perspective_reference_frame,"20-frame full-duration sheet: shoreline alignment changes substantially across the stern-facing view while the distant dam is only intermittently framed; this does not support the keyed claim that the boat is stationary, and direction relative to the dam is underdetermined from the sampled view.",medium,yes
error-0156,FHea6tOnSYY_27_0_03_34_881_to_0_03_49_295.mp4,archived_workspace/experiments/perception_control/work/single_probe_200_contact_sheets/pc-0030.jpg,1,Object Permanence and Occlusion Tracking,Object-Centric,Single-Choice,"[Single-Choice] At the very beginning of the video, as the silver Corvette drives past, which object in the background does it temporarily and completely occlude from the camera's view? [Options] A) The red Porsche. B) A white SUV. C) A distant building. D) The blue Subaru.",B,A) The red Porsche.,entity,[Single-Choice] Which large vehicle is visible in the background near the roadway? [Options] A) A yellow school bus B) A white semi-trailer truck C) A red fire engine D) A black pickup truck,B,B) A white semi-trailer truck,True,perception_recognition,spatiotemporal_grounding,"20-frame full-duration sheet: the silver Corvette crosses in front of the distant white SUV/truck at the opening, while the red Porsche remains separately visible later; the response binds the occlusion to the wrong vehicle.",high,no
error-0157,mrgxon0Wf_g_47_0_10_15_000_to_0_10_30_100.mp4,archived_workspace/experiments/perception_control/work/single_probe_200_contact_sheets/pc-0598.jpg,6,Egocentric vs. Allocentric Reference Frames,Human-Centric,True/False,"[True/False] From the man's own perspective, the finger-pointing gesture he makes early in the video is directed towards his right.",True,False,entity,[Single-Choice] Who is prominently visible in the foreground? [Options] A) A child wearing a red shirt B) A person in a white lab coat C) A woman with long dark hair D) An elderly woman with gray hair,C,C) A woman with long dark hair,True,perspective_reference_frame,perception_recognition,20-frame full-duration sheet: the man behind the woman extends the arm on his own right side when pointing downward; judging only the image-side direction leads to the opposite answer.,medium,no
error-0158,R5lA1ZQzauM_12_0_07_29_399_to_0_08_49_533.mp4,archived_workspace/experiments/perception_control/work/single_probe_200_contact_sheets/pc-0246.jpg,3,Action and Intent-Driven Spatial Reasoning,Human-Centric,Multiple-Select,[Multiple-Select] The operator's intent is to test the drone's 'follow me' capability. Which of the following spatial behaviors are observed in the drone's attempt to follow the operator? (Select all that apply) [Options] A) The drone initially drifts without tracking the operator's movement. B) The drone successfully matches the operator's forward speed perfectly. C) The drone adjusts its position laterally to keep the operator in the camera's view. D) The drone loses significant altitude while attempting to move towards the operator.,"B, C, D","A) The drone initially drifts without tracking the operator's movement.
C) The drone adjusts its position laterally to keep the operator in the camera's view.",entity,[Single-Choice] Which object is visible near the bottom foreground of the scene? [Options] A) A bicycle handlebar B) A radio controller C) A camera tripod D) A folding chair,B,<answer>A radio controller,False,action_goal_binding,spatiotemporal_grounding,"20-frame full-duration sheet: the follow-me test includes later speed matching, lateral recentering, and a noticeable loss of altitude; selecting initial drift instead of the matched-speed and altitude behaviors misbinds the observed motion to the test goal.",high,no
error-0159,NmImpLawyDg_4_0_02_41_340_to_0_02_52_717.mp4,archived_workspace/experiments/perception_control/work/single_probe_200_contact_sheets/pc-0115.jpg,2,Dynamic Spatial Relationships,Object-Centric,Single-Choice,"[Single-Choice] During the camera's upward pan, what is the apparent change in the position of the blue star-shaped light in the foreground relative to the red and white star-shaped light behind it? [Options] A) The blue light moves from being below the red light to being above it. B) The blue light appears to move further down and to the left relative to the red light. C) The two lights maintain a fixed spatial relationship to each other in the frame. D) The blue light moves from being to the left of the red light to its right.",C,"A) The blue light moves from being below the red light to being above it.
C) The two lights maintain a fixed spatial relationship to each other in the frame.",simple_relation,[Single-Choice] Where is the red teardrop-shaped ornament positioned relative to the red-and-white star decoration? [Options] A) lower left of it B) upper right of it C) upper left of it D) lower right of it,D,D,True,protocol_or_parsing,spatiotemporal_grounding,"20-frame full-duration sheet: the blue and red-white star lights keep a fixed relative arrangement through the upward pan, matching C; the model includes C but also emits incompatible option A for a single-choice item.",high,no
error-0160,l5gnnZXoDK0_18_0_02_11_360_to_0_02_21_400.mp4,archived_workspace/experiments/perception_control/work/single_probe_200_contact_sheets/pc-0568.jpg,6,Egocentric vs. Allocentric Reference Frames,Human-Centric,True/False,"[True/False] During the skier's final turn (from 5-8 seconds), the shadow cast by the skier is consistently on their left side.",False,True,action_event,"[Single-Choice] Near the end, what does the person do with both hands? [Options] A) Plants them on their hips B) Stretches them out sideways C) Raises them toward their helmet D) Clasps them behind their back",C,C) Raises them toward their helmet,True,perspective_reference_frame,perception_recognition,20-frame full-duration sheet: through the final turn the long shadow lies predominantly to the skier's image-right/body-right rather than consistently on the skier's left; the affirmative response reverses the side relation.,high,no
error-0161,ikx-L45Gqmw_66_0_09_18_224_to_0_09_36_842.mp4,archived_workspace/experiments/perception_control/work/single_probe_200_contact_sheets/pc-0283.jpg,3,Action and Intent-Driven Spatial Reasoning,Human-Centric,Single-Choice,"[Single-Choice] Based on the woman's path of movement from the sidewalk and the sudden appearance of a light source from above and behind her around the 5-second mark, what spatial interaction most likely occurred? [Options] A) She walked under a street lamp that turned on. B) She opened the rear trunk of the vehicle. C) She turned around to face the sunset. D) Another car turned its headlights on her.",B,A) She walked under a street lamp that turned on.,simple_relation,"[Single-Choice] After the woman reaches the parked vehicle, where is its raised hatch relative to her head? [Options] A) Below her chin B) Beside her left shoulder C) Across the street D) Above her head",D,D,True,benchmark_ambiguity,action_goal_binding,"20-frame full-duration sheet: the woman approaches the vehicle and becomes lit orange from above/behind, but the trunk lid and opening action are not directly visible; both a vehicle light/trunk interaction and an overhead lamp remain plausible from the static sequence.",medium,yes
error-0162,hekzmOGY4jo_14_0_01_46_940_to_0_01_59_385.mp4,archived_workspace/experiments/perception_control/work/single_probe_200_contact_sheets/pc-0591.jpg,6,Egocentric vs. Allocentric Reference Frames,Human-Centric,True/False,"[True/False] For most of the ride, the surfer is moving along the face of the wave, causing the surfboard to travel in a direction roughly parallel to the shoreline.",True,False,simple_relation,[Single-Choice] How are the main bands of breaking white water oriented across the scene? [Options] A) Mostly left-to-right B) Mostly top-to-bottom C) Diagonally upward left-to-right D) Diagonally downward left-to-right,A,A) Mostly left-to-right,True,perspective_reference_frame,spatiotemporal_grounding,"20-frame full-duration sheet: the surfer traverses laterally along the wave face for most of the ride, approximately parallel to the visible shoreline, rather than moving directly shoreward; the response confuses wave-relative and shore-relative motion.",high,no
error-0163,NIZ_SpWGs3M_14_0_03_59_466_to_0_04_11_266.mp4,archived_workspace/experiments/perception_control/work/single_probe_200_contact_sheets/pc-0414.jpg,5,Object Deformation and State Transition,Human-Centric,Multiple-Select,"[Multiple-Select] After the button is pressed, which of these components visually transition from an inactive state to an active, illuminated state? (Select all that apply) [Options] A) The central display screen. B) The dials behind the steering wheel. C) The buttons on the steering wheel spokes. D) The ring around the start button itself.","A,B",ABCD,simple_relation,[Single-Choice] Where is the red circular start button relative to the central display screen? [Options] A) Below and to the right B) Above and to the left C) Above and to the right D) Below and to the left,D,D,True,perception_recognition,spatiotemporal_grounding,"20-frame full-duration sheet: after the start-button press the instrument dials and central infotainment display illuminate, while the steering-wheel spoke buttons and button ring do not show the same inactive-to-active transition; the response overselects C and D.",high,no
error-0164,U_77ItXKYDs_29_0_05_43_933_to_0_05_54_033.mp4,archived_workspace/experiments/perception_control/work/single_probe_200_contact_sheets/pc-0126.jpg,2,Dynamic Spatial Relationships,Human-Centric,Multiple-Select,"[Multiple-Select] At the end of the video, the woman brings both hands down to adjust the bottom of the shirt. Which of the following spatial relationships change during this specific action? (Select all that apply) [Options] A) The distance between her right hand and her left hand. B) The distance between her left hand and the red mug. C) The orientation of the paintbrush relative to the table surface. D) The position of the green foam sheet relative to the table.","A,B,C",A) The distance between her right hand and her left hand.,simple_relation,"[Single-Choice] Relative to the green foam sheet, where is the red mug located? [Options] A) To its left B) To its right C) Directly above it D) Under it",A,B) To its right,False,spatiotemporal_grounding,perception_recognition,"20-frame full-duration sheet: during the final shirt adjustment both hands move together, the left hand changes distance to the red mug, and the held brush changes orientation relative to the tabletop; selecting only A omits the latter two changes.",high,no
error-0165,owFY8o68sDk_32_0_05_29_666_to_0_05_39_800.mp4,archived_workspace/experiments/perception_control/work/single_probe_200_contact_sheets/pc-0596.jpg,6,Egocentric vs. Allocentric Reference Frames,Human-Centric,True/False,"[True/False] Throughout the video, the hand holding the receiver assembly remains on the left side of the visual frame from the camera's perspective.",True,False,entity,[Single-Choice] Which object is visible near the person at the beginning of the scene? [Options] A) A laptop computer B) A handheld radio controller C) A soldering iron D) A pair of pliers,B,B) A handheld radio controller,True,perspective_reference_frame,spatiotemporal_grounding,20-frame full-duration sheet: the hand supporting the receiver assembly remains on the left half of the camera frame throughout the runway sequence even as the assembly shifts toward center; the negative response loses the camera-frame reference.,medium,no
error-0166,Uz_Fmus7BgA_10_0_03_43_189_to_0_03_53_466.mp4,archived_workspace/experiments/perception_control/work/single_probe_200_contact_sheets/pc-0041.jpg,1,Object Permanence and Occlusion Tracking,Human-Centric,True/False,"[True/False] After the surfer is completely occluded by the whitewater at the end of the ride, they have ended up in front of the breaking part of the wave.",False,True,simple_relation,"[Single-Choice] While the surfer rides near the foamy spray, where is the dark, unbroken wave face relative to the surfer? [Options] A) To the viewer's left B) To the viewer's right C) Directly above D) Directly below",A,D) Directly below,False,spatiotemporal_grounding,perspective_reference_frame,"20-frame full-duration sheet: the surfer rides inside/behind the breaking lip and is finally swallowed by whitewater, not deposited visibly in front of the breaking section; the response infers an unsupported post-occlusion position.",high,no
error-0167,ecgPZ4yevss_16_0_05_24_857_to_0_05_37_637.mp4,archived_workspace/experiments/perception_control/work/single_probe_200_contact_sheets/pc-0316.jpg,4,Predictive and Counterfactual Spatial Reasoning,Object-Centric,Single-Choice,"[Single-Choice] Based on the camera's final position and direction of movement, if it continued to pan forward along the kayak's centerline, what would be the next major feature to come into view? [Options] A) The gray seat. B) The very front tip (bow) of the kayak. C) The teal storage box. D) The side carrying handle.",B,A) The gray seat.,entity,[Single-Choice] Which item is visible on the deck near the open cockpit? [Options] A) A black paddle blade B) A red life jacket C) A white helmet D) A yellow dry bag,A,B) A red life jacket,False,physical_prediction_counterfactual,spatiotemporal_grounding,"20-frame full-duration sheet: the camera progresses from the rear cooler and seat toward the open forward hull; continuing along the kayak centerline would next reveal the bow, whereas the grey seat has already been passed.",high,no
error-0168,TD27Rs6mTes_1_0_00_06_519_to_0_00_16_920.mp4,archived_workspace/experiments/perception_control/work/single_probe_200_contact_sheets/pc-0534.jpg,6,Egocentric vs. Allocentric Reference Frames,Human-Centric,Single-Choice,"[Single-Choice] If the woman in the black dress were to turn 180 degrees, what would be directly in her line of sight? [Options] A) The man carrying a basket on his shoulder. B) A stone fountain. C) The large arched doorway. D) The woman with her back to the camera.",C,A,simple_relation,[Single-Choice] Where in the image is the green double door relative to the woman in the black dress? [Options] A) To her right B) To her left C) Directly above her D) Directly below her,A,B) To her left,False,perspective_reference_frame,action_goal_binding,"20-frame full-duration sheet: the black-dressed woman faces away from the large arched doorway, so a 180-degree turn would align her view with that doorway rather than with the basket-carrying man.",high,no
error-0169,JCDFMUawpsY_31_0_13_29_141_to_0_13_57_836.mp4,archived_workspace/experiments/perception_control/work/single_probe_200_contact_sheets/pc-0334.jpg,4,Predictive and Counterfactual Spatial Reasoning,Human-Centric,Single-Choice,"[Single-Choice] Just before entering the paved area, the rider passes a yellow 'CAUTION' sign on their right. If the rider had instead turned sharply right immediately after this sign, what would they have ridden onto? [Options] A) A set of metal crowd-control barriers. B) A gravel road leading up a hill. C) A raised wooden deck next to a building. D) Another dirt bike path.",D,A) A set of metal crowd-control barriers.,action_event,[Single-Choice] Which event happens before the rider rides beside the wooden building? [Options] A) The rider extends an arm sideways. B) The rider stops beside pedestrians. C) The rider descends a dirt slope. D) The rider turns back uphill.,C,C) The rider descends a dirt slope.,True,benchmark_ambiguity,physical_prediction_counterfactual,"20-frame full-duration sheet: immediately after the yellow CAUTION sign, the rider's right side opens onto the paved/barrier area; a distinct dirt path corresponding to keyed D is not identifiable in the sampled frames, so the counterfactual target is not securely keyed.",low,yes
error-0170,PR7PqA5EisY_16_0_02_27_547_to_0_03_22_068.mp4,archived_workspace/experiments/perception_control/work/single_probe_200_contact_sheets/pc-0416.jpg,5,Object Deformation and State Transition,Object-Centric,True/False,"[True/False] When the car drives away from the camera down the road between 0:29 and 0:34, its pop-up headlights are retracted into the hood.",True,False,action_event,[Single-Choice] What happens before the car is viewed broadside while moving? [Options] A) The hood is lifted open. B) Both doors are opened. C) A wheel is removed. D) A raised front lamp is lit.,D,D) A raised front lamp is lit.,True,perception_recognition,spatiotemporal_grounding,20-frame full-duration sheet: the 29-34 second side/rear views show the headlight doors flush with the hood while the car drives away; the response misses the retracted state visible in that interval.,medium,no
error-0171,TVPLbXI1fR8_10_0_02_28_982_to_0_03_03_182.mp4,archived_workspace/experiments/perception_control/work/single_probe_200_contact_sheets/pc-0247.jpg,3,Action and Intent-Driven Spatial Reasoning,Human-Centric,Single-Choice,"[Single-Choice] To open the transom door, what is the correct sequence of spatial operations performed on the latch and door? [Options] A) The handle is pushed up, then the door is pulled outward. B) The handle is rotated clockwise, then the door is pushed outward. C) The handle is pulled downward, then the door is pushed inward. D) The door is pushed inward first, which releases the handle.",A,B,entity,[Single-Choice] Which human body part is visibly present near the boat hardware? [Options] A) A hand B) A foot C) A knee D) A head,A,A) A hand,True,action_goal_binding,spatiotemporal_grounding,20-frame full-duration sheet: the latch handle is lifted upward before the transom door is pulled outward; choosing clockwise rotation and outward push reverses both observed operations.,high,no
error-0172,qRtxlEZpev0_31_0_07_11_699_to_0_07_26_366.mp4,archived_workspace/experiments/perception_control/work/single_probe_200_contact_sheets/pc-0454.jpg,5,Object Deformation and State Transition,Human-Centric,Multiple-Select,[Multiple-Select] Which physical states describe the single blue band while it is being manipulated by the hook? (Select all that apply) [Options] A) Under tension. B) Rigid. C) Twisted. D) Compressed.,"A, C",A) Under tension.,action_event,"[Single-Choice] While the person works with the yellow hook, what is the other hand doing? [Options] A) Cutting bands with scissors B) Holding the clear loom steady C) Pouring beads onto the loom D) Writing labels on the loom",B,B) Holding the clear loom steady,True,perception_recognition,spatiotemporal_grounding,20-frame full-duration sheet: the blue band is visibly stretched under tension and crosses/twists around the hook during manipulation; selecting only tension omits the changing twisted configuration.,high,no
error-0173,jhcqv4tPIRQ_15_0_03_49_400_to_0_04_01_300.mp4,archived_workspace/experiments/perception_control/work/single_probe_200_contact_sheets/pc-0387.jpg,4,Predictive and Counterfactual Spatial Reasoning,Human-Centric,Single-Choice,"[Single-Choice] Based on its final position, if the bird were to continue climbing straight down the wall, what is the first object it would physically contact? [Options] A) The floor. B) The decorative window on the door. C) The light switch. D) The door frame.",C,B) The decorative window on the door.,entity,[Single-Choice] Which large object is visible directly beside the bird near the wall? [Options] A) A metal ladder B) A leafy plant C) A tan padded cushion D) A cardboard box,C,C) A tan padded cushion,True,physical_prediction_counterfactual,perspective_reference_frame,"20-frame full-duration sheet: from the bird's final vertical position, a straight downward continuation intersects the wall light-switch panel before the lower decorative door window; the response projects onto the wrong horizontal line.",high,no
error-0174,H4AAXWDxHdI_3_0_00_36_002_to_0_00_46_413.mp4,archived_workspace/experiments/perception_control/work/single_probe_200_contact_sheets/pc-0233.jpg,3,Action and Intent-Driven Spatial Reasoning,Human-Centric,Single-Choice,"[Single-Choice] Based on the person's turn and final orientation at the 6-second mark, which direction are they preparing to walk? [Options] A) Towards the green dumpster. B) Back in the direction they originally came from. C) Down the road towards the low buildings. D) Across the grassy area to their right.",B,D,simple_relation,[Single-Choice] Where is the green dumpster relative to the person in the scene? [Options] A) Behind her on the viewer's left B) In front of her on the viewer's right C) Behind her on the viewer's right D) In front of her on the viewer's left,C,C) Behind her on the viewer's right,True,benchmark_ambiguity,action_goal_binding,"20-frame full-duration sheet: the close selfie framing shows mainly the speaker's face and only brief head turns; the person's full body orientation and the asserted green-dumpster/road/grass alternatives are not jointly visible, so the intended walking direction cannot be resolved reliably.",low,yes
error-0175,v0C5551Yh0k_11_0_01_18_745_to_0_01_31_491.mp4,archived_workspace/experiments/perception_control/work/single_probe_200_contact_sheets/pc-0255.jpg,3,Action and Intent-Driven Spatial Reasoning,Human-Centric,Single-Choice,[Single-Choice] What action does the shirtless surfer take that significantly lowers their body's center of gravity relative to the board? [Options] A) They jump off the board. B) They crouch low while remaining on their feet. C) They lie down on their stomach. D) They fall backward into the water.,C,B) They crouch low while remaining on their feet.,entity,[Single-Choice] Which visible feature is directly behind the rider on the water? [Options] A) A sandy beach B) A rocky cliff C) A white breaking wave D) A floating buoy,C,C) A white breaking wave,True,spatiotemporal_grounding,perception_recognition,"20-frame full-duration sheet: in the relevant opening segment the shirtless surfer transitions from standing to lying prone on the board, not merely to a low crouch; later frames switch to unrelated shark footage, but the queried action is already visible before that switch.",medium,no
error-0176,j8Gic59heRg_65_0_15_52_084_to_0_16_08_233.mp4,archived_workspace/experiments/perception_control/work/single_probe_200_contact_sheets/pc-0078.jpg,1,Object Permanence and Occlusion Tracking,Human-Centric,Fill-in-the-Blank,"[Fill-in-the-Blank] Between 0:04 and 0:06, the white paper lantern hanging on the left side of the street is temporarily hidden from view by the corner of the ______ building.",brick,white,entity,[Single-Choice] Which object is visible along the street? [Options] A) Railroad crossing gates B) Short metal bollards C) Outdoor water fountains D) Parked delivery trucks,B,B) Short metal bollards,True,perception_recognition,spatiotemporal_grounding,20-frame full-duration sheet: between 0:04 and 0:06 the left paper lantern passes behind the projecting corner of the red-brick storefront; the response names its light-colored trim rather than the occluding building material.,high,no
error-0177,Ud7XHwfD6ls_94_0_12_11_230_to_0_12_21_907.mp4,archived_workspace/experiments/perception_control/work/single_probe_200_contact_sheets/pc-0547.jpg,6,Egocentric vs. Allocentric Reference Frames,Human-Centric,Single-Choice,"[Single-Choice] As the camera moves backward, it reveals a main building and a smaller, dark-roofed shed to its left. From a bird's-eye perspective, what is located directly between these two structures? [Options] A) A wooden fence . B) Two children skating in a circle. C) A large snowbank with a trash can on top. D) A black metal fire pit.",A,C) A large snowbank with a trash can on top.,entity,[Single-Choice] Who is visible closest to the camera? [Options] A) A woman wearing sunglasses B) A child holding hockey sticks C) A dog pulling a sled D) A man riding a bicycle,A,A) A woman wearing sunglasses,True,perspective_reference_frame,perception_recognition,20-frame full-duration sheet: the backward reveal places a wooden fence directly in the gap between the main building and the smaller dark-roofed shed; the snowbank/trash can occupies a different foreground position.,high,no
error-0178,GdCdu6KH5ak_18_0_02_32_960_to_0_02_43_199.mp4,archived_workspace/experiments/perception_control/work/single_probe_200_contact_sheets/pc-0147.jpg,2,Dynamic Spatial Relationships,Human-Centric,True/False,[True/False] The soccer ball passes over the crossbar of the goal only once during the entire visible sequence.,False,True,entity,[Single-Choice] Which actor is visibly present on the field? [Options] A) A cyclist riding a bike B) A swimmer in a pool C) A skier on snow D) A person in a bright yellow shirt,D,D) A person in a bright yellow shirt,True,spatiotemporal_grounding,perception_recognition,"20-frame full-duration sheet: the ball is visibly airborne above the crossbar region in two separated phases, around 0:04-0:05 and again near 0:08-0:09; the response collapses repeated crossings into one.",medium,no
error-0179,odcmK3Int58_6_0_01_22_282_to_0_01_50_877.mp4,archived_workspace/experiments/perception_control/work/single_probe_200_contact_sheets/pc-0577.jpg,6,Egocentric vs. Allocentric Reference Frames,Human-Centric,Fill-in-the-Blank,"[Fill-in-the-Blank] From the person's own point of view, when they place the two batteries on the table, the batteries are positioned to the ______ of the mouse.",right,left,action_event,[Single-Choice] What does the person do with the white instruction leaflet near the end? [Options] A) Cuts it apart B) Writes on it C) Unfolds it D) Throws it away,C,C) Unfolds it,True,perspective_reference_frame,perception_recognition,"20-frame full-duration sheet: in the person's working orientation, the two batteries are set on the tabletop to the person's right of the mouse; the response substitutes the opposite side.",high,no
error-0180,XrwHnGrObHA_29_0_06_33_460_to_0_06_50_176.mp4,archived_workspace/experiments/perception_control/work/single_probe_200_contact_sheets/pc-0364.jpg,4,Predictive and Counterfactual Spatial Reasoning,Object-Centric,Single-Choice,"[Single-Choice] At 0:03, a fish is swimming from the upper right towards the lower left. Given its trajectory at that moment, if it had continued in a perfectly straight line, where would it have most likely exited the frame? [Options] A) The bottom edge of the frame. B) The left edge of the frame. C) The top edge of the frame. D) It would have remained in the center.",A,B,action_event,[Single-Choice] Which event occurs before the fish becomes clearly visible in the water? [Options] A) The fish passes close to the lower edge. B) Two fish overlap near the center. C) Only water and a dark diagonal reflection are visible. D) The fish touches the left border.,C,C,True,physical_prediction_counterfactual,spatiotemporal_grounding,"20-frame full-duration sheet: the fish's upper-right to lower-left velocity has a steeper downward than leftward component, so straight extrapolation reaches the bottom edge first; the response projects it to the left edge.",high,no
error-0181,Ul4Hy1EfPNQ_41_0_07_41_628_to_0_07_54_607.mp4,archived_workspace/experiments/perception_control/work/single_probe_200_contact_sheets/pc-0342.jpg,4,Predictive and Counterfactual Spatial Reasoning,Human-Centric,Single-Choice,"[Single-Choice] If the girl had pushed off with her feet with the same force but without first turning the handlebars, what would have been the tricycle's most likely initial path? [Options] A) It would have moved directly toward the camera. B) It would have moved backward away from the camera. C) It would have moved to the left, as it did in the video. D) It would have spun in a circle without moving forward.",C,B) It would have moved backward away from the camera.,simple_relation,[Single-Choice] Where is the tricycle's front wheel relative to its red rear basket? [Options] A) To the left of the basket B) To the right of the basket C) Directly above the basket D) Directly below the basket,B,D) Directly below the basket,False,benchmark_ambiguity,physical_prediction_counterfactual,20-frame full-duration sheet: the tricycle's initial wheel orientation and the causal contribution of the handlebar turn are not resolved well enough to support the keyed claim that removing the turn preserves the same leftward path; multiple initial trajectories remain plausible.,medium,yes
error-0182,WrTTfmkKQsM_46_0_08_03_524_to_0_08_15_119.mp4,archived_workspace/experiments/perception_control/work/single_probe_200_contact_sheets/pc-0511.jpg,6,Egocentric vs. Allocentric Reference Frames,Human-Centric,Single-Choice,"[Single-Choice] As the motorcycle accelerates through the intersection, what is the final position of the red car relative to the motorcycle's camera? [Options] A) Directly in front of the motorcycle. B) To the right and behind the motorcycle. C) To the left and behind the motorcycle. D) It is no longer visible.",A,D) It is no longer visible.,action_event,[Single-Choice] Which event happens before the red car enters the intersection? [Options] A) It parks along the right curb. B) It reverses toward the motorcycle. C) It drives ahead of the motorcycle. D) It turns into a driveway.,C,A) It parks along the right curb.,False,perception_recognition,perspective_reference_frame,"20-frame full-duration sheet: the red car remains visible ahead of the motorcycle through the final intersection frames, roughly centered in the forward view; the response incorrectly declares it absent.",high,no
error-0183,XfovVgI3gsY_18_0_03_29_719_to_0_03_49_800.mp4,archived_workspace/experiments/perception_control/work/single_probe_200_contact_sheets/pc-0573.jpg,6,Egocentric vs. Allocentric Reference Frames,Object-Centric,Multiple-Select,"[Multiple-Select] The camera pans right, changing the view. Which statements correctly describe the motion from the camera's (egocentric) and the world's (allocentric) reference frames? (Select all that apply)
[Options]
A) Egocentrically, the city skyline appears to move from right to left across the frame.
B) Allocentrically, the boat is moving and the city is stationary.
C) Egocentrically, the flagpole moves from the right side of the frame to the left side.
D) Allocentrically, the city is moving from left to right.","A, B, C","B) Allocentrically, the boat is moving and the city is stationary.",action_event,"[Single-Choice] Near the beginning of the clip, what is the flag doing? [Options] A) Being lowered on the pole B) Being folded by someone C) Waving in the wind D) Sinking into the water",C,C) Waving in the wind,True,perspective_reference_frame,spatiotemporal_grounding,"20-frame full-duration sheet: during the rightward pan the skyline and foreground flagpole sweep right-to-left egocentrically, while allocentrically the boat moves and city stays fixed; selecting only B omits A and C.",high,no
error-0184,u5bdvLkN9pI_11_0_01_44_479_to_0_02_02_622.mp4,archived_workspace/experiments/perception_control/work/single_probe_200_contact_sheets/pc-0566.jpg,6,Egocentric vs. Allocentric Reference Frames,Object-Centric,Fill-in-the-Blank,"[Fill-in-the-Blank] In the final arrangement shown on the table, the four tall stacks in clear tubes are located to the ______ of the main group of stacks in white tubes.",before,right,simple_relation,"[Single-Choice] In the final setup, where are the small loose coin stacks relative to the main group of white tubes? [Options] A) To the left B) In front C) To the right D) Behind",C,D) Behind,False,benchmark_ambiguity,perspective_reference_frame,20-frame full-duration sheet: the four clear-tube stacks are visibly to the right of the white-tube group; keyed 'before' is not a grammatical spatial relation for this sentence and conflicts with the visible arrangement.,high,yes
error-0185,sSy9TvBC92o_15_0_01_39_519_to_0_01_58_920.mp4,archived_workspace/experiments/perception_control/work/single_probe_200_contact_sheets/pc-0452.jpg,5,Object Deformation and State Transition,Human-Centric,Multiple-Select,"[Multiple-Select] The snake actively deforms its body to grip the man's arm. Which of the following spatial configurations are created by this deformation? (Select all that apply) [Options] A) Multiple circular coils wrapped around the forearm. B) A single loop running lengthwise along the other coils. C) A complex, overlapping mass where the body crosses over itself multiple times. D) A straight, rigid line along the top of the man's arm.","A,B,C",A) Multiple circular coils wrapped around the forearm.,simple_relation,"[Single-Choice] How is the man's raised forearm oriented near his chest? [Options] A) Upright, with the hand above the elbow B) Horizontal, with the hand level with the elbow C) Downward, with the hand below the elbow D) Straight outward, pointing toward the camera",A,"A) Upright, with the hand above the elbow",True,perception_recognition,spatiotemporal_grounding,"20-frame full-duration sheet: the snake forms several circular forearm coils, a lengthwise loop, and multiple self-crossings; selecting only A omits the visible B and C configurations.",high,no
error-0186,HlPI1M9yYgM_27_0_04_48_766_to_0_05_05_233.mp4,archived_workspace/experiments/perception_control/work/single_probe_200_contact_sheets/pc-0122.jpg,2,Dynamic Spatial Relationships,Human-Centric,Single-Choice,"[Single-Choice] As the camera pans from looking at the passenger seat toward the dashboard, which object appears to move from the right side of the visual field to the left? [Options] A) The passenger-side door handle. B) The gear shift. C) The rearview mirror. D) The passenger headrest.",C,D) The passenger headrest.,entity,[Single-Choice] Which object is visible between the front seats? [Options] A) A cup holder B) A laptop C) A bicycle helmet D) A coffee mug,A,A,True,perspective_reference_frame,spatiotemporal_grounding,"20-frame full-duration sheet: as the view pans from the passenger seat toward the dashboard, the rearview mirror enters high on the right and shifts leftward relative to the frame; the passenger headrest instead recedes toward the right/out of view.",medium,no
error-0187,srbQrg_NF5E_56_0_09_33_703_to_0_09_45_432.mp4,archived_workspace/experiments/perception_control/work/single_probe_200_contact_sheets/pc-0069.jpg,1,Object Permanence and Occlusion Tracking,Object-Centric,Single-Choice,"[Single-Choice] Between 00:08 and 00:10, the branches of the bare tree in the foreground pass in front of and briefly hide which feature? [Options] A) The highest mountain peak in the distance. B) A section of the road deep in the valley. C) A cluster of houses on the opposite hillside. D) The group of pine trees on the far right.",A,D,entity,[Single-Choice] Which object is visible along the roadside in the foreground? [Options] A) Red traffic cones B) Wooden picnic tables C) Metal streetlights D) White concrete barriers,D,D,True,perception_recognition,spatiotemporal_grounding,"20-frame full-duration sheet: around 0:08-0:10 the bare foreground branches cross the prominent high mountain peak near the center-left, not the far-right pine group; the response tracks the wrong background feature.",high,no
error-0188,EC6xdTpJOo8_17_0_05_25_799_to_0_05_36_675.mp4,archived_workspace/experiments/perception_control/work/single_probe_200_contact_sheets/pc-0421.jpg,5,Object Deformation and State Transition,Human-Centric,Single-Choice,"[Single-Choice] How does the state of the fish's mouth change from the moment it is first displayed horizontally to the final moment of the video?
[Options]
A) It remains shut the entire time.
B) It goes from mostly closed to wide open.
C) It remains wide open the entire time.
D) It goes from wide open to mostly closed.",C,B) It goes from mostly closed to wide open.,simple_relation,"[Single-Choice] When the man holds the fish sideways in front of him, where is the fish's head relative to its tail? [Options] A) To the left of the tail B) Above the tail C) Below the tail D) To the right of the tail",D,A) To the left of the tail,False,perception_recognition,spatiotemporal_grounding,"20-frame full-duration sheet: from its first horizontal display through the final frames, the fish's mouth is already and remains wide open; the response invents an initial closed state.",high,no
error-0189,JCDFMUawpsY_31_0_13_29_141_to_0_13_57_836.mp4,archived_workspace/experiments/perception_control/work/single_probe_200_contact_sheets/pc-0334.jpg,4,Predictive and Counterfactual Spatial Reasoning,Human-Centric,Single-Choice,"[Single-Choice] Just before entering the paved area, the rider passes a yellow 'CAUTION' sign on their right. If the rider had instead turned sharply right immediately after this sign, what would they have ridden onto? [Options] A) A set of metal crowd-control barriers. B) A gravel road leading up a hill. C) A raised wooden deck next to a building. D) Another dirt bike path.",D,B) A gravel road leading up a hill.,action_event,[Single-Choice] Which event happens before the rider rides beside the wooden building? [Options] A) The rider extends an arm sideways. B) The rider stops beside pedestrians. C) The rider descends a dirt slope. D) The rider turns back uphill.,C,C,True,benchmark_ambiguity,physical_prediction_counterfactual,"20-frame full-duration sheet: immediately after the CAUTION sign, the right-hand destination is not shown as a clearly identifiable dirt path; the paved/barrier area and other possible surfaces make keyed D insufficiently supported.",low,yes
error-0190,_Bk5JLlP6iw_11_0_01_21_681_to_0_01_32_492.mp4,archived_workspace/experiments/perception_control/work/single_probe_200_contact_sheets/pc-0066.jpg,1,Object Permanence and Occlusion Tracking,Object-Centric,True/False,"[True/False] At the moment the white car is first fully hidden by the large bush on the left, the dark red car that passed at the beginning is no longer visible on the road.",False,True,action_event,[Single-Choice] Does the orange-clad motorcyclist appear before or after the white car enters view? [Options] A) After the white car enters view B) At the same time as the white car C) The motorcyclist does not appear D) Before the white car enters view,D,A) After the white car enters view,False,spatiotemporal_grounding,perception_recognition,"20-frame full-duration sheet: when the later white car reaches the left bush/occlusion point, the earlier dark red car remains as a small visible vehicle farther down the road; the response loses that tracked object too early.",medium,no
error-0191,pFawXXbi7oY_4_0_00_36_302_to_0_00_47_747.mp4,archived_workspace/experiments/perception_control/work/single_probe_200_contact_sheets/pc-0094.jpg,1,Object Permanence and Occlusion Tracking,Object-Centric,True/False,"[True/False] After the camera finishes panning to the right, the silver SUV that was initially parked beside a white horse trailer is completely occluded by the trailer in the foreground.",True,False,entity,[Single-Choice] What object is visible along the bottom edge of the scene? [Options] A) A wooden fence B) A car roof C) A traffic cone D) A bicycle handlebar,B,B) A car roof,True,spatiotemporal_grounding,perception_recognition,"20-frame full-duration sheet: after the rightward pan, the foreground white horse trailer fully covers the initially adjacent silver SUV; the negative response fails to carry the parked vehicle through the occlusion.",high,no
error-0192,QuNcS5RWDGk_22_0_03_48_375_to_0_04_04_958.mp4,archived_workspace/experiments/perception_control/work/single_probe_200_contact_sheets/pc-0540.jpg,6,Egocentric vs. Allocentric Reference Frames,Human-Centric,Single-Choice,"[Single-Choice] From the perspective of the man on the left holding the phone, in which direction is the city shoreline located? [Options] A) Directly in front of him. B) To his immediate right. C) Directly behind him. D) To his immediate left.",C,A) Directly in front of him.,simple_relation,[Single-Choice] Where is the distant city shoreline relative to the water surface? [Options] A) Below the water surface B) At the bottom edge C) Along the horizon above the water D) High overhead in the sky,C,C) Along the horizon above the water,True,perspective_reference_frame,perception_recognition,20-frame full-duration sheet: the left phone-holding man faces inward toward the camera/group while the distant city shoreline lies behind his back; the response uses the camera's forward direction instead of his own.,high,no
error-0193,mWF9aH2BeZ0_29_0_06_13_940_to_0_06_25_885.mp4,archived_workspace/experiments/perception_control/work/single_probe_200_contact_sheets/pc-0298.jpg,3,Action and Intent-Driven Spatial Reasoning,Human-Centric,True/False,"[True/False] Based on the position of the sun shown during the pan and the man's shadow at the end of the video, the man is facing away from the sun.",False,True,action_event,[Single-Choice] Which event happens before the person raises both gloved hands near their head? [Options] A) A gloved hand comes close to the lens. B) The person's face fills much of the view. C) The camera passes a tall stone tower. D) The person leans toward the camera.,C,A) A gloved hand comes close to the lens.,False,perspective_reference_frame,action_goal_binding,"20-frame full-duration sheet: the pan places the sun in the same general sector the man faces at the end, while his cast shadow extends away from it; the claim that he faces away from the sun reverses the lighting geometry.",medium,no
error-0194,NIZ_SpWGs3M_14_0_03_59_466_to_0_04_11_266.mp4,archived_workspace/experiments/perception_control/work/single_probe_200_contact_sheets/pc-0414.jpg,5,Object Deformation and State Transition,Human-Centric,Multiple-Select,"[Multiple-Select] After the button is pressed, which of these components visually transition from an inactive state to an active, illuminated state? (Select all that apply) [Options] A) The central display screen. B) The dials behind the steering wheel. C) The buttons on the steering wheel spokes. D) The ring around the start button itself.","A,B",C) The buttons on the steering wheel spokes.,simple_relation,[Single-Choice] Where is the red circular start button relative to the central display screen? [Options] A) Below and to the right B) Above and to the left C) Above and to the right D) Below and to the left,D,A) Below and to the right,False,perception_recognition,spatiotemporal_grounding,"20-frame full-duration sheet: the button press activates the instrument dials and then the central display, whereas steering-wheel spoke buttons do not undergo the keyed inactive-to-active change; selecting only C misses both observed transitions.",high,no
error-0195,iIpRKgC-9pw_42_0_08_15_662_to_0_08_32_312.mp4,archived_workspace/experiments/perception_control/work/single_probe_200_contact_sheets/pc-0587.jpg,6,Egocentric vs. Allocentric Reference Frames,Human-Centric,Single-Choice,"[Single-Choice] Relative to the car's frame of reference, which description best captures the initial motion of the armrest as it moves from its stowed to its deployed position? [Options] A) It pivots downwards and towards the front of the car. B) It slides horizontally forward from the seatback. C) It pivots downwards and towards the rear of the car. D) It rotates sideways from the seat cushion.",A,C) It pivots downwards and towards the rear of the car.,entity,[Single-Choice] Which item is visible on the rear seat cushion? [Options] A) Blue water bottle B) Black smartphone C) White paper cup D) Red seat belt buckle,D,D) Red seat belt buckle,True,perspective_reference_frame,perception_recognition,"20-frame full-duration sheet: relative to the car, the armrest rotates down from the seatback and toward the vehicle's front/center-console direction; the response reverses the fore-aft component.",high,no
error-0196,UEvDE_9rlSY_18_0_03_30_233_to_0_03_42_533.mp4,archived_workspace/experiments/perception_control/work/single_probe_200_contact_sheets/pc-0341.jpg,4,Predictive and Counterfactual Spatial Reasoning,Human-Centric,Single-Choice,"[Single-Choice] Assuming the watercraft continues on its current path without turning, what will its position be relative to the group of trees on the land in the next few seconds? [Options] A) It will be directly in front of the trees, having landed on the shore. B) It will have passed the trees, with the trees now on its right side. C) It will have turned away, with the trees getting smaller in the distance. D) It will be stationary in its current position.",A,"B) It will have passed the trees, with the trees now on its right side.",simple_relation,[Single-Choice] Where is the green sail relative to the tree group? [Options] A) Above and to the right B) Above and to the left C) Below and to the right D) Below and to the left,A,A) Above and to the right,True,physical_prediction_counterfactual,spatiotemporal_grounding,"20-frame full-duration sheet: the watercraft's current heading points directly toward the tree-lined shore, so unchanged motion would place it in front of the trees/on shore before it could pass them to the right.",high,no
error-0197,Xg9VRoWYh0E_60_0_12_29_782_to_0_12_48_033.mp4,archived_workspace/experiments/perception_control/work/single_probe_200_contact_sheets/pc-0550.jpg,6,Egocentric vs. Allocentric Reference Frames,Human-Centric,True/False,"[True/False] From the initial forward-facing viewpoint, the trolling motor is in front of the camera, but from the final viewpoint focused on the driver, the trolling motor is behind the camera.",False,True,action_event,[Single-Choice] Does the tree-covered shoreline on the left appear before or after the man in the blue cap is shown holding the steering wheel? [Options] A) After B) At the same moment C) Before D) One event is not visible,C,C) Before,True,perspective_reference_frame,spatiotemporal_grounding,20-frame full-duration sheet: changing from the initial forward view to the driver-focused view does not make the fixed trolling motor cross from in front of the camera to behind it; the response confuses view direction with object position.,high,no
error-0198,GvWldUGLkVM_53_0_07_40_793_to_0_08_00_279.mp4,archived_workspace/experiments/perception_control/work/single_probe_200_contact_sheets/pc-0232.jpg,3,Action and Intent-Driven Spatial Reasoning,Human-Centric,True/False,"[True/False] As the second car slides through the turn, the driver is steering the front wheels in the opposite direction of the turn itself.",True,False,entity,[Single-Choice] What surface is visible beneath the red vehicles? [Options] A) A sandy beach B) A grassy field C) A paved road D) A wooden bridge,C,C) A paved road,True,action_goal_binding,perception_recognition,"20-frame full-duration sheet: during the second car's slide, the front wheels are visibly countersteered against the direction of the turn to control the drift; the negative response misses the steering correction.",high,no
error-0199,srbQrg_NF5E_56_0_09_33_703_to_0_09_45_432.mp4,archived_workspace/experiments/perception_control/work/single_probe_200_contact_sheets/pc-0069.jpg,1,Object Permanence and Occlusion Tracking,Object-Centric,Single-Choice,"[Single-Choice] Between 00:08 and 00:10, the branches of the bare tree in the foreground pass in front of and briefly hide which feature? [Options] A) The highest mountain peak in the distance. B) A section of the road deep in the valley. C) A cluster of houses on the opposite hillside. D) The group of pine trees on the far right.",A,D,entity,[Single-Choice] Which object is visible along the roadside in the foreground? [Options] A) Red traffic cones B) Wooden picnic tables C) Metal streetlights D) White concrete barriers,D,D) White concrete barriers,True,perception_recognition,spatiotemporal_grounding,"20-frame full-duration sheet: around 0:08-0:10 the bare foreground branches cross the prominent high mountain peak near the center-left, not the far-right pine group; the response tracks the wrong background feature.",high,no
error-0200,gmpJmdKiZQ8_33_0_06_51_311_to_0_07_16_202.mp4,archived_workspace/experiments/perception_control/work/single_probe_200_contact_sheets/pc-0169.jpg,2,Dynamic Spatial Relationships,Human-Centric,Multiple-Select,"[Multiple-Select] At the moment the woman in the blue shirt first interacts with the person in the wheelchair, which of these spatial statements are correct from the camera's perspective? (Select all that apply) [Options] A) A yellow, partially collapsed beach umbrella is visible behind the man in the black shirt. B) A large, blue inflatable slide is visible in the background to the left. C) The ocean is completely out of the frame. D) A pair of shoes is visible on the sand directly beside the blue lounge chair.","A,B",AB,entity,[Single-Choice] Which headwear is visible on the seated person near the blue-shirted woman? [Options] A) A bicycle helmet B) A straw sunhat C) A baseball cap D) A knit beanie,C,C) A baseball cap,True,protocol_or_parsing,perception_recognition,"20-frame full-duration sheet: the yellow collapsed umbrella is behind the black-shirted man and the blue inflatable slide is background-left, exactly matching A and B; model output 'AB' is semantically identical to keyed 'A,B' and should not be a content error.",high,yes
error-0201,Xg9VRoWYh0E_60_0_12_29_782_to_0_12_48_033.mp4,archived_workspace/experiments/perception_control/work/single_probe_200_contact_sheets/pc-0550.jpg,6,Egocentric vs. Allocentric Reference Frames,Human-Centric,True/False,"[True/False] From the initial forward-facing viewpoint, the trolling motor is in front of the camera, but from the final viewpoint focused on the driver, the trolling motor is behind the camera.",False,True,action_event,[Single-Choice] Does the tree-covered shoreline on the left appear before or after the man in the blue cap is shown holding the steering wheel? [Options] A) After B) At the same moment C) Before D) One event is not visible,C,A,False,perspective_reference_frame,spatiotemporal_grounding,20-frame full-duration sheet: changing from the initial forward view to the driver-focused view does not move the fixed trolling motor from in front of the camera to behind it; the response confuses viewing direction with object location.,high,no
error-0202,Z0lkr3AQ8Xk_21_0_02_21_820_to_0_02_33_070.mp4,archived_workspace/experiments/perception_control/work/single_probe_200_contact_sheets/pc-0249.jpg,3,Action and Intent-Driven Spatial Reasoning,Human-Centric,Single-Choice,"[Single-Choice] Based on the silver car's final trajectory after swerving across the lane divider, what was its immediate spatial objective?
[Options]
A) To make a U-turn.
B) To pull over on the left shoulder.
C) To turn right at the upcoming intersection.
D) To overtake the black car.",A,C) To turn right at the upcoming intersection.,action_event,"[Single-Choice] Near the start of the event, what is the black car doing? [Options] A) Turning left B) Stopping at the roadside C) Driving straight ahead D) Reversing backward",C,C) Driving straight ahead,True,action_goal_binding,spatiotemporal_grounding,"20-frame full-duration sheet: after crossing the divider the silver car continues a broad reversal across the roadway, spatially consistent with a U-turn rather than setting up for an upcoming right turn.",high,no
error-0203,cCzDa3zWdjo_39_0_09_15_933_to_0_09_26_600.mp4,archived_workspace/experiments/perception_control/work/single_probe_200_contact_sheets/pc-0225.jpg,3,Action and Intent-Driven Spatial Reasoning,Human-Centric,Single-Choice,"[Single-Choice] At the end of the video, the rider points with her left hand across her body. Based on this gesture and the layout of the field, what is she most likely indicating to the person filming? [Options] A) The direction she and the horse will go next. B) The location of an obstacle off-screen to the camera's left. C) An obstacle located to the right from the camera's perspective. D) That she is finished with the exercise.",C,B) The location of an obstacle off-screen to the camera's left.,action_event,"[Single-Choice] When the rider is in the middle of the field, what is the horse doing? [Options] A) Trotting across the grass B) Jumping over a log C) Standing beside a barrel D) Eating grass from the ground",A,A) Trotting across the grass,True,perspective_reference_frame,action_goal_binding,"20-frame full-duration sheet: at the end the rider's left arm points across her body toward camera-right, where a field obstacle lies; the response reverses the camera-relative side of the indicated target.",high,no
error-0204,ZkJgqKAYywE_22_0_04_13_439_to_0_04_23_800.mp4,archived_workspace/experiments/perception_control/work/single_probe_200_contact_sheets/pc-0160.jpg,2,Dynamic Spatial Relationships,Object-Centric,Single-Choice,"[Single-Choice] As the camera pans right, how does the perceived spatial relationship between the small arched section of the track and the large white-tarped structure change? [Options] A) The arched section moves from being below the white structure to being above it. B) The arched section moves from being to the right of the white structure to being directly in front of it. C) The white structure moves from being behind the arched section to being beside it. D) The arched section and the white structure maintain a fixed side-by-side position.",A,B,action_event,"[Single-Choice] Near the end, what is the camera view passing alongside? [Options] A) A row of parked cars B) A wooden roller coaster framework C) A water slide tower D) A chain-link fence line",B,D) A chain-link fence line,False,perspective_reference_frame,spatiotemporal_grounding,20-frame full-duration sheet: under the rightward camera pan the small arched track section changes in projection from below the large white-tarped structure to above it; the response substitutes an unsupported right-to-front relation.,high,no
error-0205,HlPI1M9yYgM_27_0_04_48_766_to_0_05_05_233.mp4,archived_workspace/experiments/perception_control/work/single_probe_200_contact_sheets/pc-0122.jpg,2,Dynamic Spatial Relationships,Human-Centric,Single-Choice,"[Single-Choice] As the camera pans from looking at the passenger seat toward the dashboard, which object appears to move from the right side of the visual field to the left? [Options] A) The passenger-side door handle. B) The gear shift. C) The rearview mirror. D) The passenger headrest.",C,B) The gear shift.,entity,[Single-Choice] Which object is visible between the front seats? [Options] A) A cup holder B) A laptop C) A bicycle helmet D) A coffee mug,A,A) A cup holder,True,perspective_reference_frame,spatiotemporal_grounding,20-frame full-duration sheet: the rearview mirror shifts from the right side toward the left as the view pans from passenger seat to dashboard; the gear shift does not trace that right-to-left field motion.,medium,no
error-0206,U_77ItXKYDs_29_0_05_43_933_to_0_05_54_033.mp4,archived_workspace/experiments/perception_control/work/single_probe_200_contact_sheets/pc-0126.jpg,2,Dynamic Spatial Relationships,Human-Centric,Multiple-Select,"[Multiple-Select] At the end of the video, the woman brings both hands down to adjust the bottom of the shirt. Which of the following spatial relationships change during this specific action? (Select all that apply) [Options] A) The distance between her right hand and her left hand. B) The distance between her left hand and the red mug. C) The orientation of the paintbrush relative to the table surface. D) The position of the green foam sheet relative to the table.","A,B,C",A) The distance between her right hand and her left hand.,simple_relation,"[Single-Choice] Relative to the green foam sheet, where is the red mug located? [Options] A) To its left B) To its right C) Directly above it D) Under it",A,A) To its left,True,spatiotemporal_grounding,perception_recognition,"20-frame full-duration sheet: during the final shirt adjustment the inter-hand distance, left-hand-to-mug distance, and brush orientation relative to the table all change; selecting only A omits B and C.",high,no
error-0207,lJ98a0Owtuo_34_0_06_48_174_to_0_06_59_652.mp4,archived_workspace/experiments/perception_control/work/single_probe_200_contact_sheets/pc-0497.jpg,5,Object Deformation and State Transition,Object-Centric,True/False,[True/False] The peak height of the wave's crest remains consistent as it travels from the left side of the frame to the right.,False,True,entity,[Single-Choice] Which feature is visible on the ocean surface near the breaking water? [Options] A) Red buoy B) Wooden pier C) Lone surfer D) White foam,D,D) White foam,True,perception_recognition,spatiotemporal_grounding,"20-frame full-duration sheet: the traveling crest visibly grows, steepens, and then lowers/breaks as it advances across the frame; its peak height is not consistent as asserted.",high,no
error-0208,HjDY6bjj5Ic_33_0_06_07_567_to_0_06_25_384.mp4,archived_workspace/experiments/perception_control/work/single_probe_200_contact_sheets/pc-0332.jpg,4,Predictive and Counterfactual Spatial Reasoning,Object-Centric,True/False,"[True/False] At the 15-second mark, the car is turning. If it were to continue moving along this exact curved trajectory, it would eventually collide with the large dirt mound located at the top of the screen at the start of the video.",True,False,simple_relation,"[Single-Choice] At the beginning, where is the small red-and-white car relative to the large dirt mound? [Options] A) Below the mound B) Above the mound C) Level with the mound D) Hidden behind the mound",A,B) Above the mound,False,physical_prediction_counterfactual,perspective_reference_frame,20-frame full-duration sheet: around 0:15 the car is curving back toward the same upper dirt-bank sector visible at the opening; extending that curvature closes on the mound rather than carrying it away.,medium,no
error-0209,U6Gzd0m7g1Y_2_0_00_34_401_to_0_00_45_945.mp4,archived_workspace/experiments/perception_control/work/single_probe_200_contact_sheets/pc-0135.jpg,2,Dynamic Spatial Relationships,Object-Centric,Single-Choice,"[Single-Choice] As the camera pans to the right, what is the apparent motion of the large white boat in the background relative to the foreground seat backrest? [Options] A) The background boat appears to move from the right side of the seat backrest to its left side. B) The background boat appears to move from the left side of the seat backrest to its right side. C) The background boat remains stationary directly behind the seat backrest. D) The background boat is always visible to the right of the seat backrest.",A,C) The background boat remains stationary directly behind the seat backrest.,action_event,"[Single-Choice] Near the end, what happens to the beige helm seat? [Options] A) It folds flat. B) It is lifted away. C) It moves back into view. D) It spins around.",C,C) It moves back into view.,True,perspective_reference_frame,spatiotemporal_grounding,20-frame full-duration sheet: during the right pan the distant white boat crosses in projection from the seat backrest's right side toward/through its left side; the response incorrectly treats it as fixed behind the seat.,high,no
error-0210,sPcffDKFKWc_52_0_14_02_107_to_0_14_15_688.mp4,archived_workspace/experiments/perception_control/work/single_probe_200_contact_sheets/pc-0112.jpg,2,Dynamic Spatial Relationships,Human-Centric,Single-Choice,"[Single-Choice] At the beginning of the video, from the camera's viewpoint, the boy in the blue hat is on the right side of the girl in the light green shirt. What is their relative side-by-side position just before the camera pans away from them? [Options] A) The boy is now on the left side of the girl. B) The boy is directly behind the girl. C) Their side-by-side position has not changed. D) The girl is now on the left side of the boy.",A,C) Their side-by-side position has not changed.,entity,[Single-Choice] Which other person is visible walking near the children? [Options] A) A woman in a red jacket B) A man in a light blue shirt C) A man in a black suit D) A child in a yellow shirt,B,B) A man in a light blue shirt,True,spatiotemporal_grounding,perspective_reference_frame,"20-frame full-duration sheet: before the pan leaves them, the blue-hatted boy has crossed from the girl's image-right to her image-left; the response misses their side-order reversal.",high,no
error-0211,TUOAKfFlRK0_10_0_00_54_533_to_0_01_05_780.mp4,archived_workspace/experiments/perception_control/work/single_probe_200_contact_sheets/pc-0153.jpg,2,Dynamic Spatial Relationships,Human-Centric,Fill-in-the-Blank,"[Fill-in-the-Blank] As the camera pans to the left, the white building on the distant hill appears to move toward the ______ edge of the video frame.",right,left,entity,[Single-Choice] Which object is visible along the shoreline in the foreground? [Options] A) Parked cars B) Beach umbrellas C) Small boats D) Wooden benches,C,C) Small boats,True,perspective_reference_frame,spatiotemporal_grounding,"20-frame full-duration sheet: with a leftward camera pan, the distant scene including the white hill building moves toward the right frame edge; the response gives the pan direction rather than the apparent image motion.",medium,no
error-0212,H4AAXWDxHdI_3_0_00_36_002_to_0_00_46_413.mp4,archived_workspace/experiments/perception_control/work/single_probe_200_contact_sheets/pc-0233.jpg,3,Action and Intent-Driven Spatial Reasoning,Human-Centric,Single-Choice,"[Single-Choice] Based on the person's turn and final orientation at the 6-second mark, which direction are they preparing to walk? [Options] A) Towards the green dumpster. B) Back in the direction they originally came from. C) Down the road towards the low buildings. D) Across the grassy area to their right.",B,C) Down the road towards the low buildings.,simple_relation,[Single-Choice] Where is the green dumpster relative to the person in the scene? [Options] A) Behind her on the viewer's left B) In front of her on the viewer's right C) Behind her on the viewer's right D) In front of her on the viewer's left,C,C) Behind her on the viewer's right,True,benchmark_ambiguity,action_goal_binding,"20-frame full-duration sheet: close selfie framing around six seconds does not jointly show the person's full-body orientation and the named dumpster, buildings, and grass alternatives; the prepared walking direction is not reliably recoverable.",low,yes
error-0213,kPxokEIaItg_30_0_03_30_240_to_0_03_41_280.mp4,archived_workspace/experiments/perception_control/work/single_probe_200_contact_sheets/pc-0446.jpg,5,Object Deformation and State Transition,Human-Centric,Multiple-Select,"[Multiple-Select] As the brush moves across the eyebrow, which of the following visual state transitions occur? (Select all that apply) [Options] A) The gaps between the hairs become more prominent. B) The overall shape becomes more defined against the skin. C) The color of the eyebrow becomes darker and more uniform. D) The eyebrow appears to decrease in length.","B,C","A) The gaps between the hairs become more prominent.
B) The overall shape becomes more defined against the skin.
C) The color of the eyebrow becomes darker and more uniform.",entity,[Single-Choice] Which facial feature is clearly visible beneath the area being groomed? [Options] A) An eye B) A mouth C) An ear D) A chin,A,A) An eye,True,perception_recognition,spatiotemporal_grounding,"20-frame full-duration sheet: brushing fills and darkens the brow, making its contour more defined and color more uniform, while gaps between hairs become less rather than more prominent; the response adds incorrect A.",high,no
error-0214,kymf00Kmy1w_85_0_10_01_500_to_0_10_12_845.mp4,archived_workspace/experiments/perception_control/work/single_probe_200_contact_sheets/pc-0164.jpg,2,Dynamic Spatial Relationships,Human-Centric,Single-Choice,"[Single-Choice] After the woman in blue scrubs places the first medicine bottle back on the shelf, what is the position of the next bottle she selects relative to the first one? [Options] A) It is on the shelf directly above. B) It is on the same shelf, to the left. C) It is on the same shelf, to the right. D) It is on the shelf directly below.",B,"C) It is on the same shelf, to the right.",simple_relation,[Single-Choice] Where are the medicine shelves relative to the computer monitor? [Options] A) To the left of the monitor B) To the right of the monitor C) Directly above the monitor D) Directly below the monitor,A,B) To the right of the monitor,False,perspective_reference_frame,spatiotemporal_grounding,"20-frame full-duration sheet: after replacing the first bottle, the woman reaches to a neighboring bottle on the same shelf to its left; the response reverses the shelf-relative direction.",high,no
error-0215,u5olx9qLE5A_20_0_03_34_633_to_0_03_46_866.mp4,archived_workspace/experiments/perception_control/work/single_probe_200_contact_sheets/pc-0377.jpg,4,Predictive and Counterfactual Spatial Reasoning,Object-Centric,Single-Choice,"[Single-Choice] Assuming the vehicle continues at the same speed and on the same path, which prominent background feature will the next passing lamppost be the first to visually align with and begin to occlude? [Options] A) The large red brick building on the far left. B) The tall, dark church steeple. C) The cluster of white buildings on the distant right hill. D) The parking lot on the left side of the river.",A,B,simple_relation,[Single-Choice] Where are the roadside lampposts positioned relative to the river? [Options] A) Behind the river B) In front of the river C) On the distant hillside D) Among the far buildings,B,B) In front of the river,True,physical_prediction_counterfactual,spatiotemporal_grounding,20-frame full-duration sheet: successive lampposts sweep across the background in a trajectory that next intersects the large red-brick building at frame-left before the distant steeple; the response extrapolates to the wrong landmark.,medium,no
error-0216,olfO0rPYVX0_27_0_05_19_886_to_0_05_43_976.mp4,archived_workspace/experiments/perception_control/work/single_probe_200_contact_sheets/pc-0597.jpg,6,Egocentric vs. Allocentric Reference Frames,Object-Centric,True/False,"[True/False] From the perspective of a person sitting in the driver's seat, the radio controls are located to the right of the steering wheel.",True,False,simple_relation,"[Single-Choice] In the car interior, where is the steering wheel relative to the front passenger seat? [Options] A) To the right of it B) Directly behind it C) To the left of it D) Directly in front of it",C,A) To the right of it,False,perspective_reference_frame,perception_recognition,20-frame full-duration sheet: the interior view places the center-stack radio controls immediately to the driver's right of the steering wheel; the negative answer reverses the driver-relative layout.,medium,no
error-0217,Ta_LUM-rOJc_18_0_02_16_336_to_0_02_31_151.mp4,archived_workspace/experiments/perception_control/work/single_probe_200_contact_sheets/pc-0359.jpg,4,Predictive and Counterfactual Spatial Reasoning,Human-Centric,Single-Choice,"[Single-Choice] At the 8-second mark, the rider is moving on a trajectory toward the right side of the road. If they had continued on this exact path without correcting their course, which object would they have most likely collided with first? [Options] A) The large tree on the left embankment. B) The oncoming traffic. C) The blue Mini Cooper parked on the right side. D) The large white RV parked further down the road.",B,D) The large white RV parked further down the road.,action_event,[Single-Choice] Does the neon-yellow cyclist appear on the left before or after the rider reaches the large painted bicycle symbol? [Options] A) Before the rider reaches the symbol B) After the rider reaches the symbol C) At the same moment as the symbol D) The cyclist is not visible,A,A) Before the rider reaches the symbol,True,physical_prediction_counterfactual,spatiotemporal_grounding,20-frame full-duration sheet: at eight seconds the rider's uncorrected rightward line crosses the active oncoming lane before reaching the farther parked RV; the response skips the first collision hazard.,high,no
error-0218,DDlrlxASBOI_30_0_06_03_963_to_0_06_15_475.mp4,archived_workspace/experiments/perception_control/work/single_probe_200_contact_sheets/pc-0304.jpg,4,Predictive and Counterfactual Spatial Reasoning,Human-Centric,True/False,"[True/False] If the surfer had continued moving in a straight line from their starting position in the video, their path would have led them directly into the rocks.",True,False,simple_relation,"[Single-Choice] In the wide view, where are the shoreline rocks relative to the surfer? [Options] A) Right of the surfer B) Above the surfer C) Left of the surfer D) Below the surfer",C,C) Left of the surfer,True,physical_prediction_counterfactual,spatiotemporal_grounding,20-frame full-duration sheet: the surfer starts on a line converging directly toward the prominent rocks at frame-left and later turns away; straight continuation would meet those rocks.,high,no
error-0219,ZHamsk3qcvM_2_0_01_47_541_to_0_03_16_708.mp4,archived_workspace/experiments/perception_control/work/single_probe_200_contact_sheets/pc-0572.jpg,6,Egocentric vs. Allocentric Reference Frames,Human-Centric,Multiple-Select,"[Multiple-Select] The camera moves along with the boats. From the camera's moving perspective, which of these appear to move from the right side of the screen towards the left side? (Select all that apply) [Options] A) The rowers in the white foreground boat. B) The white tents on the riverbank. C) The yellow competing boat. D) The trees on the riverbank.","B, D","A, B, D",action_event,[Single-Choice] Which statement correctly describes whether the large England flag appears before or after the brick riverside building? [Options] A) The brick building appears before the flag appears. B) The flag and brick building first appear together. C) Neither the flag nor brick building appears. D) The flag appears before the brick building appears.,D,D) The flag appears before the brick building appears.,True,perspective_reference_frame,spatiotemporal_grounding,20-frame full-duration sheet: the tracking camera keeps the foreground rowers roughly camera-locked while stationary riverbank tents and trees sweep right-to-left; adding A confuses tracked subjects with world-fixed background.,high,no
error-0220,FN2ABL7CkJA_11_0_05_28_861_to_0_06_16_876.mp4,archived_workspace/experiments/perception_control/work/single_probe_200_contact_sheets/pc-0328.jpg,4,Predictive and Counterfactual Spatial Reasoning,Human-Centric,Single-Choice,"[Single-Choice] At 0:31, a black car approaches from the opposite direction. If the driver of the classic car had continued to drive straight instead of following the curve, what would have been the most immediate spatial outcome? [Options] A) A collision with the oncoming black car. B) Driving onto the grass on the left side of the road. C) Driving onto the grass on the right side of the road. D) A collision with the mailboxes on the left.",C,A) A collision with the oncoming black car.,simple_relation,"[Single-Choice] At the bend, which way does the road curve from the driver's view? [Options] A) To the left B) Straight ahead C) Into a fork D) To the right",D,D) To the right,True,physical_prediction_counterfactual,perspective_reference_frame,20-frame full-duration sheet: at the road bend the classic car's straight-ahead continuation reaches the grass on the right before intersecting the oncoming car's separate lane; the response chooses the wrong immediate outcome.,high,no
error-0221,iHJC3g4RC64_23_0_03_25_538_to_0_03_42_589.mp4,archived_workspace/experiments/perception_control/work/single_probe_200_contact_sheets/pc-0174.jpg,2,Dynamic Spatial Relationships,Object-Centric,Fill-in-the-Blank,"[Fill-in-the-Blank] During the camera's pan to the right, the two orange lighters on the dark brown pegboard move from the right side of the frame towards the ______.",center,left,entity,[Single-Choice] Which object is visible on the wooden shelves near the hanging display? [Options] A) soccer balls B) metal cups C) potted plants D) paint cans,B,B) metal cups,True,spatiotemporal_grounding,perspective_reference_frame,20-frame full-duration sheet: during the right pan the pair of orange lighters travels from frame-right into the center region but not all the way to frame-left; the response overstates their displacement.,high,no
error-0222,i0F4379JRnw_95_0_17_13_933_to_0_17_24_310.mp4,archived_workspace/experiments/perception_control/work/single_probe_200_contact_sheets/pc-0589.jpg,6,Egocentric vs. Allocentric Reference Frames,Human-Centric,Single-Choice,"[Single-Choice] Which statement accurately describes the woman's movement relative to both the camera and the blue structure in the background?
[Options]
A) She moves away from the blue structure and away from the camera.
B) She moves towards the blue structure and towards the camera.
C) She moves towards the camera but her distance from the blue structure remains constant.
D) She moves towards the camera while moving away from the blue structure.",D,B) She moves towards the blue structure and towards the camera.,entity,[Single-Choice] Which object is visible on the woman's face? [Options] A) Dark sunglasses B) A snorkel mask C) Pink swim goggles D) A baseball cap,A,A) Dark sunglasses,True,perspective_reference_frame,spatiotemporal_grounding,20-frame full-duration sheet: the swimmer approaches and grows toward the camera while increasing her separation from the blue structure behind her; the response reverses the blue-structure-relative component.,high,no
error-0223,r-jQ8zjtMuQ_9_0_01_24_818_to_0_01_41_768.mp4,archived_workspace/experiments/perception_control/work/single_probe_200_contact_sheets/pc-0411.jpg,5,Object Deformation and State Transition,Object-Centric,True/False,[True/False] The plane's landing gear is still visible and fully extended when the aircraft passes over the distant treeline.,True,False,entity,[Single-Choice] What surface is visible beneath the aircraft near the start? [Options] A) A paved city street B) A blue water surface C) A tan grassy field D) A snowy mountain slope,C,C) A tan grassy field,True,perception_recognition,spatiotemporal_grounding,20-frame full-duration sheet: the aircraft's wheels remain plainly extended beneath the fuselage as it crosses above the distant treeline; the negative response misses the visible gear state.,high,no
error-0224,tx46Qks27fQ_40_0_07_29_582_to_0_07_48_668.mp4,archived_workspace/experiments/perception_control/work/single_probe_200_contact_sheets/pc-0070.jpg,1,Object Permanence and Occlusion Tracking,Object-Centric,Single-Choice,"[Single-Choice] As the camera pans from right to left, which object is the last one to be fully revealed from behind the building with the white pergola? [Options] A) The long swimming pool. B) A white circular sofa. C) A single lounge chair next to a tree. D) A row of orange umbrellas.",C,A) The long swimming pool.,action_event,[Single-Choice] Which visible event occurs before the wooden dining set appears beside the patio building? [Options] A) A cushioned wicker chair enters along the left edge. B) Dark patio doors occupy the left side. C) A glass-topped table is shown in the foreground. D) A close wall fills much of the view.,C,B) Dark patio doors occupy the left side.,False,spatiotemporal_grounding,perception_recognition,"20-frame full-duration sheet: on the right-to-left reveal, the pool, circular sofas, and umbrellas appear earlier; the final item emerging from behind the pergola building is the lone lounge chair beside the tree.",high,no
error-0225,JaOVlghcZtM_58_0_18_10_433_to_0_18_21_833.mp4,archived_workspace/experiments/perception_control/work/single_probe_200_contact_sheets/pc-0308.jpg,4,Predictive and Counterfactual Spatial Reasoning,Human-Centric,Single-Choice,"[Single-Choice] At the 8-second mark, if the rider were to turn sharply to their right and continue downhill instead of following the main path, which object would they most directly approach? [Options] A) The red building. B) The yellow excavator. C) The cluster of parked cars. D) A small wooden shelter on the far right.",D,"B) The yellow excavator.
C) The cluster of parked cars.
D) A small wooden shelter on the far right.
A) The red building.
C) The cluster of parked cars.
D) A small wooden shelter on the far right.
B) The yellow excavator.
C) The cluster of parked cars.
D) A small wooden shelter on the far right.
A) The red building.
C) The cluster of parked cars.
D) A small wooden shelter on the far right.
B) The yellow excavator.
C) The cluster of parked cars.
D) A small wooden shelter on the far right.
A) The red building.
C) The cluster of parked cars.
D) A small wooden shelter on the far right.
B) The yellow excavator.
C) The cluster of parked cars.
D) A small wooden shelter on the far right.
A) The red building.
C) The cluster of parked cars.
D) A small wooden shelter on the far right.
B) The yellow excavator.
C) The cluster of parked cars.
D) A small wooden shelter on the far right.
A) The red building.
C) The cluster of parked cars.
D) A small wooden shelter on the far right.
B) The yellow excavator.
C) The cluster of parked cars.
D) A small wooden shelter on the far right.
A) The red building.",simple_relation,"[Single-Choice] As the rider enters the open grassy area, where is the yellow excavator relative to the main path? [Options] A) To the right of the path B) Directly on the path C) Behind the rider D) To the left of the path",D,A) To the right of the path,False,protocol_or_parsing,physical_prediction_counterfactual,"20-frame full-duration sheet: a sharp right/downhill continuation at eight seconds points most directly toward the small wooden shelter on the far right, and the model repeatedly includes D but emits a long cyclic list of all options instead of one valid choice.",high,no
error-0226,j7XGRgoCYo0_75_0_10_05_372_to_0_10_27_827.mp4,archived_workspace/experiments/perception_control/work/single_probe_200_contact_sheets/pc-0442.jpg,5,Object Deformation and State Transition,Object-Centric,Multiple-Select,"[Multiple-Select] Based on the visual evidence of the skull's transformation, which of the following physical changes occur? (Select all that apply) [Options] A) The material transitions from a rigid solid to a viscous semi-liquid. B) The object's volume significantly increases. C) The defined anatomical features collapse into an undefined shape. D) The material changes color from white to clear.","A,C",ABC,simple_relation,[Single-Choice] Where is the small white bottle positioned relative to the skull as liquid is poured? [Options] A) Below the skull B) Above the skull C) Beside the skull D) In front of the skull,B,B) Above the skull,True,perception_recognition,spatiotemporal_grounding,"20-frame full-duration sheet: the skull softens into a viscous collapsed mass and loses its defined anatomy, but its material does not show a significant volume increase; the response incorrectly adds B.",high,no
error-0227,XfovVgI3gsY_18_0_03_29_719_to_0_03_49_800.mp4,archived_workspace/experiments/perception_control/work/single_probe_200_contact_sheets/pc-0573.jpg,6,Egocentric vs. Allocentric Reference Frames,Object-Centric,Multiple-Select,"[Multiple-Select] The camera pans right, changing the view. Which statements correctly describe the motion from the camera's (egocentric) and the world's (allocentric) reference frames? (Select all that apply)
[Options]
A) Egocentrically, the city skyline appears to move from right to left across the frame.
B) Allocentrically, the boat is moving and the city is stationary.
C) Egocentrically, the flagpole moves from the right side of the frame to the left side.
D) Allocentrically, the city is moving from left to right.","A, B, C","B, C",action_event,"[Single-Choice] Near the beginning of the clip, what is the flag doing? [Options] A) Being lowered on the pole B) Being folded by someone C) Waving in the wind D) Sinking into the water",C,C) Waving in the wind,True,perspective_reference_frame,spatiotemporal_grounding,"20-frame full-duration sheet: under the right pan the skyline as well as the foreground flagpole moves right-to-left in the camera frame, while the world-fixed city remains stationary; selecting only B,C omits A.",high,no
error-0228,YjM0K5_4FHU_124_0_16_17_679_to_0_16_28_240.mp4,archived_workspace/experiments/perception_control/work/single_probe_200_contact_sheets/pc-0408.jpg,5,Object Deformation and State Transition,Human-Centric,True/False,[True/False] The car's front bumper becomes detached from the vehicle during the attempt to climb the hill.,False,True,action_event,[Single-Choice] Does the car drive across the flat snowy area before or after its front wheels rise onto the snowy bank? [Options] A) Before the wheels rise onto the bank B) After the wheels rise onto the bank C) While the wheels rise onto the bank D) No ordering is visible,A,B) After the wheels rise onto the bank,False,perception_recognition,spatiotemporal_grounding,20-frame full-duration sheet: throughout the hill-climb attempt the front bumper remains visibly connected to the car despite flexing/contact; the affirmative response mistakes deformation or obstruction for detachment.,high,no
error-0229,j7XGRgoCYo0_75_0_10_05_372_to_0_10_27_827.mp4,archived_workspace/experiments/perception_control/work/single_probe_200_contact_sheets/pc-0442.jpg,5,Object Deformation and State Transition,Object-Centric,Multiple-Select,"[Multiple-Select] Based on the visual evidence of the skull's transformation, which of the following physical changes occur? (Select all that apply) [Options] A) The material transitions from a rigid solid to a viscous semi-liquid. B) The object's volume significantly increases. C) The defined anatomical features collapse into an undefined shape. D) The material changes color from white to clear.","A,C",C,simple_relation,[Single-Choice] Where is the small white bottle positioned relative to the skull as liquid is poured? [Options] A) Below the skull B) Above the skull C) Beside the skull D) In front of the skull,B,A) Below the skull,False,perception_recognition,spatiotemporal_grounding,20-frame full-duration sheet: the skull both changes from rigid to viscous/semi-liquid and collapses its anatomical features; selecting only C omits the visible material-state transition A.,high,no
error-0230,suiKjKdBLto_71_0_13_35_047_to_0_13_49_828.mp4,archived_workspace/experiments/perception_control/work/single_probe_200_contact_sheets/pc-0451.jpg,5,Object Deformation and State Transition,Human-Centric,Multiple-Select,[Multiple-Select] Which of the following spatial transformations describe the change in the customer's hair from its initial state to its styled state at the end of the clip? (Select all that apply) [Options] A) The overall volume of the hair on top is increased. B) The hair is reoriented to flow primarily forward towards the face. C) The hair transitions from an undefined shape to one swept upwards and back. D) The hair is parted and combed flat to the sides.,"A,C",AB,action_event,"[Single-Choice] After the customer turns sideways, what does the barber do? [Options] A) Washes the customer's hair with shampoo B) Lifts the customer's hair with his fingers C) Shaves the customer's beard with clippers D) Ties the customer's hair into a ponytail",B,B) Lifts the customer's hair with his fingers,True,perception_recognition,spatiotemporal_grounding,20-frame full-duration sheet: styling increases top volume and reorients the initially undefined hair upward and back; the response instead claims a primarily forward flow and omits C.,high,no
error-0231,FDMxA941dVE_64_0_08_46_292_to_0_08_56_869.mp4,archived_workspace/experiments/perception_control/work/single_probe_200_contact_sheets/pc-0318.jpg,4,Predictive and Counterfactual Spatial Reasoning,Human-Centric,Single-Choice,"[Single-Choice] If the kitesurfer were to immediately make a sharp 90-degree turn to their left, what would be their new direction of travel relative to the landmarks? [Options] A) Directly towards the beach with palm trees. B) Parallel to the line of wooden posts, but moving away from the pier. C) Directly towards the large white dome. D) Towards the open sea, away from the shoreline.",D,A) Directly towards the beach with palm trees.,simple_relation,[Single-Choice] Where is the row of wooden posts relative to the kitesurfer in the view? [Options] A) Farther out toward open sea B) Directly underneath the board C) Beside him at the same depth D) Farther back near the shoreline,D,D) Farther back near the shoreline,True,perspective_reference_frame,physical_prediction_counterfactual,"20-frame full-duration sheet: relative to the kitesurfer's current heading and landmark layout, a sharp left turn points toward open sea away from shore, not toward the palm-tree beach; the response reverses the turn-relative direction.",high,no
error-0232,QD-b4M7nnYo_102_0_15_34_652_to_0_15_47_334.mp4,archived_workspace/experiments/perception_control/work/single_probe_200_contact_sheets/pc-0355.jpg,4,Predictive and Counterfactual Spatial Reasoning,Object-Centric,Single-Choice,"[Single-Choice] Imagine the camera's pan from left to right is immediately reversed at the same speed. Which distant object, visible at the end of the video, would be the first to become completely hidden again by the foreground bamboo poles? [Options] A) The bridge. B) The white boat. C) The left edge of the distant island. D) The floating structure on the far left.",D,C) The left edge of the distant island.,simple_relation,"[Single-Choice] Near the end of the video, where is the hanging woven shade relative to the foreground bamboo poles? [Options] A) Left of all poles B) Right of all poles C) Below the poles D) Between the vertical poles",D,B) Right of all poles,False,physical_prediction_counterfactual,spatiotemporal_grounding,20-frame full-duration sheet: reversing the completed left-to-right reveal makes the far-left floating structure retrace into the foreground bamboo occluders first; the island edge lies farther along the reverse sequence.,medium,no
error-0233,cvHz5JgkzlM_41_0_06_01_094_to_0_06_15_742.mp4,archived_workspace/experiments/perception_control/work/single_probe_200_contact_sheets/pc-0325.jpg,4,Predictive and Counterfactual Spatial Reasoning,Human-Centric,Single-Choice,"[Single-Choice] If the car had continued its trajectory and rotation from the point seen at the 0:07 mark without the driver correcting its path, which object would it have most likely collided with? [Options] A) The parked semi-trailer on the right. B) The green dumpsters. C) The white truck that briefly enters from the left. D) The loading dock doors of the main building.",D,The car drives past the fence.,entity,[Single-Choice] Which upright object is visible near the edge of the paved lot? [Options] A) Orange traffic cones B) Yellow protective bollards C) A bicycle rack D) A red fire hydrant,B,The car drives on the road.,False,protocol_or_parsing,physical_prediction_counterfactual,"20-frame full-duration sheet: continuing the car's rotation at seven seconds projects it toward the main loading-dock doors, but the model returns an unrelated fence sentence rather than any offered option.",high,no
error-0234,SlYOIchzbAA_22_0_05_39_672_to_0_09_56_495.mp4,archived_workspace/experiments/perception_control/work/single_probe_200_contact_sheets/pc-0338.jpg,4,Predictive and Counterfactual Spatial Reasoning,Human-Centric,Single-Choice,"[Single-Choice] At 2:28, the lead cyclist approaches an intersection of paths and chooses to go left. If they had instead turned right, where would that path have led them? [Options] A) Directly into the dense forest. B) Back along the path they just came from, creating a loop. C) Towards the small wooden structure visible in the distance. D) Onto a path that runs parallel to their original path.",C,B,entity,[Single-Choice] What covers the ground around the riders? [Options] A) Grass B) Pavement C) Snow D) Sand,C,C) Snow,True,physical_prediction_counterfactual,spatiotemporal_grounding,"20-frame full-duration sheet: at the late path junction, the unchosen right branch heads toward the small wooden structure visible ahead/right rather than looping back along the incoming track.",medium,no
error-0235,0j-sCYYgupA_31_0_04_30_637_to_0_04_52_458.mp4,archived_workspace/experiments/perception_control/work/single_probe_200_contact_sheets/pc-0504.jpg,6,Egocentric vs. Allocentric Reference Frames,Human-Centric,True/False,"[True/False] From the perspective of the man kneeling on the ice, the ice pick is initially positioned to his right.",True,The man X touches the ice with the ice pick,entity,[Single-Choice] Which prominent feature is visible on the ice near the kneeling man? [Options] A) A red backpack B) A wooden bench C) A blue cooler D) A large white ice mound,D,C) A blue cooler,False,protocol_or_parsing,perspective_reference_frame,"20-frame full-duration sheet: the ice pick begins on the kneeling man's own right side, but the model supplies a touch-action description and never answers the required True/False relation.",high,no
error-0236,H4AAXWDxHdI_3_0_00_36_002_to_0_00_46_413.mp4,archived_workspace/experiments/perception_control/work/single_probe_200_contact_sheets/pc-0233.jpg,3,Action and Intent-Driven Spatial Reasoning,Human-Centric,Single-Choice,"[Single-Choice] Based on the person's turn and final orientation at the 6-second mark, which direction are they preparing to walk? [Options] A) Towards the green dumpster. B) Back in the direction they originally came from. C) Down the road towards the low buildings. D) Across the grassy area to their right.",B,C) Down the road towards the low buildings.,simple_relation,[Single-Choice] Where is the green dumpster relative to the person in the scene? [Options] A) Behind her on the viewer's left B) In front of her on the viewer's right C) Behind her on the viewer's right D) In front of her on the viewer's left,C,B) In front of her on the viewer's right,False,benchmark_ambiguity,action_goal_binding,"20-frame full-duration sheet: the close selfie sequence does not expose the person's full-body orientation together with the dumpster, buildings, and grass alternatives, so the keyed future walking direction cannot be resolved reliably.",low,yes
error-0237,O21Zy3-o9MI_13_0_01_25_385_to_0_01_36_196.mp4,archived_workspace/experiments/perception_control/work/single_probe_200_contact_sheets/pc-0001.jpg,1,Object Permanence and Occlusion Tracking,Human-Centric,True/False,"[True/False] During the first scene, the intercom panel on the wall is briefly but completely hidden from view by the man's body.",True,False,simple_relation,[Single-Choice] Where is the woman relative to the man in the hallway scene? [Options] A) To the viewer's left of him B) To the viewer's right of him C) Directly behind him D) Directly in front of him,A,A) To the viewer's left of him,True,spatiotemporal_grounding,perception_recognition,20-frame full-duration sheet: in the first scene the man's torso passes directly in front of the wall intercom and fully hides it for several frames; the negative response misses the complete occlusion interval.,high,no
error-0238,jxs9pxgjm8c_5_0_01_53_733_to_0_02_25_333.mp4,archived_workspace/experiments/perception_control/work/single_probe_200_contact_sheets/pc-0397.jpg,4,Predictive and Counterfactual Spatial Reasoning,Human-Centric,True/False,"[True/False] Based on the visible volume of the plant's root ball, it appears it would fit back into the green pot with significant empty space remaining around it.",False,True,entity,[Single-Choice] Which actor is visible near the pots? [Options] A) An adult man B) A young child C) An adult woman D) A dog,C,C) An adult woman,True,physical_prediction_counterfactual,perception_recognition,20-frame full-duration sheet: the exposed root ball is close to the green pot's inner diameter/volume and would not leave significant empty space if replaced; the response overestimates the pot clearance.,high,no
error-0239,TD27Rs6mTes_1_0_00_06_519_to_0_00_16_920.mp4,archived_workspace/experiments/perception_control/work/single_probe_200_contact_sheets/pc-0534.jpg,6,Egocentric vs. Allocentric Reference Frames,Human-Centric,Single-Choice,"[Single-Choice] If the woman in the black dress were to turn 180 degrees, what would be directly in her line of sight? [Options] A) The man carrying a basket on his shoulder. B) A stone fountain. C) The large arched doorway. D) The woman with her back to the camera.",C,D,simple_relation,[Single-Choice] Where in the image is the green double door relative to the woman in the black dress? [Options] A) To her right B) To her left C) Directly above her D) Directly below her,A,B) To her left,False,perspective_reference_frame,action_goal_binding,"20-frame full-duration sheet: the black-dressed woman is oriented away from the large arched doorway, so a 180-degree turn places that doorway in her line of sight rather than the other woman.",high,no
error-0240,Xe8SxWrViU0_91_0_17_15_240_to_0_17_27_599.mp4,archived_workspace/experiments/perception_control/work/single_probe_200_contact_sheets/pc-0157.jpg,2,Dynamic Spatial Relationships,Object-Centric,Single-Choice,"[Single-Choice] From the camera's point of view, what is the apparent overall directional motion of the Eiffel Tower across the frame as the car drives forward? [Options] A) From the center of the frame towards the right edge. B) From the right side of the frame towards the left edge. C) It remains stationary relative to the car. D) From the left side of the frame towards the right edge.",A,C) It remains stationary relative to the car.,simple_relation,"[Single-Choice] From the camera's view, where is the Eiffel Tower relative to the roadside railing? [Options] A) In front of the roadside railing B) Behind the roadside railing C) Below the roadside railing D) On top of the roadside railing",B,B) Behind the roadside railing,True,perspective_reference_frame,spatiotemporal_grounding,"20-frame full-duration sheet: as the car advances, the Eiffel Tower shifts from near frame-center toward the right edge before leaving the side view; it is not stationary in the car-camera frame.",high,no
error-0241,4K8-QImEpk0_7_0_00_50_479_to_0_01_04_120.mp4,archived_workspace/experiments/perception_control/work/single_probe_200_contact_sheets/pc-0107.jpg,2,Dynamic Spatial Relationships,Human-Centric,True/False,[True/False] The piece that breaks off the fishing rod travels in a high arc before landing in the water.,False,True,action_event,"[Single-Choice] At the beginning, what is the man in the dark vest doing? [Options] A) Throwing a rock B) Reeling a fishing rod C) Taking a photograph D) Tying a knot",B,B) Reeling a fishing rod,True,spatiotemporal_grounding,perception_recognition,"20-frame full-duration sheet: the broken rod piece drops on a short, low path into the water rather than traveling through a high ballistic arc; the response exaggerates its vertical trajectory.",medium,no
error-0242,kIlbv3hRGb4_17_0_03_06_719_to_0_03_24_070.mp4,archived_workspace/experiments/perception_control/work/single_probe_200_contact_sheets/pc-0580.jpg,6,Egocentric vs. Allocentric Reference Frames,Human-Centric,Single-Choice,"[Single-Choice] From the motorcycle's egocentric perspective, which spatial relationship remains constant for the entire duration of the drive? [Options] A) The white shoulder line is on the left, and the double yellow line is on the right. B) The double yellow line is on the left, and the white shoulder line is on the right. C) The motorcycle is positioned directly between the two yellow lines. D) The motorcycle is positioned directly on the white shoulder line.",B,"A) The white shoulder line is on the left, and the double yellow line is on the right.",entity,[Single-Choice] Which object is visibly present along the roadside? [Options] A) Traffic cones B) Railroad gates C) Parked bicycles D) Mailboxes,D,D) Mailboxes,True,perspective_reference_frame,perception_recognition,"20-frame full-duration sheet: from the motorcycle's forward viewpoint, the double yellow centerline consistently stays on the left and the white shoulder line on the right; the response swaps both sides.",high,no
error-0243,jxs9pxgjm8c_5_0_01_53_733_to_0_02_25_333.mp4,archived_workspace/experiments/perception_control/work/single_probe_200_contact_sheets/pc-0397.jpg,4,Predictive and Counterfactual Spatial Reasoning,Human-Centric,True/False,"[True/False] Based on the visible volume of the plant's root ball, it appears it would fit back into the green pot with significant empty space remaining around it.",False,True,entity,[Single-Choice] Which actor is visible near the pots? [Options] A) An adult man B) A young child C) An adult woman D) A dog,C,C) An adult woman,True,physical_prediction_counterfactual,perception_recognition,"20-frame full-duration sheet: the root ball nearly fills the receiving green pot's usable volume, so replacement would not leave significant empty space; the affirmative response is physically inconsistent with their visible sizes.",high,no
error-0244,EOswWepObDw_28_0_03_27_975_to_0_03_54_329.mp4,archived_workspace/experiments/perception_control/work/single_probe_200_contact_sheets/pc-0326.jpg,4,Predictive and Counterfactual Spatial Reasoning,Object-Centric,Single-Choice,"[Single-Choice] Based on the visible arc of motion, what object is located behind the ride's path when it reaches its highest point on the left side of the screen? [Options] A) A tall, glass-paneled building. B) The sun. C) A parking lot full of cars. D) A small, single-story shop.",A,The sun.,entity,[Single-Choice] Which structure is visible beside the water in the harbor scene? [Options] A) A Ferris wheel B) A train station C) A red lighthouse D) A soccer goal,C,C) A red lighthouse,True,benchmark_ambiguity,physical_prediction_counterfactual,20-frame full-duration sheet: most frames show unrelated harbor footage and the final ride frames do not clearly show the left-side apex together with the proposed background objects; the tall glass building key cannot be verified from this 20-frame full-duration sheet.,low,yes
error-0245,cCzDa3zWdjo_39_0_09_15_933_to_0_09_26_600.mp4,archived_workspace/experiments/perception_control/work/single_probe_200_contact_sheets/pc-0225.jpg,3,Action and Intent-Driven Spatial Reasoning,Human-Centric,Single-Choice,"[Single-Choice] At the end of the video, the rider points with her left hand across her body. Based on this gesture and the layout of the field, what is she most likely indicating to the person filming? [Options] A) The direction she and the horse will go next. B) The location of an obstacle off-screen to the camera's left. C) An obstacle located to the right from the camera's perspective. D) That she is finished with the exercise.",C,B) The location of an obstacle off-screen to the camera's left.,action_event,"[Single-Choice] When the rider is in the middle of the field, what is the horse doing? [Options] A) Trotting across the grass B) Jumping over a log C) Standing beside a barrel D) Eating grass from the ground",A,A) Trotting across the grass,True,perspective_reference_frame,action_goal_binding,"20-frame full-duration sheet: the rider points her left hand across her body toward camera-right, spatially indicating the obstacle on that side; the response reverses the gesture's camera-relative target.",high,no
error-0246,UrABBEA_R0Y_25_0_07_05_124_to_0_07_27_380.mp4,archived_workspace/experiments/perception_control/work/single_probe_200_contact_sheets/pc-0038.jpg,1,Object Permanence and Occlusion Tracking,Human-Centric,Single-Choice,"[Single-Choice] Immediately after the surfer emerges from the large splash of water at 0:14, what is the orientation of the surfboard relative to the overall direction of the wave's movement towards the shore? [Options] A) It is mostly perpendicular, pointing towards the shore. B) It is parallel, pointing along the wave's face. C) It is angled backwards, away from the shore. D) The board is completely submerged and not visible.",D,"B) It is parallel, pointing along the wave's face.",simple_relation,[Single-Choice] Where is the foamy whitewater relative to the darker green wave face? [Options] A) Above the darker green wave face B) Left of the darker green wave face C) Right of the darker green wave face D) Below the darker green wave face,D,C) Right of the darker green wave face,False,spatiotemporal_grounding,perception_recognition,20-frame full-duration sheet: immediately after the large splash the surfer reappears while the board itself remains submerged/not discernible; assigning a parallel board orientation invents visibility absent at that moment.,medium,no
error-0247,tfADOMbJYlU_54_0_11_29_556_to_0_11_46_539.mp4,archived_workspace/experiments/perception_control/work/single_probe_200_contact_sheets/pc-0266.jpg,3,Action and Intent-Driven Spatial Reasoning,Human-Centric,Multiple-Select,"[Multiple-Select] Throughout the video, the driver's hands make minor adjustments to the steering wheel. What is the spatial intent of these small movements, as confirmed by the car's trajectory on the road? (Select all that apply) [Options] A) To prepare to change lanes to the left. B) To correct the car's path and keep it centered within the lane markings. C) To navigate a slight curve in the road. D) To initiate a sudden stop.","B,C",B) To correct the car's path and keep it centered within the lane markings.,action_event,"[Single-Choice] At one point, what action does the driver make beside the steering wheel? [Options] A) Presses a dashboard button B) Raises an open hand C) Shifts the gear lever D) Buckles a seat belt",B,A) Presses a dashboard button,False,action_goal_binding,spatiotemporal_grounding,20-frame full-duration sheet: the driver's small steering inputs both recenter the car within lane markings and follow a slight road curve; selecting only B omits the second observed control objective C.,high,no
error-0248,Lt2mVbsy8G4_7_0_00_47_213_to_0_01_00_994.mp4,archived_workspace/experiments/perception_control/work/single_probe_200_contact_sheets/pc-0011.jpg,1,Object Permanence and Occlusion Tracking,Object-Centric,Fill-in-the-Blank,"[Fill-in-the-Blank] A third, less illuminated jellyfish starts below the main jellyfish on the left. As the main jellyfish moves down, it briefly occludes the third one. From the viewer's perspective, the third jellyfish re-emerges to the ________ of the main jellyfish's bell.",below,left,action_event,[Single-Choice] Which event happens before foamy ocean waves fill the view? [Options] A) White surf spreads across dark rocks. B) A turquoise patch appears among waves. C) Rough water covers most of the scene. D) Bright jellyfish drift in dark water.,D,D) Bright jellyfish drift in dark water.,True,spatiotemporal_grounding,perception_recognition,"20-frame full-duration sheet: in the opening jellyfish segment the dim third jellyfish is covered by the descending main bell and reappears underneath/below it, not to its left; later sheet frames switch to unrelated ocean footage.",medium,no
error-0249,gmpJmdKiZQ8_33_0_06_51_311_to_0_07_16_202.mp4,archived_workspace/experiments/perception_control/work/single_probe_200_contact_sheets/pc-0169.jpg,2,Dynamic Spatial Relationships,Human-Centric,Multiple-Select,"[Multiple-Select] At the moment the woman in the blue shirt first interacts with the person in the wheelchair, which of these spatial statements are correct from the camera's perspective? (Select all that apply) [Options] A) A yellow, partially collapsed beach umbrella is visible behind the man in the black shirt. B) A large, blue inflatable slide is visible in the background to the left. C) The ocean is completely out of the frame. D) A pair of shoes is visible on the sand directly beside the blue lounge chair.","A,B","A, B, D",entity,[Single-Choice] Which headwear is visible on the seated person near the blue-shirted woman? [Options] A) A bicycle helmet B) A straw sunhat C) A baseball cap D) A knit beanie,C,C) A baseball cap,True,perception_recognition,spatiotemporal_grounding,"20-frame full-duration sheet: A and B are visible at the first wheelchair interaction, while no pair of shoes is directly beside the blue lounge chair in that moment; the response overselects D.",high,no
error-0250,TZckze5qCeY_24_0_03_32_812_to_0_03_51_664.mp4,archived_workspace/experiments/perception_control/work/single_probe_200_contact_sheets/pc-0435.jpg,5,Object Deformation and State Transition,Human-Centric,True/False,"[True/False] When the person opens the device, the top lid moves away from the camera to reveal the interior.",False,"True.

Answer: True",simple_relation,"[Single-Choice] While the blue device is closed, what is on the edge facing the camera? [Options] A) Several small ports B) A white rectangular label C) A glowing blue symbol D) A black carrying handle",A,C) A glowing blue symbol,False,perspective_reference_frame,perception_recognition,"20-frame full-duration sheet: during opening, the top lid rotates toward the camera/viewer to expose the interior rather than moving away; the repeated affirmative answer reverses the depth direction.",medium,no
error-0251,kymf00Kmy1w_85_0_10_01_500_to_0_10_12_845.mp4,archived_workspace/experiments/perception_control/work/single_probe_200_contact_sheets/pc-0164.jpg,2,Dynamic Spatial Relationships,Human-Centric,Single-Choice,"[Single-Choice] After the woman in blue scrubs places the first medicine bottle back on the shelf, what is the position of the next bottle she selects relative to the first one? [Options] A) It is on the shelf directly above. B) It is on the same shelf, to the left. C) It is on the same shelf, to the right. D) It is on the shelf directly below.",B,"C) It is on the same shelf, to the right.",simple_relation,[Single-Choice] Where are the medicine shelves relative to the computer monitor? [Options] A) To the left of the monitor B) To the right of the monitor C) Directly above the monitor D) Directly below the monitor,A,A) To the left of the monitor,True,perspective_reference_frame,spatiotemporal_grounding,"20-frame full-duration sheet: after replacing the first medicine bottle, the woman selects the neighboring bottle on the same shelf to its left; the response reverses the shelf-relative direction.",high,no
error-0252,_4dgPq-hqQY_38_0_05_11_133_to_0_05_21_800.mp4,archived_workspace/experiments/perception_control/work/single_probe_200_contact_sheets/pc-0366.jpg,4,Predictive and Counterfactual Spatial Reasoning,Object-Centric,Single-Choice,"[Single-Choice] If the SUV had continued on its initial trajectory without turning right, what would it have moved towards? [Options] A) The white mailbox post on the right side of the road. B) The house with the brown roof visible in the background. C) The driveway of the house on the immediate left. D) The curb directly in front of the camera's viewpoint.",C,D) The curb directly in front of the camera's viewpoint.,entity,[Single-Choice] What surface is visible bordering the paved roadway? [Options] A) Deep snow B) Loose sand C) Red brick paving D) Green grass,D,D) Green grass,True,physical_prediction_counterfactual,perspective_reference_frame,"20-frame full-duration sheet: before the SUV turns right, its uncorrected forward vector points into the driveway of the house immediately left, not toward the curb at the camera position.",high,no
error-0253,YZSZwejs058_1_0_00_05_271_to_0_00_21_688.mp4,archived_workspace/experiments/perception_control/work/single_probe_200_contact_sheets/pc-0562.jpg,6,Egocentric vs. Allocentric Reference Frames,Human-Centric,Single-Choice,"[Single-Choice] The man walks forward and then makes a single turn. From a fixed (allocentric) viewpoint looking down the first hallway from his starting position, how would his final path be described? [Options] A) He continued straight ahead. B) He turned around and walked back. C) He turned to his left. D) He turned to his right.",C,D,simple_relation,"[Single-Choice] At the beginning, which way does the man's cap brim point in the image? [Options] A) Toward the left B) Toward the camera C) Away from the camera D) Toward the right",D,D,True,perspective_reference_frame,spatiotemporal_grounding,"20-frame full-duration sheet: from the fixed starting orientation down the first hallway, the man's single turn takes him into the corridor on allocentric left; the response reports the opposite turn.",high,no
error-0254,KpjKUF2yYiU_38_0_05_45_144_to_0_05_55_855.mp4,archived_workspace/experiments/perception_control/work/single_probe_200_contact_sheets/pc-0413.jpg,5,Object Deformation and State Transition,Human-Centric,True/False,[True/False] The fishing rod's bend is most pronounced at the very end of the video.,True,False,action_event,[Single-Choice] Does the rod appear close to the camera before or after a person in orange appears near the rail? [Options] A) After the person in orange appears. B) Before the person in orange appears. C) At the same moment. D) The rod never appears close.,B,A) After the person in orange appears.,False,spatiotemporal_grounding,perception_recognition,20-frame full-duration sheet: the rod's curvature increases through the sequence and is greatest in the final loaded frames; the negative response misses the peak terminal bend.,high,no
error-0255,cvHz5JgkzlM_41_0_06_01_094_to_0_06_15_742.mp4,archived_workspace/experiments/perception_control/work/single_probe_200_contact_sheets/pc-0325.jpg,4,Predictive and Counterfactual Spatial Reasoning,Human-Centric,Single-Choice,"[Single-Choice] If the car had continued its trajectory and rotation from the point seen at the 0:07 mark without the driver correcting its path, which object would it have most likely collided with? [Options] A) The parked semi-trailer on the right. B) The green dumpsters. C) The white truck that briefly enters from the left. D) The loading dock doors of the main building.",D,B,entity,[Single-Choice] Which upright object is visible near the edge of the paved lot? [Options] A) Orange traffic cones B) Yellow protective bollards C) A bicycle rack D) A red fire hydrant,B,B) Yellow protective bollards,True,physical_prediction_counterfactual,spatiotemporal_grounding,20-frame full-duration sheet: extending the car's position and rotation at seven seconds carries it toward the main building's loading-dock doors; the green dumpsters are offset from that projected arc.,high,no
error-0256,GvWldUGLkVM_53_0_07_40_793_to_0_08_00_279.mp4,archived_workspace/experiments/perception_control/work/single_probe_200_contact_sheets/pc-0232.jpg,3,Action and Intent-Driven Spatial Reasoning,Human-Centric,True/False,"[True/False] As the second car slides through the turn, the driver is steering the front wheels in the opposite direction of the turn itself.",True,False,entity,[Single-Choice] What surface is visible beneath the red vehicles? [Options] A) A sandy beach B) A grassy field C) A paved road D) A wooden bridge,C,C) A paved road,True,action_goal_binding,perception_recognition,20-frame full-duration sheet: during the second car's slide the front wheels visibly countersteer opposite the turn to control the drift; the negative response misses that corrective steering action.,high,no
error-0257,kPxokEIaItg_30_0_03_30_240_to_0_03_41_280.mp4,archived_workspace/experiments/perception_control/work/single_probe_200_contact_sheets/pc-0446.jpg,5,Object Deformation and State Transition,Human-Centric,Multiple-Select,"[Multiple-Select] As the brush moves across the eyebrow, which of the following visual state transitions occur? (Select all that apply) [Options] A) The gaps between the hairs become more prominent. B) The overall shape becomes more defined against the skin. C) The color of the eyebrow becomes darker and more uniform. D) The eyebrow appears to decrease in length.","B,C",BC,entity,[Single-Choice] Which facial feature is clearly visible beneath the area being groomed? [Options] A) An eye B) A mouth C) An ear D) A chin,A,(A) An eye,True,protocol_or_parsing,perception_recognition,"20-frame full-duration sheet: the eyebrow becomes more defined and darker/more uniform, exactly B and C; model output 'BC' is semantically identical to keyed 'B,C' and is not a content failure.",high,yes
error-0258,cCzDa3zWdjo_39_0_09_15_933_to_0_09_26_600.mp4,archived_workspace/experiments/perception_control/work/single_probe_200_contact_sheets/pc-0225.jpg,3,Action and Intent-Driven Spatial Reasoning,Human-Centric,Single-Choice,"[Single-Choice] At the end of the video, the rider points with her left hand across her body. Based on this gesture and the layout of the field, what is she most likely indicating to the person filming? [Options] A) The direction she and the horse will go next. B) The location of an obstacle off-screen to the camera's left. C) An obstacle located to the right from the camera's perspective. D) That she is finished with the exercise.",C,B) The location of an obstacle off-screen to the camera's left.,action_event,"[Single-Choice] When the rider is in the middle of the field, what is the horse doing? [Options] A) Trotting across the grass B) Jumping over a log C) Standing beside a barrel D) Eating grass from the ground",A,A) Trotting across the grass,True,perspective_reference_frame,action_goal_binding,20-frame full-duration sheet: the rider's left hand crosses her body and points toward an obstacle on camera-right; the response reverses the gesture's camera-relative target.,high,no
error-0259,fRmaPWqByGw_25_0_05_06_560_to_0_05_41_199.mp4,archived_workspace/experiments/perception_control/work/single_probe_200_contact_sheets/pc-0469.jpg,5,Object Deformation and State Transition,Object-Centric,Fill-in-the-Blank,"[Fill-in-the-Blank] After the helicopter lands, the visual state of the main rotor blades transitions from a continuous transparent blur to ______, as they slow to a stop.",distinct individual blades,stationary,entity,[Single-Choice] Which surface is visible under the helicopter near its touchdown area? [Options] A) A paved road B) A sandy beach C) A snowy field D) A grassy field,D,D) A grassy field,True,benchmark_ambiguity,protocol_or_parsing,"20-frame full-duration sheet: the slowing rotor changes from a continuous blur to separately visible blades that also become stationary; model 'stationary' captures the terminal state but not the requested visual appearance, so strict rejection depends on underspecified answer granularity.",high,yes
error-0260,kIlbv3hRGb4_17_0_03_06_719_to_0_03_24_070.mp4,archived_workspace/experiments/perception_control/work/single_probe_200_contact_sheets/pc-0580.jpg,6,Egocentric vs. Allocentric Reference Frames,Human-Centric,Single-Choice,"[Single-Choice] From the motorcycle's egocentric perspective, which spatial relationship remains constant for the entire duration of the drive? [Options] A) The white shoulder line is on the left, and the double yellow line is on the right. B) The double yellow line is on the left, and the white shoulder line is on the right. C) The motorcycle is positioned directly between the two yellow lines. D) The motorcycle is positioned directly on the white shoulder line.",B,A,entity,[Single-Choice] Which object is visibly present along the roadside? [Options] A) Traffic cones B) Railroad gates C) Parked bicycles D) Mailboxes,D,D) Mailboxes,True,perspective_reference_frame,perception_recognition,20-frame full-duration sheet: throughout the ride the motorcycle sees the double yellow centerline on its left and white shoulder line on its right; the response swaps both sides.,high,no
error-0261,SjaUzHILZ8Y_56_0_09_01_474_to_0_09_23_229.mp4,archived_workspace/experiments/perception_control/work/single_probe_200_contact_sheets/pc-0543.jpg,6,Egocentric vs. Allocentric Reference Frames,Human-Centric,Single-Choice,"[Single-Choice] From the camera's perspective, the shoreline appears to be moving from right to left. What is the boat's actual direction of travel relative to the distant dam visible at the start of the video? [Options] A) Towards the dam. B) Away from the dam. C) Parallel to the dam. D) The boat is stationary.",D,B) Away from the dam.,simple_relation,"[Single-Choice] In the opening view, where is the tree-covered shoreline relative to the camera? [Options] A) Along the right side of the water B) Straight across the near foreground C) Centered far ahead on the horizon D) Along the left side of the water",D,D) Along the left side of the water,True,benchmark_ambiguity,perspective_reference_frame,"20-frame full-duration sheet: shoreline alignment changes substantially while the distant dam is intermittent, which does not support keyed stationary D and leaves boat direction relative to the dam underdetermined from the sampled view.",medium,yes
error-0262,h8riuf39Bio_21_0_02_40_733_to_0_02_52_733.mp4,archived_workspace/experiments/perception_control/work/single_probe_200_contact_sheets/pc-0089.jpg,1,Object Permanence and Occlusion Tracking,Object-Centric,True/False,"[True/False] At the moment the brown-headed duck turns its head towards the red-headed duck, its body is partially occluding the red-headed duck from the camera's perspective.",True,False,entity,[Single-Choice] What visible surface are the two birds floating on? [Options] A) Grass B) Water C) Snow D) Sand,B,B) Water,True,perception_recognition,spatiotemporal_grounding,"20-frame full-duration sheet: when the brown-headed foreground duck turns toward the red-headed duck, their bodies overlap in projection and the foreground body hides part of the red-headed duck; the negative response misses this partial occlusion.",high,no
error-0263,PR7PqA5EisY_16_0_02_27_547_to_0_03_22_068.mp4,archived_workspace/experiments/perception_control/work/single_probe_200_contact_sheets/pc-0416.jpg,5,Object Deformation and State Transition,Object-Centric,True/False,"[True/False] When the car drives away from the camera down the road between 0:29 and 0:34, its pop-up headlights are retracted into the hood.",True,False,action_event,[Single-Choice] What happens before the car is viewed broadside while moving? [Options] A) The hood is lifted open. B) Both doors are opened. C) A wheel is removed. D) A raised front lamp is lit.,D,C) A wheel is removed.,False,perception_recognition,spatiotemporal_grounding,20-frame full-duration sheet: in the 29-34 second side/rear views the pop-up headlight doors are flush with the hood while the car moves away; the response misses the retracted state.,medium,no
error-0264,LSlhkLImq8U_2_0_01_22_449_to_0_02_30_283.mp4,archived_workspace/experiments/perception_control/work/single_probe_200_contact_sheets/pc-0227.jpg,3,Action and Intent-Driven Spatial Reasoning,Human-Centric,True/False,"[True/False] In the first minute of the video, every time the person walking the dog comes to a complete stop, the dog sits.",True,False,action_event,[Single-Choice] Which event occurs before the person and dog cross a more open part of the plaza? [Options] A) They climb the steps together. B) They walk into the water. C) They stand beside a bicycle. D) They pass beside a large crowd.,D,D) They pass beside a large crowd.,True,spatiotemporal_grounding,perception_recognition,"20-frame full-duration sheet: sampled stops in the first minute show the dog sitting when the handler comes to rest, but exhaustive verification of every complete stop is limited by the 20-frame full-duration sheet; the negative response is not supported by a visible counterexample.",low,no
error-0265,EC6xdTpJOo8_17_0_05_25_799_to_0_05_36_675.mp4,archived_workspace/experiments/perception_control/work/single_probe_200_contact_sheets/pc-0421.jpg,5,Object Deformation and State Transition,Human-Centric,Single-Choice,"[Single-Choice] How does the state of the fish's mouth change from the moment it is first displayed horizontally to the final moment of the video?
[Options]
A) It remains shut the entire time.
B) It goes from mostly closed to wide open.
C) It remains wide open the entire time.
D) It goes from wide open to mostly closed.",C,D,simple_relation,"[Single-Choice] When the man holds the fish sideways in front of him, where is the fish's head relative to its tail? [Options] A) To the left of the tail B) Above the tail C) Below the tail D) To the right of the tail",D,D,True,perception_recognition,spatiotemporal_grounding,20-frame full-duration sheet: the fish's mouth is already wide open when first displayed horizontally and remains wide open through the end; the response invents a closing transition.,high,no
error-0266,mWF9aH2BeZ0_29_0_06_13_940_to_0_06_25_885.mp4,archived_workspace/experiments/perception_control/work/single_probe_200_contact_sheets/pc-0298.jpg,3,Action and Intent-Driven Spatial Reasoning,Human-Centric,True/False,"[True/False] Based on the position of the sun shown during the pan and the man's shadow at the end of the video, the man is facing away from the sun.",False,True,action_event,[Single-Choice] Which event happens before the person raises both gloved hands near their head? [Options] A) A gloved hand comes close to the lens. B) The person's face fills much of the view. C) The camera passes a tall stone tower. D) The person leans toward the camera.,C,The camera passes a tall stone tower.,False,perspective_reference_frame,action_goal_binding,20-frame full-duration sheet: the sun appears in the same general sector the man faces at the end and his shadow extends away from it; the affirmative response reverses the sun-facing geometry.,medium,no
error-0267,Tsl-R5qsDK4_12_0_02_42_028_to_0_03_05_485.mp4,archived_workspace/experiments/perception_control/work/single_probe_200_contact_sheets/pc-0154.jpg,2,Dynamic Spatial Relationships,Human-Centric,Fill-in-the-Blank,"[Fill-in-the-Blank] Immediately after the fish bites the line, causing a large splash, its subsequent movement creates ripples that travel primarily toward the ______ of the frame.",left,center,simple_relation,[Single-Choice] Which side of the view has the tall hedge along the bank? [Options] A) Left side B) Upper side C) Right side D) Lower side,C,C) Right side,True,spatiotemporal_grounding,perception_recognition,"20-frame full-duration sheet: following the bite and large splash, the expanding disturbance propagates predominantly toward frame-left from the strike point; 'center' names a location rather than the visible travel direction.",medium,no
error-0268,orlTzRHVfPI_19_0_02_07_193_to_0_02_18_571.mp4,archived_workspace/experiments/perception_control/work/single_probe_200_contact_sheets/pc-0198.jpg,2,Dynamic Spatial Relationships,Human-Centric,True/False,"[True/False] To begin tying the final knot around the napkin, the ribbon end held in the person's right hand is initially crossed over the ribbon end held in their left hand.",True,False,action_event,[Single-Choice] Which event occurs before the person lays the lace piece on the green napkin? [Options] A) Cutting the ribbon with scissors B) Pulling ribbon ends beside the napkin C) Lifting the wrapped napkin D) Tightening ribbon around the napkin,A,B) Pulling ribbon ends beside the napkin,False,perspective_reference_frame,spatiotemporal_grounding,"20-frame full-duration sheet: at the start of the final knot, the ribbon end controlled by the person's right hand crosses above/over the end in the left hand; the response reverses that hand-relative crossing.",high,no
error-0269,Q_KgiEB6bYc_157_0_37_26_212_to_0_37_37_590.mp4,archived_workspace/experiments/perception_control/work/single_probe_200_contact_sheets/pc-0040.jpg,1,Object Permanence and Occlusion Tracking,Human-Centric,True/False,"[True/False] As the camera moves forward, the second mannequin in the red dress partially blocks the view of the fourth mannequin wearing the yellow 'RADIANT' sweatshirt.",False,true,action_event,[Single-Choice] Does the camera pass the pink shirt display before or after passing the black shirt with white shorts display? [Options] A) After B) Before C) At the same time D) Neither is passed,B,B) Before,True,perception_recognition,spatiotemporal_grounding,"20-frame full-duration sheet: as the camera advances, the second red-dress mannequin and fourth yellow RADIANT mannequin remain laterally separated in projection; the red dress does not partially block the yellow sweatshirt.",high,no
error-0270,q9GoU1HN4FQ_1_0_00_15_181_to_0_00_29_129.mp4,archived_workspace/experiments/perception_control/work/single_probe_200_contact_sheets/pc-0369.jpg,4,Predictive and Counterfactual Spatial Reasoning,Human-Centric,Single-Choice,"[Single-Choice] If the surfer had continued in a straight line toward the shore after landing the initial aerial maneuver, instead of turning along the wave's face, what would have been the most likely immediate outcome? [Options] A) They would have outrun the breaking section and ended up on the flat, less powerful part of the wave. B) They would have been immediately engulfed by the breaking crest behind them. C) They would have exited through the back of the wave. D) Their board would have submerged nose-first into the water.",A,B) They would have been immediately engulfed by the breaking crest behind them.,action_event,"[Single-Choice] Which happens before the other: a high spray plume rises from the wave, or the surfer is hidden by whitewater? [Options] A) The surfer is hidden by whitewater first. B) Both events occur simultaneously. C) Neither event is visible. D) A high spray plume rises first.",D,D) A high spray plume rises first.,True,physical_prediction_counterfactual,spatiotemporal_grounding,"20-frame full-duration sheet: after the aerial landing, a straight shoreward line would carry the surfer ahead onto the flatter shoulder of the wave; turning along the face is what keeps engagement with the breaking section.",medium,no
error-0271,R5lA1ZQzauM_12_0_07_29_399_to_0_08_49_533.mp4,archived_workspace/experiments/perception_control/work/single_probe_200_contact_sheets/pc-0246.jpg,3,Action and Intent-Driven Spatial Reasoning,Human-Centric,Multiple-Select,[Multiple-Select] The operator's intent is to test the drone's 'follow me' capability. Which of the following spatial behaviors are observed in the drone's attempt to follow the operator? (Select all that apply) [Options] A) The drone initially drifts without tracking the operator's movement. B) The drone successfully matches the operator's forward speed perfectly. C) The drone adjusts its position laterally to keep the operator in the camera's view. D) The drone loses significant altitude while attempting to move towards the operator.,"B, C, D","A) The drone initially drifts without tracking the operator's movement.
C) The drone adjusts its position laterally to keep the operator in the camera's view.",entity,[Single-Choice] Which object is visible near the bottom foreground of the scene? [Options] A) A bicycle handlebar B) A radio controller C) A camera tripod D) A folding chair,B,B) A radio controller,True,action_goal_binding,spatiotemporal_grounding,"20-frame full-duration sheet: the follow-me attempt later shows forward speed matching, lateral recentering, and substantial altitude loss; the response substitutes initial drift and omits B and D.",high,no
error-0272,orlTzRHVfPI_19_0_02_07_193_to_0_02_18_571.mp4,archived_workspace/experiments/perception_control/work/single_probe_200_contact_sheets/pc-0198.jpg,2,Dynamic Spatial Relationships,Human-Centric,True/False,"[True/False] To begin tying the final knot around the napkin, the ribbon end held in the person's right hand is initially crossed over the ribbon end held in their left hand.",True,False,action_event,[Single-Choice] Which event occurs before the person lays the lace piece on the green napkin? [Options] A) Cutting the ribbon with scissors B) Pulling ribbon ends beside the napkin C) Lifting the wrapped napkin D) Tightening ribbon around the napkin,A,D) Tightening ribbon around the napkin,False,perspective_reference_frame,spatiotemporal_grounding,"20-frame full-duration sheet: to initiate the final knot, the right-hand ribbon end visibly passes over the left-hand end; the negative response misses the initial crossing order.",high,no
error-0273,gNf7G6PrLv8_20_0_02_28_300_to_0_02_47_599.mp4,archived_workspace/experiments/perception_control/work/single_probe_200_contact_sheets/pc-0170.jpg,2,Dynamic Spatial Relationships,Object-Centric,Multiple-Select,"[Multiple-Select] Throughout its visible flight, what are the jet's spatial relationships with the clouds? (Select all that apply) [Options] A) The jet flies exclusively in front of all clouds. B) The jet flies exclusively behind all clouds. C) The jet emerges from behind a cloud at the start. D) The jet passes in front of a large cloud formation in the middle of the video.","C, D",CD,entity,[Single-Choice] Which object is visible near the lower edge of the scene? [Options] A) Tall buildings B) Mountain peaks C) Palm trees D) Streetlights,C,C) Palm trees,True,protocol_or_parsing,spatiotemporal_grounding,"20-frame full-duration sheet: the jet emerges from behind cloud at the start and later passes in front of a large formation, exactly C and D; model output 'CD' is equivalent to keyed 'C, D'.",high,yes
error-0274,GdCdu6KH5ak_18_0_02_32_960_to_0_02_43_199.mp4,archived_workspace/experiments/perception_control/work/single_probe_200_contact_sheets/pc-0147.jpg,2,Dynamic Spatial Relationships,Human-Centric,True/False,[True/False] The soccer ball passes over the crossbar of the goal only once during the entire visible sequence.,False,True,entity,[Single-Choice] Which actor is visibly present on the field? [Options] A) A cyclist riding a bike B) A swimmer in a pool C) A skier on snow D) A person in a bright yellow shirt,D,D) A person in a bright yellow shirt,True,spatiotemporal_grounding,perception_recognition,"20-frame full-duration sheet: the ball appears above the crossbar region in two temporally separated phases, around 0:04-0:05 and again near 0:08-0:09; the response collapses them into one crossing.",medium,no
error-0275,NIZ_SpWGs3M_14_0_03_59_466_to_0_04_11_266.mp4,archived_workspace/experiments/perception_control/work/single_probe_200_contact_sheets/pc-0414.jpg,5,Object Deformation and State Transition,Human-Centric,Multiple-Select,"[Multiple-Select] After the button is pressed, which of these components visually transition from an inactive state to an active, illuminated state? (Select all that apply) [Options] A) The central display screen. B) The dials behind the steering wheel. C) The buttons on the steering wheel spokes. D) The ring around the start button itself.","A,B","B, C, D",simple_relation,[Single-Choice] Where is the red circular start button relative to the central display screen? [Options] A) Below and to the right B) Above and to the left C) Above and to the right D) Below and to the left,D,D) Below and to the left,True,perception_recognition,spatiotemporal_grounding,"20-frame full-duration sheet: the start-button press activates the instrument dials and central display, while spoke buttons and button ring do not show the keyed transition; the response omits A and incorrectly adds C,D.",high,no
error-0276,mKa-dlKrt_Q_24_0_05_55_154_to_0_06_06_265.mp4,archived_workspace/experiments/perception_control/work/single_probe_200_contact_sheets/pc-0098.jpg,1,Object Permanence and Occlusion Tracking,Object-Centric,True/False,"[True/False] The blue object on the shoreline, visible at the start, is completely occluded from view by the island's landscape before the video ends.",True,False,entity,[Single-Choice] Which object is visible on the rocky land near the water? [Options] A) A parked car B) A red tent C) Tall evergreen trees D) A wooden dock,C,C) Tall evergreen trees,True,spatiotemporal_grounding,perception_recognition,"20-frame full-duration sheet: the small blue shoreline object visible near the opening disappears behind the island's rock-and-tree profile as the camera passes, and is fully absent by the final views; the response fails to track its occlusion.",high,no
error-0277,sdQGcOEbh3Y_25_0_02_45_333_to_0_02_57_900.mp4,archived_workspace/experiments/perception_control/work/single_probe_200_contact_sheets/pc-0267.jpg,3,Action and Intent-Driven Spatial Reasoning,Object-Centric,Multiple-Select,"[Multiple-Select] Based on the puma's body language (lowered head, tentative paw extensions, focused gaze), which of the following spatial intentions can be inferred? (Select all that apply) [Options] A) An intention to immediately consume the crayfish. B) An intention to investigate the crayfish from a safe distance. C) An intention to herd all the crayfish into a single group. D) An intention to cautiously test the crayfish's reaction to being touched.","B,D",B) An intention to investigate the crayfish from a safe distance.,simple_relation,[Single-Choice] Where are the crayfish positioned relative to the puma's front paws? [Options] A) Behind the hind legs B) In front of the paws C) On the puma's back D) Inside the woven post,B,B) In front of the paws,True,action_goal_binding,perception_recognition,"20-frame full-duration sheet: the puma keeps its head low, watches closely, and repeatedly extends a tentative paw while maintaining distance, showing both cautious investigation and testing the crayfish's reaction; selecting only B omits D.",high,no
error-0278,mKa-dlKrt_Q_24_0_05_55_154_to_0_06_06_265.mp4,archived_workspace/experiments/perception_control/work/single_probe_200_contact_sheets/pc-0098.jpg,1,Object Permanence and Occlusion Tracking,Object-Centric,True/False,"[True/False] The blue object on the shoreline, visible at the start, is completely occluded from view by the island's landscape before the video ends.",True,False,entity,[Single-Choice] Which object is visible on the rocky land near the water? [Options] A) A parked car B) A red tent C) Tall evergreen trees D) A wooden dock,C,C) Tall evergreen trees,True,spatiotemporal_grounding,perception_recognition,20-frame full-duration sheet: the initially visible blue shoreline object is progressively covered by the island landscape and no longer visible in the final frames; the negative response loses the occlusion event.,high,no
error-0279,lkF5Q42T8Rg_6_0_14_53_433_to_0_15_07_033.mp4,archived_workspace/experiments/perception_control/work/single_probe_200_contact_sheets/pc-0165.jpg,2,Dynamic Spatial Relationships,Human-Centric,Single-Choice,"[Single-Choice] When the woman crosses her arms, which of her arms is positioned on top of the other from the viewer's perspective? [Options] A) Her right arm is on top of her left arm. B) Her left arm is on top of her right arm. C) Her arms are held side-by-side and do not cross. D) Her hands are clasped together in the center.",A,B) Her left arm is on top of her right arm.,simple_relation,[Single-Choice] Where is the large silver microphone relative to the woman from the viewer's perspective? [Options] A) To the viewer's right of her B) To the viewer's left of her C) Directly below her D) Directly behind her,A,D) Directly behind her,False,perspective_reference_frame,perception_recognition,"20-frame full-duration sheet: once crossed, the woman's anatomical right forearm lies visibly over her left from the viewer-facing arrangement; the response swaps the two arms.",high,no
error-0280,IhCQUucY59I_5_0_02_40_639_to_0_03_00_680.mp4,archived_workspace/experiments/perception_control/work/single_probe_200_contact_sheets/pc-0527.jpg,6,Egocentric vs. Allocentric Reference Frames,Human-Centric,Single-Choice,"[Single-Choice] From the perspective of the rower seated at the very front of the boat, in which direction is the chase boat that is following them located? [Options] A) Directly in front of her. B) Directly behind her. C) To her left. D) To her right.",C,B) Directly behind her.,entity,[Single-Choice] What is visible aboard the motorboat near the rowing shell? [Options] A) A large sail B) Several people C) Stacked cargo boxes D) An empty deck,B,B) Several people,True,perspective_reference_frame,spatiotemporal_grounding,"20-frame full-duration sheet: relative to the front rower's facing direction, the following chase boat is offset on her left rather than directly behind; the response collapses lateral offset into fore-aft position.",medium,no
error-0281,HjDY6bjj5Ic_33_0_06_07_567_to_0_06_25_384.mp4,archived_workspace/experiments/perception_control/work/single_probe_200_contact_sheets/pc-0332.jpg,4,Predictive and Counterfactual Spatial Reasoning,Object-Centric,True/False,"[True/False] At the 15-second mark, the car is turning. If it were to continue moving along this exact curved trajectory, it would eventually collide with the large dirt mound located at the top of the screen at the start of the video.",True,False,simple_relation,"[Single-Choice] At the beginning, where is the small red-and-white car relative to the large dirt mound? [Options] A) Below the mound B) Above the mound C) Level with the mound D) Hidden behind the mound",A,A) Below the mound,True,physical_prediction_counterfactual,perspective_reference_frame,20-frame full-duration sheet: at about 15 seconds the car's continuing curved path loops back toward the upper dirt-mound sector shown initially; maintaining that curvature would close on the mound.,medium,no
error-0282,q9GoU1HN4FQ_1_0_00_15_181_to_0_00_29_129.mp4,archived_workspace/experiments/perception_control/work/single_probe_200_contact_sheets/pc-0369.jpg,4,Predictive and Counterfactual Spatial Reasoning,Human-Centric,Single-Choice,"[Single-Choice] If the surfer had continued in a straight line toward the shore after landing the initial aerial maneuver, instead of turning along the wave's face, what would have been the most likely immediate outcome? [Options] A) They would have outrun the breaking section and ended up on the flat, less powerful part of the wave. B) They would have been immediately engulfed by the breaking crest behind them. C) They would have exited through the back of the wave. D) Their board would have submerged nose-first into the water.",A,B) They would have been immediately engulfed by the breaking crest behind them.,action_event,"[Single-Choice] Which happens before the other: a high spray plume rises from the wave, or the surfer is hidden by whitewater? [Options] A) The surfer is hidden by whitewater first. B) Both events occur simultaneously. C) Neither event is visible. D) A high spray plume rises first.",D,D) A high spray plume rises first.,True,physical_prediction_counterfactual,spatiotemporal_grounding,"20-frame full-duration sheet: a straight shoreward continuation after landing would carry the surfer ahead onto the flatter, weaker shoulder rather than immediately back into the breaking crest; the response reverses the projected relation.",medium,no
error-0283,F_Y2Kg1_W3Q_58_0_09_44_684_to_0_09_54_994.mp4,archived_workspace/experiments/perception_control/work/single_probe_200_contact_sheets/pc-0529.jpg,6,Egocentric vs. Allocentric Reference Frames,Human-Centric,True/False,"[True/False] Relative to the scooter's deck, the person initiates the handlebar spin by pushing their right hand forward and pulling their left hand backward.",True,False,action_event,"[Single-Choice] Near the beginning, what does the person do with one foot on the pavement? [Options] A) Kicks a ball across the pavement B) Steps onto the grass C) Pushes off to move the scooter D) Jumps with both feet together",C,C) Pushes off to move the scooter,True,perspective_reference_frame,action_goal_binding,"20-frame full-duration sheet: relative to the scooter deck, the spin is initiated by the right hand driving forward while the left pulls back, producing opposite torques on the bar; the negative response reverses the hand action.",high,no
error-0284,Xe8SxWrViU0_91_0_17_15_240_to_0_17_27_599.mp4,archived_workspace/experiments/perception_control/work/single_probe_200_contact_sheets/pc-0157.jpg,2,Dynamic Spatial Relationships,Object-Centric,Single-Choice,"[Single-Choice] From the camera's point of view, what is the apparent overall directional motion of the Eiffel Tower across the frame as the car drives forward? [Options] A) From the center of the frame towards the right edge. B) From the right side of the frame towards the left edge. C) It remains stationary relative to the car. D) From the left side of the frame towards the right edge.",A,<answer>D,simple_relation,"[Single-Choice] From the camera's view, where is the Eiffel Tower relative to the roadside railing? [Options] A) In front of the roadside railing B) Behind the roadside railing C) Below the roadside railing D) On top of the roadside railing",B,B) Behind the roadside railing,True,perspective_reference_frame,spatiotemporal_grounding,20-frame full-duration sheet: the Eiffel Tower begins near frame-center and moves toward the right edge as the car advances; option D preserves rightward motion but incorrectly places the initial tower on the left.,medium,no
error-0285,UrABBEA_R0Y_25_0_07_05_124_to_0_07_27_380.mp4,archived_workspace/experiments/perception_control/work/single_probe_200_contact_sheets/pc-0038.jpg,1,Object Permanence and Occlusion Tracking,Human-Centric,Single-Choice,"[Single-Choice] Immediately after the surfer emerges from the large splash of water at 0:14, what is the orientation of the surfboard relative to the overall direction of the wave's movement towards the shore? [Options] A) It is mostly perpendicular, pointing towards the shore. B) It is parallel, pointing along the wave's face. C) It is angled backwards, away from the shore. D) The board is completely submerged and not visible.",D,"B) It is parallel, pointing along the wave's face.",simple_relation,[Single-Choice] Where is the foamy whitewater relative to the darker green wave face? [Options] A) Above the darker green wave face B) Left of the darker green wave face C) Right of the darker green wave face D) Below the darker green wave face,D,D) Below the darker green wave face,True,spatiotemporal_grounding,perception_recognition,"20-frame full-duration sheet: immediately after the splash the surfer becomes visible but the board remains submerged/not discernible, so assigning it a parallel orientation is unsupported at the queried moment.",medium,no
error-0286,O21Zy3-o9MI_13_0_01_25_385_to_0_01_36_196.mp4,archived_workspace/experiments/perception_control/work/single_probe_200_contact_sheets/pc-0001.jpg,1,Object Permanence and Occlusion Tracking,Human-Centric,True/False,"[True/False] During the first scene, the intercom panel on the wall is briefly but completely hidden from view by the man's body.",True,No,simple_relation,[Single-Choice] Where is the woman relative to the man in the hallway scene? [Options] A) To the viewer's left of him B) To the viewer's right of him C) Directly behind him D) Directly in front of him,A,D,False,spatiotemporal_grounding,perception_recognition,20-frame full-duration sheet: in the first scene the man's torso moves directly across the wall intercom and fully hides it for a brief interval; 'No' misses the complete occlusion.,high,no
error-0287,dtSKBM4UMy8_17_0_05_08_808_to_0_05_19_385.mp4,archived_workspace/experiments/perception_control/work/single_probe_200_contact_sheets/pc-0417.jpg,5,Object Deformation and State Transition,Human-Centric,True/False,[True/False] The action of the person's fingers pulling the skin upward causes the eyelid surface to become more convex (curved outward).,True,False,simple_relation,[Single-Choice] Where are the fingertips positioned relative to the woman's eyebrow? [Options] A) Below the lower eyelid B) Beside the nose C) Above the eyebrow D) Near the chin,C,C) Above the eyebrow,True,perception_recognition,spatiotemporal_grounding,20-frame full-duration sheet: upward finger traction visibly tents the eyelid into a more outward-curved/convex surface compared with its relaxed state; the negative response misses that deformation.,high,no
error-0288,EOswWepObDw_28_0_03_27_975_to_0_03_54_329.mp4,archived_workspace/experiments/perception_control/work/single_probe_200_contact_sheets/pc-0326.jpg,4,Predictive and Counterfactual Spatial Reasoning,Object-Centric,Single-Choice,"[Single-Choice] Based on the visible arc of motion, what object is located behind the ride's path when it reaches its highest point on the left side of the screen? [Options] A) A tall, glass-paneled building. B) The sun. C) A parking lot full of cars. D) A small, single-story shop.",A,B) The sun.,entity,[Single-Choice] Which structure is visible beside the water in the harbor scene? [Options] A) A Ferris wheel B) A train station C) A red lighthouse D) A soccer goal,C,C) A red lighthouse,True,benchmark_ambiguity,physical_prediction_counterfactual,"20-frame full-duration sheet: most frames show unrelated harbor footage, and the final ride segment does not clearly show the left apex together with the proposed background objects; the tall glass-building key cannot be verified from this sheet.",low,yes
error-0289,RTzP1HAsg0w_61_0_10_21_854_to_0_10_34_166.mp4,archived_workspace/experiments/perception_control/work/single_probe_200_contact_sheets/pc-0541.jpg,6,Egocentric vs. Allocentric Reference Frames,Object-Centric,True/False,"[True/False] Based on the visible background traffic, the red car is parked parallel to the direction of the moving cars on the street.",False,True,simple_relation,[Single-Choice] Where is the visible license plate located on the red car? [Options] A) On the front grille below the hood B) On the driver's door below the window C) On the rear trunk above the bumper D) On the roof behind the windshield,C,C) On the rear trunk above the bumper,True,benchmark_ambiguity,perspective_reference_frame,20-frame full-duration sheet: it shows close views around the red car but no usable background traffic establishing the moving cars' street direction; the claimed parallel/perpendicular relation and keyed False cannot be independently resolved from the available evidence.,low,yes
error-0290,cTYPnXXcYp4_14_0_02_57_110_to_0_03_13_026.mp4,archived_workspace/experiments/perception_control/work/single_probe_200_contact_sheets/pc-0119.jpg,2,Dynamic Spatial Relationships,Human-Centric,Single-Choice,"[Single-Choice] Considering the camera's entire path of movement, which landmark ends up closest to the camera's final position? [Options] A) The yellow bus. B) The large tree on the far left of the scene. C) The tall, dark wooden structure behind the bus. D) The mountains in the far background.",A,"A) The yellow bus.
B) The large tree on the far left of the scene.
C) The tall, dark wooden structure behind the bus.
D) The mountains in the far background.",action_event,[Single-Choice] What happens before the view returns to the parked vehicle near the trees? [Options] A) The camera faces open scrubland. B) The camera faces a paved street. C) The camera faces a cloudy sky. D) The camera faces a close-up fence.,A,"Based on the video, the correct answer is A) The camera faces open scrubland. The camera pans across the open scrubland before returning to the parked vehicle near the trees.",True,protocol_or_parsing,spatiotemporal_grounding,"20-frame full-duration sheet: the camera's path ends nearest the yellow bus, matching A, but the model emits every option A-D instead of one valid single-choice answer; this is primarily an output-format failure.",high,no
error-0291,V32cqjzdvq4_3_0_00_28_561_to_0_00_40_073.mp4,archived_workspace/experiments/perception_control/work/single_probe_200_contact_sheets/pc-0463.jpg,5,Object Deformation and State Transition,Object-Centric,Multiple-Select,"[Multiple-Select] The video shows a long, thin, white cushion positioned as a backrest on the left side of the boat. What spatial changes would occur if this cushion were moved to the empty slot visible on the right side? (Select all that apply) [Options] A) The total available seating space would decrease. B) The right side would gain a backrest, creating a symmetrical seating arrangement with the left side. C) The table would be blocked from swinging to the left. D) A gap would be created between the corner cushion and the side cushion on the left.","B, D","B) The right side would gain a backrest, creating a symmetrical seating arrangement with the left side.",entity,[Single-Choice] Which object is visible inset into the dark tabletop? [Options] A) Circular cup holders B) A steering wheel C) A life jacket D) A fishing rod,A,A) Circular cup holders,True,physical_prediction_counterfactual,perception_recognition,20-frame full-duration sheet: moving the long left backrest into the empty right slot would create a matching right backrest and leave a visible gap between the left corner and side cushions; selecting only B omits D.,high,no
error-0292,i0F4379JRnw_95_0_17_13_933_to_0_17_24_310.mp4,archived_workspace/experiments/perception_control/work/single_probe_200_contact_sheets/pc-0589.jpg,6,Egocentric vs. Allocentric Reference Frames,Human-Centric,Single-Choice,"[Single-Choice] Which statement accurately describes the woman's movement relative to both the camera and the blue structure in the background?
[Options]
A) She moves away from the blue structure and away from the camera.
B) She moves towards the blue structure and towards the camera.
C) She moves towards the camera but her distance from the blue structure remains constant.
D) She moves towards the camera while moving away from the blue structure.",D,C) She moves towards the camera but her distance from the blue structure remains constant.,entity,[Single-Choice] Which object is visible on the woman's face? [Options] A) Dark sunglasses B) A snorkel mask C) Pink swim goggles D) A baseball cap,A,A,True,perspective_reference_frame,spatiotemporal_grounding,20-frame full-duration sheet: the swimmer approaches and enlarges toward the camera while moving farther from the blue structure behind her; the response incorrectly treats that background distance as constant.,high,no
error-0293,j8Gic59heRg_73_0_16_58_350_to_0_17_12_631.mp4,archived_workspace/experiments/perception_control/work/single_probe_200_contact_sheets/pc-0192.jpg,2,Dynamic Spatial Relationships,Human-Centric,True/False,"[True/False] The person in the light-colored top and face mask, who is walking towards the camera on the right side of the street, remains to the right of the camera's central line of sight for the entire duration they are visible.",True,False,simple_relation,[Single-Choice] Where are the shopfronts located relative to the central walkway? [Options] A) Only on the left side B) Only on the right side C) On both sides of the walkway D) In the middle of the walkway,C,C) On both sides of the walkway,True,spatiotemporal_grounding,perception_recognition,20-frame full-duration sheet: the masked person in a light top approaches along the street's image-right corridor and never crosses the camera's central line before leaving view; the negative response invents a side crossing.,high,no
error-0294,v0C5551Yh0k_11_0_01_18_745_to_0_01_31_491.mp4,archived_workspace/experiments/perception_control/work/single_probe_200_contact_sheets/pc-0255.jpg,3,Action and Intent-Driven Spatial Reasoning,Human-Centric,Single-Choice,[Single-Choice] What action does the shirtless surfer take that significantly lowers their body's center of gravity relative to the board? [Options] A) They jump off the board. B) They crouch low while remaining on their feet. C) They lie down on their stomach. D) They fall backward into the water.,C,B) They crouch low while remaining on their feet.,entity,[Single-Choice] Which visible feature is directly behind the rider on the water? [Options] A) A sandy beach B) A rocky cliff C) A white breaking wave D) A floating buoy,C,C,True,spatiotemporal_grounding,perception_recognition,20-frame full-duration sheet: in the relevant opening segment the shirtless surfer changes from standing to lying prone on the board rather than remaining on their feet in a crouch; later frames switch to unrelated shark footage.,medium,no
error-0295,odcmK3Int58_6_0_01_22_282_to_0_01_50_877.mp4,archived_workspace/experiments/perception_control/work/single_probe_200_contact_sheets/pc-0577.jpg,6,Egocentric vs. Allocentric Reference Frames,Human-Centric,Fill-in-the-Blank,"[Fill-in-the-Blank] From the person's own point of view, when they place the two batteries on the table, the batteries are positioned to the ______ of the mouse.",right,left,action_event,[Single-Choice] What does the person do with the white instruction leaflet near the end? [Options] A) Cuts it apart B) Writes on it C) Unfolds it D) Throws it away,C,C) Unfolds it,True,perspective_reference_frame,perception_recognition,"20-frame full-duration sheet: from the person's working orientation, the two batteries are placed to their right of the mouse; the response gives the opposite side.",high,no
error-0296,lJ98a0Owtuo_34_0_06_48_174_to_0_06_59_652.mp4,archived_workspace/experiments/perception_control/work/single_probe_200_contact_sheets/pc-0497.jpg,5,Object Deformation and State Transition,Object-Centric,True/False,[True/False] The peak height of the wave's crest remains consistent as it travels from the left side of the frame to the right.,False,True,entity,[Single-Choice] Which feature is visible on the ocean surface near the breaking water? [Options] A) Red buoy B) Wooden pier C) Lone surfer D) White foam,D,D) White foam,True,perception_recognition,spatiotemporal_grounding,"20-frame full-duration sheet: the crest's peak height grows, steepens, and then lowers/breaks as it moves across the frame; it does not remain consistent.",high,no
error-0297,j4jcztT_3O0_30_0_06_10_966_to_0_06_24_133.mp4,archived_workspace/experiments/perception_control/work/single_probe_200_contact_sheets/pc-0476.jpg,5,Object Deformation and State Transition,Human-Centric,Single-Choice,[Single-Choice] How does the spatial arrangement of the red leash change from the beginning to the end of the video? [Options] A) It starts stretched out and becomes coiled near the husky. B) It remains coiled in the same spot throughout the video. C) It starts partially coiled and ends up stretched out towards the right side of the scene. D) It starts partially coiled and ends up stretched out towards the left side of the scene.,D,C) It starts partially coiled and ends up stretched out towards the right side of the scene.,action_event,[Single-Choice] What is the dark dog doing when it moves near the red leash? [Options] A) Lying on the sand B) Jumping over branches C) Walking across the sand D) Digging in the sand,C,C) Walking across the sand,True,perspective_reference_frame,perception_recognition,20-frame full-duration sheet: the red leash starts partially coiled and is pulled out toward frame-left by the end; the response reverses the terminal side to right.,high,no
error-0298,EneKMFjJBRI_24_0_04_11_699_to_0_04_26_233.mp4,archived_workspace/experiments/perception_control/work/single_probe_200_contact_sheets/pc-0228.jpg,3,Action and Intent-Driven Spatial Reasoning,Human-Centric,Single-Choice,"[Single-Choice] At the beginning of the video, the operator pushes the right joystick forward and then immediately pulls it back. What is the corresponding spatial maneuver performed by the drone in the air? [Options] A) It hovers in place. B) It performs a forward flip. C) It spins 360 degrees horizontally. D) It flies straight backwards.",B,C) It spins 360 degrees horizontally.,entity,[Single-Choice] Which outdoor setting is visible beneath the flying object? [Options] A) A sandy desert plain B) A grassy sports field C) A snowy mountain slope D) A paved city street,A,A) A sandy desert plain,True,action_goal_binding,spatiotemporal_grounding,"20-frame full-duration sheet: the forward-then-back right-stick command produces a forward somersault/flip of the drone, not a horizontal 360-degree yaw spin; the response binds the control input to the wrong maneuver.",high,no
error-0299,S9IFUxQyu6U_19_0_03_28_374_to_0_04_07_347.mp4,archived_workspace/experiments/perception_control/work/single_probe_200_contact_sheets/pc-0329.jpg,4,Predictive and Counterfactual Spatial Reasoning,Human-Centric,Single-Choice,"[Single-Choice] At 0:26, the husky is running at speed across the background. If it had continued moving in that same straight line, which of the following would it have passed closest to? [Options] A) The group of people sitting on the far-left bench. B) The other dogs playing in the center of the field. C) The person standing near the gazebo structure. D) The yellow labrador standing near the two people.",B,D,entity,[Single-Choice] What ground surface is visible under the dogs? [Options] A) Tan sand B) Wooden decking C) Green artificial turf D) Gray concrete,C,C) Green artificial turf,True,physical_prediction_counterfactual,spatiotemporal_grounding,20-frame full-duration sheet: at about 0:26 the running husky's straight-line continuation passes through the central group of playing dogs before reaching the farther yellow lab/person area; the response selects the wrong nearest target.,high,no
error-0300,ikx-L45Gqmw_66_0_09_18_224_to_0_09_36_842.mp4,archived_workspace/experiments/perception_control/work/single_probe_200_contact_sheets/pc-0283.jpg,3,Action and Intent-Driven Spatial Reasoning,Human-Centric,Single-Choice,"[Single-Choice] Based on the woman's path of movement from the sidewalk and the sudden appearance of a light source from above and behind her around the 5-second mark, what spatial interaction most likely occurred? [Options] A) She walked under a street lamp that turned on. B) She opened the rear trunk of the vehicle. C) She turned around to face the sunset. D) Another car turned its headlights on her.",B,A) She walked under a street lamp that turned on.,simple_relation,"[Single-Choice] After the woman reaches the parked vehicle, where is its raised hatch relative to her head? [Options] A) Below her chin B) Beside her left shoulder C) Across the street D) Above her head",D,A) Below her chin,False,benchmark_ambiguity,action_goal_binding,"20-frame full-duration sheet: the woman approaches the vehicle and becomes illuminated from above/behind, but the trunk lid and opening action are not directly visible; an overhead lamp remains a plausible alternative to keyed trunk interaction.",medium,yes
