blind_proposal_id,coverage_status,closest_generated_id,confidence,reason_cn
judgment-0001,absent,audit-0001-g01,0.88,"生成题 audit-0001-g01 询问：“[True/False] At the end of the video, after the fall, the snowboarder is positioned uphill and to the left of the blue rail they slid on at the beginning.”；参考题询问：“滑雪者是否完整滑过栏杆后落回雪面？”。生成题的核心事实与参考题不同；同一视频、同一对象或相邻事件本身不足以构成覆盖。"
judgment-0002,absent,audit-0001-g01,0.88,"生成题 audit-0001-g01 询问：“[True/False] At the end of the video, after the fall, the snowboarder is positioned uphill and to the left of the blue rail they slid on at the beginning.”；参考题询问：“滑雪板相对栏杆的高度和方向如何变化？”。生成题的核心事实与参考题不同；同一视频、同一对象或相邻事件本身不足以构成覆盖。"
judgment-0003,absent,audit-0001-g01,0.88,"生成题 audit-0001-g01 询问：“[True/False] At the end of the video, after the fall, the snowboarder is positioned uphill and to the left of the blue rail they slid on at the beginning.”；参考题询问：“摔倒发生在越过栏杆之前还是之后？”。生成题的核心事实与参考题不同；同一视频、同一对象或相邻事件本身不足以构成覆盖。"
judgment-0004,absent,audit-0001-g01,0.88,"生成题 audit-0001-g01 询问：“[True/False] At the end of the video, after the fall, the snowboarder is positioned uphill and to the left of the blue rail they slid on at the beginning.”；参考题询问：“滑雪者接近金属杆后做了什么？”。生成题的核心事实与参考题不同；同一视频、同一对象或相邻事件本身不足以构成覆盖。"
judgment-0005,partial,audit-0001-g01,0.72,"生成题 audit-0001-g01 询问：“[True/False] At the end of the video, after the fall, the snowboarder is positioned uphill and to the left of the blue rail they slid on at the beginning.”；参考题询问：“滑雪者越过杆后是否保持站立？”。二者有明确语义重合，但生成题只覆盖参考事实的一部分，或改问了不同参照、时间点、条件或细节，不能直接回答参考题。"
judgment-0006,partial,audit-0001-g01,0.72,"生成题 audit-0001-g01 询问：“[True/False] At the end of the video, after the fall, the snowboarder is positioned uphill and to the left of the blue rail they slid on at the beginning.”；参考题询问：“滑雪者最后朝雪坡的哪个方向滑走？”。二者有明确语义重合，但生成题只覆盖参考事实的一部分，或改问了不同参照、时间点、条件或细节，不能直接回答参考题。"
judgment-0007,absent,audit-0002-g02,0.88,"生成题 audit-0002-g02 询问：“[Single-Choice] From the shooter's perspective, what is the spatial relationship between the targeted flying bird and the main flock of floating ducks at the exact moment the shot is fired? [Options] A) The flying bird is between the shooter and the flock. B) The flock is between the shooter and the flying bird. C) The flying bird is directly above the flock. D) The flying bird is to the far right of the flock.”；参考题询问：“男子的枪口主要朝向水面还是天空？”。生成题的核心事实与参考题不同；同一视频、同一对象或相邻事件本身不足以构成覆盖。"
judgment-0008,absent,audit-0002-g01,0.88,生成题 audit-0002-g01 询问：“[True/False] The single duck floating near the shore at the beginning of the video is located to the right of the main flock of ducks seen in the water later in the video.”；参考题询问：“湖面上有几只水鸟同时可见？”。生成题的核心事实与参考题不同；同一视频、同一对象或相邻事件本身不足以构成覆盖。
judgment-0009,absent,audit-0002-g01,0.88,生成题 audit-0002-g01 询问：“[True/False] The single duck floating near the shore at the beginning of the video is located to the right of the main flock of ducks seen in the water later in the video.”；参考题询问：“水鸟群相对岸边如何移动？”。生成题的核心事实与参考题不同；同一视频、同一对象或相邻事件本身不足以构成覆盖。
judgment-0010,partial,audit-0002-g02,0.72,"生成题 audit-0002-g02 询问：“[Single-Choice] From the shooter's perspective, what is the spatial relationship between the targeted flying bird and the main flock of floating ducks at the exact moment the shot is fired? [Options] A) The flying bird is between the shooter and the flock. B) The flock is between the shooter and the flying bird. C) The flying bird is directly above the flock. D) The flying bird is to the far right of the flock.”；参考题询问：“镜头转向湖面后，水鸟是否始终留在水面上？”。二者有明确语义重合，但生成题只覆盖参考事实的一部分，或改问了不同参照、时间点、条件或细节，不能直接回答参考题。"
judgment-0011,absent,audit-0003-g01,0.88,"生成题 audit-0003-g01 询问：“[Single-Choice] Observing the general direction of the cloud movement across the sky, which area is most likely to be impacted by the rain curtain next? [Options] A) The mountain visible on the left side of the frame. B) The houses located to the far right of the yellow house. C) The yellow house in the center of the frame. D) The area from which the video is being filmed.”；参考题询问：“镜头中最显眼的房屋位于山体前方还是后方？”。生成题的核心事实与参考题不同；同一视频、同一对象或相邻事件本身不足以构成覆盖。"
judgment-0012,absent,audit-0003-g01,0.88,"生成题 audit-0003-g01 询问：“[Single-Choice] Observing the general direction of the cloud movement across the sky, which area is most likely to be impacted by the rain curtain next? [Options] A) The mountain visible on the left side of the frame. B) The houses located to the far right of the yellow house. C) The yellow house in the center of the frame. D) The area from which the video is being filmed.”；参考题询问：“镜头先呈现山体还是近处房屋？”。生成题的核心事实与参考题不同；同一视频、同一对象或相邻事件本身不足以构成覆盖。"
judgment-0013,absent,audit-0003-g01,0.88,"生成题 audit-0003-g01 询问：“[Single-Choice] Observing the general direction of the cloud movement across the sky, which area is most likely to be impacted by the rain curtain next? [Options] A) The mountain visible on the left side of the frame. B) The houses located to the far right of the yellow house. C) The yellow house in the center of the frame. D) The area from which the video is being filmed.”；参考题询问：“镜头移动后哪栋房屋进入画面中央？”。生成题的核心事实与参考题不同；同一视频、同一对象或相邻事件本身不足以构成覆盖。"
judgment-0014,absent,audit-0003-g01,0.88,"生成题 audit-0003-g01 询问：“[Single-Choice] Observing the general direction of the cloud movement across the sky, which area is most likely to be impacted by the rain curtain next? [Options] A) The mountain visible on the left side of the frame. B) The houses located to the far right of the yellow house. C) The yellow house in the center of the frame. D) The area from which the video is being filmed.”；参考题询问：“前景立柱何时遮住远处山景？”。生成题的核心事实与参考题不同；同一视频、同一对象或相邻事件本身不足以构成覆盖。"
judgment-0015,partial,audit-0003-g01,0.72,"生成题 audit-0003-g01 询问：“[Single-Choice] Observing the general direction of the cloud movement across the sky, which area is most likely to be impacted by the rain curtain next? [Options] A) The mountain visible on the left side of the frame. B) The houses located to the far right of the yellow house. C) The yellow house in the center of the frame. D) The area from which the video is being filmed.”；参考题询问：“深色云层位于房屋上方吗？”。二者有明确语义重合，但生成题只覆盖参考事实的一部分，或改问了不同参照、时间点、条件或细节，不能直接回答参考题。"
judgment-0016,direct,audit-0004-g01,0.90,"生成题 audit-0004-g01 询问：“[Fill-in-the-Blank] As the person lifts the fish from the water into the kayak, the distance between the yellow bobber and the fish's mouth steadily ____.”；参考题询问：“皮划艇上的人最终把鱼移到艇内还是水外？”。二者都要求判断同一个核心可视事实，且需要的空间、时间或状态推理操作基本一致。"
judgment-0017,partial,audit-0004-g01,0.72,"生成题 audit-0004-g01 询问：“[Fill-in-the-Blank] As the person lifts the fish from the water into the kayak, the distance between the yellow bobber and the fish's mouth steadily ____.”；参考题询问：“浮标相对皮划艇的位置如何变化？”。二者有明确语义重合，但生成题只覆盖参考事实的一部分，或改问了不同参照、时间点、条件或细节，不能直接回答参考题。"
judgment-0018,absent,audit-0004-g02,0.88,"生成题 audit-0004-g02 询问：“[Single-Choice] After bringing the fish into the kayak and steadying it, what is the person's most immediate action-oriented goal based on the spatial arrangement of their hands, the fish, and the fishing line? [Options] A) To take a photo of the fish. B) To release the fish back into the water. C) To remove the hook from the fish's mouth. D) To put the fish into a storage compartment.”；参考题询问：“人先展示鱼还是先处理鱼钩？”。生成题的核心事实与参考题不同；同一视频、同一对象或相邻事件本身不足以构成覆盖。"
judgment-0019,absent,audit-0004-g01,0.88,"生成题 audit-0004-g01 询问：“[Fill-in-the-Blank] As the person lifts the fish from the water into the kayak, the distance between the yellow bobber and the fish's mouth steadily ____.”；参考题询问：“钓鱼者先拿着浮漂还是先展示鱼？”。生成题的核心事实与参考题不同；同一视频、同一对象或相邻事件本身不足以构成覆盖。"
judgment-0020,absent,audit-0004-g03,0.88,"生成题 audit-0004-g03 询问：“[True/False] From the camera's first-person perspective, the fishing rod remains positioned entirely on the left side of the kayak.”；参考题询问：“鱼相对皮划艇船头位于哪一侧？”。生成题的核心事实与参考题不同；同一视频、同一对象或相邻事件本身不足以构成覆盖。"
judgment-0021,absent,audit-0004-g01,0.88,"生成题 audit-0004-g01 询问：“[Fill-in-the-Blank] As the person lifts the fish from the water into the kayak, the distance between the yellow bobber and the fish's mouth steadily ____.”；参考题询问：“鱼被举起后其身体朝向如何变化？”。生成题的核心事实与参考题不同；同一视频、同一对象或相邻事件本身不足以构成覆盖。"
judgment-0022,partial,audit-0005-g02,0.72,"生成题 audit-0005-g02 询问：“[True/False] At the moment the surfer is most obscured by the wave's curl, the tip of their surfboard is the only part of the surfer/board combination that is visible.”；参考题询问：“冲浪者进入浪管后是否再次清晰出现？”。二者有明确语义重合，但生成题只覆盖参考事实的一部分，或改问了不同参照、时间点、条件或细节，不能直接回答参考题。"
judgment-0023,partial,audit-0005-g01,0.72,"生成题 audit-0005-g01 询问：“[Single-Choice] As the surfer performs the final turn at the end of the ride (00:08-00:10), how does their upper body rotate relative to the direction the board is traveling? [Options] A) Their upper body rotates in the same direction as the turn. B) Their upper body rotates in the opposite direction of the turn. C) Their upper body remains perfectly still and aligned with the board. D) Their upper body faces directly towards the beach, perpendicular to the board.”；参考题询问：“冲浪者沿浪壁的运动方向如何变化？”。二者有明确语义重合，但生成题只覆盖参考事实的一部分，或改问了不同参照、时间点、条件或细节，不能直接回答参考题。"
judgment-0024,partial,audit-0005-g02,0.72,"生成题 audit-0005-g02 询问：“[True/False] At the moment the surfer is most obscured by the wave's curl, the tip of their surfboard is the only part of the surfer/board combination that is visible.”；参考题询问：“浪花完全遮住冲浪者发生在其转向之前还是之后？”。二者有明确语义重合，但生成题只覆盖参考事实的一部分，或改问了不同参照、时间点、条件或细节，不能直接回答参考题。"
judgment-0025,direct,audit-0005-g02,0.90,"生成题 audit-0005-g02 询问：“[True/False] At the moment the surfer is most obscured by the wave's curl, the tip of their surfboard is the only part of the surfer/board combination that is visible.”；参考题询问：“冲浪者进入浪管后是否一度被浪花遮住？”。二者都要求判断同一个核心可视事实，且需要的空间、时间或状态推理操作基本一致。"
judgment-0026,partial,audit-0005-g01,0.72,"生成题 audit-0005-g01 询问：“[Single-Choice] As the surfer performs the final turn at the end of the ride (00:08-00:10), how does their upper body rotate relative to the direction the board is traveling? [Options] A) Their upper body rotates in the same direction as the turn. B) Their upper body rotates in the opposite direction of the turn. C) Their upper body remains perfectly still and aligned with the board. D) Their upper body faces directly towards the beach, perpendicular to the board.”；参考题询问：“冲浪者从浪管出来后向哪个方向滑行？”。二者有明确语义重合，但生成题只覆盖参考事实的一部分，或改问了不同参照、时间点、条件或细节，不能直接回答参考题。"
judgment-0027,absent,audit-0005-g02,0.88,"生成题 audit-0005-g02 询问：“[True/False] At the moment the surfer is most obscured by the wave's curl, the tip of their surfboard is the only part of the surfer/board combination that is visible.”；参考题询问：“冲浪者在浪峰塌下前是否保持站立？”。生成题的核心事实与参考题不同；同一视频、同一对象或相邻事件本身不足以构成覆盖。"
judgment-0028,absent,audit-0006-g01,0.88,"生成题 audit-0006-g01 询问：“[True/False] In the final few seconds, the man in the checkered shirt and blue beanie partially occludes the man in the grey shirt and brown kufi cap from the camera's viewpoint.”；参考题询问：“镜头依次展示了几名坐着的老人？”。生成题的核心事实与参考题不同；同一视频、同一对象或相邻事件本身不足以构成覆盖。"
judgment-0029,partial,audit-0006-g03,0.72,"生成题 audit-0006-g03 询问：“[Multiple-Select] The video pans from left to right across a line of seated men. If the camera had instead panned from right to left at the same speed, which two individuals would have been the first to appear fully in the frame? (Select two) [Options] A) The man in the black cowboy hat. B) The man in the brown kufi cap. C) The man in the patterned cap. D) The man in the blue beanie.”；参考题询问：“戴蓝帽的人在戴宽檐帽的人之前还是之后出现？”。二者有明确语义重合，但生成题只覆盖参考事实的一部分，或改问了不同参照、时间点、条件或细节，不能直接回答参考题。"
judgment-0030,absent,audit-0006-g01,0.88,"生成题 audit-0006-g01 询问：“[True/False] In the final few seconds, the man in the checkered shirt and blue beanie partially occludes the man in the grey shirt and brown kufi cap from the camera's viewpoint.”；参考题询问：“镜头依次聚焦了几位坐着的人？”。生成题的核心事实与参考题不同；同一视频、同一对象或相邻事件本身不足以构成覆盖。"
judgment-0031,partial,audit-0006-g03,0.72,"生成题 audit-0006-g03 询问：“[Multiple-Select] The video pans from left to right across a line of seated men. If the camera had instead panned from right to left at the same speed, which two individuals would have been the first to appear fully in the frame? (Select two) [Options] A) The man in the black cowboy hat. B) The man in the brown kufi cap. C) The man in the patterned cap. D) The man in the blue beanie.”；参考题询问：“戴帽男子坐在最初出现的老人哪一侧？”。二者有明确语义重合，但生成题只覆盖参考事实的一部分，或改问了不同参照、时间点、条件或细节，不能直接回答参考题。"
judgment-0032,partial,audit-0006-g03,0.72,"生成题 audit-0006-g03 询问：“[Multiple-Select] The video pans from left to right across a line of seated men. If the camera had instead panned from right to left at the same speed, which two individuals would have been the first to appear fully in the frame? (Select two) [Options] A) The man in the black cowboy hat. B) The man in the brown kufi cap. C) The man in the patterned cap. D) The man in the blue beanie.”；参考题询问：“蓝帽男子出现前镜头先经过谁？”。二者有明确语义重合，但生成题只覆盖参考事实的一部分，或改问了不同参照、时间点、条件或细节，不能直接回答参考题。"
judgment-0033,absent,audit-0007-g01,0.88,"生成题 audit-0007-g01 询问：“[Single-Choice] At the 8-second mark, two large silver fish are swimming towards the right. Which statement accurately describes their relative positions by the time they reach the far right of the tank? [Options] A) The fish that was initially further back overtakes the one in front. B) The two fish swim into the plants at the same time. C) The fish that was initially in front remains in front. D) The fish that was initially further back turns and swims away in the opposite direction.”；参考题询问：“大型银色鱼与红色虾哪一个先出现？”。生成题的核心事实与参考题不同；同一视频、同一对象或相邻事件本身不足以构成覆盖。"
judgment-0034,absent,audit-0007-g01,0.88,"生成题 audit-0007-g01 询问：“[Single-Choice] At the 8-second mark, two large silver fish are swimming towards the right. Which statement accurately describes their relative positions by the time they reach the far right of the tank? [Options] A) The fish that was initially further back overtakes the one in front. B) The two fish swim into the plants at the same time. C) The fish that was initially in front remains in front. D) The fish that was initially further back turns and swims away in the opposite direction.”；参考题询问：“虾在水草上的朝向是否发生改变？”。生成题的核心事实与参考题不同；同一视频、同一对象或相邻事件本身不足以构成覆盖。"
judgment-0035,direct,audit-0007-g01,0.90,"生成题 audit-0007-g01 询问：“[Single-Choice] At the 8-second mark, two large silver fish are swimming towards the right. Which statement accurately describes their relative positions by the time they reach the far right of the tank? [Options] A) The fish that was initially further back overtakes the one in front. B) The two fish swim into the plants at the same time. C) The fish that was initially in front remains in front. D) The fish that was initially further back turns and swims away in the opposite direction.”；参考题询问：“前半段可见的大型银色鱼有几条？”。二者都要求判断同一个核心可视事实，且需要的空间、时间或状态推理操作基本一致。"
judgment-0036,absent,audit-0007-g01,0.88,"生成题 audit-0007-g01 询问：“[Single-Choice] At the 8-second mark, two large silver fish are swimming towards the right. Which statement accurately describes their relative positions by the time they reach the far right of the tank? [Options] A) The fish that was initially further back overtakes the one in front. B) The two fish swim into the plants at the same time. C) The fish that was initially in front remains in front. D) The fish that was initially further back turns and swims away in the opposite direction.”；参考题询问：“视频前半段主要出现鱼还是红色虾？”。生成题的核心事实与参考题不同；同一视频、同一对象或相邻事件本身不足以构成覆盖。"
judgment-0037,absent,audit-0007-g01,0.88,"生成题 audit-0007-g01 询问：“[Single-Choice] At the 8-second mark, two large silver fish are swimming towards the right. Which statement accurately describes their relative positions by the time they reach the far right of the tank? [Options] A) The fish that was initially further back overtakes the one in front. B) The two fish swim into the plants at the same time. C) The fish that was initially in front remains in front. D) The fish that was initially further back turns and swims away in the opposite direction.”；参考题询问：“红色虾停在水草的什么位置？”。生成题的核心事实与参考题不同；同一视频、同一对象或相邻事件本身不足以构成覆盖。"
judgment-0038,partial,audit-0007-g01,0.72,"生成题 audit-0007-g01 询问：“[Single-Choice] At the 8-second mark, two large silver fish are swimming towards the right. Which statement accurately describes their relative positions by the time they reach the far right of the tank? [Options] A) The fish that was initially further back overtakes the one in front. B) The two fish swim into the plants at the same time. C) The fish that was initially in front remains in front. D) The fish that was initially further back turns and swims away in the opposite direction.”；参考题询问：“较大的鱼群在水草前方如何移动？”。二者有明确语义重合，但生成题只覆盖参考事实的一部分，或改问了不同参照、时间点、条件或细节，不能直接回答参考题。"
judgment-0039,direct,audit-0008-g01,0.90,生成题 audit-0008-g01 询问：“[True/False] The peak height of the wave's crest remains consistent as it travels from the left side of the frame to the right.”；参考题询问：“浪峰朝岸边推进时形状如何变化？”。二者都要求判断同一个核心可视事实，且需要的空间、时间或状态推理操作基本一致。
judgment-0040,absent,audit-0008-g01,0.88,生成题 audit-0008-g01 询问：“[True/False] The peak height of the wave's crest remains consistent as it travels from the left side of the frame to the right.”；参考题询问：“最亮的阳光反射位于浪峰前方还是后方？”。生成题的核心事实与参考题不同；同一视频、同一对象或相邻事件本身不足以构成覆盖。
judgment-0041,direct,audit-0008-g01,0.90,生成题 audit-0008-g01 询问：“[True/False] The peak height of the wave's crest remains consistent as it travels from the left side of the frame to the right.”；参考题询问：“波浪朝画面的哪个方向推进？”。二者都要求判断同一个核心可视事实，且需要的空间、时间或状态推理操作基本一致。
judgment-0042,partial,audit-0008-g01,0.72,生成题 audit-0008-g01 询问：“[True/False] The peak height of the wave's crest remains consistent as it travels from the left side of the frame to the right.”；参考题询问：“浪峰在移动过程中是否逐渐破碎？”。二者有明确语义重合，但生成题只覆盖参考事实的一部分，或改问了不同参照、时间点、条件或细节，不能直接回答参考题。
judgment-0043,absent,audit-0008-g01,0.88,生成题 audit-0008-g01 询问：“[True/False] The peak height of the wave's crest remains consistent as it travels from the left side of the frame to the right.”；参考题询问：“太阳反光与浪峰的相对位置如何变化？”。生成题的核心事实与参考题不同；同一视频、同一对象或相邻事件本身不足以构成覆盖。
judgment-0044,absent,audit-0009-g01,0.88,"生成题 audit-0009-g01 询问：“[Single-Choice] Assuming the watercraft continues on its current path without turning, what will its position be relative to the group of trees on the land in the next few seconds? [Options] A) It will be directly in front of the trees, having landed on the shore. B) It will have passed the trees, with the trees now on its right side. C) It will have turned away, with the trees getting smaller in the distance. D) It will be stationary in its current position.”；参考题询问：“水面相对远岸树木的位置是否保持稳定？”。生成题的核心事实与参考题不同；同一视频、同一对象或相邻事件本身不足以构成覆盖。"
judgment-0045,partial,audit-0009-g01,0.72,"生成题 audit-0009-g01 询问：“[Single-Choice] Assuming the watercraft continues on its current path without turning, what will its position be relative to the group of trees on the land in the next few seconds? [Options] A) It will be directly in front of the trees, having landed on the shore. B) It will have passed the trees, with the trees now on its right side. C) It will have turned away, with the trees getting smaller in the distance. D) It will be stationary in its current position.”；参考题询问：“从画面参照系看，岸线相对相机向哪一侧移动？”。二者有明确语义重合，但生成题只覆盖参考事实的一部分，或改问了不同参照、时间点、条件或细节，不能直接回答参考题。"
judgment-0046,absent,audit-0009-g01,0.88,"生成题 audit-0009-g01 询问：“[Single-Choice] Assuming the watercraft continues on its current path without turning, what will its position be relative to the group of trees on the land in the next few seconds? [Options] A) It will be directly in front of the trees, having landed on the shore. B) It will have passed the trees, with the trees now on its right side. C) It will have turned away, with the trees getting smaller in the distance. D) It will be stationary in its current position.”；参考题询问：“水面反光区域随镜头移动发生了什么变化？”。生成题的核心事实与参考题不同；同一视频、同一对象或相邻事件本身不足以构成覆盖。"
judgment-0047,partial,audit-0009-g01,0.72,"生成题 audit-0009-g01 询问：“[Single-Choice] Assuming the watercraft continues on its current path without turning, what will its position be relative to the group of trees on the land in the next few seconds? [Options] A) It will be directly in front of the trees, having landed on the shore. B) It will have passed the trees, with the trees now on its right side. C) It will have turned away, with the trees getting smaller in the distance. D) It will be stationary in its current position.”；参考题询问：“第一视角所在载具在水面上是否持续前进？”。二者有明确语义重合，但生成题只覆盖参考事实的一部分，或改问了不同参照、时间点、条件或细节，不能直接回答参考题。"
judgment-0048,absent,audit-0009-g01,0.88,"生成题 audit-0009-g01 询问：“[Single-Choice] Assuming the watercraft continues on its current path without turning, what will its position be relative to the group of trees on the land in the next few seconds? [Options] A) It will be directly in front of the trees, having landed on the shore. B) It will have passed the trees, with the trees now on its right side. C) It will have turned away, with the trees getting smaller in the distance. D) It will be stationary in its current position.”；参考题询问：“画面右上方持续可见的物体是什么？”。生成题的核心事实与参考题不同；同一视频、同一对象或相邻事件本身不足以构成覆盖。"
judgment-0049,partial,audit-0009-g01,0.72,"生成题 audit-0009-g01 询问：“[Single-Choice] Assuming the watercraft continues on its current path without turning, what will its position be relative to the group of trees on the land in the next few seconds? [Options] A) It will be directly in front of the trees, having landed on the shore. B) It will have passed the trees, with the trees now on its right side. C) It will have turned away, with the trees getting smaller in the distance. D) It will be stationary in its current position.”；参考题询问：“远处树木相对观察者向哪个方向移动？”。二者有明确语义重合，但生成题只覆盖参考事实的一部分，或改问了不同参照、时间点、条件或细节，不能直接回答参考题。"
judgment-0050,absent,audit-0010-g01,0.88,"生成题 audit-0010-g01 询问：“[True/False] At the end of the video, the golf ball that was hit by the player is no longer on the surface of the green.”；参考题询问：“镜头从高尔夫球员转向果岭旗杆的顺序是什么？”。生成题的核心事实与参考题不同；同一视频、同一对象或相邻事件本身不足以构成覆盖。"
judgment-0051,absent,audit-0010-g01,0.88,"生成题 audit-0010-g01 询问：“[True/False] At the end of the video, the golf ball that was hit by the player is no longer on the surface of the green.”；参考题询问：“球员与球洞之间的距离随镜头推进如何变化？”。生成题的核心事实与参考题不同；同一视频、同一对象或相邻事件本身不足以构成覆盖。"
judgment-0052,absent,audit-0010-g03,0.88,"生成题 audit-0010-g03 询问：“[Fill-in-the-Blank] As the newly hit ball rolls past the hole, it passes on the ______ side of the flagstick from the camera's final point of view.”；参考题询问：“果岭旗杆位于沙坑的哪一侧？”。生成题的核心事实与参考题不同；同一视频、同一对象或相邻事件本身不足以构成覆盖。"
judgment-0053,absent,audit-0010-g01,0.88,"生成题 audit-0010-g01 询问：“[True/False] At the end of the video, the golf ball that was hit by the player is no longer on the surface of the green.”；参考题询问：“镜头从球员转向球洞后球员是否仍在画面中？”。生成题的核心事实与参考题不同；同一视频、同一对象或相邻事件本身不足以构成覆盖。"
judgment-0054,absent,audit-0010-g03,0.88,"生成题 audit-0010-g03 询问：“[Fill-in-the-Blank] As the newly hit ball rolls past the hole, it passes on the ______ side of the flagstick from the camera's final point of view.”；参考题询问：“球洞位于沙坑的哪一侧？”。生成题的核心事实与参考题不同；同一视频、同一对象或相邻事件本身不足以构成覆盖。"
judgment-0055,absent,audit-0010-g02,0.88,"生成题 audit-0010-g02 询问：“[Single-Choice] Just before the moving ball reaches the stationary ball, based on its speed and direction, what is its most likely final destination? [Options] A) It will stop short of the hole. B) It will roll directly into the hole. C) It will collide with the stationary ball. D) It will roll past the hole to the right.”；参考题询问：“镜头移动的直接目标是跟随球还是展示球洞？”。生成题的核心事实与参考题不同；同一视频、同一对象或相邻事件本身不足以构成覆盖。"
judgment-0056,absent,audit-0011-g01,0.88,"生成题 audit-0011-g01 询问：“[Single-Choice] As the drone flies away from the camera, what is its position relative to the utility pole at the moment it is horizontally aligned with the green dumpster? [Options] A) It has already passed to the left of the utility pole. B) It is directly in front of the utility pole. C) It has not yet reached the utility pole. D) It is flying at the same height as the top of the utility pole.”；参考题询问：“无人机是先远离相机还是先靠近相机？”。生成题的核心事实与参考题不同；同一视频、同一对象或相邻事件本身不足以构成覆盖。"
judgment-0057,absent,audit-0011-g01,0.88,"生成题 audit-0011-g01 询问：“[Single-Choice] As the drone flies away from the camera, what is its position relative to the utility pole at the moment it is horizontally aligned with the green dumpster? [Options] A) It has already passed to the left of the utility pole. B) It is directly in front of the utility pole. C) It has not yet reached the utility pole. D) It is flying at the same height as the top of the utility pole.”；参考题询问：“无人机相对地面的高度如何变化？”。生成题的核心事实与参考题不同；同一视频、同一对象或相邻事件本身不足以构成覆盖。"
judgment-0058,absent,audit-0011-g02,0.88,生成题 audit-0011-g02 询问：“[True/False] The drone's landing gear is in the same state (either extended or retracted) immediately before it passes behind the utility pole as it is immediately after it re-emerges.”；参考题询问：“无人机最终是否回到近地面位置？”。生成题的核心事实与参考题不同；同一视频、同一对象或相邻事件本身不足以构成覆盖。
judgment-0059,absent,audit-0011-g01,0.88,"生成题 audit-0011-g01 询问：“[Single-Choice] As the drone flies away from the camera, what is its position relative to the utility pole at the moment it is horizontally aligned with the green dumpster? [Options] A) It has already passed to the left of the utility pole. B) It is directly in front of the utility pole. C) It has not yet reached the utility pole. D) It is flying at the same height as the top of the utility pole.”；参考题询问：“无人机先远离还是先接近相机？”。生成题的核心事实与参考题不同；同一视频、同一对象或相邻事件本身不足以构成覆盖。"
judgment-0060,absent,audit-0011-g02,0.88,生成题 audit-0011-g02 询问：“[True/False] The drone's landing gear is in the same state (either extended or retracted) immediately before it passes behind the utility pole as it is immediately after it re-emerges.”；参考题询问：“无人机降低高度后落在什么表面？”。生成题的核心事实与参考题不同；同一视频、同一对象或相邻事件本身不足以构成覆盖。
judgment-0061,absent,audit-0011-g01,0.88,"生成题 audit-0011-g01 询问：“[Single-Choice] As the drone flies away from the camera, what is its position relative to the utility pole at the moment it is horizontally aligned with the green dumpster? [Options] A) It has already passed to the left of the utility pole. B) It is directly in front of the utility pole. C) It has not yet reached the utility pole. D) It is flying at the same height as the top of the utility pole.”；参考题询问：“无人机短暂变小时是否仍保持在画面中央附近？”。生成题的核心事实与参考题不同；同一视频、同一对象或相邻事件本身不足以构成覆盖。"
judgment-0062,direct,audit-0012-g02,0.90,"生成题 audit-0012-g02 询问：“[Single-Choice] After the golfer hits the ball, where does it come to rest in relation to the flagstick from the camera's point of view? [Options] A) Between the golfer who hit the ball and the flagstick. B) To the right of and slightly beyond the flagstick. C) To the left of and short of the flagstick. D) Directly in the hole.”；参考题询问：“高尔夫球最终停在洞口的哪一侧？”。二者都要求判断同一个核心可视事实，且需要的空间、时间或状态推理操作基本一致。"
judgment-0063,partial,audit-0012-g03,0.72,"生成题 audit-0012-g03 询问：“[True/False] When the video ends, the two people are closer to each other than they are at any other moment when both are visible on screen.”；参考题询问：“球员先击球还是另一人走近洞口？”。二者有明确语义重合，但生成题只覆盖参考事实的一部分，或改问了不同参照、时间点、条件或细节，不能直接回答参考题。"
judgment-0064,partial,audit-0012-g03,0.72,"生成题 audit-0012-g03 询问：“[True/False] When the video ends, the two people are closer to each other than they are at any other moment when both are visible on screen.”；参考题询问：“球员走近洞杯发生在击球之后吗？”。二者有明确语义重合，但生成题只覆盖参考事实的一部分，或改问了不同参照、时间点、条件或细节，不能直接回答参考题。"
judgment-0065,direct,audit-0012-g02,0.90,"生成题 audit-0012-g02 询问：“[Single-Choice] After the golfer hits the ball, where does it come to rest in relation to the flagstick from the camera's point of view? [Options] A) Between the golfer who hit the ball and the flagstick. B) To the right of and slightly beyond the flagstick. C) To the left of and short of the flagstick. D) Directly in the hole.”；参考题询问：“球最终停在洞杯的近处还是远处？”。二者都要求判断同一个核心可视事实，且需要的空间、时间或状态推理操作基本一致。"
judgment-0066,absent,audit-0013-g01,0.88,"生成题 audit-0013-g01 询问：“[True/False] The dark sedan that drives from left to right passes in front of the yellow car, temporarily occluding it from view.”；参考题询问：“拍摄车辆经过帐篷区时白色皮卡位于镜头哪一侧？”。生成题的核心事实与参考题不同；同一视频、同一对象或相邻事件本身不足以构成覆盖。"
judgment-0067,absent,audit-0013-g01,0.88,"生成题 audit-0013-g01 询问：“[True/False] The dark sedan that drives from left to right passes in front of the yellow car, temporarily occluding it from view.”；参考题询问：“车辆与大型透明帐篷的距离如何变化？”。生成题的核心事实与参考题不同；同一视频、同一对象或相邻事件本身不足以构成覆盖。"
judgment-0068,absent,audit-0013-g01,0.88,"生成题 audit-0013-g01 询问：“[True/False] The dark sedan that drives from left to right passes in front of the yellow car, temporarily occluding it from view.”；参考题询问：“镜头先经过小帐篷还是大型透明帐篷？”。生成题的核心事实与参考题不同；同一视频、同一对象或相邻事件本身不足以构成覆盖。"
judgment-0069,absent,audit-0013-g01,0.88,"生成题 audit-0013-g01 询问：“[True/False] The dark sedan that drives from left to right passes in front of the yellow car, temporarily occluding it from view.”；参考题询问：“车辆经过时透明大帐篷位于画面哪一侧？”。生成题的核心事实与参考题不同；同一视频、同一对象或相邻事件本身不足以构成覆盖。"
judgment-0070,absent,audit-0013-g01,0.88,"生成题 audit-0013-g01 询问：“[True/False] The dark sedan that drives from left to right passes in front of the yellow car, temporarily occluding it from view.”；参考题询问：“车辆相对帐篷如何移动？”。生成题的核心事实与参考题不同；同一视频、同一对象或相邻事件本身不足以构成覆盖。"
judgment-0071,absent,audit-0013-g01,0.88,"生成题 audit-0013-g01 询问：“[True/False] The dark sedan that drives from left to right passes in front of the yellow car, temporarily occluding it from view.”；参考题询问：“黑色汽车是否先于白色卡车离开画面？”。生成题的核心事实与参考题不同；同一视频、同一对象或相邻事件本身不足以构成覆盖。"
judgment-0072,absent,audit-0014-g01,0.88,"生成题 audit-0014-g01 询问：“[Single-Choice] In the first three seconds, the horse begins a wide turn to its left. If it had maintained that initial turning radius, what path would it have followed? [Options] A) It would have run into the fence on the left side of the arena. B) It would have completed a tight circle in the center of the arena. C) It would have continued along the fence at the far end of the arena. D) It would have reversed direction and run towards the camera.”；参考题询问：“黑马从侧向行进转为朝相机靠近了吗？”。生成题的核心事实与参考题不同；同一视频、同一对象或相邻事件本身不足以构成覆盖。"
judgment-0073,absent,audit-0014-g01,0.88,"生成题 audit-0014-g01 询问：“[Single-Choice] In the first three seconds, the horse begins a wide turn to its left. If it had maintained that initial turning radius, what path would it have followed? [Options] A) It would have run into the fence on the left side of the arena. B) It would have completed a tight circle in the center of the arena. C) It would have continued along the fence at the far end of the arena. D) It would have reversed direction and run towards the camera.”；参考题询问：“骑手与相机之间的距离如何变化？”。生成题的核心事实与参考题不同；同一视频、同一对象或相邻事件本身不足以构成覆盖。"
judgment-0074,partial,audit-0014-g01,0.72,"生成题 audit-0014-g01 询问：“[Single-Choice] In the first three seconds, the horse begins a wide turn to its left. If it had maintained that initial turning radius, what path would it have followed? [Options] A) It would have run into the fence on the left side of the arena. B) It would have completed a tight circle in the center of the arena. C) It would have continued along the fence at the far end of the arena. D) It would have reversed direction and run towards the camera.”；参考题询问：“马在视频中是否改变了行进方向？”。二者有明确语义重合，但生成题只覆盖参考事实的一部分，或改问了不同参照、时间点、条件或细节，不能直接回答参考题。"
judgment-0075,absent,audit-0014-g01,0.88,"生成题 audit-0014-g01 询问：“[Single-Choice] In the first three seconds, the horse begins a wide turn to its left. If it had maintained that initial turning radius, what path would it have followed? [Options] A) It would have run into the fence on the left side of the arena. B) It would have completed a tight circle in the center of the arena. C) It would have continued along the fence at the far end of the arena. D) It would have reversed direction and run towards the camera.”；参考题询问：“骑手靠近镜头时马位于围栏哪一侧？”。生成题的核心事实与参考题不同；同一视频、同一对象或相邻事件本身不足以构成覆盖。"
judgment-0076,absent,audit-0014-g01,0.88,"生成题 audit-0014-g01 询问：“[Single-Choice] In the first three seconds, the horse begins a wide turn to its left. If it had maintained that initial turning radius, what path would it have followed? [Options] A) It would have run into the fence on the left side of the arena. B) It would have completed a tight circle in the center of the arena. C) It would have continued along the fence at the far end of the arena. D) It would have reversed direction and run towards the camera.”；参考题询问：“马接近镜头后从哪一侧经过？”。生成题的核心事实与参考题不同；同一视频、同一对象或相邻事件本身不足以构成覆盖。"
judgment-0077,absent,audit-0015-g01,0.88,"生成题 audit-0015-g01 询问：“[True/False] From the second woman's standing position inside the bathroom, the exposed pipes in the ceiling are located directly above her head.”；参考题询问：“记者展示天花板破损是在采访住户之前还是之后？”。生成题的核心事实与参考题不同；同一视频、同一对象或相邻事件本身不足以构成覆盖。"
judgment-0078,absent,audit-0015-g01,0.88,"生成题 audit-0015-g01 询问：“[True/False] From the second woman's standing position inside the bathroom, the exposed pipes in the ceiling are located directly above her head.”；参考题询问：“住户用手指向了房间的哪个方向？”。生成题的核心事实与参考题不同；同一视频、同一对象或相邻事件本身不足以构成覆盖。"
judgment-0079,partial,audit-0015-g02,0.72,"生成题 audit-0015-g02 询问：“[Multiple-Select] After the ceiling collapse, which of the following are now spatially positioned higher than the base of the white light fixture? (Select all that apply) [Options] A) The white clothes hanger on the wall. B) The exposed metal pipes. C) The top of the doorway. D) The cardboard box in the ceiling cavity.”；参考题询问：“天花板缺口相对吊灯位于哪一侧？”。二者有明确语义重合，但生成题只覆盖参考事实的一部分，或改问了不同参照、时间点、条件或细节，不能直接回答参考题。"
judgment-0080,absent,audit-0015-g01,0.88,"生成题 audit-0015-g01 询问：“[True/False] From the second woman's standing position inside the bathroom, the exposed pipes in the ceiling are located directly above her head.”；参考题询问：“记者展示天花板破损发生在采访住户之前吗？”。生成题的核心事实与参考题不同；同一视频、同一对象或相邻事件本身不足以构成覆盖。"
judgment-0081,partial,audit-0015-g02,0.72,"生成题 audit-0015-g02 询问：“[Multiple-Select] After the ceiling collapse, which of the following are now spatially positioned higher than the base of the white light fixture? (Select all that apply) [Options] A) The white clothes hanger on the wall. B) The exposed metal pipes. C) The top of the doorway. D) The cardboard box in the ceiling cavity.”；参考题询问：“天花板上哪一部分已经缺失？”。二者有明确语义重合，但生成题只覆盖参考事实的一部分，或改问了不同参照、时间点、条件或细节，不能直接回答参考题。"
judgment-0082,absent,audit-0015-g01,0.88,"生成题 audit-0015-g01 询问：“[True/False] From the second woman's standing position inside the bathroom, the exposed pipes in the ceiling are located directly above her head.”；参考题询问：“受访者抬手指向什么方向？”。生成题的核心事实与参考题不同；同一视频、同一对象或相邻事件本身不足以构成覆盖。"
judgment-0083,direct,audit-0016-g01,0.90,生成题 audit-0016-g01 询问：“[Multiple-Select] Which of the following statements accurately describe a physical interaction or state change shown in the video? (Select all that apply) [Options] A) The knife is used to create a new hole in the meat. B) The person's gloved hand causes visible compression on the surface of the meat. C) The knife passes through a pre-existing channel within the meat and bone. D) The meat is sliced into two separate pieces by the end of the video.”；参考题询问：“男子对肉块使用工具后肉块是否被分离？”。二者都要求判断同一个核心可视事实，且需要的空间、时间或状态推理操作基本一致。
judgment-0084,absent,audit-0016-g01,0.88,生成题 audit-0016-g01 询问：“[Multiple-Select] Which of the following statements accurately describe a physical interaction or state change shown in the video? (Select all that apply) [Options] A) The knife is used to create a new hole in the meat. B) The person's gloved hand causes visible compression on the surface of the meat. C) The knife passes through a pre-existing channel within the meat and bone. D) The meat is sliced into two separate pieces by the end of the video.”；参考题询问：“工具接触肉块发生在男子展示肉块之前还是之后？”。生成题的核心事实与参考题不同；同一视频、同一对象或相邻事件本身不足以构成覆盖。
judgment-0085,absent,audit-0016-g02,0.88,"生成题 audit-0016-g02 询问：“[True/False] From the person's own perspective, the hand holding the knife is their right hand.”；参考题询问：“男子操作时肉块相对其身体位于哪一侧？”。生成题的核心事实与参考题不同；同一视频、同一对象或相邻事件本身不足以构成覆盖。"
judgment-0086,absent,audit-0016-g01,0.88,生成题 audit-0016-g01 询问：“[Multiple-Select] Which of the following statements accurately describe a physical interaction or state change shown in the video? (Select all that apply) [Options] A) The knife is used to create a new hole in the meat. B) The person's gloved hand causes visible compression on the surface of the meat. C) The knife passes through a pre-existing channel within the meat and bone. D) The meat is sliced into two separate pieces by the end of the video.”；参考题询问：“男子先用剪刀接触肉块还是先放下肉块？”。生成题的核心事实与参考题不同；同一视频、同一对象或相邻事件本身不足以构成覆盖。
judgment-0087,partial,audit-0016-g01,0.72,生成题 audit-0016-g01 询问：“[Multiple-Select] Which of the following statements accurately describe a physical interaction or state change shown in the video? (Select all that apply) [Options] A) The knife is used to create a new hole in the meat. B) The person's gloved hand causes visible compression on the surface of the meat. C) The knife passes through a pre-existing channel within the meat and bone. D) The meat is sliced into two separate pieces by the end of the video.”；参考题询问：“男子用工具处理肉块的直接目标是什么？”。二者有明确语义重合，但生成题只覆盖参考事实的一部分，或改问了不同参照、时间点、条件或细节，不能直接回答参考题。
judgment-0088,direct,audit-0016-g01,0.90,生成题 audit-0016-g01 询问：“[Multiple-Select] Which of the following statements accurately describe a physical interaction or state change shown in the video? (Select all that apply) [Options] A) The knife is used to create a new hole in the meat. B) The person's gloved hand causes visible compression on the surface of the meat. C) The knife passes through a pre-existing channel within the meat and bone. D) The meat is sliced into two separate pieces by the end of the video.”；参考题询问：“肉块在处理过程中是否被分成更小部分？”。二者都要求判断同一个核心可视事实，且需要的空间、时间或状态推理操作基本一致。
judgment-0089,absent,audit-0017-g01,0.88,"生成题 audit-0017-g01 询问：“[True/False] If the black convertible were lowered completely to the ground from its current position on the lift, it would come to rest parallel to and beside the red tool cabinet.”；参考题询问：“镜头先展示设备控制盒还是汽车发动机舱？”。生成题的核心事实与参考题不同；同一视频、同一对象或相邻事件本身不足以构成覆盖。"
judgment-0090,partial,audit-0017-g02,0.72,"生成题 audit-0017-g02 询问：“[True/False] Because the car's hood is fully open, its highest point is above the roofline of the silver car parked next to it.”；参考题询问：“男子的手主要指向发动机舱的哪个区域？”。二者有明确语义重合，但生成题只覆盖参考事实的一部分，或改问了不同参照、时间点、条件或细节，不能直接回答参考题。"
judgment-0091,partial,audit-0017-g02,0.72,"生成题 audit-0017-g02 询问：“[True/False] Because the car's hood is fully open, its highest point is above the roofline of the silver car parked next to it.”；参考题询问：“发动机盖在整个片段中保持打开吗？”。二者有明确语义重合，但生成题只覆盖参考事实的一部分，或改问了不同参照、时间点、条件或细节，不能直接回答参考题。"
judgment-0092,partial,audit-0017-g02,0.72,"生成题 audit-0017-g02 询问：“[True/False] Because the car's hood is fully open, its highest point is above the roofline of the silver car parked next to it.”；参考题询问：“汽车引擎盖在整个片段中保持打开吗？”。二者有明确语义重合，但生成题只覆盖参考事实的一部分，或改问了不同参照、时间点、条件或细节，不能直接回答参考题。"
judgment-0093,partial,audit-0017-g02,0.72,"生成题 audit-0017-g02 询问：“[True/False] Because the car's hood is fully open, its highest point is above the roofline of the silver car parked next to it.”；参考题询问：“讲解者反复指向车辆的哪个区域？”。二者有明确语义重合，但生成题只覆盖参考事实的一部分，或改问了不同参照、时间点、条件或细节，不能直接回答参考题。"
judgment-0094,absent,audit-0017-g02,0.88,"生成题 audit-0017-g02 询问：“[True/False] Because the car's hood is fully open, its highest point is above the roofline of the silver car parked next to it.”；参考题询问：“相机从车尾移到车头发生在讲解手势之前吗？”。生成题的核心事实与参考题不同；同一视频、同一对象或相邻事件本身不足以构成覆盖。"
judgment-0095,absent,audit-0018-g01,0.88,"生成题 audit-0018-g01 询问：“[True/False] The primary action of the knife is to slice through a complete cross-section of the fish, including the skin and meat together.”；参考题询问：“女子入口食物后面部表情如何变化？”。生成题的核心事实与参考题不同；同一视频、同一对象或相邻事件本身不足以构成覆盖。"
judgment-0096,absent,audit-0018-g01,0.88,"生成题 audit-0018-g01 询问：“[True/False] The primary action of the knife is to slice through a complete cross-section of the fish, including the skin and meat together.”；参考题询问：“她先再次取食还是先表现出明显反应？”。生成题的核心事实与参考题不同；同一视频、同一对象或相邻事件本身不足以构成覆盖。"
judgment-0097,absent,audit-0018-g01,0.88,"生成题 audit-0018-g01 询问：“[True/False] The primary action of the knife is to slice through a complete cross-section of the fish, including the skin and meat together.”；参考题询问：“餐盘中的食物在画面末尾是否减少？”。生成题的核心事实与参考题不同；同一视频、同一对象或相邻事件本身不足以构成覆盖。"
judgment-0098,absent,audit-0018-g01,0.88,"生成题 audit-0018-g01 询问：“[True/False] The primary action of the knife is to slice through a complete cross-section of the fish, including the skin and meat together.”；参考题询问：“女子第一次进食发生在展示餐盘之前吗？”。生成题的核心事实与参考题不同；同一视频、同一对象或相邻事件本身不足以构成覆盖。"
judgment-0099,absent,audit-0018-g01,0.88,"生成题 audit-0018-g01 询问：“[True/False] The primary action of the knife is to slice through a complete cross-section of the fish, including the skin and meat together.”；参考题询问：“女子吃下食物后的面部反应如何变化？”。生成题的核心事实与参考题不同；同一视频、同一对象或相邻事件本身不足以构成覆盖。"
judgment-0100,absent,audit-0018-g01,0.88,"生成题 audit-0018-g01 询问：“[True/False] The primary action of the knife is to slice through a complete cross-section of the fish, including the skin and meat together.”；参考题询问：“餐盘中洋葱位于薯条的哪一侧？”。生成题的核心事实与参考题不同；同一视频、同一对象或相邻事件本身不足以构成覆盖。"
judgment-0101,partial,audit-0019-g01,0.72,"生成题 audit-0019-g01 询问：“[Multiple-Select] Around the 8-second mark, a stingray briefly shows its white underside before being occluded by a wave and another stingray. Which statements accurately describe its spatial properties when it becomes clearly visible again? (Select all that apply) [Options] A) It is now located between the person in striped shorts and the person in the patterned dress. B) It has moved significantly closer to the yellow container on the sand. C) Its body is now oriented parallel to the shoreline. D) It is now the stingray furthest from the man in the dark blue shirt.”；参考题询问：“鳐鱼相对岸边的位置如何变化？”。二者有明确语义重合，但生成题只覆盖参考事实的一部分，或改问了不同参照、时间点、条件或细节，不能直接回答参考题。"
judgment-0102,partial,audit-0019-g01,0.72,"生成题 audit-0019-g01 询问：“[Multiple-Select] Around the 8-second mark, a stingray briefly shows its white underside before being occluded by a wave and another stingray. Which statements accurately describe its spatial properties when it becomes clearly visible again? (Select all that apply) [Options] A) It is now located between the person in striped shorts and the person in the patterned dress. B) It has moved significantly closer to the yellow container on the sand. C) Its body is now oriented parallel to the shoreline. D) It is now the stingray furthest from the man in the dark blue shirt.”；参考题询问：“人靠近鳐鱼时鳐鱼是否改变了移动方向？”。二者有明确语义重合，但生成题只覆盖参考事实的一部分，或改问了不同参照、时间点、条件或细节，不能直接回答参考题。"
judgment-0103,partial,audit-0019-g01,0.72,"生成题 audit-0019-g01 询问：“[Multiple-Select] Around the 8-second mark, a stingray briefly shows its white underside before being occluded by a wave and another stingray. Which statements accurately describe its spatial properties when it becomes clearly visible again? (Select all that apply) [Options] A) It is now located between the person in striped shorts and the person in the patterned dress. B) It has moved significantly closer to the yellow container on the sand. C) Its body is now oriented parallel to the shoreline. D) It is now the stingray furthest from the man in the dark blue shirt.”；参考题询问：“鳐鱼主要位于人群的哪一侧？”。二者有明确语义重合，但生成题只覆盖参考事实的一部分，或改问了不同参照、时间点、条件或细节，不能直接回答参考题。"
judgment-0104,absent,audit-0019-g02,0.88,生成题 audit-0019-g02 询问：“[Single-Choice] The man in the dark blue shirt gestures with his right arm towards the water. What is the most likely immediate spatial purpose of this gesture? [Options] A) To warn the other people to back away from the water. B) To indicate the specific location where the stingrays are most concentrated for the others to see. C) To signal a boat that is out of the camera's view. D) To point out the yellow container on the sand.”；参考题询问：“海浪涌来时人群先后退还是先伸手？”。生成题的核心事实与参考题不同；同一视频、同一对象或相邻事件本身不足以构成覆盖。
judgment-0105,partial,audit-0020-g01,0.72,"生成题 audit-0020-g01 询问：“[True/False] During the maneuver seen from 0:00 to 0:02, the jet's orientation changes from flying level with the ground to pointing almost vertically upwards.”；参考题询问：“飞机相对地面的高度先升高还是降低？”。二者有明确语义重合，但生成题只覆盖参考事实的一部分，或改问了不同参照、时间点、条件或细节，不能直接回答参考题。"
judgment-0106,absent,audit-0020-g01,0.88,"生成题 audit-0020-g01 询问：“[True/False] During the maneuver seen from 0:00 to 0:02, the jet's orientation changes from flying level with the ground to pointing almost vertically upwards.”；参考题询问：“烟柱出现发生在飞机掠过之前还是之后？”。生成题的核心事实与参考题不同；同一视频、同一对象或相邻事件本身不足以构成覆盖。"
judgment-0107,absent,audit-0020-g01,0.88,"生成题 audit-0020-g01 询问：“[True/False] During the maneuver seen from 0:00 to 0:02, the jet's orientation changes from flying level with the ground to pointing almost vertically upwards.”；参考题询问：“飞机最终朝画面的哪一侧飞离？”。生成题的核心事实与参考题不同；同一视频、同一对象或相邻事件本身不足以构成覆盖。"
judgment-0108,partial,audit-0020-g01,0.72,"生成题 audit-0020-g01 询问：“[True/False] During the maneuver seen from 0:00 to 0:02, the jet's orientation changes from flying level with the ground to pointing almost vertically upwards.”；参考题询问：“飞行器在烟雾出现后向上还是向下移动？”。二者有明确语义重合，但生成题只覆盖参考事实的一部分，或改问了不同参照、时间点、条件或细节，不能直接回答参考题。"
judgment-0109,absent,audit-0020-g01,0.88,"生成题 audit-0020-g01 询问：“[True/False] During the maneuver seen from 0:00 to 0:02, the jet's orientation changes from flying level with the ground to pointing almost vertically upwards.”；参考题询问：“飞行器是否完成了明显的滚转？”。生成题的核心事实与参考题不同；同一视频、同一对象或相邻事件本身不足以构成覆盖。"
judgment-0110,partial,audit-0020-g01,0.72,"生成题 audit-0020-g01 询问：“[True/False] During the maneuver seen from 0:00 to 0:02, the jet's orientation changes from flying level with the ground to pointing almost vertically upwards.”；参考题询问：“飞行器最终相对地平线处于什么高度？”。二者有明确语义重合，但生成题只覆盖参考事实的一部分，或改问了不同参照、时间点、条件或细节，不能直接回答参考题。"
judgment-0111,absent,audit-0021-g01,0.88,"生成题 audit-0021-g01 询问：“[Fill-in-the-Blank] After the camera pans to the left to show the whole overpass, the 'EMERGENCY' entrance seen in the initial shot is located to the ______ of the highway structure from the camera's perspective. [Blank]”；参考题询问：“行驶车辆在出口分岔处选择了哪条车道？”。生成题的核心事实与参考题不同；同一视频、同一对象或相邻事件本身不足以构成覆盖。"
judgment-0112,absent,audit-0021-g01,0.88,"生成题 audit-0021-g01 询问：“[Fill-in-the-Blank] After the camera pans to the left to show the whole overpass, the 'EMERGENCY' entrance seen in the initial shot is located to the ______ of the highway structure from the camera's perspective. [Blank]”；参考题询问：“出口匝道相对主路位于驾驶者哪一侧？”。生成题的核心事实与参考题不同；同一视频、同一对象或相邻事件本身不足以构成覆盖。"
judgment-0113,absent,audit-0021-g01,0.88,"生成题 audit-0021-g01 询问：“[Fill-in-the-Blank] After the camera pans to the left to show the whole overpass, the 'EMERGENCY' entrance seen in the initial shot is located to the ______ of the highway structure from the camera's perspective. [Blank]”；参考题询问：“道路标志先出现还是车道开始分离先出现？”。生成题的核心事实与参考题不同；同一视频、同一对象或相邻事件本身不足以构成覆盖。"
judgment-0114,absent,audit-0021-g01,0.88,"生成题 audit-0021-g01 询问：“[Fill-in-the-Blank] After the camera pans to the left to show the whole overpass, the 'EMERGENCY' entrance seen in the initial shot is located to the ______ of the highway structure from the camera's perspective. [Blank]”；参考题询问：“车辆经过出口标志后驶入哪条道路分支？”。生成题的核心事实与参考题不同；同一视频、同一对象或相邻事件本身不足以构成覆盖。"
judgment-0115,absent,audit-0021-g01,0.88,"生成题 audit-0021-g01 询问：“[Fill-in-the-Blank] After the camera pans to the left to show the whole overpass, the 'EMERGENCY' entrance seen in the initial shot is located to the ______ of the highway structure from the camera's perspective. [Blank]”；参考题询问：“出口匝道位于主车道的哪一侧？”。生成题的核心事实与参考题不同；同一视频、同一对象或相邻事件本身不足以构成覆盖。"
judgment-0116,absent,audit-0021-g01,0.88,"生成题 audit-0021-g01 询问：“[Fill-in-the-Blank] After the camera pans to the left to show the whole overpass, the 'EMERGENCY' entrance seen in the initial shot is located to the ______ of the highway structure from the camera's perspective. [Blank]”；参考题询问：“黄色车道结束标志出现于匝道分离之前吗？”。生成题的核心事实与参考题不同；同一视频、同一对象或相邻事件本身不足以构成覆盖。"
judgment-0117,partial,audit-0022-g01,0.72,生成题 audit-0022-g01 询问：“[True/False] The fishing rod's bend is most pronounced when the man is actively turning the reel handle.”；参考题询问：“鱼竿弯曲程度在片段中如何变化？”。二者有明确语义重合，但生成题只覆盖参考事实的一部分，或改问了不同参照、时间点、条件或细节，不能直接回答参考题。
judgment-0118,absent,audit-0022-g01,0.88,生成题 audit-0022-g01 询问：“[True/False] The fishing rod's bend is most pronounced when the man is actively turning the reel handle.”；参考题询问：“男子收线时鱼线指向船的哪一侧？”。生成题的核心事实与参考题不同；同一视频、同一对象或相邻事件本身不足以构成覆盖。
judgment-0119,absent,audit-0022-g01,0.88,生成题 audit-0022-g01 询问：“[True/False] The fishing rod's bend is most pronounced when the man is actively turning the reel handle.”；参考题询问：“男子是否一直保持面向水面？”。生成题的核心事实与参考题不同；同一视频、同一对象或相邻事件本身不足以构成覆盖。
judgment-0120,partial,audit-0022-g01,0.72,生成题 audit-0022-g01 询问：“[True/False] The fishing rod's bend is most pronounced when the man is actively turning the reel handle.”；参考题询问：“鱼挣扎时钓竿弯曲程度如何变化？”。二者有明确语义重合，但生成题只覆盖参考事实的一部分，或改问了不同参照、时间点、条件或细节，不能直接回答参考题。
judgment-0121,absent,audit-0022-g01,0.88,生成题 audit-0022-g01 询问：“[True/False] The fishing rod's bend is most pronounced when the man is actively turning the reel handle.”；参考题询问：“男子反复转动渔轮的直接目标是什么？”。生成题的核心事实与参考题不同；同一视频、同一对象或相邻事件本身不足以构成覆盖。
judgment-0122,absent,audit-0022-g01,0.88,生成题 audit-0022-g01 询问：“[True/False] The fishing rod's bend is most pronounced when the man is actively turning the reel handle.”；参考题询问：“鱼是否曾在水面附近出现？”。生成题的核心事实与参考题不同；同一视频、同一对象或相邻事件本身不足以构成覆盖。
judgment-0123,absent,audit-0023-g01,0.88,"生成题 audit-0023-g01 询问：“[Fill-in-the-Blank] After the fish dives and is no longer clearly visible, its approximate location under the water is primarily indicated by the position of the small, colorful ______ on the fishing line.”；参考题询问：“鱼进入抄网发生在收线之前还是之后？”。生成题的核心事实与参考题不同；同一视频、同一对象或相邻事件本身不足以构成覆盖。"
judgment-0124,partial,audit-0023-g01,0.72,"生成题 audit-0023-g01 询问：“[Fill-in-the-Blank] After the fish dives and is no longer clearly visible, its approximate location under the water is primarily indicated by the position of the small, colorful ______ on the fishing line.”；参考题询问：“鱼相对码头边缘的位置如何变化？”。二者有明确语义重合，但生成题只覆盖参考事实的一部分，或改问了不同参照、时间点、条件或细节，不能直接回答参考题。"
judgment-0125,absent,audit-0023-g01,0.88,"生成题 audit-0023-g01 询问：“[Fill-in-the-Blank] After the fish dives and is no longer clearly visible, its approximate location under the water is primarily indicated by the position of the small, colorful ______ on the fishing line.”；参考题询问：“第二个人的抄网最终位于鱼的下方吗？”。生成题的核心事实与参考题不同；同一视频、同一对象或相邻事件本身不足以构成覆盖。"
judgment-0126,absent,audit-0023-g01,0.88,"生成题 audit-0023-g01 询问：“[Fill-in-the-Blank] After the fish dives and is no longer clearly visible, its approximate location under the water is primarily indicated by the position of the small, colorful ______ on the fishing line.”；参考题询问：“鱼先在水下绕圈还是先进入抄网？”。生成题的核心事实与参考题不同；同一视频、同一对象或相邻事件本身不足以构成覆盖。"
judgment-0127,absent,audit-0023-g01,0.88,"生成题 audit-0023-g01 询问：“[Fill-in-the-Blank] After the fish dives and is no longer clearly visible, its approximate location under the water is primarily indicated by the position of the small, colorful ______ on the fishing line.”；参考题询问：“抄网从钓鱼者的哪一侧伸向鱼？”。生成题的核心事实与参考题不同；同一视频、同一对象或相邻事件本身不足以构成覆盖。"
judgment-0128,absent,audit-0023-g01,0.88,"生成题 audit-0023-g01 询问：“[Fill-in-the-Blank] After the fish dives and is no longer clearly visible, its approximate location under the water is primarily indicated by the position of the small, colorful ______ on the fishing line.”；参考题询问：“鱼进入抄网后是否再次离开？”。生成题的核心事实与参考题不同；同一视频、同一对象或相邻事件本身不足以构成覆盖。"
judgment-0129,absent,audit-0024-g01,0.88,"生成题 audit-0024-g01 询问：“[True/False] From the person's egocentric perspective, the wrapping motion of the rope around their left forearm is clockwise.”；参考题询问：“男子抛动橙色绳索后绳圈落在身体哪一侧？”。生成题的核心事实与参考题不同；同一视频、同一对象或相邻事件本身不足以构成覆盖。"
judgment-0130,absent,audit-0024-g01,0.88,"生成题 audit-0024-g01 询问：“[True/False] From the person's egocentric perspective, the wrapping motion of the rope around their left forearm is clockwise.”；参考题询问：“他先展示绳端还是先把绳索抛向地面？”。生成题的核心事实与参考题不同；同一视频、同一对象或相邻事件本身不足以构成覆盖。"
judgment-0131,partial,audit-0024-g01,0.72,"生成题 audit-0024-g01 询问：“[True/False] From the person's egocentric perspective, the wrapping motion of the rope around their left forearm is clockwise.”；参考题询问：“绳索在操作后是否形成明显线圈？”。二者有明确语义重合，但生成题只覆盖参考事实的一部分，或改问了不同参照、时间点、条件或细节，不能直接回答参考题。"
judgment-0132,absent,audit-0024-g01,0.88,"生成题 audit-0024-g01 询问：“[True/False] From the person's egocentric perspective, the wrapping motion of the rope around their left forearm is clockwise.”；参考题询问：“男子手中的橙色绳索是否逐渐展开？”。生成题的核心事实与参考题不同；同一视频、同一对象或相邻事件本身不足以构成覆盖。"
judgment-0133,absent,audit-0024-g01,0.88,"生成题 audit-0024-g01 询问：“[True/False] From the person's egocentric perspective, the wrapping motion of the rope around their left forearm is clockwise.”；参考题询问：“绳索末端最初位于男子哪一侧？”。生成题的核心事实与参考题不同；同一视频、同一对象或相邻事件本身不足以构成覆盖。"
judgment-0134,absent,audit-0025-g01,0.88,"生成题 audit-0025-g01 询问：“[Single-Choice] As the car moves up the curved ramp, which background element is the last to be completely hidden behind the solid white wall on the left? [Options] A) The white sedan parked on the far left of the distant lot. B) The dark SUV parked in the middle of the distant lot. C) The trees on the far right of the distant lot. D) The building behind the distant lot.”；参考题询问：“车辆下坡进入停车区后是否改变行驶方向？”。生成题的核心事实与参考题不同；同一视频、同一对象或相邻事件本身不足以构成覆盖。"
judgment-0135,absent,audit-0025-g01,0.88,"生成题 audit-0025-g01 询问：“[Single-Choice] As the car moves up the curved ramp, which background element is the last to be completely hidden behind the solid white wall on the left? [Options] A) The white sedan parked on the far left of the distant lot. B) The dark SUV parked in the middle of the distant lot. C) The trees on the far right of the distant lot. D) The building behind the distant lot.”；参考题询问：“从驾驶者视角看出口位于哪一侧？”。生成题的核心事实与参考题不同；同一视频、同一对象或相邻事件本身不足以构成覆盖。"
judgment-0136,partial,audit-0025-g01,0.72,"生成题 audit-0025-g01 询问：“[Single-Choice] As the car moves up the curved ramp, which background element is the last to be completely hidden behind the solid white wall on the left? [Options] A) The white sedan parked on the far left of the distant lot. B) The dark SUV parked in the middle of the distant lot. C) The trees on the far right of the distant lot. D) The building behind the distant lot.”；参考题询问：“车辆先接近低墙还是先转向返回坡道？”。二者有明确语义重合，但生成题只覆盖参考事实的一部分，或改问了不同参照、时间点、条件或细节，不能直接回答参考题。"
judgment-0137,partial,audit-0025-g01,0.72,"生成题 audit-0025-g01 询问：“[Single-Choice] As the car moves up the curved ramp, which background element is the last to be completely hidden behind the solid white wall on the left? [Options] A) The white sedan parked on the far left of the distant lot. B) The dark SUV parked in the middle of the distant lot. C) The trees on the far right of the distant lot. D) The building behind the distant lot.”；参考题询问：“车辆驶出坡道后向哪一侧转向？”。二者有明确语义重合，但生成题只覆盖参考事实的一部分，或改问了不同参照、时间点、条件或细节，不能直接回答参考题。"
judgment-0138,partial,audit-0025-g01,0.72,"生成题 audit-0025-g01 询问：“[Single-Choice] As the car moves up the curved ramp, which background element is the last to be completely hidden behind the solid white wall on the left? [Options] A) The white sedan parked on the far left of the distant lot. B) The dark SUV parked in the middle of the distant lot. C) The trees on the far right of the distant lot. D) The building behind the distant lot.”；参考题询问：“白色围墙在转弯前位于车辆哪一侧？”。二者有明确语义重合，但生成题只覆盖参考事实的一部分，或改问了不同参照、时间点、条件或细节，不能直接回答参考题。"
judgment-0139,partial,audit-0026-g01,0.72,生成题 audit-0026-g01 询问：“[Single-Choice] Which statement accurately describes the woman's movement relative to both the camera and the blue structure in the background? [Options] A) She moves away from the blue structure and away from the camera. B) She moves towards the blue structure and towards the camera. C) She moves towards the camera but her distance from the blue structure remains constant. D) She moves towards the camera while moving away from the blue structure.”；参考题询问：“游泳者朝相机靠近时距离如何变化？”。二者有明确语义重合，但生成题只覆盖参考事实的一部分，或改问了不同参照、时间点、条件或细节，不能直接回答参考题。
judgment-0140,absent,audit-0026-g01,0.88,生成题 audit-0026-g01 询问：“[Single-Choice] Which statement accurately describes the woman's movement relative to both the camera and the blue structure in the background? [Options] A) She moves away from the blue structure and away from the camera. B) She moves towards the blue structure and towards the camera. C) She moves towards the camera but her distance from the blue structure remains constant. D) She moves towards the camera while moving away from the blue structure.”；参考题询问：“游泳者主要面向相机还是背向相机？”。生成题的核心事实与参考题不同；同一视频、同一对象或相邻事件本身不足以构成覆盖。
judgment-0141,partial,audit-0026-g02,0.72,"生成题 audit-0026-g02 询问：“[Single-Choice] Based on the woman's continuous forward swimming trajectory and her final action, what is her immediate spatial goal? [Options] A) To swim to the edge of the pool on the right. B) To reach the hands of the person holding the camera. C) To turn around and swim back to where she started. D) To dive under the person holding the camera.”；参考题询问：“伸手动作发生在游到近处之前还是之后？”。二者有明确语义重合，但生成题只覆盖参考事实的一部分，或改问了不同参照、时间点、条件或细节，不能直接回答参考题。"
judgment-0142,absent,audit-0026-g01,0.88,生成题 audit-0026-g01 询问：“[Single-Choice] Which statement accurately describes the woman's movement relative to both the camera and the blue structure in the background? [Options] A) She moves away from the blue structure and away from the camera. B) She moves towards the blue structure and towards the camera. C) She moves towards the camera but her distance from the blue structure remains constant. D) She moves towards the camera while moving away from the blue structure.”；参考题询问：“游泳者从远处接近相机时是否一直面向相机？”。生成题的核心事实与参考题不同；同一视频、同一对象或相邻事件本身不足以构成覆盖。
judgment-0143,partial,audit-0026-g01,0.72,生成题 audit-0026-g01 询问：“[Single-Choice] Which statement accurately describes the woman's movement relative to both the camera and the blue structure in the background? [Options] A) She moves away from the blue structure and away from the camera. B) She moves towards the blue structure and towards the camera. C) She moves towards the camera but her distance from the blue structure remains constant. D) She moves towards the camera while moving away from the blue structure.”；参考题询问：“游泳者与相机之间的距离如何变化？”。二者有明确语义重合，但生成题只覆盖参考事实的一部分，或改问了不同参照、时间点、条件或细节，不能直接回答参考题。
judgment-0144,absent,audit-0026-g01,0.88,生成题 audit-0026-g01 询问：“[Single-Choice] Which statement accurately describes the woman's movement relative to both the camera and the blue structure in the background? [Options] A) She moves away from the blue structure and away from the camera. B) She moves towards the blue structure and towards the camera. C) She moves towards the camera but her distance from the blue structure remains constant. D) She moves towards the camera while moving away from the blue structure.”；参考题询问：“游泳者到达近处前采用了什么泳姿？”。生成题的核心事实与参考题不同；同一视频、同一对象或相邻事件本身不足以构成覆盖。
judgment-0145,absent,audit-0027-g01,0.88,生成题 audit-0027-g01 询问：“[Multiple-Select] The reflection in the mirror reveals parts of the room that are occluded from the camera's direct view. Which of these are visible *only* within the mirror's reflection? (Select all that apply) [Options] A) The patterned curtains. B) The back of a white chair. C) The top of the white lampshade. D) A framed sign that says 'BLESSED'.”；参考题询问：“镜头先展示墙上镜子还是桌面灯具？”。生成题的核心事实与参考题不同；同一视频、同一对象或相邻事件本身不足以构成覆盖。
judgment-0146,absent,audit-0027-g01,0.88,生成题 audit-0027-g01 询问：“[Multiple-Select] The reflection in the mirror reveals parts of the room that are occluded from the camera's direct view. Which of these are visible *only* within the mirror's reflection? (Select all that apply) [Options] A) The patterned curtains. B) The back of a white chair. C) The top of the white lampshade. D) A framed sign that says 'BLESSED'.”；参考题询问：“点亮的圆柱灯位于白色花瓶哪一侧？”。生成题的核心事实与参考题不同；同一视频、同一对象或相邻事件本身不足以构成覆盖。
judgment-0147,absent,audit-0027-g01,0.88,生成题 audit-0027-g01 询问：“[Multiple-Select] The reflection in the mirror reveals parts of the room that are occluded from the camera's direct view. Which of these are visible *only* within the mirror's reflection? (Select all that apply) [Options] A) The patterned curtains. B) The back of a white chair. C) The top of the white lampshade. D) A framed sign that says 'BLESSED'.”；参考题询问：“手指接近灯口时灯的状态是否改变？”。生成题的核心事实与参考题不同；同一视频、同一对象或相邻事件本身不足以构成覆盖。
judgment-0148,absent,audit-0027-g01,0.88,生成题 audit-0027-g01 询问：“[Multiple-Select] The reflection in the mirror reveals parts of the room that are occluded from the camera's direct view. Which of these are visible *only* within the mirror's reflection? (Select all that apply) [Options] A) The patterned curtains. B) The back of a white chair. C) The top of the white lampshade. D) A framed sign that says 'BLESSED'.”；参考题询问：“镜头先展示镜子还是先展示发光装饰灯？”。生成题的核心事实与参考题不同；同一视频、同一对象或相邻事件本身不足以构成覆盖。
judgment-0149,absent,audit-0027-g01,0.88,生成题 audit-0027-g01 询问：“[Multiple-Select] The reflection in the mirror reveals parts of the room that are occluded from the camera's direct view. Which of these are visible *only* within the mirror's reflection? (Select all that apply) [Options] A) The patterned curtains. B) The back of a white chair. C) The top of the white lampshade. D) A framed sign that says 'BLESSED'.”；参考题询问：“圆柱灯相对花瓶和相框位于哪里？”。生成题的核心事实与参考题不同；同一视频、同一对象或相邻事件本身不足以构成覆盖。
judgment-0150,absent,audit-0027-g01,0.88,生成题 audit-0027-g01 询问：“[Multiple-Select] The reflection in the mirror reveals parts of the room that are occluded from the camera's direct view. Which of these are visible *only* within the mirror's reflection? (Select all that apply) [Options] A) The patterned curtains. B) The back of a white chair. C) The top of the white lampshade. D) A framed sign that says 'BLESSED'.”；参考题询问：“手指接触灯顶后灯光状态是否改变？”。生成题的核心事实与参考题不同；同一视频、同一对象或相邻事件本身不足以构成覆盖。
judgment-0151,partial,audit-0028-g01,0.72,生成题 audit-0028-g01 询问：“[Single-Choice] The man performs three distinct hand gestures to explain different concepts. What is the primary direction of motion of his hand(s) during the second gesture? [Options] A) Both hands move towards each other horizontally. B) One hand moves horizontally across his body. C) One hand moves forward and away from his body. D) Both hands move upwards.”；参考题询问：“男子从远处走近后主要朝哪个方向手势示意？”。二者有明确语义重合，但生成题只覆盖参考事实的一部分，或改问了不同参照、时间点、条件或细节，不能直接回答参考题。
judgment-0152,absent,audit-0028-g01,0.88,生成题 audit-0028-g01 询问：“[Single-Choice] The man performs three distinct hand gestures to explain different concepts. What is the primary direction of motion of his hand(s) during the second gesture? [Options] A) Both hands move towards each other horizontally. B) One hand moves horizontally across his body. C) One hand moves forward and away from his body. D) Both hands move upwards.”；参考题询问：“他与相机之间的距离如何变化？”。生成题的核心事实与参考题不同；同一视频、同一对象或相邻事件本身不足以构成覆盖。
judgment-0153,absent,audit-0028-g01,0.88,生成题 audit-0028-g01 询问：“[Single-Choice] The man performs three distinct hand gestures to explain different concepts. What is the primary direction of motion of his hand(s) during the second gesture? [Options] A) Both hands move towards each other horizontally. B) One hand moves horizontally across his body. C) One hand moves forward and away from his body. D) Both hands move upwards.”；参考题询问：“他先停止行走还是先举起双手？”。生成题的核心事实与参考题不同；同一视频、同一对象或相邻事件本身不足以构成覆盖。
judgment-0154,absent,audit-0028-g01,0.88,生成题 audit-0028-g01 询问：“[Single-Choice] The man performs three distinct hand gestures to explain different concepts. What is the primary direction of motion of his hand(s) during the second gesture? [Options] A) Both hands move towards each other horizontally. B) One hand moves horizontally across his body. C) One hand moves forward and away from his body. D) Both hands move upwards.”；参考题询问：“男子在走向镜头前手里拿着什么？”。生成题的核心事实与参考题不同；同一视频、同一对象或相邻事件本身不足以构成覆盖。
judgment-0155,partial,audit-0028-g01,0.72,生成题 audit-0028-g01 询问：“[Single-Choice] The man performs three distinct hand gestures to explain different concepts. What is the primary direction of motion of his hand(s) during the second gesture? [Options] A) Both hands move towards each other horizontally. B) One hand moves horizontally across his body. C) One hand moves forward and away from his body. D) Both hands move upwards.”；参考题询问：“男子停下后主要做了什么动作？”。二者有明确语义重合，但生成题只覆盖参考事实的一部分，或改问了不同参照、时间点、条件或细节，不能直接回答参考题。
judgment-0156,absent,audit-0028-g01,0.88,生成题 audit-0028-g01 询问：“[Single-Choice] The man performs three distinct hand gestures to explain different concepts. What is the primary direction of motion of his hand(s) during the second gesture? [Options] A) Both hands move towards each other horizontally. B) One hand moves horizontally across his body. C) One hand moves forward and away from his body. D) Both hands move upwards.”；参考题询问：“男子的手势是面向相机还是面向海面？”。生成题的核心事实与参考题不同；同一视频、同一对象或相邻事件本身不足以构成覆盖。
judgment-0157,absent,audit-0029-g01,0.88,"生成题 audit-0029-g01 询问：“[Fill-in-the-Blank] As the camera moves forward along the road after 0:30, the group of trees on the left begins to block the view of the ______ in the background.”；参考题询问：“道路相对两侧牧场的位置是否保持居中？”。生成题的核心事实与参考题不同；同一视频、同一对象或相邻事件本身不足以构成覆盖。"
judgment-0158,absent,audit-0029-g01,0.88,"生成题 audit-0029-g01 询问：“[Fill-in-the-Blank] As the camera moves forward along the road after 0:30, the group of trees on the left begins to block the view of the ______ in the background.”；参考题询问：“镜头是在经过牛群之前还是之后进入较直的路段？”。生成题的核心事实与参考题不同；同一视频、同一对象或相邻事件本身不足以构成覆盖。"
judgment-0159,absent,audit-0029-g01,0.88,"生成题 audit-0029-g01 询问：“[Fill-in-the-Blank] As the camera moves forward along the road after 0:30, the group of trees on the left begins to block the view of the ______ in the background.”；参考题询问：“牛群主要位于道路的哪一侧？”。生成题的核心事实与参考题不同；同一视频、同一对象或相邻事件本身不足以构成覆盖。"
judgment-0160,partial,audit-0029-g02,0.72,"生成题 audit-0029-g02 询问：“[Single-Choice] The camera first pans across the landscape from left to right, then pans back left before moving forward along the road. What is the most likely spatial goal of this sequence of actions? [Options] A) To get a closer view of the brown horse by the fence. B) To establish the surrounding environment before proceeding on the path. C) To turn around and leave the area. D) To locate a gate to enter the field on the left.”；参考题询问：“镜头从农田转向道路发生在看到马之前还是之后？”。二者有明确语义重合，但生成题只覆盖参考事实的一部分，或改问了不同参照、时间点、条件或细节，不能直接回答参考题。"
judgment-0161,absent,audit-0029-g01,0.88,"生成题 audit-0029-g01 询问：“[Fill-in-the-Blank] As the camera moves forward along the road after 0:30, the group of trees on the left begins to block the view of the ______ in the background.”；参考题询问：“道路两侧主要分布着什么？”。生成题的核心事实与参考题不同；同一视频、同一对象或相邻事件本身不足以构成覆盖。"
judgment-0162,absent,audit-0029-g01,0.88,"生成题 audit-0029-g01 询问：“[Fill-in-the-Blank] As the camera moves forward along the road after 0:30, the group of trees on the left begins to block the view of the ______ in the background.”；参考题询问：“观察者的影子在道路上朝哪个方向延伸？”。生成题的核心事实与参考题不同；同一视频、同一对象或相邻事件本身不足以构成覆盖。"
judgment-0163,absent,audit-0030-g01,0.88,"生成题 audit-0030-g01 询问：“[Single-Choice] Between 0:08 and 0:13, the dog crosses from the camera's right to the camera's left. During this same period, how does the dog's position change relative to the pier's fixed features? [Options] A) It moves from being closer to the right-side railing to being closer to the left-side fence. B) It moves from being closer to the left-side fence to being closer to the right-side railing. C) It remains closer to the right-side railing for the entire duration. D) It remains closer to the left-side fence for the entire duration.”；参考题询问：“狗先远离相机还是先返回相机附近？”。生成题的核心事实与参考题不同；同一视频、同一对象或相邻事件本身不足以构成覆盖。"
judgment-0164,partial,audit-0030-g01,0.72,"生成题 audit-0030-g01 询问：“[Single-Choice] Between 0:08 and 0:13, the dog crosses from the camera's right to the camera's left. During this same period, how does the dog's position change relative to the pier's fixed features? [Options] A) It moves from being closer to the right-side railing to being closer to the left-side fence. B) It moves from being closer to the left-side fence to being closer to the right-side railing. C) It remains closer to the right-side railing for the entire duration. D) It remains closer to the left-side fence for the entire duration.”；参考题询问：“狗与右侧栏杆的距离如何变化？”。二者有明确语义重合，但生成题只覆盖参考事实的一部分，或改问了不同参照、时间点、条件或细节，不能直接回答参考题。"
judgment-0165,absent,audit-0030-g01,0.88,"生成题 audit-0030-g01 询问：“[Single-Choice] Between 0:08 and 0:13, the dog crosses from the camera's right to the camera's left. During this same period, how does the dog's position change relative to the pier's fixed features? [Options] A) It moves from being closer to the right-side railing to being closer to the left-side fence. B) It moves from being closer to the left-side fence to being closer to the right-side railing. C) It remains closer to the right-side railing for the entire duration. D) It remains closer to the left-side fence for the entire duration.”；参考题询问：“狗跑远时是否短暂离开清晰可见范围？”。生成题的核心事实与参考题不同；同一视频、同一对象或相邻事件本身不足以构成覆盖。"
judgment-0166,partial,audit-0030-g01,0.72,"生成题 audit-0030-g01 询问：“[Single-Choice] Between 0:08 and 0:13, the dog crosses from the camera's right to the camera's left. During this same period, how does the dog's position change relative to the pier's fixed features? [Options] A) It moves from being closer to the right-side railing to being closer to the left-side fence. B) It moves from being closer to the left-side fence to being closer to the right-side railing. C) It remains closer to the right-side railing for the entire duration. D) It remains closer to the left-side fence for the entire duration.”；参考题询问：“狗先沿栈道远离相机还是先转向栏杆？”。二者有明确语义重合，但生成题只覆盖参考事实的一部分，或改问了不同参照、时间点、条件或细节，不能直接回答参考题。"
judgment-0167,partial,audit-0030-g01,0.72,"生成题 audit-0030-g01 询问：“[Single-Choice] Between 0:08 and 0:13, the dog crosses from the camera's right to the camera's left. During this same period, how does the dog's position change relative to the pier's fixed features? [Options] A) It moves from being closer to the right-side railing to being closer to the left-side fence. B) It moves from being closer to the left-side fence to being closer to the right-side railing. C) It remains closer to the right-side railing for the entire duration. D) It remains closer to the left-side fence for the entire duration.”；参考题询问：“狗与右侧栏杆的距离如何变化？”。二者有明确语义重合，但生成题只覆盖参考事实的一部分，或改问了不同参照、时间点、条件或细节，不能直接回答参考题。"
judgment-0168,absent,audit-0030-g01,0.88,"生成题 audit-0030-g01 询问：“[Single-Choice] Between 0:08 and 0:13, the dog crosses from the camera's right to the camera's left. During this same period, how does the dog's position change relative to the pier's fixed features? [Options] A) It moves from being closer to the right-side railing to being closer to the left-side fence. B) It moves from being closer to the left-side fence to being closer to the right-side railing. C) It remains closer to the right-side railing for the entire duration. D) It remains closer to the left-side fence for the entire duration.”；参考题询问：“狗在远处变小后是否仍可被持续追踪？”。生成题的核心事实与参考题不同；同一视频、同一对象或相邻事件本身不足以构成覆盖。"
judgment-0169,absent,audit-0031-g01,0.88,"生成题 audit-0031-g01 询问：“[Single-Choice] If the kitesurfer were to immediately make a sharp 90-degree turn to their left, what would be their new direction of travel relative to the landmarks? [Options] A) Directly towards the beach with palm trees. B) Parallel to the line of wooden posts, but moving away from the pier. C) Directly towards the large white dome. D) Towards the open sea, away from the shoreline.”；参考题询问：“水翼板手在水面上是否保持离水滑行？”。生成题的核心事实与参考题不同；同一视频、同一对象或相邻事件本身不足以构成覆盖。"
judgment-0170,absent,audit-0031-g01,0.88,"生成题 audit-0031-g01 询问：“[Single-Choice] If the kitesurfer were to immediately make a sharp 90-degree turn to their left, what would be their new direction of travel relative to the landmarks? [Options] A) Directly towards the beach with palm trees. B) Parallel to the line of wooden posts, but moving away from the pier. C) Directly towards the large white dome. D) Towards the open sea, away from the shoreline.”；参考题询问：“人与岸线之间的距离如何变化？”。生成题的核心事实与参考题不同；同一视频、同一对象或相邻事件本身不足以构成覆盖。"
judgment-0171,absent,audit-0031-g01,0.88,"生成题 audit-0031-g01 询问：“[Single-Choice] If the kitesurfer were to immediately make a sharp 90-degree turn to their left, what would be their new direction of travel relative to the landmarks? [Options] A) Directly towards the beach with palm trees. B) Parallel to the line of wooden posts, but moving away from the pier. C) Directly towards the large white dome. D) Towards the open sea, away from the shoreline.”；参考题询问：“水翼板相对水面的高度是否稳定？”。生成题的核心事实与参考题不同；同一视频、同一对象或相邻事件本身不足以构成覆盖。"
judgment-0172,absent,audit-0031-g01,0.88,"生成题 audit-0031-g01 询问：“[Single-Choice] If the kitesurfer were to immediately make a sharp 90-degree turn to their left, what would be their new direction of travel relative to the landmarks? [Options] A) Directly towards the beach with palm trees. B) Parallel to the line of wooden posts, but moving away from the pier. C) Directly towards the large white dome. D) Towards the open sea, away from the shoreline.”；参考题询问：“水翼板在运动中是否始终高于水面？”。生成题的核心事实与参考题不同；同一视频、同一对象或相邻事件本身不足以构成覆盖。"
judgment-0173,partial,audit-0031-g01,0.72,"生成题 audit-0031-g01 询问：“[Single-Choice] If the kitesurfer were to immediately make a sharp 90-degree turn to their left, what would be their new direction of travel relative to the landmarks? [Options] A) Directly towards the beach with palm trees. B) Parallel to the line of wooden posts, but moving away from the pier. C) Directly towards the large white dome. D) Towards the open sea, away from the shoreline.”；参考题询问：“骑手相对岸边向哪个方向移动？”。二者有明确语义重合，但生成题只覆盖参考事实的一部分，或改问了不同参照、时间点、条件或细节，不能直接回答参考题。"
judgment-0174,partial,audit-0031-g01,0.72,"生成题 audit-0031-g01 询问：“[Single-Choice] If the kitesurfer were to immediately make a sharp 90-degree turn to their left, what would be their new direction of travel relative to the landmarks? [Options] A) Directly towards the beach with palm trees. B) Parallel to the line of wooden posts, but moving away from the pier. C) Directly towards the large white dome. D) Towards the open sea, away from the shoreline.”；参考题询问：“骑手通过调整身体姿势达到什么即时目标？”。二者有明确语义重合，但生成题只覆盖参考事实的一部分，或改问了不同参照、时间点、条件或细节，不能直接回答参考题。"
judgment-0175,partial,audit-0032-g02,0.72,"生成题 audit-0032-g02 询问：“[Single-Choice] If the green defender had not intercepted the high ball at 0:03, which blue player's path put them in the best position to receive it directly? [Options] A) The player wearing number 6, who was running towards the goal. B) The player who eventually took the final shot from the edge of the box. C) The player who made the initial long kick from midfield. D) The player standing furthest to the left from the camera's perspective.”；参考题询问：“球从边路到门前的轨迹如何变化？”。二者有明确语义重合，但生成题只覆盖参考事实的一部分，或改问了不同参照、时间点、条件或细节，不能直接回答参考题。"
judgment-0176,direct,audit-0032-g02,0.90,"生成题 audit-0032-g02 询问：“[Single-Choice] If the green defender had not intercepted the high ball at 0:03, which blue player's path put them in the best position to receive it directly? [Options] A) The player wearing number 6, who was running towards the goal. B) The player who eventually took the final shot from the edge of the box. C) The player who made the initial long kick from midfield. D) The player standing furthest to the left from the camera's perspective.”；参考题询问：“蓝队传中后球先到绿队球员还是守门员附近？”。二者都要求判断同一个核心可视事实，且需要的空间、时间或状态推理操作基本一致。"
judgment-0177,partial,audit-0032-g02,0.72,"生成题 audit-0032-g02 询问：“[Single-Choice] If the green defender had not intercepted the high ball at 0:03, which blue player's path put them in the best position to receive it directly? [Options] A) The player wearing number 6, who was running towards the goal. B) The player who eventually took the final shot from the edge of the box. C) The player who made the initial long kick from midfield. D) The player standing furthest to the left from the camera's perspective.”；参考题询问：“球从边路向球门区的轨迹如何变化？”。二者有明确语义重合，但生成题只覆盖参考事实的一部分，或改问了不同参照、时间点、条件或细节，不能直接回答参考题。"
judgment-0178,partial,audit-0032-g02,0.72,"生成题 audit-0032-g02 询问：“[Single-Choice] If the green defender had not intercepted the high ball at 0:03, which blue player's path put them in the best position to receive it directly? [Options] A) The player wearing number 6, who was running towards the goal. B) The player who eventually took the final shot from the edge of the box. C) The player who made the initial long kick from midfield. D) The player standing furthest to the left from the camera's perspective.”；参考题询问：“防守球员回撤的直接目标是封堵哪一区域？”。二者有明确语义重合，但生成题只覆盖参考事实的一部分，或改问了不同参照、时间点、条件或细节，不能直接回答参考题。"
judgment-0179,absent,audit-0033-g01,0.88,"生成题 audit-0033-g01 询问：“[Multiple-Select] As the camera pans from the far left to the far right of the room, which of these spatial changes occur from the camera's point of view? (Select all that apply) [Options] A) The tripod moves from the right side of the frame to the left side. B) The striped pillow on the chaise lounge remains in the center of the frame. C) The tall black floor speaker, visible at the start, is no longer in view at the end. D) A pinkish-red pillow, not visible at the start, comes into view on the couch.”；参考题询问：“镜头扫过房间时三脚架位于沙发前还是后？”。生成题的核心事实与参考题不同；同一视频、同一对象或相邻事件本身不足以构成覆盖。"
judgment-0180,absent,audit-0033-g01,0.88,"生成题 audit-0033-g01 询问：“[Multiple-Select] As the camera pans from the far left to the far right of the room, which of these spatial changes occur from the camera's point of view? (Select all that apply) [Options] A) The tripod moves from the right side of the frame to the left side. B) The striped pillow on the chaise lounge remains in the center of the frame. C) The tall black floor speaker, visible at the start, is no longer in view at the end. D) A pinkish-red pillow, not visible at the start, comes into view on the couch.”；参考题询问：“白色吸音板与黑色音箱如何交替分布？”。生成题的核心事实与参考题不同；同一视频、同一对象或相邻事件本身不足以构成覆盖。"
judgment-0181,absent,audit-0033-g01,0.88,"生成题 audit-0033-g01 询问：“[Multiple-Select] As the camera pans from the far left to the far right of the room, which of these spatial changes occur from the camera's point of view? (Select all that apply) [Options] A) The tripod moves from the right side of the frame to the left side. B) The striped pillow on the chaise lounge remains in the center of the frame. C) The tall black floor speaker, visible at the start, is no longer in view at the end. D) A pinkish-red pillow, not visible at the start, comes into view on the couch.”；参考题询问：“镜头先展示窗边吸音板还是中央三脚架？”。生成题的核心事实与参考题不同；同一视频、同一对象或相邻事件本身不足以构成覆盖。"
judgment-0182,partial,audit-0033-g01,0.72,"生成题 audit-0033-g01 询问：“[Multiple-Select] As the camera pans from the far left to the far right of the room, which of these spatial changes occur from the camera's point of view? (Select all that apply) [Options] A) The tripod moves from the right side of the frame to the left side. B) The striped pillow on the chaise lounge remains in the center of the frame. C) The tall black floor speaker, visible at the start, is no longer in view at the end. D) A pinkish-red pillow, not visible at the start, comes into view on the couch.”；参考题询问：“镜头移动时三脚架相对沙发的位置如何变化？”。二者有明确语义重合，但生成题只覆盖参考事实的一部分，或改问了不同参照、时间点、条件或细节，不能直接回答参考题。"
judgment-0183,absent,audit-0033-g01,0.88,"生成题 audit-0033-g01 询问：“[Multiple-Select] As the camera pans from the far left to the far right of the room, which of these spatial changes occur from the camera's point of view? (Select all that apply) [Options] A) The tripod moves from the right side of the frame to the left side. B) The striped pillow on the chaise lounge remains in the center of the frame. C) The tall black floor speaker, visible at the start, is no longer in view at the end. D) A pinkish-red pillow, not visible at the start, comes into view on the couch.”；参考题询问：“三脚架位于沙发坐垫上还是地面上？”。生成题的核心事实与参考题不同；同一视频、同一对象或相邻事件本身不足以构成覆盖。"
judgment-0184,absent,audit-0033-g01,0.88,"生成题 audit-0033-g01 询问：“[Multiple-Select] As the camera pans from the far left to the far right of the room, which of these spatial changes occur from the camera's point of view? (Select all that apply) [Options] A) The tripod moves from the right side of the frame to the left side. B) The striped pillow on the chaise lounge remains in the center of the frame. C) The tall black floor speaker, visible at the start, is no longer in view at the end. D) A pinkish-red pillow, not visible at the start, comes into view on the couch.”；参考题询问：“深色吸音板分布在浅色板的哪一侧？”。生成题的核心事实与参考题不同；同一视频、同一对象或相邻事件本身不足以构成覆盖。"
judgment-0185,absent,audit-0034-g01,0.88,"生成题 audit-0034-g01 询问：“[Fill-in-the-Blank] During the pan across the dashboard, the top rim of the steering wheel temporarily occludes the view of the ________.”；参考题询问：“两名男子先讨论发动机舱还是先展示驾驶室？”。生成题的核心事实与参考题不同；同一视频、同一对象或相邻事件本身不足以构成覆盖。"
judgment-0186,absent,audit-0034-g01,0.88,"生成题 audit-0034-g01 询问：“[Fill-in-the-Blank] During the pan across the dashboard, the top rim of the steering wheel temporarily occludes the view of the ________.”；参考题询问：“绿色上衣男子主要朝向同伴还是汽车？”。生成题的核心事实与参考题不同；同一视频、同一对象或相邻事件本身不足以构成覆盖。"
judgment-0187,direct,audit-0034-g02,0.90,"生成题 audit-0034-g02 询问：“[True/False] From the perspective of a person sitting in the driver's seat, the radio controls are located to the right of the steering wheel.”；参考题询问：“方向盘位于驾驶室画面的哪一侧？”。二者都要求判断同一个核心可视事实，且需要的空间、时间或状态推理操作基本一致。"
judgment-0188,absent,audit-0034-g01,0.88,"生成题 audit-0034-g01 询问：“[Fill-in-the-Blank] During the pan across the dashboard, the top rim of the steering wheel temporarily occludes the view of the ________.”；参考题询问：“镜头先展示发动机舱还是先展示驾驶舱？”。生成题的核心事实与参考题不同；同一视频、同一对象或相邻事件本身不足以构成覆盖。"
judgment-0189,absent,audit-0034-g01,0.88,"生成题 audit-0034-g01 询问：“[Fill-in-the-Blank] During the pan across the dashboard, the top rim of the steering wheel temporarily occludes the view of the ________.”；参考题询问：“两名男子交谈时主要面向彼此还是面向车辆？”。生成题的核心事实与参考题不同；同一视频、同一对象或相邻事件本身不足以构成覆盖。"
judgment-0190,partial,audit-0034-g01,0.72,"生成题 audit-0034-g01 询问：“[Fill-in-the-Blank] During the pan across the dashboard, the top rim of the steering wheel temporarily occludes the view of the ________.”；参考题询问：“相机转向驾驶舱的直接目标是什么？”。二者有明确语义重合，但生成题只覆盖参考事实的一部分，或改问了不同参照、时间点、条件或细节，不能直接回答参考题。"
judgment-0191,absent,audit-0035-g03,0.88,"生成题 audit-0035-g03 询问：“[Single-Choice] From the perspective of the player in yellow who initiates the attack by crossing the ball from the right, which teammate is positioned furthest to his left inside the penalty area at the moment he kicks the ball? [Options] A) The teammate who takes the first shot that is blocked. B) The teammate who is closest to the goalkeeper. C) The teammate who ultimately scores the goal. D) The teammate standing nearest to the penalty spot.”；参考题询问：“传中球到达门前后哪队球员先触球？”。生成题的核心事实与参考题不同；同一视频、同一对象或相邻事件本身不足以构成覆盖。"
judgment-0192,absent,audit-0035-g01,0.88,"生成题 audit-0035-g01 询问：“[True/False] At the exact moment the second shot is taken by the player in yellow (around 0:11), the goalkeeper is positioned on the ground between the shooter and the goal line.”；参考题询问：“球在门前混战中是否改变方向？”。生成题的核心事实与参考题不同；同一视频、同一对象或相邻事件本身不足以构成覆盖。"
judgment-0193,partial,audit-0035-g01,0.72,"生成题 audit-0035-g01 询问：“[True/False] At the exact moment the second shot is taken by the player in yellow (around 0:11), the goalkeeper is positioned on the ground between the shooter and the goal line.”；参考题询问：“守门员扑救的直接空间目标是哪一侧来球？”。二者有明确语义重合，但生成题只覆盖参考事实的一部分，或改问了不同参照、时间点、条件或细节，不能直接回答参考题。"
judgment-0194,partial,audit-0036-g01,0.72,生成题 audit-0036-g01 询问：“[Multiple-Select] Which physical states describe the single blue band while it is being manipulated by the hook? (Select all that apply) [Options] A) Under tension. B) Rigid. C) Twisted. D) Compressed.”；参考题询问：“钩针操作后蓝色橡皮筋结构如何变化？”。二者有明确语义重合，但生成题只覆盖参考事实的一部分，或改问了不同参照、时间点、条件或细节，不能直接回答参考题。
judgment-0195,absent,audit-0036-g01,0.88,生成题 audit-0036-g01 询问：“[Multiple-Select] Which physical states describe the single blue band while it is being manipulated by the hook? (Select all that apply) [Options] A) Under tension. B) Rigid. C) Twisted. D) Compressed.”；参考题询问：“黄色工具相对编织板位于哪一侧？”。生成题的核心事实与参考题不同；同一视频、同一对象或相邻事件本身不足以构成覆盖。
judgment-0196,partial,audit-0036-g01,0.72,生成题 audit-0036-g01 询问：“[Multiple-Select] Which physical states describe the single blue band while it is being manipulated by the hook? (Select all that apply) [Options] A) Under tension. B) Rigid. C) Twisted. D) Compressed.”；参考题询问：“蓝色橡皮筋的编织结构如何随操作变化？”。二者有明确语义重合，但生成题只覆盖参考事实的一部分，或改问了不同参照、时间点、条件或细节，不能直接回答参考题。
judgment-0197,absent,audit-0036-g01,0.88,生成题 audit-0036-g01 询问：“[Multiple-Select] Which physical states describe the single blue band while it is being manipulated by the hook? (Select all that apply) [Options] A) Under tension. B) Rigid. C) Twisted. D) Compressed.”；参考题询问：“操作者最后把工具移向织机哪一侧？”。生成题的核心事实与参考题不同；同一视频、同一对象或相邻事件本身不足以构成覆盖。
judgment-0198,absent,audit-0037-g01,0.88,"生成题 audit-0037-g01 询问：“[True/False] Just before the attacker shoots, there is at least one defending player (excluding the goalkeeper) positioned directly on the line between the ball and the center of the goal.”；参考题询问：“白队球员突破后射门是否得分？”。生成题的核心事实与参考题不同；同一视频、同一对象或相邻事件本身不足以构成覆盖。"
judgment-0199,absent,audit-0037-g01,0.88,"生成题 audit-0037-g01 询问：“[True/False] Just before the attacker shoots, there is at least one defending player (excluding the goalkeeper) positioned directly on the line between the ball and the center of the goal.”；参考题询问：“守门员向哪一侧扑救？”。生成题的核心事实与参考题不同；同一视频、同一对象或相邻事件本身不足以构成覆盖。"
judgment-0200,partial,audit-0037-g01,0.72,"生成题 audit-0037-g01 询问：“[True/False] Just before the attacker shoots, there is at least one defending player (excluding the goalkeeper) positioned directly on the line between the ball and the center of the goal.”；参考题询问：“白队射门前是否先突破了多名蓝队防守者？”。二者有明确语义重合，但生成题只覆盖参考事实的一部分，或改问了不同参照、时间点、条件或细节，不能直接回答参考题。"
judgment-0201,absent,audit-0037-g01,0.88,"生成题 audit-0037-g01 询问：“[True/False] Just before the attacker shoots, there is at least one defending player (excluding the goalkeeper) positioned directly on the line between the ball and the center of the goal.”；参考题询问：“射门后球进入球门的哪一侧？”。生成题的核心事实与参考题不同；同一视频、同一对象或相邻事件本身不足以构成覆盖。"
judgment-0202,absent,audit-0037-g01,0.88,"生成题 audit-0037-g01 询问：“[True/False] Just before the attacker shoots, there is at least one defending player (excluding the goalkeeper) positioned directly on the line between the ball and the center of the goal.”；参考题询问：“以画面为参照，球向球门右侧飞行时守门员是否也向画面右侧扑出？”。生成题的核心事实与参考题不同；同一视频、同一对象或相邻事件本身不足以构成覆盖。"
judgment-0203,partial,audit-0038-g03,0.72,"生成题 audit-0038-g03 询问：“[Single-Choice] When the camera pans to show the photographer, what is the position of the distant stone building relative to him, from the camera's viewpoint? [Options] A) The building is to the photographer's left. B) The building is to the photographer's right. C) The building is directly behind the photographer, occluded by him. D) The building is no longer in the frame.”；参考题询问：“摄影者出现是在镜头扫过薰衣草田之前还是之后？”。二者有明确语义重合，但生成题只覆盖参考事实的一部分，或改问了不同参照、时间点、条件或细节，不能直接回答参考题。"
judgment-0204,absent,audit-0038-g01,0.88,"生成题 audit-0038-g01 询问：“[Fill-in-the-Blank] As the camera pans from right to left, the amount of the large mountain peak visible to the right of the overlapping, closer mountain range gradually ____.”；参考题询问：“薰衣草行列相对远山朝哪个方向延伸？”。生成题的核心事实与参考题不同；同一视频、同一对象或相邻事件本身不足以构成覆盖。"
judgment-0205,partial,audit-0038-g01,0.72,"生成题 audit-0038-g01 询问：“[Fill-in-the-Blank] As the camera pans from right to left, the amount of the large mountain peak visible to the right of the overlapping, closer mountain range gradually ____.”；参考题询问：“镜头转动时远山在画面中的相对位置如何变化？”。二者有明确语义重合，但生成题只覆盖参考事实的一部分，或改问了不同参照、时间点、条件或细节，不能直接回答参考题。"
judgment-0206,partial,audit-0038-g02,0.72,"生成题 audit-0038-g02 询问：“[Single-Choice] Observing the person's equipment, posture, and the surrounding environment, what is their primary intended action? [Options] A) To set up a picnic in the lavender field. B) To photograph the sunrise over the mountains and lavender field. C) To plant more lavender in the empty rows. D) To study the geology of the distant mountains.”；参考题询问：“镜头中人物出现前主要展示了什么景物？”。二者有明确语义重合，但生成题只覆盖参考事实的一部分，或改问了不同参照、时间点、条件或细节，不能直接回答参考题。"
judgment-0207,absent,audit-0038-g01,0.88,"生成题 audit-0038-g01 询问：“[Fill-in-the-Blank] As the camera pans from right to left, the amount of the large mountain peak visible to the right of the overlapping, closer mountain range gradually ____.”；参考题询问：“人物经过镜头后田间箱子位于画面哪一侧？”。生成题的核心事实与参考题不同；同一视频、同一对象或相邻事件本身不足以构成覆盖。"
judgment-0208,partial,audit-0038-g01,0.72,"生成题 audit-0038-g01 询问：“[Fill-in-the-Blank] As the camera pans from right to left, the amount of the large mountain peak visible to the right of the overlapping, closer mountain range gradually ____.”；参考题询问：“镜头平移是否改变了山峰与花田的上下关系？”。二者有明确语义重合，但生成题只覆盖参考事实的一部分，或改问了不同参照、时间点、条件或细节，不能直接回答参考题。"
judgment-0209,absent,audit-0039-g01,0.88,"生成题 audit-0039-g01 询问：“[Single-Choice] At the beginning of the video, from the camera's viewpoint, the boy in the blue hat is on the right side of the girl in the light green shirt. What is their relative side-by-side position just before the camera pans away from them? [Options] A) The boy is now on the left side of the girl. B) The boy is directly behind the girl. C) Their side-by-side position has not changed. D) The girl is now on the left side of the boy.”；参考题询问：“女子是否完整穿过狭窄石门？”。生成题的核心事实与参考题不同；同一视频、同一对象或相邻事件本身不足以构成覆盖。"
judgment-0210,absent,audit-0039-g01,0.88,"生成题 audit-0039-g01 询问：“[Single-Choice] At the beginning of the video, from the camera's viewpoint, the boy in the blue hat is on the right side of the girl in the light green shirt. What is their relative side-by-side position just before the camera pans away from them? [Options] A) The boy is now on the left side of the girl. B) The boy is directly behind the girl. C) Their side-by-side position has not changed. D) The girl is now on the left side of the boy.”；参考题询问：“她穿门时身体朝向与门洞方向是否一致？”。生成题的核心事实与参考题不同；同一视频、同一对象或相邻事件本身不足以构成覆盖。"
judgment-0211,absent,audit-0039-g01,0.88,"生成题 audit-0039-g01 询问：“[Single-Choice] At the beginning of the video, from the camera's viewpoint, the boy in the blue hat is on the right side of the girl in the light green shirt. What is their relative side-by-side position just before the camera pans away from them? [Options] A) The boy is now on the left side of the girl. B) The boy is directly behind the girl. C) Their side-by-side position has not changed. D) The girl is now on the left side of the boy.”；参考题询问：“她进入门洞前后与相机的距离如何变化？”。生成题的核心事实与参考题不同；同一视频、同一对象或相邻事件本身不足以构成覆盖。"
judgment-0212,absent,audit-0039-g01,0.88,"生成题 audit-0039-g01 询问：“[Single-Choice] At the beginning of the video, from the camera's viewpoint, the boy in the blue hat is on the right side of the girl in the light green shirt. What is their relative side-by-side position just before the camera pans away from them? [Options] A) The boy is now on the left side of the girl. B) The boy is directly behind the girl. C) Their side-by-side position has not changed. D) The girl is now on the left side of the boy.”；参考题询问：“女子进入石门时是否侧身通过？”。生成题的核心事实与参考题不同；同一视频、同一对象或相邻事件本身不足以构成覆盖。"
judgment-0213,absent,audit-0039-g01,0.88,"生成题 audit-0039-g01 询问：“[Single-Choice] At the beginning of the video, from the camera's viewpoint, the boy in the blue hat is on the right side of the girl in the light green shirt. What is their relative side-by-side position just before the camera pans away from them? [Options] A) The boy is now on the left side of the girl. B) The boy is directly behind the girl. C) Their side-by-side position has not changed. D) The girl is now on the left side of the boy.”；参考题询问：“女子通过门洞前后是否短暂被石墙遮挡？”。生成题的核心事实与参考题不同；同一视频、同一对象或相邻事件本身不足以构成覆盖。"
judgment-0214,absent,audit-0039-g01,0.88,"生成题 audit-0039-g01 询问：“[Single-Choice] At the beginning of the video, from the camera's viewpoint, the boy in the blue hat is on the right side of the girl in the light green shirt. What is their relative side-by-side position just before the camera pans away from them? [Options] A) The boy is now on the left side of the girl. B) The boy is directly behind the girl. C) Their side-by-side position has not changed. D) The girl is now on the left side of the boy.”；参考题询问：“石门上突出的石块分布在门洞两侧吗？”。生成题的核心事实与参考题不同；同一视频、同一对象或相邻事件本身不足以构成覆盖。"
judgment-0215,absent,audit-0040-g01,0.88,"生成题 audit-0040-g01 询问：“[Single-Choice] How does the white panel that the man lifts change its configuration to open the compartment? [Options] A) It rotates 180 degrees on a central pivot. B) It lifts up as a single, solid piece on a rear hinge. C) It slides directly forward into a slot under the adjacent seat. D) It folds in half, with the outer section tucking underneath the inner section.”；参考题询问：“男子在船内先展示座椅还是先展示中央台面？”。生成题的核心事实与参考题不同；同一视频、同一对象或相邻事件本身不足以构成覆盖。"
judgment-0216,absent,audit-0040-g01,0.88,"生成题 audit-0040-g01 询问：“[Single-Choice] How does the white panel that the man lifts change its configuration to open the compartment? [Options] A) It rotates 180 degrees on a central pivot. B) It lifts up as a single, solid piece on a rear hinge. C) It slides directly forward into a slot under the adjacent seat. D) It folds in half, with the outer section tucking underneath the inner section.”；参考题询问：“长形座垫位于中央台面的哪一侧？”。生成题的核心事实与参考题不同；同一视频、同一对象或相邻事件本身不足以构成覆盖。"
judgment-0217,direct,audit-0040-g01,0.90,"生成题 audit-0040-g01 询问：“[Single-Choice] How does the white panel that the man lifts change its configuration to open the compartment? [Options] A) It rotates 180 degrees on a central pivot. B) It lifts up as a single, solid piece on a rear hinge. C) It slides directly forward into a slot under the adjacent seat. D) It folds in half, with the outer section tucking underneath the inner section.”；参考题询问：“男子移动盖板后船内空间状态是否改变？”。二者都要求判断同一个核心可视事实，且需要的空间、时间或状态推理操作基本一致。"
judgment-0218,absent,audit-0040-g01,0.88,"生成题 audit-0040-g01 询问：“[Single-Choice] How does the white panel that the man lifts change its configuration to open the compartment? [Options] A) It rotates 180 degrees on a central pivot. B) It lifts up as a single, solid piece on a rear hinge. C) It slides directly forward into a slot under the adjacent seat. D) It folds in half, with the outer section tucking underneath the inner section.”；参考题询问：“男子在船内先指向座椅还是先指向地板？”。生成题的核心事实与参考题不同；同一视频、同一对象或相邻事件本身不足以构成覆盖。"
judgment-0219,absent,audit-0040-g01,0.88,"生成题 audit-0040-g01 询问：“[Single-Choice] How does the white panel that the man lifts change its configuration to open the compartment? [Options] A) It rotates 180 degrees on a central pivot. B) It lifts up as a single, solid piece on a rear hinge. C) It slides directly forward into a slot under the adjacent seat. D) It folds in half, with the outer section tucking underneath the inner section.”；参考题询问：“方向盘相对蓝白座椅位于什么位置？”。生成题的核心事实与参考题不同；同一视频、同一对象或相邻事件本身不足以构成覆盖。"
judgment-0220,partial,audit-0040-g01,0.72,"生成题 audit-0040-g01 询问：“[Single-Choice] How does the white panel that the man lifts change its configuration to open the compartment? [Options] A) It rotates 180 degrees on a central pivot. B) It lifts up as a single, solid piece on a rear hinge. C) It slides directly forward into a slot under the adjacent seat. D) It folds in half, with the outer section tucking underneath the inner section.”；参考题询问：“讲解者移动手势的直接目标是展示哪个船内区域？”。二者有明确语义重合，但生成题只覆盖参考事实的一部分，或改问了不同参照、时间点、条件或细节，不能直接回答参考题。"
judgment-0221,absent,audit-0041-g01,0.88,"生成题 audit-0041-g01 询问：“[True/False] If the surfer had continued moving in a straight line from their starting position in the video, their path would have led them directly into the rocks.”；参考题询问：“冲浪者靠近岩石后是否与冲浪板分离？”。生成题的核心事实与参考题不同；同一视频、同一对象或相邻事件本身不足以构成覆盖。"
judgment-0222,partial,audit-0041-g01,0.72,"生成题 audit-0041-g01 询问：“[True/False] If the surfer had continued moving in a straight line from their starting position in the video, their path would have led them directly into the rocks.”；参考题询问：“冲浪者与岩石之间的距离如何变化？”。二者有明确语义重合，但生成题只覆盖参考事实的一部分，或改问了不同参照、时间点、条件或细节，不能直接回答参考题。"
judgment-0223,absent,audit-0041-g01,0.88,"生成题 audit-0041-g01 询问：“[True/False] If the surfer had continued moving in a straight line from their starting position in the video, their path would have led them directly into the rocks.”；参考题询问：“板与人分离发生在浪花遮挡之前还是之后？”。生成题的核心事实与参考题不同；同一视频、同一对象或相邻事件本身不足以构成覆盖。"
judgment-0224,absent,audit-0041-g01,0.88,"生成题 audit-0041-g01 询问：“[True/False] If the surfer had continued moving in a straight line from their starting position in the video, their path would have led them directly into the rocks.”；参考题询问：“冲浪者接近岩石后是否离开冲浪板？”。生成题的核心事实与参考题不同；同一视频、同一对象或相邻事件本身不足以构成覆盖。"
judgment-0225,partial,audit-0041-g01,0.72,"生成题 audit-0041-g01 询问：“[True/False] If the surfer had continued moving in a straight line from their starting position in the video, their path would have led them directly into the rocks.”；参考题询问：“冲浪者与岩石的距离如何变化？”。二者有明确语义重合，但生成题只覆盖参考事实的一部分，或改问了不同参照、时间点、条件或细节，不能直接回答参考题。"
judgment-0226,direct,audit-0041-g01,0.90,"生成题 audit-0041-g01 询问：“[True/False] If the surfer had continued moving in a straight line from their starting position in the video, their path would have led them directly into the rocks.”；参考题询问：“冲浪者下板的直接目标是避免什么？”。二者都要求判断同一个核心可视事实，且需要的空间、时间或状态推理操作基本一致。"
judgment-0227,absent,audit-0042-g01,0.88,"生成题 audit-0042-g01 询问：“[Single-Choice] Based on the visible arc of motion, what object is located behind the ride's path when it reaches its highest point on the left side of the screen? [Options] A) A tall, glass-paneled building. B) The sun. C) A parking lot full of cars. D) A small, single-story shop.”；参考题询问：“镜头先展示港口小船还是大型起重桥？”。生成题的核心事实与参考题不同；同一视频、同一对象或相邻事件本身不足以构成覆盖。"
judgment-0228,absent,audit-0042-g01,0.88,"生成题 audit-0042-g01 询问：“[Single-Choice] Based on the visible arc of motion, what object is located behind the ride's path when it reaches its highest point on the left side of the screen? [Options] A) A tall, glass-paneled building. B) The sun. C) A parking lot full of cars. D) A small, single-story shop.”；参考题询问：“小船相对红色灯塔的位置如何分布？”。生成题的核心事实与参考题不同；同一视频、同一对象或相邻事件本身不足以构成覆盖。"
judgment-0229,absent,audit-0042-g01,0.88,"生成题 audit-0042-g01 询问：“[Single-Choice] Based on the visible arc of motion, what object is located behind the ride's path when it reaches its highest point on the left side of the screen? [Options] A) A tall, glass-paneled building. B) The sun. C) A parking lot full of cars. D) A small, single-story shop.”；参考题询问：“场景切换后起重桥位于相机上方还是前方？”。生成题的核心事实与参考题不同；同一视频、同一对象或相邻事件本身不足以构成覆盖。"
judgment-0230,absent,audit-0042-g01,0.88,"生成题 audit-0042-g01 询问：“[Single-Choice] Based on the visible arc of motion, what object is located behind the ride's path when it reaches its highest point on the left side of the screen? [Options] A) A tall, glass-paneled building. B) The sun. C) A parking lot full of cars. D) A small, single-story shop.”；参考题询问：“镜头先展示红色灯塔还是升降桥？”。生成题的核心事实与参考题不同；同一视频、同一对象或相邻事件本身不足以构成覆盖。"
judgment-0231,absent,audit-0042-g01,0.88,"生成题 audit-0042-g01 询问：“[Single-Choice] Based on the visible arc of motion, what object is located behind the ride's path when it reaches its highest point on the left side of the screen? [Options] A) A tall, glass-paneled building. B) The sun. C) A parking lot full of cars. D) A small, single-story shop.”；参考题询问：“小船相对防波堤如何移动？”。生成题的核心事实与参考题不同；同一视频、同一对象或相邻事件本身不足以构成覆盖。"
judgment-0232,absent,audit-0042-g01,0.88,"生成题 audit-0042-g01 询问：“[Single-Choice] Based on the visible arc of motion, what object is located behind the ride's path when it reaches its highest point on the left side of the screen? [Options] A) A tall, glass-paneled building. B) The sun. C) A parking lot full of cars. D) A small, single-story shop.”；参考题询问：“升降桥的桥面处于抬起状态吗？”。生成题的核心事实与参考题不同；同一视频、同一对象或相邻事件本身不足以构成覆盖。"
judgment-0233,partial,audit-0043-g03,0.72,"生成题 audit-0043-g03 询问：“[Single-Choice] Based on the change in the rod's shape and the subsequent camera movement, what is the person's immediate spatial goal? [Options] A) To cast the line further out. B) To secure the rod in a holder on the beach. C) To bring an object from the water to the shore. D) To observe the distant breakwater.”；参考题询问：“鱼竿明显弯曲后鱼是否出现在岸边？”。二者有明确语义重合，但生成题只覆盖参考事实的一部分，或改问了不同参照、时间点、条件或细节，不能直接回答参考题。"
judgment-0234,direct,audit-0043-g02,0.90,"生成题 audit-0043-g02 询问：“[Single-Choice] Observing the final moments, what is the primary mechanism that moves the fish from the water onto the sand? [Options] A) The fish is lifted clear of the water by the tension of the line. B) An incoming wave washes the fish up onto the beach. C) The person quickly walks backward, dragging the fish out. D) The fish swims onto the sand by itself.”；参考题询问：“鱼从水中到岸边的出现顺序是什么？”。二者都要求判断同一个核心可视事实，且需要的空间、时间或状态推理操作基本一致。"
judgment-0235,absent,audit-0043-g01,0.88,"生成题 audit-0043-g01 询问：“[Fill-in-the-Blank] To track the fish as it is reeled in, the camera's perspective, which represents the person's viewpoint, tilts primarily ______.”；参考题询问：“鱼竿弯曲方向相对海面如何变化？”。生成题的核心事实与参考题不同；同一视频、同一对象或相邻事件本身不足以构成覆盖。"
judgment-0236,partial,audit-0043-g03,0.72,"生成题 audit-0043-g03 询问：“[Single-Choice] Based on the change in the rod's shape and the subsequent camera movement, what is the person's immediate spatial goal? [Options] A) To cast the line further out. B) To secure the rod in a holder on the beach. C) To bring an object from the water to the shore. D) To observe the distant breakwater.”；参考题询问：“鱼竿弯曲后鱼何时出现在岸边？”。二者有明确语义重合，但生成题只覆盖参考事实的一部分，或改问了不同参照、时间点、条件或细节，不能直接回答参考题。"
judgment-0237,partial,audit-0043-g03,0.72,"生成题 audit-0043-g03 询问：“[Single-Choice] Based on the change in the rod's shape and the subsequent camera movement, what is the person's immediate spatial goal? [Options] A) To cast the line further out. B) To secure the rod in a holder on the beach. C) To bring an object from the water to the shore. D) To observe the distant breakwater.”；参考题询问：“鱼竿的弯曲程度如何变化？”。二者有明确语义重合，但生成题只覆盖参考事实的一部分，或改问了不同参照、时间点、条件或细节，不能直接回答参考题。"
judgment-0238,partial,audit-0043-g02,0.72,"生成题 audit-0043-g02 询问：“[Single-Choice] Observing the final moments, what is the primary mechanism that moves the fish from the water onto the sand? [Options] A) The fish is lifted clear of the water by the tension of the line. B) An incoming wave washes the fish up onto the beach. C) The person quickly walks backward, dragging the fish out. D) The fish swims onto the sand by itself.”；参考题询问：“鱼最终位于浪线的陆侧还是海侧？”。二者有明确语义重合，但生成题只覆盖参考事实的一部分，或改问了不同参照、时间点、条件或细节，不能直接回答参考题。"
judgment-0239,absent,audit-0044-g03,0.88,"生成题 audit-0044-g03 询问：“[True/False] The group of parked planes with red and yellow tails, seen at the beginning of the video, is completely occluded by the engine and the plane's movement and does not reappear later in the video.”；参考题询问：“飞机起飞时机场地面与机翼的相对距离如何变化？”。生成题的核心事实与参考题不同；同一视频、同一对象或相邻事件本身不足以构成覆盖。"
judgment-0240,partial,audit-0044-g01,0.72,"生成题 audit-0044-g01 询问：“[Single-Choice] As the viewing airplane moves, how does the perceived position of the green-and-white control tower change relative to the first large terminal building? [Options] A) It moves from being to the left of the terminal to being to the right of it. B) It moves from being to the right of the terminal to being to the left of it. C) It remains in a fixed position to the right of the terminal. D) It is initially behind the terminal and then moves in front of it.”；参考题询问：“航站楼先位于机翼前方还是随后移到后方？”。二者有明确语义重合，但生成题只覆盖参考事实的一部分，或改问了不同参照、时间点、条件或细节，不能直接回答参考题。"
judgment-0241,absent,audit-0044-g01,0.88,"生成题 audit-0044-g01 询问：“[Single-Choice] As the viewing airplane moves, how does the perceived position of the green-and-white control tower change relative to the first large terminal building? [Options] A) It moves from being to the left of the terminal to being to the right of it. B) It moves from being to the right of the terminal to being to the left of it. C) It remains in a fixed position to the right of the terminal. D) It is initially behind the terminal and then moves in front of it.”；参考题询问：“飞机起飞后地面停机坪在画面中如何移动？”。生成题的核心事实与参考题不同；同一视频、同一对象或相邻事件本身不足以构成覆盖。"
judgment-0242,absent,audit-0044-g01,0.88,"生成题 audit-0044-g01 询问：“[Single-Choice] As the viewing airplane moves, how does the perceived position of the green-and-white control tower change relative to the first large terminal building? [Options] A) It moves from being to the left of the terminal to being to the right of it. B) It moves from being to the right of the terminal to being to the left of it. C) It remains in a fixed position to the right of the terminal. D) It is initially behind the terminal and then moves in front of it.”；参考题询问：“机翼相对跑道始终位于画面下方吗？”。生成题的核心事实与参考题不同；同一视频、同一对象或相邻事件本身不足以构成覆盖。"
judgment-0243,absent,audit-0044-g01,0.88,"生成题 audit-0044-g01 询问：“[Single-Choice] As the viewing airplane moves, how does the perceived position of the green-and-white control tower change relative to the first large terminal building? [Options] A) It moves from being to the left of the terminal to being to the right of it. B) It moves from being to the right of the terminal to being to the left of it. C) It remains in a fixed position to the right of the terminal. D) It is initially behind the terminal and then moves in front of it.”；参考题询问：“飞机经过航站楼上空时是否已经离地？”。生成题的核心事实与参考题不同；同一视频、同一对象或相邻事件本身不足以构成覆盖。"
judgment-0244,partial,audit-0045-g02,0.72,"生成题 audit-0045-g02 询问：“[True/False] From the perspective of the man wearing the cap, the man in the blue shirt moves from his right side to his left side as he approaches and opens the car door.”；参考题询问：“男子打开旧车车门是在走近车辆之前还是之后？”。二者有明确语义重合，但生成题只覆盖参考事实的一部分，或改问了不同参照、时间点、条件或细节，不能直接回答参考题。"
judgment-0245,partial,audit-0045-g01,0.72,"生成题 audit-0045-g01 询问：“[Single-Choice] When the driver's side door is fully opened, which background object becomes partially occluded by the door from the camera's perspective? [Options] A) The leafless bush on the right. B) The orange truck. C) The fence post in the far distance. D) The other old car visible at the start.”；参考题询问：“车门打开后车内空间是否变得可见？”。二者有明确语义重合，但生成题只覆盖参考事实的一部分，或改问了不同参照、时间点、条件或细节，不能直接回答参考题。"
judgment-0246,absent,audit-0045-g01,0.88,"生成题 audit-0045-g01 询问：“[Single-Choice] When the driver's side door is fully opened, which background object becomes partially occluded by the door from the camera's perspective? [Options] A) The leafless bush on the right. B) The orange truck. C) The fence post in the far distance. D) The other old car visible at the start.”；参考题询问：“两人主要查看车辆的侧面还是尾部？”。生成题的核心事实与参考题不同；同一视频、同一对象或相邻事件本身不足以构成覆盖。"
judgment-0247,direct,audit-0045-g01,0.90,"生成题 audit-0045-g01 询问：“[Single-Choice] When the driver's side door is fully opened, which background object becomes partially occluded by the door from the camera's perspective? [Options] A) The leafless bush on the right. B) The orange truck. C) The fence post in the far distance. D) The other old car visible at the start.”；参考题询问：“男子打开了旧车的哪扇门？”。二者都要求判断同一个核心可视事实，且需要的空间、时间或状态推理操作基本一致。"
judgment-0248,direct,audit-0045-g01,0.90,"生成题 audit-0045-g01 询问：“[Single-Choice] When the driver's side door is fully opened, which background object becomes partially occluded by the door from the camera's perspective? [Options] A) The leafless bush on the right. B) The orange truck. C) The fence post in the far distance. D) The other old car visible at the start.”；参考题询问：“车门由关闭到打开属于什么状态变化？”。二者都要求判断同一个核心可视事实，且需要的空间、时间或状态推理操作基本一致。"
judgment-0249,partial,audit-0045-g01,0.72,"生成题 audit-0045-g01 询问：“[Single-Choice] When the driver's side door is fully opened, which background object becomes partially occluded by the door from the camera's perspective? [Options] A) The leafless bush on the right. B) The orange truck. C) The fence post in the far distance. D) The other old car visible at the start.”；参考题询问：“两人靠近汽车的直接目标是查看外观还是内饰？”。二者有明确语义重合，但生成题只覆盖参考事实的一部分，或改问了不同参照、时间点、条件或细节，不能直接回答参考题。"
judgment-0250,absent,audit-0046-g02,0.88,"生成题 audit-0046-g02 询问：“[Single-Choice] Between 0:10 and 0:15, what is the consistent vertical relationship between the black kite in the center and the red kite on the right? [Options] A) The black kite is consistently below the red kite. B) The red kite is consistently below the black kite. C) The two kites switch their vertical positions multiple times. D) The two kites remain at the same altitude.”；参考题询问：“彩色物体主要位于树线的上方还是下方？”。生成题的核心事实与参考题不同；同一视频、同一对象或相邻事件本身不足以构成覆盖。"
judgment-0251,partial,audit-0046-g03,0.72,"生成题 audit-0046-g03 询问：“[Single-Choice] Around the 17-second mark, what change in the green kite's movement indicates its transition from a controlled to an uncontrolled state? [Options] A) It begins to move horizontally from right to left. B) It abruptly starts tumbling downwards instead of gliding. C) It rapidly ascends towards the top of the frame. D) It stops moving completely.”；参考题询问：“飞行物相对树梢高度如何变化？”。二者有明确语义重合，但生成题只覆盖参考事实的一部分，或改问了不同参照、时间点、条件或细节，不能直接回答参考题。"
judgment-0252,absent,audit-0046-g03,0.88,"生成题 audit-0046-g03 询问：“[Single-Choice] Around the 17-second mark, what change in the green kite's movement indicates its transition from a controlled to an uncontrolled state? [Options] A) It begins to move horizontally from right to left. B) It abruptly starts tumbling downwards instead of gliding. C) It rapidly ascends towards the top of the frame. D) It stops moving completely.”；参考题询问：“末段地面人物面向飞行物吗？”。生成题的核心事实与参考题不同；同一视频、同一对象或相邻事件本身不足以构成覆盖。"
judgment-0253,partial,audit-0047-g02,0.72,生成题 audit-0047-g02 询问：“[True/False] The process shown in the first part of the video makes the surface of the dark wooden cylinder more reflective.”；参考题询问：“车床加工后木杆表面形状如何变化？”。二者有明确语义重合，但生成题只覆盖参考事实的一部分，或改问了不同参照、时间点、条件或细节，不能直接回答参考题。
judgment-0254,absent,audit-0047-g01,0.88,"生成题 audit-0047-g01 询问：“[Fill-in-the-Blank] In the final arrangement on the pink surface, the reddish-brown cylinder is positioned ______ the dark cylinder, relative to the camera's viewpoint.”；参考题询问：“男子先启动车床还是先用工具接触木杆？”。生成题的核心事实与参考题不同；同一视频、同一对象或相邻事件本身不足以构成覆盖。"
judgment-0255,absent,audit-0047-g01,0.88,"生成题 audit-0047-g01 询问：“[Fill-in-the-Blank] In the final arrangement on the pink surface, the reddish-brown cylinder is positioned ______ the dark cylinder, relative to the camera's viewpoint.”；参考题询问：“成品木杆与对照木杆长度是否相近？”。生成题的核心事实与参考题不同；同一视频、同一对象或相邻事件本身不足以构成覆盖。"
judgment-0256,direct,audit-0047-g02,0.90,生成题 audit-0047-g02 询问：“[True/False] The process shown in the first part of the video makes the surface of the dark wooden cylinder more reflective.”；参考题询问：“车床加工前后木杆表面如何变化？”。二者都要求判断同一个核心可视事实，且需要的空间、时间或状态推理操作基本一致。
judgment-0257,partial,audit-0047-g02,0.72,生成题 audit-0047-g02 询问：“[True/False] The process shown in the first part of the video makes the surface of the dark wooden cylinder more reflective.”；参考题询问：“操作者把工具接触旋转木杆的直接目标是什么？”。二者有明确语义重合，但生成题只覆盖参考事实的一部分，或改问了不同参照、时间点、条件或细节，不能直接回答参考题。
judgment-0258,partial,audit-0047-g01,0.72,"生成题 audit-0047-g01 询问：“[Fill-in-the-Blank] In the final arrangement on the pink surface, the reddish-brown cylinder is positioned ______ the dark cylinder, relative to the camera's viewpoint.”；参考题询问：“加工后的木杆与旁边未加工木杆形状相同吗？”。二者有明确语义重合，但生成题只覆盖参考事实的一部分，或改问了不同参照、时间点、条件或细节，不能直接回答参考题。"
judgment-0259,absent,audit-0048-g01,0.88,"生成题 audit-0048-g01 询问：“[Single-Choice] At the beginning of the video (0:02), a prominent tall white building is visible to the left of the large electrical pylon. By the time the main rightward pan concludes (0:20), what is the new spatial relationship between them? [Options] A) The pylon is now to the left of the white building. B) The pylon is directly occluding the white building. C) The white building is no longer visible in the frame. D) The pylon remains to the right of the white building.”；参考题询问：“输电塔相对城市建筑位于前景还是远景？”。生成题的核心事实与参考题不同；同一视频、同一对象或相邻事件本身不足以构成覆盖。"
judgment-0260,partial,audit-0048-g01,0.72,"生成题 audit-0048-g01 询问：“[Single-Choice] At the beginning of the video (0:02), a prominent tall white building is visible to the left of the large electrical pylon. By the time the main rightward pan concludes (0:20), what is the new spatial relationship between them? [Options] A) The pylon is now to the left of the white building. B) The pylon is directly occluding the white building. C) The white building is no longer visible in the frame. D) The pylon remains to the right of the white building.”；参考题询问：“镜头移动时输电塔在画面中向哪侧移动？”。二者有明确语义重合，但生成题只覆盖参考事实的一部分，或改问了不同参照、时间点、条件或细节，不能直接回答参考题。"
judgment-0261,absent,audit-0048-g01,0.88,"生成题 audit-0048-g01 询问：“[Single-Choice] At the beginning of the video (0:02), a prominent tall white building is visible to the left of the large electrical pylon. By the time the main rightward pan concludes (0:20), what is the new spatial relationship between them? [Options] A) The pylon is now to the left of the white building. B) The pylon is directly occluding the white building. C) The white building is no longer visible in the frame. D) The pylon remains to the right of the white building.”；参考题询问：“云层与输电线是否发生遮挡重叠？”。生成题的核心事实与参考题不同；同一视频、同一对象或相邻事件本身不足以构成覆盖。"
judgment-0262,partial,audit-0048-g01,0.72,"生成题 audit-0048-g01 询问：“[Single-Choice] At the beginning of the video (0:02), a prominent tall white building is visible to the left of the large electrical pylon. By the time the main rightward pan concludes (0:20), what is the new spatial relationship between them? [Options] A) The pylon is now to the left of the white building. B) The pylon is directly occluding the white building. C) The white building is no longer visible in the frame. D) The pylon remains to the right of the white building.”；参考题询问：“镜头平移时输电塔何时进入画面中央？”。二者有明确语义重合，但生成题只覆盖参考事实的一部分，或改问了不同参照、时间点、条件或细节，不能直接回答参考题。"
judgment-0263,absent,audit-0048-g01,0.88,"生成题 audit-0048-g01 询问：“[Single-Choice] At the beginning of the video (0:02), a prominent tall white building is visible to the left of the large electrical pylon. By the time the main rightward pan concludes (0:20), what is the new spatial relationship between them? [Options] A) The pylon is now to the left of the white building. B) The pylon is directly occluding the white building. C) The white building is no longer visible in the frame. D) The pylon remains to the right of the white building.”；参考题询问：“输电线位于城市建筑上方吗？”。生成题的核心事实与参考题不同；同一视频、同一对象或相邻事件本身不足以构成覆盖。"
judgment-0264,direct,audit-0049-g01,0.90,"生成题 audit-0049-g01 询问：“[Fill-in-the-Blank] To transition the wheel from a locked to an unlocked state, the man must pivot the three red levers ______ from the face of the wheel's hub.”；参考题询问：“男子操作后折叠自行车的轮部状态是否改变？”。二者都要求判断同一个核心可视事实，且需要的空间、时间或状态推理操作基本一致。"
judgment-0265,absent,audit-0049-g01,0.88,"生成题 audit-0049-g01 询问：“[Fill-in-the-Blank] To transition the wheel from a locked to an unlocked state, the man must pivot the three red levers ______ from the face of the wheel's hub.”；参考题询问：“他先触碰车架还是先转动后轮部件？”。生成题的核心事实与参考题不同；同一视频、同一对象或相邻事件本身不足以构成覆盖。"
judgment-0266,absent,audit-0049-g01,0.88,"生成题 audit-0049-g01 询问：“[Fill-in-the-Blank] To transition the wheel from a locked to an unlocked state, the man must pivot the three red levers ______ from the face of the wheel's hub.”；参考题询问：“折叠机构位于后轮的哪一侧？”。生成题的核心事实与参考题不同；同一视频、同一对象或相邻事件本身不足以构成覆盖。"
judgment-0267,absent,audit-0049-g01,0.88,"生成题 audit-0049-g01 询问：“[Fill-in-the-Blank] To transition the wheel from a locked to an unlocked state, the man must pivot the three red levers ______ from the face of the wheel's hub.”；参考题询问：“男子先调整车架还是先转动后轮？”。生成题的核心事实与参考题不同；同一视频、同一对象或相邻事件本身不足以构成覆盖。"
judgment-0268,direct,audit-0049-g01,0.90,"生成题 audit-0049-g01 询问：“[Fill-in-the-Blank] To transition the wheel from a locked to an unlocked state, the man must pivot the three red levers ______ from the face of the wheel's hub.”；参考题询问：“后轮组件在操作中发生了什么状态变化？”。二者都要求判断同一个核心可视事实，且需要的空间、时间或状态推理操作基本一致。"
judgment-0269,direct,audit-0049-g01,0.90,"生成题 audit-0049-g01 询问：“[Fill-in-the-Blank] To transition the wheel from a locked to an unlocked state, the man must pivot the three red levers ______ from the face of the wheel's hub.”；参考题询问：“男子操作轮毂的直接目标是什么？”。二者都要求判断同一个核心可视事实，且需要的空间、时间或状态推理操作基本一致。"
judgment-0270,absent,audit-0050-g02,0.88,"生成题 audit-0050-g02 询问：“[Single-Choice] Based on the person's initial hand placement firmly on the seat post, what is the most likely immediate action they are preparing to perform? [Options] A) Adjust the height of the seat. B) Engage the rear brake. C) Turn the pedals. D) Activate the electronic display on the handlebars.”；参考题询问：“电动自行车的电池位于车架什么位置？”。生成题的核心事实与参考题不同；同一视频、同一对象或相邻事件本身不足以构成覆盖。"
judgment-0271,partial,audit-0050-g03,0.72,"生成题 audit-0050-g03 询问：“[Single-Choice] As the camera moves from its starting position to its final position, what is the most significant change in the apparent spatial relationship between the handlebars and the rear cargo rack from the camera's perspective? [Options] A) The handlebars move from being above the rack to being below it. B) The handlebars, initially to the left of the rack, end up to the right of the rack. C) The distance between the handlebars and the rack visually remains constant. D) The handlebars and rack switch from being aligned diagonally to being aligned vertically.”；参考题询问：“后货架与后轮在垂直方向上是什么关系？”。二者有明确语义重合，但生成题只覆盖参考事实的一部分，或改问了不同参照、时间点、条件或细节，不能直接回答参考题。"
judgment-0272,direct,audit-0050-g01,0.90,"生成题 audit-0050-g01 询问：“[Fill-in-the-Blank] The camera's path of motion relative to the bicycle is best described as an arc moving from the bike's right side, around its ______, to its left side.”；参考题询问：“镜头环绕后摩托车的左右朝向如何变化？”。二者都要求判断同一个核心可视事实，且需要的空间、时间或状态推理操作基本一致。"
judgment-0273,direct,audit-0050-g03,0.90,"生成题 audit-0050-g03 询问：“[Single-Choice] As the camera moves from its starting position to its final position, what is the most significant change in the apparent spatial relationship between the handlebars and the rear cargo rack from the camera's perspective? [Options] A) The handlebars move from being above the rack to being below it. B) The handlebars, initially to the left of the rack, end up to the right of the rack. C) The distance between the handlebars and the rack visually remains constant. D) The handlebars and rack switch from being aligned diagonally to being aligned vertically.”；参考题询问：“橙色自行车是否装有后货架？”。二者都要求判断同一个核心可视事实，且需要的空间、时间或状态推理操作基本一致。"
judgment-0274,partial,audit-0050-g01,0.72,"生成题 audit-0050-g01 询问：“[Fill-in-the-Blank] The camera's path of motion relative to the bicycle is best described as an arc moving from the bike's right side, around its ______, to its left side.”；参考题询问：“相机绕车移动时前轮相对画面如何变化？”。二者有明确语义重合，但生成题只覆盖参考事实的一部分，或改问了不同参照、时间点、条件或细节，不能直接回答参考题。"
judgment-0275,partial,audit-0051-g02,0.72,"生成题 audit-0051-g02 询问：“[Fill-in-the-Blank] After gathering the shoes and standing up, the boy rotates his body to his ______ to face the stainless steel refrigerator.”；参考题询问：“男子抱着多双鞋从地面起身后走向哪里？”。二者有明确语义重合，但生成题只覆盖参考事实的一部分，或改问了不同参照、时间点、条件或细节，不能直接回答参考题。"
judgment-0276,absent,audit-0051-g01,0.88,"生成题 audit-0051-g01 询问：“[Multiple-Select] As the boy stands up and begins to move, which of these statements correctly describe the changing spatial properties of the collection of shoes in his arms? (Select all that apply) [Options] A) The shoes lock together to form a stable, rigid structure. B) The entire pile of shoes visibly wobbles and sways as he moves. C) Individual shoes can be seen shifting their positions and angles relative to each other within the pile. D) The overall size of the pile shrinks as the shoes are compressed together.”；参考题询问：“他先整理鞋带还是先站起来？”。生成题的核心事实与参考题不同；同一视频、同一对象或相邻事件本身不足以构成覆盖。"
judgment-0277,direct,audit-0051-g01,0.90,"生成题 audit-0051-g01 询问：“[Multiple-Select] As the boy stands up and begins to move, which of these statements correctly describe the changing spatial properties of the collection of shoes in his arms? (Select all that apply) [Options] A) The shoes lock together to form a stable, rigid structure. B) The entire pile of shoes visibly wobbles and sways as he moves. C) Individual shoes can be seen shifting their positions and angles relative to each other within the pile. D) The overall size of the pile shrinks as the shoes are compressed together.”；参考题询问：“鞋子在其双臂中的相对位置是否保持稳定？”。二者都要求判断同一个核心可视事实，且需要的空间、时间或状态推理操作基本一致。"
judgment-0278,absent,audit-0051-g01,0.88,"生成题 audit-0051-g01 询问：“[Multiple-Select] As the boy stands up and begins to move, which of these statements correctly describe the changing spatial properties of the collection of shoes in his arms? (Select all that apply) [Options] A) The shoes lock together to form a stable, rigid structure. B) The entire pile of shoes visibly wobbles and sways as he moves. C) Individual shoes can be seen shifting their positions and angles relative to each other within the pile. D) The overall size of the pile shrinks as the shoes are compressed together.”；参考题询问：“男子抱起设备发生在蹲下之后吗？”。生成题的核心事实与参考题不同；同一视频、同一对象或相邻事件本身不足以构成覆盖。"
judgment-0279,absent,audit-0051-g01,0.88,"生成题 audit-0051-g01 询问：“[Multiple-Select] As the boy stands up and begins to move, which of these statements correctly describe the changing spatial properties of the collection of shoes in his arms? (Select all that apply) [Options] A) The shoes lock together to form a stable, rigid structure. B) The entire pile of shoes visibly wobbles and sways as he moves. C) Individual shoes can be seen shifting their positions and angles relative to each other within the pile. D) The overall size of the pile shrinks as the shoes are compressed together.”；参考题询问：“设备上橙色束带是否保持固定？”。生成题的核心事实与参考题不同；同一视频、同一对象或相邻事件本身不足以构成覆盖。"
judgment-0280,absent,audit-0051-g02,0.88,"生成题 audit-0051-g02 询问：“[Fill-in-the-Blank] After gathering the shoes and standing up, the boy rotates his body to his ______ to face the stainless steel refrigerator.”；参考题询问：“男子抱着设备走向厨房哪个方向？”。生成题的核心事实与参考题不同；同一视频、同一对象或相邻事件本身不足以构成覆盖。"
judgment-0281,absent,audit-0052-g01,0.88,"生成题 audit-0052-g01 询问：“[Fill-in-the-Blank] At the 0:10 mark, the driver turns the steering wheel to the ______, causing the car to navigate the curve in the track.”；参考题询问：“从后座视角看驾驶员位于车辆哪一侧？”。生成题的核心事实与参考题不同；同一视频、同一对象或相邻事件本身不足以构成覆盖。"
judgment-0282,direct,audit-0052-g01,0.90,"生成题 audit-0052-g01 询问：“[Fill-in-the-Blank] At the 0:10 mark, the driver turns the steering wheel to the ______, causing the car to navigate the curve in the track.”；参考题询问：“驾驶员转动方向盘时车辆行进方向如何变化？”。二者都要求判断同一个核心可视事实，且需要的空间、时间或状态推理操作基本一致。"
judgment-0283,absent,audit-0052-g01,0.88,"生成题 audit-0052-g01 询问：“[Fill-in-the-Blank] At the 0:10 mark, the driver turns the steering wheel to the ______, causing the car to navigate the curve in the track.”；参考题询问：“副驾驶是否在驾驶员转向后才进入画面？”。生成题的核心事实与参考题不同；同一视频、同一对象或相邻事件本身不足以构成覆盖。"
judgment-0284,absent,audit-0052-g01,0.88,"生成题 audit-0052-g01 询问：“[Fill-in-the-Blank] At the 0:10 mark, the driver turns the steering wheel to the ______, causing the car to navigate the curve in the track.”；参考题询问：“从后座看驾驶员位于观察者哪一侧？”。生成题的核心事实与参考题不同；同一视频、同一对象或相邻事件本身不足以构成覆盖。"
judgment-0285,absent,audit-0053-g01,0.88,"生成题 audit-0053-g01 询问：“[Single-Choice] When the man appears and looks toward the camera, from his point of view, the distant hills are located in which direction? [Options] A) To his right. B) To his left. C) Directly behind him. D) In front of him, across the water.”；参考题询问：“镜头先展示空海滩还是先展示男子面部？”。生成题的核心事实与参考题不同；同一视频、同一对象或相邻事件本身不足以构成覆盖。"
judgment-0286,partial,audit-0053-g01,0.72,"生成题 audit-0053-g01 询问：“[Single-Choice] When the man appears and looks toward the camera, from his point of view, the distant hills are located in which direction? [Options] A) To his right. B) To his left. C) Directly behind him. D) In front of him, across the water.”；参考题询问：“男子出现时海面位于其哪一侧？”。二者有明确语义重合，但生成题只覆盖参考事实的一部分，或改问了不同参照、时间点、条件或细节，不能直接回答参考题。"
judgment-0287,absent,audit-0053-g01,0.88,"生成题 audit-0053-g01 询问：“[Single-Choice] When the man appears and looks toward the camera, from his point of view, the distant hills are located in which direction? [Options] A) To his right. B) To his left. C) Directly behind him. D) In front of him, across the water.”；参考题询问：“相机转向自拍时地平线在画面中如何移动？”。生成题的核心事实与参考题不同；同一视频、同一对象或相邻事件本身不足以构成覆盖。"
judgment-0288,absent,audit-0053-g01,0.88,"生成题 audit-0053-g01 询问：“[Single-Choice] When the man appears and looks toward the camera, from his point of view, the distant hills are located in which direction? [Options] A) To his right. B) To his left. C) Directly behind him. D) In front of him, across the water.”；参考题询问：“镜头先展示海岸还是先展示男子面部？”。生成题的核心事实与参考题不同；同一视频、同一对象或相邻事件本身不足以构成覆盖。"
judgment-0289,absent,audit-0053-g01,0.88,"生成题 audit-0053-g01 询问：“[Single-Choice] When the man appears and looks toward the camera, from his point of view, the distant hills are located in which direction? [Options] A) To his right. B) To his left. C) Directly behind him. D) In front of him, across the water.”；参考题询问：“男子转头时由面向相机变为面向哪里？”。生成题的核心事实与参考题不同；同一视频、同一对象或相邻事件本身不足以构成覆盖。"
judgment-0290,absent,audit-0053-g01,0.88,"生成题 audit-0053-g01 询问：“[Single-Choice] When the man appears and looks toward the camera, from his point of view, the distant hills are located in which direction? [Options] A) To his right. B) To his left. C) Directly behind him. D) In front of him, across the water.”；参考题询问：“浪线相对沙滩边缘如何推进？”。生成题的核心事实与参考题不同；同一视频、同一对象或相邻事件本身不足以构成覆盖。"
judgment-0291,direct,audit-0054-g01,0.90,生成题 audit-0054-g01 询问：“[True/False] The two ducks the man carries out of the building are the same two he initially takes from the second and third positions from the left on the top rack.”；参考题询问：“男子从室内取下鸟后将其带到哪里？”。二者都要求判断同一个核心可视事实，且需要的空间、时间或状态推理操作基本一致。
judgment-0292,absent,audit-0054-g01,0.88,生成题 audit-0054-g01 询问：“[True/False] The two ducks the man carries out of the building are the same two he initially takes from the second and third positions from the left on the top rack.”；参考题询问：“鸟从悬挂状态变为桌面状态的顺序是什么？”。生成题的核心事实与参考题不同；同一视频、同一对象或相邻事件本身不足以构成覆盖。
judgment-0293,absent,audit-0054-g01,0.88,生成题 audit-0054-g01 询问：“[True/False] The two ducks the man carries out of the building are the same two he initially takes from the second and third positions from the left on the top rack.”；参考题询问：“室外有几人共同处理鸟？”。生成题的核心事实与参考题不同；同一视频、同一对象或相邻事件本身不足以构成覆盖。
judgment-0294,partial,audit-0054-g01,0.72,生成题 audit-0054-g01 询问：“[True/False] The two ducks the man carries out of the building are the same two he initially takes from the second and third positions from the left on the top rack.”；参考题询问：“男子先取下悬挂物还是先走向室外？”。二者有明确语义重合，但生成题只覆盖参考事实的一部分，或改问了不同参照、时间点、条件或细节，不能直接回答参考题。
judgment-0295,absent,audit-0054-g01,0.88,生成题 audit-0054-g01 询问：“[True/False] The two ducks the man carries out of the building are the same two he initially takes from the second and third positions from the left on the top rack.”；参考题询问：“悬挂物被取下后是否交给室外的人？”。生成题的核心事实与参考题不同；同一视频、同一对象或相邻事件本身不足以构成覆盖。
judgment-0296,direct,audit-0054-g01,0.90,生成题 audit-0054-g01 询问：“[True/False] The two ducks the man carries out of the building are the same two he initially takes from the second and third positions from the left on the top rack.”；参考题询问：“男子取下悬挂物后将其带向室内还是室外？”。二者都要求判断同一个核心可视事实，且需要的空间、时间或状态推理操作基本一致。
judgment-0297,absent,audit-0055-g01,0.88,"生成题 audit-0055-g01 询问：“[True/False] From the camera's viewpoint, the white SUV parked in the background remains consistently to the left of the small black car parked next to it throughout the video.”；参考题询问：“白色汽车绕场地行驶时方向如何持续变化？”。生成题的核心事实与参考题不同；同一视频、同一对象或相邻事件本身不足以构成覆盖。"
judgment-0298,absent,audit-0055-g01,0.88,"生成题 audit-0055-g01 询问：“[True/False] From the camera's viewpoint, the white SUV parked in the background remains consistently to the left of the small black car parked next to it throughout the video.”；参考题询问：“汽车最接近相机发生在转弯之前还是之后？”。生成题的核心事实与参考题不同；同一视频、同一对象或相邻事件本身不足以构成覆盖。"
judgment-0299,absent,audit-0055-g01,0.88,"生成题 audit-0055-g01 询问：“[True/False] From the camera's viewpoint, the white SUV parked in the background remains consistently to the left of the small black car parked next to it throughout the video.”；参考题询问：“汽车绕行时车头朝向如何改变？”。生成题的核心事实与参考题不同；同一视频、同一对象或相邻事件本身不足以构成覆盖。"
judgment-0300,absent,audit-0055-g01,0.88,"生成题 audit-0055-g01 询问：“[True/False] From the camera's viewpoint, the white SUV parked in the background remains consistently to the left of the small black car parked next to it throughout the video.”；参考题询问：“白车绕障碍物时行驶轨迹呈什么形状？”。生成题的核心事实与参考题不同；同一视频、同一对象或相邻事件本身不足以构成覆盖。"
judgment-0301,absent,audit-0055-g01,0.88,"生成题 audit-0055-g01 询问：“[True/False] From the camera's viewpoint, the white SUV parked in the background remains consistently to the left of the small black car parked next to it throughout the video.”；参考题询问：“车辆最终是否朝向相机？”。生成题的核心事实与参考题不同；同一视频、同一对象或相邻事件本身不足以构成覆盖。"
judgment-0302,absent,audit-0055-g02,0.88,"生成题 audit-0055-g02 询问：“[Fill-in-the-Blank] During the camera's movement, the three cars parked in the background are temporarily hidden. The last of these three cars to disappear completely behind the white car is the ______.”；参考题询问：“若保持当前转向车辆下一刻会靠近轮胎障碍吗？”。生成题的核心事实与参考题不同；同一视频、同一对象或相邻事件本身不足以构成覆盖。"
judgment-0303,partial,audit-0056-g01,0.72,"生成题 audit-0056-g01 询问：“[True/False] Based on the car's trajectory and the visible road at the start of the video, the car must have completed a sharp right turn immediately before the video began.”；参考题询问：“俯视视角下汽车沿弯道朝哪个方向行驶？”。二者有明确语义重合，但生成题只覆盖参考事实的一部分，或改问了不同参照、时间点、条件或细节，不能直接回答参考题。"
judgment-0304,absent,audit-0056-g01,0.88,"生成题 audit-0056-g01 询问：“[True/False] Based on the car's trajectory and the visible road at the start of the video, the car must have completed a sharp right turn immediately before the video began.”；参考题询问：“汽车与溪流之间的距离如何随弯道变化？”。生成题的核心事实与参考题不同；同一视频、同一对象或相邻事件本身不足以构成覆盖。"
judgment-0305,partial,audit-0056-g01,0.72,"生成题 audit-0056-g01 询问：“[True/False] Based on the car's trajectory and the visible road at the start of the video, the car must have completed a sharp right turn immediately before the video began.”；参考题询问：“车辆先通过急弯还是先进入较直路段？”。二者有明确语义重合，但生成题只覆盖参考事实的一部分，或改问了不同参照、时间点、条件或细节，不能直接回答参考题。"
judgment-0306,absent,audit-0056-g01,0.88,"生成题 audit-0056-g01 询问：“[True/False] Based on the car's trajectory and the visible road at the start of the video, the car must have completed a sharp right turn immediately before the video began.”；参考题询问：“两辆车在弯道上的前后关系是否改变？”。生成题的核心事实与参考题不同；同一视频、同一对象或相邻事件本身不足以构成覆盖。"
judgment-0307,absent,audit-0056-g01,0.88,"生成题 audit-0056-g01 询问：“[True/False] Based on the car's trajectory and the visible road at the start of the video, the car must have completed a sharp right turn immediately before the video began.”；参考题询问：“从俯视图看道路绕溪流哪一侧弯曲？”。生成题的核心事实与参考题不同；同一视频、同一对象或相邻事件本身不足以构成覆盖。"
judgment-0308,direct,audit-0057-g02,0.90,"生成题 audit-0057-g02 询问：“[Single-Choice] Throughout the entire video, which vehicle is consistently parked directly to the left of the red Jeep from an overhead, map-like perspective? [Options] A) The blue Jeep. B) The black Jeep. C) The silver Jeep. D) No vehicle is parked directly to its left.”；参考题询问：“红色越野车相对两侧车辆处于什么位置？”。二者都要求判断同一个核心可视事实，且需要的空间、时间或状态推理操作基本一致。"
judgment-0309,direct,audit-0057-g01,0.90,"生成题 audit-0057-g01 询问：“[Single-Choice] When the hand first enters the frame, which specific area of the red vehicle is it gesturing towards? [Options] A) The spare tire B) The rear taillight C) The driver-side rear window D) The roof”；参考题询问：“讲解者的手主要指向备胎还是车身？”。二者都要求判断同一个核心可视事实，且需要的空间、时间或状态推理操作基本一致。"
judgment-0310,absent,audit-0057-g01,0.88,"生成题 audit-0057-g01 询问：“[Single-Choice] When the hand first enters the frame, which specific area of the red vehicle is it gesturing towards? [Options] A) The spare tire B) The rear taillight C) The driver-side rear window D) The roof”；参考题询问：“镜头先展示车辆左后侧还是正后方？”。生成题的核心事实与参考题不同；同一视频、同一对象或相邻事件本身不足以构成覆盖。"
judgment-0311,partial,audit-0057-g01,0.72,"生成题 audit-0057-g01 询问：“[Single-Choice] When the hand first enters the frame, which specific area of the red vehicle is it gesturing towards? [Options] A) The spare tire B) The rear taillight C) The driver-side rear window D) The roof”；参考题询问：“红色越野车的备胎安装在哪里？”。二者有明确语义重合，但生成题只覆盖参考事实的一部分，或改问了不同参照、时间点、条件或细节，不能直接回答参考题。"
judgment-0312,partial,audit-0057-g02,0.72,"生成题 audit-0057-g02 询问：“[Single-Choice] Throughout the entire video, which vehicle is consistently parked directly to the left of the red Jeep from an overhead, map-like perspective? [Options] A) The blue Jeep. B) The black Jeep. C) The silver Jeep. D) No vehicle is parked directly to its left.”；参考题询问：“相机绕车尾移动时蓝车从哪侧出现？”。二者有明确语义重合，但生成题只覆盖参考事实的一部分，或改问了不同参照、时间点、条件或细节，不能直接回答参考题。"
judgment-0313,direct,audit-0057-g01,0.90,"生成题 audit-0057-g01 询问：“[Single-Choice] When the hand first enters the frame, which specific area of the red vehicle is it gesturing towards? [Options] A) The spare tire B) The rear taillight C) The driver-side rear window D) The roof”；参考题询问：“讲解者手势主要指向备胎还是车顶？”。二者都要求判断同一个核心可视事实，且需要的空间、时间或状态推理操作基本一致。"
judgment-0314,absent,audit-0058-g01,0.88,"生成题 audit-0058-g01 询问：“[Single-Choice] During the final seconds of the video, as the camera pans to follow the drone's flight, what is the apparent motion of the van from the camera's perspective? [Options] A) It moves toward the right side of the frame. B) It moves toward the left side of the frame. C) It remains in a fixed position within the frame. D) It gets smaller but does not move horizontally.”；参考题询问：“飞行器相对树线的高度如何变化？”。生成题的核心事实与参考题不同；同一视频、同一对象或相邻事件本身不足以构成覆盖。"
judgment-0315,absent,audit-0058-g01,0.88,"生成题 audit-0058-g01 询问：“[Single-Choice] During the final seconds of the video, as the camera pans to follow the drone's flight, what is the apparent motion of the van from the camera's perspective? [Options] A) It moves toward the right side of the frame. B) It moves toward the left side of the frame. C) It remains in a fixed position within the frame. D) It gets smaller but does not move horizontally.”；参考题询问：“飞行器最终朝场地哪一侧飞离？”。生成题的核心事实与参考题不同；同一视频、同一对象或相邻事件本身不足以构成覆盖。"
judgment-0316,absent,audit-0058-g01,0.88,"生成题 audit-0058-g01 询问：“[Single-Choice] During the final seconds of the video, as the camera pans to follow the drone's flight, what is the apparent motion of the van from the camera's perspective? [Options] A) It moves toward the right side of the frame. B) It moves toward the left side of the frame. C) It remains in a fixed position within the frame. D) It gets smaller but does not move horizontally.”；参考题询问：“飞行器从地面起飞后高度如何变化？”。生成题的核心事实与参考题不同；同一视频、同一对象或相邻事件本身不足以构成覆盖。"
judgment-0317,absent,audit-0058-g01,0.88,"生成题 audit-0058-g01 询问：“[Single-Choice] During the final seconds of the video, as the camera pans to follow the drone's flight, what is the apparent motion of the van from the camera's perspective? [Options] A) It moves toward the right side of the frame. B) It moves toward the left side of the frame. C) It remains in a fixed position within the frame. D) It gets smaller but does not move horizontally.”；参考题询问：“飞行器升空前地面车辆是否移动？”。生成题的核心事实与参考题不同；同一视频、同一对象或相邻事件本身不足以构成覆盖。"
judgment-0318,absent,audit-0058-g01,0.88,"生成题 audit-0058-g01 询问：“[Single-Choice] During the final seconds of the video, as the camera pans to follow the drone's flight, what is the apparent motion of the van from the camera's perspective? [Options] A) It moves toward the right side of the frame. B) It moves toward the left side of the frame. C) It remains in a fixed position within the frame. D) It gets smaller but does not move horizontally.”；参考题询问：“飞行器最终相对树线位于上方吗？”。生成题的核心事实与参考题不同；同一视频、同一对象或相邻事件本身不足以构成覆盖。"
judgment-0319,absent,audit-0059-g01,0.88,"生成题 audit-0059-g01 询问：“[Single-Choice] Between 00:09 and 00:11, the surfer performs a maneuver that directs them back toward the breaking part of the wave. What is the primary spatial purpose of this action? [Options] A) To deliberately stop and end the ride on the whitewater. B) To position the board back into the wave's main source of power. C) To move into a position to jump over the wave. D) To avoid a collision with the yellow buoy.”；参考题询问：“冲浪者在整段中是否保持站立？”。生成题的核心事实与参考题不同；同一视频、同一对象或相邻事件本身不足以构成覆盖。"
judgment-0320,absent,audit-0059-g01,0.88,"生成题 audit-0059-g01 询问：“[Single-Choice] Between 00:09 and 00:11, the surfer performs a maneuver that directs them back toward the breaking part of the wave. What is the primary spatial purpose of this action? [Options] A) To deliberately stop and end the ride on the whitewater. B) To position the board back into the wave's main source of power. C) To move into a position to jump over the wave. D) To avoid a collision with the yellow buoy.”；参考题询问：“冲浪者消失在浪后发生在最后一次转向之前还是之后？”。生成题的核心事实与参考题不同；同一视频、同一对象或相邻事件本身不足以构成覆盖。"
judgment-0321,partial,audit-0059-g01,0.72,"生成题 audit-0059-g01 询问：“[Single-Choice] Between 00:09 and 00:11, the surfer performs a maneuver that directs them back toward the breaking part of the wave. What is the primary spatial purpose of this action? [Options] A) To deliberately stop and end the ride on the whitewater. B) To position the board back into the wave's main source of power. C) To move into a position to jump over the wave. D) To avoid a collision with the yellow buoy.”；参考题询问：“冲浪者在片段中是否完成了不止一次方向相反的明显转向？”。二者有明确语义重合，但生成题只覆盖参考事实的一部分，或改问了不同参照、时间点、条件或细节，不能直接回答参考题。"
judgment-0322,partial,audit-0059-g01,0.72,"生成题 audit-0059-g01 询问：“[Single-Choice] Between 00:09 and 00:11, the surfer performs a maneuver that directs them back toward the breaking part of the wave. What is the primary spatial purpose of this action? [Options] A) To deliberately stop and end the ride on the whitewater. B) To position the board back into the wave's main source of power. C) To move into a position to jump over the wave. D) To avoid a collision with the yellow buoy.”；参考题询问：“冲浪者相对浪峰的位置如何变化？”。二者有明确语义重合，但生成题只覆盖参考事实的一部分，或改问了不同参照、时间点、条件或细节，不能直接回答参考题。"
judgment-0323,absent,audit-0059-g01,0.88,"生成题 audit-0059-g01 询问：“[Single-Choice] Between 00:09 and 00:11, the surfer performs a maneuver that directs them back toward the breaking part of the wave. What is the primary spatial purpose of this action? [Options] A) To deliberately stop and end the ride on the whitewater. B) To position the board back into the wave's main source of power. C) To move into a position to jump over the wave. D) To avoid a collision with the yellow buoy.”；参考题询问：“浪破碎后冲浪者是否继续保持站立？”。生成题的核心事实与参考题不同；同一视频、同一对象或相邻事件本身不足以构成覆盖。"
judgment-0324,partial,audit-0060-g02,0.72,生成题 audit-0060-g02 询问：“[True/False] The front of the moving black car is first occluded by the person in the black shirt and shorts before it is occluded by the person in the grey shirt.”；参考题询问：“黑色汽车朝人群靠近时距离如何变化？”。二者有明确语义重合，但生成题只覆盖参考事实的一部分，或改问了不同参照、时间点、条件或细节，不能直接回答参考题。
judgment-0325,partial,audit-0060-g02,0.72,生成题 audit-0060-g02 询问：“[True/False] The front of the moving black car is first occluded by the person in the black shirt and shorts before it is occluded by the person in the grey shirt.”；参考题询问：“人群是否在车辆靠近时让出行驶空间？”。二者有明确语义重合，但生成题只覆盖参考事实的一部分，或改问了不同参照、时间点、条件或细节，不能直接回答参考题。
judgment-0326,absent,audit-0060-g02,0.88,生成题 audit-0060-g02 询问：“[True/False] The front of the moving black car is first occluded by the person in the black shirt and shorts before it is occluded by the person in the grey shirt.”；参考题询问：“车辆到达人群前是否改变车头朝向？”。生成题的核心事实与参考题不同；同一视频、同一对象或相邻事件本身不足以构成覆盖。
judgment-0327,absent,audit-0060-g02,0.88,生成题 audit-0060-g02 询问：“[True/False] The front of the moving black car is first occluded by the person in the black shirt and shorts before it is occluded by the person in the grey shirt.”；参考题询问：“黑车接近人群时是否改变朝向？”。生成题的核心事实与参考题不同；同一视频、同一对象或相邻事件本身不足以构成覆盖。
judgment-0328,partial,audit-0060-g02,0.72,生成题 audit-0060-g02 询问：“[True/False] The front of the moving black car is first occluded by the person in the black shirt and shorts before it is occluded by the person in the grey shirt.”；参考题询问：“人群在车辆靠近前是否向两侧让开？”。二者有明确语义重合，但生成题只覆盖参考事实的一部分，或改问了不同参照、时间点、条件或细节，不能直接回答参考题。
judgment-0329,absent,audit-0060-g02,0.88,生成题 audit-0060-g02 询问：“[True/False] The front of the moving black car is first occluded by the person in the black shirt and shorts before it is occluded by the person in the grey shirt.”；参考题询问：“车辆最终停在人群的哪一侧？”。生成题的核心事实与参考题不同；同一视频、同一对象或相邻事件本身不足以构成覆盖。
judgment-0330,absent,audit-0061-g01,0.88,"生成题 audit-0061-g01 询问：“[Single-Choice] At the 13-second mark, the elephant is walking on the paved road. If it were to make an immediate 90-degree turn to its left, what object would be directly in its path? [Options] A) The white building with the metal roof. B) The large tree with dense leaves. C) A different elephant in an enclosure. D) The modern wooden tower.”；参考题询问：“骑象者沿道路行进时主要面向哪个方向？”。生成题的核心事实与参考题不同；同一视频、同一对象或相邻事件本身不足以构成覆盖。"
judgment-0331,absent,audit-0061-g01,0.88,"生成题 audit-0061-g01 询问：“[Single-Choice] At the 13-second mark, the elephant is walking on the paved road. If it were to make an immediate 90-degree turn to its left, what object would be directly in its path? [Options] A) The white building with the metal roof. B) The large tree with dense leaves. C) A different elephant in an enclosure. D) The modern wooden tower.”；参考题询问：“大象与随行步行者的前后关系如何变化？”。生成题的核心事实与参考题不同；同一视频、同一对象或相邻事件本身不足以构成覆盖。"
judgment-0332,absent,audit-0061-g01,0.88,"生成题 audit-0061-g01 询问：“[Single-Choice] At the 13-second mark, the elephant is walking on the paved road. If it were to make an immediate 90-degree turn to its left, what object would be directly in its path? [Options] A) The white building with the metal roof. B) The large tree with dense leaves. C) A different elephant in an enclosure. D) The modern wooden tower.”；参考题询问：“大象先经过住宅还是先到达停放车辆附近？”。生成题的核心事实与参考题不同；同一视频、同一对象或相邻事件本身不足以构成覆盖。"
judgment-0333,absent,audit-0061-g01,0.88,"生成题 audit-0061-g01 询问：“[Single-Choice] At the 13-second mark, the elephant is walking on the paved road. If it were to make an immediate 90-degree turn to its left, what object would be directly in its path? [Options] A) The white building with the metal roof. B) The large tree with dense leaves. C) A different elephant in an enclosure. D) The modern wooden tower.”；参考题询问：“大象沿道路行走时骑手始终面向前方吗？”。生成题的核心事实与参考题不同；同一视频、同一对象或相邻事件本身不足以构成覆盖。"
judgment-0334,absent,audit-0061-g01,0.88,"生成题 audit-0061-g01 询问：“[Single-Choice] At the 13-second mark, the elephant is walking on the paved road. If it were to make an immediate 90-degree turn to its left, what object would be directly in its path? [Options] A) The white building with the metal roof. B) The large tree with dense leaves. C) A different elephant in an enclosure. D) The modern wooden tower.”；参考题询问：“大象与随行人员的前后关系如何变化？”。生成题的核心事实与参考题不同；同一视频、同一对象或相邻事件本身不足以构成覆盖。"
judgment-0335,partial,audit-0061-g01,0.72,"生成题 audit-0061-g01 询问：“[Single-Choice] At the 13-second mark, the elephant is walking on the paved road. If it were to make an immediate 90-degree turn to its left, what object would be directly in its path? [Options] A) The white building with the metal roof. B) The large tree with dense leaves. C) A different elephant in an enclosure. D) The modern wooden tower.”；参考题询问：“大象最终朝建筑还是远离建筑移动？”。二者有明确语义重合，但生成题只覆盖参考事实的一部分，或改问了不同参照、时间点、条件或细节，不能直接回答参考题。"
judgment-0336,partial,audit-0062-g02,0.72,"生成题 audit-0062-g02 询问：“[Single-Choice] The camera's movement—panning across the landscape and then quickly turning to the person—is structured to achieve what spatial effect? [Options] A) To show that the person is walking from the tree towards the camera. B) To survey the entire length of the coastline from one end to the other. C) To create a surprise reveal, positioning the person as the observer of the scene just presented. D) To hide the location of the ocean relative to the person.”；参考题询问：“镜头先扫过海边果岭还是先出现自拍者？”。二者有明确语义重合，但生成题只覆盖参考事实的一部分，或改问了不同参照、时间点、条件或细节，不能直接回答参考题。"
judgment-0337,absent,audit-0062-g01,0.88,"生成题 audit-0062-g01 询问：“[True/False] Based on the final reveal, the person was standing to the left of the prominent tree (from the camera's initial point of view) throughout the entire video.”；参考题询问：“孤立树木相对海岸位于哪一侧？”。生成题的核心事实与参考题不同；同一视频、同一对象或相邻事件本身不足以构成覆盖。"
judgment-0338,partial,audit-0062-g02,0.72,"生成题 audit-0062-g02 询问：“[Single-Choice] The camera's movement—panning across the landscape and then quickly turning to the person—is structured to achieve what spatial effect? [Options] A) To show that the person is walking from the tree towards the camera. B) To survey the entire length of the coastline from one end to the other. C) To create a surprise reveal, positioning the person as the observer of the scene just presented. D) To hide the location of the ocean relative to the person.”；参考题询问：“相机转向自拍时果岭在画面中如何移出？”。二者有明确语义重合，但生成题只覆盖参考事实的一部分，或改问了不同参照、时间点、条件或细节，不能直接回答参考题。"
judgment-0339,partial,audit-0062-g02,0.72,"生成题 audit-0062-g02 询问：“[Single-Choice] The camera's movement—panning across the landscape and then quickly turning to the person—is structured to achieve what spatial effect? [Options] A) To show that the person is walking from the tree towards the camera. B) To survey the entire length of the coastline from one end to the other. C) To create a surprise reveal, positioning the person as the observer of the scene just presented. D) To hide the location of the ocean relative to the person.”；参考题询问：“镜头先展示海岸还是最后出现人物？”。二者有明确语义重合，但生成题只覆盖参考事实的一部分，或改问了不同参照、时间点、条件或细节，不能直接回答参考题。"
judgment-0340,absent,audit-0062-g01,0.88,"生成题 audit-0062-g01 询问：“[True/False] Based on the final reveal, the person was standing to the left of the prominent tree (from the camera's initial point of view) throughout the entire video.”；参考题询问：“孤立树位于果岭哪一侧？”。生成题的核心事实与参考题不同；同一视频、同一对象或相邻事件本身不足以构成覆盖。"
judgment-0341,partial,audit-0062-g02,0.72,"生成题 audit-0062-g02 询问：“[Single-Choice] The camera's movement—panning across the landscape and then quickly turning to the person—is structured to achieve what spatial effect? [Options] A) To show that the person is walking from the tree towards the camera. B) To survey the entire length of the coastline from one end to the other. C) To create a surprise reveal, positioning the person as the observer of the scene just presented. D) To hide the location of the ocean relative to the person.”；参考题询问：“镜头平移时海岸线相对画面如何移动？”。二者有明确语义重合，但生成题只覆盖参考事实的一部分，或改问了不同参照、时间点、条件或细节，不能直接回答参考题。"
judgment-0342,absent,audit-0063-g01,0.88,"生成题 audit-0063-g01 询问：“[Single-Choice] As the car navigates the curve, what is the spatial relationship between the car's direction of travel and the orientation of its body? [Options] A) The car's body is perfectly aligned with its direction of travel. B) The rear of the car is angled outward, away from the center of the turn. C) The front of the car is pointed directly towards the outside edge of the track. D) The car's body is angled slightly inward, towards the center of the turn, relative to its path.”；参考题询问：“敞篷车顶在行驶过程中如何改变状态？”。生成题的核心事实与参考题不同；同一视频、同一对象或相邻事件本身不足以构成覆盖。"
judgment-0343,absent,audit-0063-g01,0.88,"生成题 audit-0063-g01 询问：“[Single-Choice] As the car navigates the curve, what is the spatial relationship between the car's direction of travel and the orientation of its body? [Options] A) The car's body is perfectly aligned with its direction of travel. B) The rear of the car is angled outward, away from the center of the turn. C) The front of the car is pointed directly towards the outside edge of the track. D) The car's body is angled slightly inward, towards the center of the turn, relative to its path.”；参考题询问：“车顶开始移动发生在车辆进入弯道之前还是之后？”。生成题的核心事实与参考题不同；同一视频、同一对象或相邻事件本身不足以构成覆盖。"
judgment-0344,absent,audit-0063-g01,0.88,"生成题 audit-0063-g01 询问：“[Single-Choice] As the car navigates the curve, what is the spatial relationship between the car's direction of travel and the orientation of its body? [Options] A) The car's body is perfectly aligned with its direction of travel. B) The rear of the car is angled outward, away from the center of the turn. C) The front of the car is pointed directly towards the outside edge of the track. D) The car's body is angled slightly inward, towards the center of the turn, relative to its path.”；参考题询问：“车顶收起后驾驶者是否持续可见？”。生成题的核心事实与参考题不同；同一视频、同一对象或相邻事件本身不足以构成覆盖。"
judgment-0345,partial,audit-0063-g01,0.72,"生成题 audit-0063-g01 询问：“[Single-Choice] As the car navigates the curve, what is the spatial relationship between the car's direction of travel and the orientation of its body? [Options] A) The car's body is perfectly aligned with its direction of travel. B) The rear of the car is angled outward, away from the center of the turn. C) The front of the car is pointed directly towards the outside edge of the track. D) The car's body is angled slightly inward, towards the center of the turn, relative to its path.”；参考题询问：“敞篷车驶入弯道后朝向如何改变？”。二者有明确语义重合，但生成题只覆盖参考事实的一部分，或改问了不同参照、时间点、条件或细节，不能直接回答参考题。"
judgment-0346,absent,audit-0063-g01,0.88,"生成题 audit-0063-g01 询问：“[Single-Choice] As the car navigates the curve, what is the spatial relationship between the car's direction of travel and the orientation of its body? [Options] A) The car's body is perfectly aligned with its direction of travel. B) The rear of the car is angled outward, away from the center of the turn. C) The front of the car is pointed directly towards the outside edge of the track. D) The car's body is angled slightly inward, towards the center of the turn, relative to its path.”；参考题询问：“汽车与拍摄车辆的距离如何变化？”。生成题的核心事实与参考题不同；同一视频、同一对象或相邻事件本身不足以构成覆盖。"
judgment-0347,absent,audit-0063-g01,0.88,"生成题 audit-0063-g01 询问：“[Single-Choice] As the car navigates the curve, what is the spatial relationship between the car's direction of travel and the orientation of its body? [Options] A) The car's body is perfectly aligned with its direction of travel. B) The rear of the car is angled outward, away from the center of the turn. C) The front of the car is pointed directly towards the outside edge of the track. D) The car's body is angled slightly inward, towards the center of the turn, relative to its path.”；参考题询问：“驾驶员在弯道前面向道路前方吗？”。生成题的核心事实与参考题不同；同一视频、同一对象或相邻事件本身不足以构成覆盖。"
judgment-0348,partial,audit-0064-g01,0.72,生成题 audit-0064-g01 询问：“[True/False] The object held in the hand at the end of the video was originally a separate piece that was meant to be attached to the front of the fixture in the wall.”；参考题询问：“钳子夹持的金属件最终是否被取下？”。二者有明确语义重合，但生成题只覆盖参考事实的一部分，或改问了不同参照、时间点、条件或细节，不能直接回答参考题。
judgment-0349,partial,audit-0064-g01,0.72,生成题 audit-0064-g01 询问：“[True/False] The object held in the hand at the end of the video was originally a separate piece that was meant to be attached to the front of the fixture in the wall.”；参考题询问：“金属件相对墙洞的位置如何变化？”。二者有明确语义重合，但生成题只覆盖参考事实的一部分，或改问了不同参照、时间点、条件或细节，不能直接回答参考题。
judgment-0350,partial,audit-0064-g01,0.72,生成题 audit-0064-g01 询问：“[True/False] The object held in the hand at the end of the video was originally a separate piece that was meant to be attached to the front of the fixture in the wall.”；参考题询问：“手拿起小零件发生在松开钳子之前还是之后？”。二者有明确语义重合，但生成题只覆盖参考事实的一部分，或改问了不同参照、时间点、条件或细节，不能直接回答参考题。
judgment-0351,partial,audit-0064-g01,0.72,生成题 audit-0064-g01 询问：“[True/False] The object held in the hand at the end of the video was originally a separate piece that was meant to be attached to the front of the fixture in the wall.”；参考题询问：“钳子夹住墙内零件后零件是否被取出？”。二者有明确语义重合，但生成题只覆盖参考事实的一部分，或改问了不同参照、时间点、条件或细节，不能直接回答参考题。
judgment-0352,absent,audit-0064-g01,0.88,生成题 audit-0064-g01 询问：“[True/False] The object held in the hand at the end of the video was originally a separate piece that was meant to be attached to the front of the fixture in the wall.”；参考题询问：“工具始终位于瓷砖孔洞的右侧吗？”。生成题的核心事实与参考题不同；同一视频、同一对象或相邻事件本身不足以构成覆盖。
judgment-0353,partial,audit-0064-g01,0.72,生成题 audit-0064-g01 询问：“[True/False] The object held in the hand at the end of the video was originally a separate piece that was meant to be attached to the front of the fixture in the wall.”；参考题询问：“操作者拉动钳子的直接目标是什么？”。二者有明确语义重合，但生成题只覆盖参考事实的一部分，或改问了不同参照、时间点、条件或细节，不能直接回答参考题。
judgment-0354,absent,audit-0065-g01,0.88,"生成题 audit-0065-g01 询问：“[Multiple-Select] At the start of the video, a group of three young people are standing near a silver sign. Based on their initial orientation and subsequent movement, what is their immediate group objective? [Options] A) To turn left and enter the shop with the purple awning. B) To wait for someone to approach them from further down the arcade. C) To walk forward, following the path of another person who just left their group. D) To turn around and walk back toward the camera's starting point.”；参考题询问：“步行镜头中行人流主要朝向相机还是远离相机？”。生成题的核心事实与参考题不同；同一视频、同一对象或相邻事件本身不足以构成覆盖。"
judgment-0355,absent,audit-0065-g01,0.88,"生成题 audit-0065-g01 询问：“[Multiple-Select] At the start of the video, a group of three young people are standing near a silver sign. Based on their initial orientation and subsequent movement, what is their immediate group objective? [Options] A) To turn left and enter the shop with the purple awning. B) To wait for someone to approach them from further down the arcade. C) To walk forward, following the path of another person who just left their group. D) To turn around and walk back toward the camera's starting point.”；参考题询问：“镜头前进时两侧店铺的相对位置如何变化？”。生成题的核心事实与参考题不同；同一视频、同一对象或相邻事件本身不足以构成覆盖。"
judgment-0356,absent,audit-0065-g01,0.88,"生成题 audit-0065-g01 询问：“[Multiple-Select] At the start of the video, a group of three young people are standing near a silver sign. Based on their initial orientation and subsequent movement, what is their immediate group objective? [Options] A) To turn left and enter the shop with the purple awning. B) To wait for someone to approach them from further down the arcade. C) To walk forward, following the path of another person who just left their group. D) To turn around and walk back toward the camera's starting point.”；参考题询问：“绿色招牌先出现还是大型红色招牌先出现？”。生成题的核心事实与参考题不同；同一视频、同一对象或相邻事件本身不足以构成覆盖。"
judgment-0357,partial,audit-0065-g01,0.72,"生成题 audit-0065-g01 询问：“[Multiple-Select] At the start of the video, a group of three young people are standing near a silver sign. Based on their initial orientation and subsequent movement, what is their immediate group objective? [Options] A) To turn left and enter the shop with the purple awning. B) To wait for someone to approach them from further down the arcade. C) To walk forward, following the path of another person who just left their group. D) To turn around and walk back toward the camera's starting point.”；参考题询问：“观察者沿商场通道主要向前还是向后移动？”。二者有明确语义重合，但生成题只覆盖参考事实的一部分，或改问了不同参照、时间点、条件或细节，不能直接回答参考题。"
judgment-0358,absent,audit-0065-g01,0.88,"生成题 audit-0065-g01 询问：“[Multiple-Select] At the start of the video, a group of three young people are standing near a silver sign. Based on their initial orientation and subsequent movement, what is their immediate group objective? [Options] A) To turn left and enter the shop with the purple awning. B) To wait for someone to approach them from further down the arcade. C) To walk forward, following the path of another person who just left their group. D) To turn around and walk back toward the camera's starting point.”；参考题询问：“红色招牌商店位于通道哪一侧？”。生成题的核心事实与参考题不同；同一视频、同一对象或相邻事件本身不足以构成覆盖。"
judgment-0359,absent,audit-0065-g01,0.88,"生成题 audit-0065-g01 询问：“[Multiple-Select] At the start of the video, a group of three young people are standing near a silver sign. Based on their initial orientation and subsequent movement, what is their immediate group objective? [Options] A) To turn left and enter the shop with the purple awning. B) To wait for someone to approach them from further down the arcade. C) To walk forward, following the path of another person who just left their group. D) To turn around and walk back toward the camera's starting point.”；参考题询问：“迎面行人是否在经过相机后离开视野？”。生成题的核心事实与参考题不同；同一视频、同一对象或相邻事件本身不足以构成覆盖。"
judgment-0360,absent,audit-0066-g01,0.88,"生成题 audit-0066-g01 询问：“[True/False] In the first minute of the video, every time the person walking the dog comes to a complete stop, the dog sits.”；参考题询问：“广场人群是否逐渐聚集成一支队伍？”。生成题的核心事实与参考题不同；同一视频、同一对象或相邻事件本身不足以构成覆盖。"
judgment-0361,absent,audit-0066-g01,0.88,"生成题 audit-0066-g01 询问：“[True/False] In the first minute of the video, every time the person walking the dog comes to a complete stop, the dog sits.”；参考题询问：“华盛顿纪念碑相对人群位于哪个方向？”。生成题的核心事实与参考题不同；同一视频、同一对象或相邻事件本身不足以构成覆盖。"
judgment-0362,absent,audit-0066-g01,0.88,"生成题 audit-0066-g01 询问：“[True/False] In the first minute of the video, every time the person walking the dog comes to a complete stop, the dog sits.”；参考题询问：“镜头先展示纪念碑还是先转向台阶旁队伍？”。生成题的核心事实与参考题不同；同一视频、同一对象或相邻事件本身不足以构成覆盖。"
judgment-0363,absent,audit-0066-g01,0.88,"生成题 audit-0066-g01 询问：“[True/False] In the first minute of the video, every time the person walking the dog comes to a complete stop, the dog sits.”；参考题询问：“人群在广场中的密度随镜头移动如何变化？”。生成题的核心事实与参考题不同；同一视频、同一对象或相邻事件本身不足以构成覆盖。"
judgment-0364,absent,audit-0066-g01,0.88,"生成题 audit-0066-g01 询问：“[True/False] In the first minute of the video, every time the person walking the dog comes to a complete stop, the dog sits.”；参考题询问：“纪念碑相对水池位于什么方向？”。生成题的核心事实与参考题不同；同一视频、同一对象或相邻事件本身不足以构成覆盖。"
judgment-0365,absent,audit-0066-g01,0.88,"生成题 audit-0066-g01 询问：“[True/False] In the first minute of the video, every time the person walking the dog comes to a complete stop, the dog sits.”；参考题询问：“推婴儿车的人是否从画面一侧走到另一侧？”。生成题的核心事实与参考题不同；同一视频、同一对象或相邻事件本身不足以构成覆盖。"
judgment-0366,direct,audit-0067-g01,0.90,"生成题 audit-0067-g01 询问：“[True/False] If the driver had turned left instead of right at the intersection, the white van would have been on their left side after the turn.”；参考题询问：“摩托车在路口选择了哪个行进方向？”。二者都要求判断同一个核心可视事实，且需要的空间、时间或状态推理操作基本一致。"
judgment-0367,partial,audit-0067-g01,0.72,"生成题 audit-0067-g01 询问：“[True/False] If the driver had turned left instead of right at the intersection, the white van would have been on their left side after the turn.”；参考题询问：“从骑手视角看转弯目标道路位于哪一侧？”。二者有明确语义重合，但生成题只覆盖参考事实的一部分，或改问了不同参照、时间点、条件或细节，不能直接回答参考题。"
judgment-0368,absent,audit-0067-g01,0.88,"生成题 audit-0067-g01 询问：“[True/False] If the driver had turned left instead of right at the intersection, the white van would have been on their left side after the turn.”；参考题询问：“转弯发生在经过红色房屋之前还是之后？”。生成题的核心事实与参考题不同；同一视频、同一对象或相邻事件本身不足以构成覆盖。"
judgment-0369,direct,audit-0067-g01,0.90,"生成题 audit-0067-g01 询问：“[True/False] If the driver had turned left instead of right at the intersection, the white van would have been on their left side after the turn.”；参考题询问：“摩托车驶过路口时向哪一侧转弯？”。二者都要求判断同一个核心可视事实，且需要的空间、时间或状态推理操作基本一致。"
judgment-0370,partial,audit-0067-g01,0.72,"生成题 audit-0067-g01 询问：“[True/False] If the driver had turned left instead of right at the intersection, the white van would have been on their left side after the turn.”；参考题询问：“白色车辆最初位于骑手哪一侧？”。二者有明确语义重合，但生成题只覆盖参考事实的一部分，或改问了不同参照、时间点、条件或细节，不能直接回答参考题。"
judgment-0371,direct,audit-0068-g01,0.90,生成题 audit-0068-g01 询问：“[Single-Choice] What spatial action does the employee perform to place the large cookie cake into the display case? [Options] A) She lifts the front glass panel and places the cake inside. B) She opens a sliding door at the back and puts the cake in. C) She slides the cake through an opening between the bottom tray and the front glass. D) She places the cake on a rotating stand that moves into the case.”；参考题询问：“店员从柜台后取出的绿色甜点最终放在哪里？”。二者都要求判断同一个核心可视事实，且需要的空间、时间或状态推理操作基本一致。
judgment-0372,absent,audit-0068-g01,0.88,生成题 audit-0068-g01 询问：“[Single-Choice] What spatial action does the employee perform to place the large cookie cake into the display case? [Options] A) She lifts the front glass panel and places the cake inside. B) She opens a sliding door at the back and puts the cake in. C) She slides the cake through an opening between the bottom tray and the front glass. D) She places the cake on a rotating stand that moves into the case.”；参考题询问：“甜点出现发生在顾客到达柜台之前还是之后？”。生成题的核心事实与参考题不同；同一视频、同一对象或相邻事件本身不足以构成覆盖。
judgment-0373,partial,audit-0068-g01,0.72,生成题 audit-0068-g01 询问：“[Single-Choice] What spatial action does the employee perform to place the large cookie cake into the display case? [Options] A) She lifts the front glass panel and places the cake inside. B) She opens a sliding door at the back and puts the cake in. C) She slides the cake through an opening between the bottom tray and the front glass. D) She places the cake on a rotating stand that moves into the case.”；参考题询问：“绿色甜点相对玻璃柜台位于哪一侧？”。二者有明确语义重合，但生成题只覆盖参考事实的一部分，或改问了不同参照、时间点、条件或细节，不能直接回答参考题。
judgment-0374,direct,audit-0068-g03,0.90,"生成题 audit-0068-g03 询问：“[True/False] From the video's initial wide-shot perspective, the 'Mrs. Fields' kiosk is to the right of the large Christmas tree.”；参考题询问：“镜头先展示圣诞树还是蛋糕柜台？”。二者都要求判断同一个核心可视事实，且需要的空间、时间或状态推理操作基本一致。"
judgment-0375,absent,audit-0068-g01,0.88,生成题 audit-0068-g01 询问：“[Single-Choice] What spatial action does the employee perform to place the large cookie cake into the display case? [Options] A) She lifts the front glass panel and places the cake inside. B) She opens a sliding door at the back and puts the cake in. C) She slides the cake through an opening between the bottom tray and the front glass. D) She places the cake on a rotating stand that moves into the case.”；参考题询问：“绿色蛋糕上主要装饰着什么形状？”。生成题的核心事实与参考题不同；同一视频、同一对象或相邻事件本身不足以构成覆盖。
judgment-0376,partial,audit-0068-g01,0.72,生成题 audit-0068-g01 询问：“[Single-Choice] What spatial action does the employee perform to place the large cookie cake into the display case? [Options] A) She lifts the front glass panel and places the cake inside. B) She opens a sliding door at the back and puts the cake in. C) She slides the cake through an opening between the bottom tray and the front glass. D) She places the cake on a rotating stand that moves into the case.”；参考题询问：“店员把蛋糕移向展示柜前方了吗？”。二者有明确语义重合，但生成题只覆盖参考事实的一部分，或改问了不同参照、时间点、条件或细节，不能直接回答参考题。
judgment-0377,partial,audit-0069-g01,0.72,生成题 audit-0069-g01 询问：“[True/False] The winding road seen across the valley at 00:04 is at a higher elevation than the road the camera is traveling on.”；参考题询问：“山谷在道路弯曲过程中位于车辆哪一侧？”。二者有明确语义重合，但生成题只覆盖参考事实的一部分，或改问了不同参照、时间点、条件或细节，不能直接回答参考题。
judgment-0378,absent,audit-0069-g01,0.88,生成题 audit-0069-g01 询问：“[True/False] The winding road seen across the valley at 00:04 is at a higher elevation than the road the camera is traveling on.”；参考题询问：“镜头沿山路移动时近处护栏如何掠过画面？”。生成题的核心事实与参考题不同；同一视频、同一对象或相邻事件本身不足以构成覆盖。
judgment-0379,absent,audit-0069-g01,0.88,生成题 audit-0069-g01 询问：“[True/False] The winding road seen across the valley at 00:04 is at a higher elevation than the road the camera is traveling on.”；参考题询问：“路牌先出现还是大片针叶树先出现？”。生成题的核心事实与参考题不同；同一视频、同一对象或相邻事件本身不足以构成覆盖。
judgment-0380,partial,audit-0069-g01,0.72,生成题 audit-0069-g01 询问：“[True/False] The winding road seen across the valley at 00:04 is at a higher elevation than the road the camera is traveling on.”；参考题询问：“镜头平移时山谷先出现在画面哪一侧？”。二者有明确语义重合，但生成题只覆盖参考事实的一部分，或改问了不同参照、时间点、条件或细节，不能直接回答参考题。
judgment-0381,partial,audit-0069-g01,0.72,生成题 audit-0069-g01 询问：“[True/False] The winding road seen across the valley at 00:04 is at a higher elevation than the road the camera is traveling on.”；参考题询问：“道路位于陡坡上方还是下方？”。二者有明确语义重合，但生成题只覆盖参考事实的一部分，或改问了不同参照、时间点、条件或细节，不能直接回答参考题。
judgment-0382,partial,audit-0069-g02,0.72,"生成题 audit-0069-g02 询问：“[Single-Choice] Between 00:08 and 00:10, the branches of the bare tree in the foreground pass in front of and briefly hide which feature? [Options] A) The highest mountain peak in the distance. B) A section of the road deep in the valley. C) A cluster of houses on the opposite hillside. D) The group of pine trees on the far right.”；参考题询问：“树木经过前景时是否短暂遮挡山谷？”。二者有明确语义重合，但生成题只覆盖参考事实的一部分，或改问了不同参照、时间点、条件或细节，不能直接回答参考题。"
judgment-0383,partial,audit-0070-g01,0.72,生成题 audit-0070-g01 询问：“[Single-Choice] What is the primary state transition of the rocket shown in the video? [Options] A) From a stationary state to a state of upward acceleration. B) From a horizontal orientation to a vertical orientation. C) From a disassembled state to an assembled state. D) From being attached to a train to being attached to a launch tower.”；参考题询问：“火箭在发射架上是否逐渐抬升到倾斜位置？”。二者有明确语义重合，但生成题只覆盖参考事实的一部分，或改问了不同参照、时间点、条件或细节，不能直接回答参考题。
judgment-0384,direct,audit-0070-g01,0.90,生成题 audit-0070-g01 询问：“[Single-Choice] What is the primary state transition of the rocket shown in the video? [Options] A) From a stationary state to a state of upward acceleration. B) From a horizontal orientation to a vertical orientation. C) From a disassembled state to an assembled state. D) From being attached to a train to being attached to a launch tower.”；参考题询问：“火箭尖端相对地面的高度如何变化？”。二者都要求判断同一个核心可视事实，且需要的空间、时间或状态推理操作基本一致。
judgment-0385,absent,audit-0070-g01,0.88,生成题 audit-0070-g01 询问：“[Single-Choice] What is the primary state transition of the rocket shown in the video? [Options] A) From a stationary state to a state of upward acceleration. B) From a horizontal orientation to a vertical orientation. C) From a disassembled state to an assembled state. D) From being attached to a train to being attached to a launch tower.”；参考题询问：“火箭主体抬起发生在支撑结构可见之前还是之后？”。生成题的核心事实与参考题不同；同一视频、同一对象或相邻事件本身不足以构成覆盖。
judgment-0386,partial,audit-0070-g01,0.72,生成题 audit-0070-g01 询问：“[Single-Choice] What is the primary state transition of the rocket shown in the video? [Options] A) From a stationary state to a state of upward acceleration. B) From a horizontal orientation to a vertical orientation. C) From a disassembled state to an assembled state. D) From being attached to a train to being attached to a launch tower.”；参考题询问：“火箭在片段中是否发生真实位移？”。二者有明确语义重合，但生成题只覆盖参考事实的一部分，或改问了不同参照、时间点、条件或细节，不能直接回答参考题。
judgment-0387,partial,audit-0070-g02,0.72,"生成题 audit-0070-g02 询问：“[True/False] During the lift, the large green erector arm moves from being positioned underneath the rocket to temporarily occluding the rocket's side boosters from the camera's point of view.”；参考题询问：“火箭尖端相对发射架位于什么方向？”。二者有明确语义重合，但生成题只覆盖参考事实的一部分，或改问了不同参照、时间点、条件或细节，不能直接回答参考题。"
judgment-0388,absent,audit-0070-g02,0.88,"生成题 audit-0070-g02 询问：“[True/False] During the lift, the large green erector arm moves from being positioned underneath the rocket to temporarily occluding the rocket's side boosters from the camera's point of view.”；参考题询问：“镜头从箭体下方向尖端移动吗？”。生成题的核心事实与参考题不同；同一视频、同一对象或相邻事件本身不足以构成覆盖。"
judgment-0389,direct,audit-0071-g02,0.90,"生成题 audit-0071-g02 询问：“[Single-Choice] Immediately after the person's finger presses the 'POWER' button, where do new, bright graphics first appear? [Options] A) Only on the screen directly behind the steering wheel. B) On the analog clock to the right of the center screen. C) On both the screen behind the steering wheel and the central screen simultaneously. D) Only on the central screen.”；参考题询问：“按下启动按钮后仪表盘显示如何变化？”。二者都要求判断同一个核心可视事实，且需要的空间、时间或状态推理操作基本一致。"
judgment-0390,direct,audit-0071-g02,0.90,"生成题 audit-0071-g02 询问：“[Single-Choice] Immediately after the person's finger presses the 'POWER' button, where do new, bright graphics first appear? [Options] A) Only on the screen directly behind the steering wheel. B) On the analog clock to the right of the center screen. C) On both the screen behind the steering wheel and the central screen simultaneously. D) Only on the central screen.”；参考题询问：“中控屏与仪表盘哪一个先亮起？”。二者都要求判断同一个核心可视事实，且需要的空间、时间或状态推理操作基本一致。"
judgment-0391,absent,audit-0071-g01,0.88,生成题 audit-0071-g01 询问：“[Fill-in-the-Blank] The primary visual event in the video is the state transition of the two large screens from an off state to an ______ state.”；参考题询问：“方向盘相对中控屏位于驾驶者哪一侧？”。生成题的核心事实与参考题不同；同一视频、同一对象或相邻事件本身不足以构成覆盖。
judgment-0392,direct,audit-0071-g01,0.90,生成题 audit-0071-g01 询问：“[Fill-in-the-Blank] The primary visual event in the video is the state transition of the two large screens from an off state to an ______ state.”；参考题询问：“按下启动键后仪表盘发生什么状态变化？”。二者都要求判断同一个核心可视事实，且需要的空间、时间或状态推理操作基本一致。
judgment-0393,direct,audit-0071-g02,0.90,"生成题 audit-0071-g02 询问：“[Single-Choice] Immediately after the person's finger presses the 'POWER' button, where do new, bright graphics first appear? [Options] A) Only on the screen directly behind the steering wheel. B) On the analog clock to the right of the center screen. C) On both the screen behind the steering wheel and the central screen simultaneously. D) Only on the central screen.”；参考题询问：“启动动画先出现在左侧仪表还是中控屏？”。二者都要求判断同一个核心可视事实，且需要的空间、时间或状态推理操作基本一致。"
judgment-0394,direct,audit-0071-g01,0.90,生成题 audit-0071-g01 询问：“[Fill-in-the-Blank] The primary visual event in the video is the state transition of the two large screens from an off state to an ______ state.”；参考题询问：“操作者按键的直接目标是什么？”。二者都要求判断同一个核心可视事实，且需要的空间、时间或状态推理操作基本一致。
judgment-0395,partial,audit-0072-g01,0.72,生成题 audit-0072-g01 询问：“[Single-Choice] The person in the yellow jacket makes two attempts to move down the hill. What is the spatial difference between their initial attempt and their successful sliding method? [Options] A) They started by lying on their back and ended up sitting. B) They started with a forward roll and ended up sliding while sitting. C) They started sliding on their stomach and rolled onto their back. D) They started by trying to slide standing up and then sat down.”；参考题询问：“黄衣男子坐下滑行后是否翻滚？”。二者有明确语义重合，但生成题只覆盖参考事实的一部分，或改问了不同参照、时间点、条件或细节，不能直接回答参考题。
judgment-0396,partial,audit-0072-g01,0.72,生成题 audit-0072-g01 询问：“[Single-Choice] The person in the yellow jacket makes two attempts to move down the hill. What is the spatial difference between their initial attempt and their successful sliding method? [Options] A) They started by lying on their back and ended up sitting. B) They started with a forward roll and ended up sliding while sitting. C) They started sliding on their stomach and rolled onto their back. D) They started by trying to slide standing up and then sat down.”；参考题询问：“他开始滑落发生在下蹲之前还是之后？”。二者有明确语义重合，但生成题只覆盖参考事实的一部分，或改问了不同参照、时间点、条件或细节，不能直接回答参考题。
judgment-0397,absent,audit-0072-g01,0.88,生成题 audit-0072-g01 询问：“[Single-Choice] The person in the yellow jacket makes two attempts to move down the hill. What is the spatial difference between their initial attempt and their successful sliding method? [Options] A) They started by lying on their back and ended up sitting. B) They started with a forward roll and ended up sliding while sitting. C) They started sliding on their stomach and rolled onto their back. D) They started by trying to slide standing up and then sat down.”；参考题询问：“黄衣人在雪坡上先蹲下还是先翻滚？”。生成题的核心事实与参考题不同；同一视频、同一对象或相邻事件本身不足以构成覆盖。
judgment-0398,absent,audit-0072-g02,0.88,"生成题 audit-0072-g02 询问：“[Single-Choice] As the camera pans to follow the person sliding downhill, how does the most prominent snow-covered mountain peak in the background appear to move relative to the camera's frame? [Options] A) It moves from the right side of the frame towards the left. B) It moves from the left side of the frame towards the right. C) It remains fixed in the center of the frame. D) It moves from the top of the frame towards the bottom.”；参考题询问：“翻滚后他相对相机向哪个方向移动？”。生成题的核心事实与参考题不同；同一视频、同一对象或相邻事件本身不足以构成覆盖。"
judgment-0399,absent,audit-0072-g01,0.88,生成题 audit-0072-g01 询问：“[Single-Choice] The person in the yellow jacket makes two attempts to move down the hill. What is the spatial difference between their initial attempt and their successful sliding method? [Options] A) They started by lying on their back and ended up sitting. B) They started with a forward roll and ended up sliding while sitting. C) They started sliding on their stomach and rolled onto their back. D) They started by trying to slide standing up and then sat down.”；参考题询问：“他在翻滚结束后是否恢复站立？”。生成题的核心事实与参考题不同；同一视频、同一对象或相邻事件本身不足以构成覆盖。
judgment-0400,absent,audit-0073-g01,0.88,"生成题 audit-0073-g01 询问：“[True/False] For most of the ride, the surfer is moving along the face of the wave, causing the surfboard to travel in a direction roughly parallel to the shoreline.”；参考题询问：“冲浪者在小浪上是否完成多次转向？”。生成题的核心事实与参考题不同；同一视频、同一对象或相邻事件本身不足以构成覆盖。"
judgment-0401,absent,audit-0073-g01,0.88,"生成题 audit-0073-g01 询问：“[True/False] For most of the ride, the surfer is moving along the face of the wave, causing the surfboard to travel in a direction roughly parallel to the shoreline.”；参考题询问：“板头朝向在转弯过程中如何改变？”。生成题的核心事实与参考题不同；同一视频、同一对象或相邻事件本身不足以构成覆盖。"
judgment-0402,absent,audit-0073-g01,0.88,"生成题 audit-0073-g01 询问：“[True/False] For most of the ride, the surfer is moving along the face of the wave, causing the surfboard to travel in a direction roughly parallel to the shoreline.”；参考题询问：“冲浪者在浪上是否多次改变朝向？”。生成题的核心事实与参考题不同；同一视频、同一对象或相邻事件本身不足以构成覆盖。"
judgment-0403,partial,audit-0073-g01,0.72,"生成题 audit-0073-g01 询问：“[True/False] For most of the ride, the surfer is moving along the face of the wave, causing the surfboard to travel in a direction roughly parallel to the shoreline.”；参考题询问：“冲浪板相对浪峰的位置如何变化？”。二者有明确语义重合，但生成题只覆盖参考事实的一部分，或改问了不同参照、时间点、条件或细节，不能直接回答参考题。"
judgment-0404,absent,audit-0073-g01,0.88,"生成题 audit-0073-g01 询问：“[True/False] For most of the ride, the surfer is moving along the face of the wave, causing the surfboard to travel in a direction roughly parallel to the shoreline.”；参考题询问：“冲浪者抬起前脚的直接目标是保持平衡吗？”。生成题的核心事实与参考题不同；同一视频、同一对象或相邻事件本身不足以构成覆盖。"
judgment-0405,absent,audit-0074-g02,0.88,"生成题 audit-0074-g02 询问：“[True/False] As the car enters the left turn between the 0:08 and 0:10 second marks, its right-side tires cross over the solid white line on the track's right edge.”；参考题询问：“蓝色汽车相对拍摄车辆的距离如何变化？”。生成题的核心事实与参考题不同；同一视频、同一对象或相邻事件本身不足以构成覆盖。"
judgment-0406,partial,audit-0074-g02,0.72,"生成题 audit-0074-g02 询问：“[True/False] As the car enters the left turn between the 0:08 and 0:10 second marks, its right-side tires cross over the solid white line on the track's right edge.”；参考题询问：“进入弯道后蓝车车头朝向哪一侧？”。二者有明确语义重合，但生成题只覆盖参考事实的一部分，或改问了不同参照、时间点、条件或细节，不能直接回答参考题。"
judgment-0407,absent,audit-0074-g02,0.88,"生成题 audit-0074-g02 询问：“[True/False] As the car enters the left turn between the 0:08 and 0:10 second marks, its right-side tires cross over the solid white line on the track's right edge.”；参考题询问：“蓝车先远离还是先再次靠近拍摄车辆？”。生成题的核心事实与参考题不同；同一视频、同一对象或相邻事件本身不足以构成覆盖。"
judgment-0408,absent,audit-0074-g02,0.88,"生成题 audit-0074-g02 询问：“[True/False] As the car enters the left turn between the 0:08 and 0:10 second marks, its right-side tires cross over the solid white line on the track's right edge.”；参考题询问：“蓝车在弯道中是否始终朝向相机？”。生成题的核心事实与参考题不同；同一视频、同一对象或相邻事件本身不足以构成覆盖。"
judgment-0409,direct,audit-0074-g02,0.90,"生成题 audit-0074-g02 询问：“[True/False] As the car enters the left turn between the 0:08 and 0:10 second marks, its right-side tires cross over the solid white line on the track's right edge.”；参考题询问：“蓝车相对车道边线如何移动？”。二者都要求判断同一个核心可视事实，且需要的空间、时间或状态推理操作基本一致。"
judgment-0410,partial,audit-0074-g02,0.72,"生成题 audit-0074-g02 询问：“[True/False] As the car enters the left turn between the 0:08 and 0:10 second marks, its right-side tires cross over the solid white line on the track's right edge.”；参考题询问：“若维持当前轨迹车辆会接近弯道内侧吗？”。二者有明确语义重合，但生成题只覆盖参考事实的一部分，或改问了不同参照、时间点、条件或细节，不能直接回答参考题。"
judgment-0411,absent,audit-0075-g01,0.88,"生成题 audit-0075-g01 询问：“[Fill-in-the-Blank] If the camera were to continue its circular path around the rear of the gray Humvee, the entrance to the ______ would become the main focus in the background.”；参考题询问：“灰色越野车的备胎位于车身什么位置？”。生成题的核心事实与参考题不同；同一视频、同一对象或相邻事件本身不足以构成覆盖。"
judgment-0412,partial,audit-0075-g01,0.72,"生成题 audit-0075-g01 询问：“[Fill-in-the-Blank] If the camera were to continue its circular path around the rear of the gray Humvee, the entrance to the ______ would become the main focus in the background.”；参考题询问：“镜头绕车移动时车身朝向如何变化？”。二者有明确语义重合，但生成题只覆盖参考事实的一部分，或改问了不同参照、时间点、条件或细节，不能直接回答参考题。"
judgment-0413,absent,audit-0075-g01,0.88,"生成题 audit-0075-g01 询问：“[Fill-in-the-Blank] If the camera were to continue its circular path around the rear of the gray Humvee, the entrance to the ______ would become the main focus in the background.”；参考题询问：“车门数量在侧面镜头中可见为多少？”。生成题的核心事实与参考题不同；同一视频、同一对象或相邻事件本身不足以构成覆盖。"
judgment-0414,partial,audit-0075-g04,0.72,"生成题 audit-0075-g04 询问：“[True/False] The front grille of the camouflage Humvee, visible at the start of the video, is completely occluded by the gray Humvee by the time the camera stops moving.”；参考题询问：“镜头是否从悍马车头移动到车尾？”。二者有明确语义重合，但生成题只覆盖参考事实的一部分，或改问了不同参照、时间点、条件或细节，不能直接回答参考题。"
judgment-0415,absent,audit-0075-g01,0.88,"生成题 audit-0075-g01 询问：“[Fill-in-the-Blank] If the camera were to continue its circular path around the rear of the gray Humvee, the entrance to the ______ would become the main focus in the background.”；参考题询问：“车辆后部是否装有外置备胎？”。生成题的核心事实与参考题不同；同一视频、同一对象或相邻事件本身不足以构成覆盖。"
judgment-0416,absent,audit-0075-g01,0.88,"生成题 audit-0075-g01 询问：“[Fill-in-the-Blank] If the camera were to continue its circular path around the rear of the gray Humvee, the entrance to the ______ would become the main focus in the background.”；参考题询问：“后车门相对尾灯位于哪一侧？”。生成题的核心事实与参考题不同；同一视频、同一对象或相邻事件本身不足以构成覆盖。"
judgment-0417,absent,audit-0076-g01,0.88,"生成题 audit-0076-g01 询问：“[Multiple-Select] In the second scene, the person wraps the rope around the silver winch. What is the spatial and mechanical purpose of this preparatory action? (Select all that apply) [Options] A) To use the friction between the rope and the winch drum to hold tension. B) To engage the rope with a rotating mechanism that provides a mechanical advantage. C) To guide the rope in a straight line toward the front of the boat. D) To prepare to tie a knot, securing the rope to the winch.”；参考题询问：“男子先展示绳端还是先演示船上固定点？”。生成题的核心事实与参考题不同；同一视频、同一对象或相邻事件本身不足以构成覆盖。"
judgment-0418,partial,audit-0076-g01,0.72,"生成题 audit-0076-g01 询问：“[Multiple-Select] In the second scene, the person wraps the rope around the silver winch. What is the spatial and mechanical purpose of this preparatory action? (Select all that apply) [Options] A) To use the friction between the rope and the winch drum to hold tension. B) To engage the rope with a rotating mechanism that provides a mechanical advantage. C) To guide the rope in a straight line toward the front of the boat. D) To prepare to tie a knot, securing the rope to the winch.”；参考题询问：“绳索穿过固定装置后形状如何变化？”。二者有明确语义重合，但生成题只覆盖参考事实的一部分，或改问了不同参照、时间点、条件或细节，不能直接回答参考题。"
judgment-0419,absent,audit-0076-g01,0.88,"生成题 audit-0076-g01 询问：“[Multiple-Select] In the second scene, the person wraps the rope around the silver winch. What is the spatial and mechanical purpose of this preparatory action? (Select all that apply) [Options] A) To use the friction between the rope and the winch drum to hold tension. B) To engage the rope with a rotating mechanism that provides a mechanical advantage. C) To guide the rope in a straight line toward the front of the boat. D) To prepare to tie a knot, securing the rope to the winch.”；参考题询问：“固定点相对男子位于哪一侧？”。生成题的核心事实与参考题不同；同一视频、同一对象或相邻事件本身不足以构成覆盖。"
judgment-0420,absent,audit-0076-g01,0.88,"生成题 audit-0076-g01 询问：“[Multiple-Select] In the second scene, the person wraps the rope around the silver winch. What is the spatial and mechanical purpose of this preparatory action? (Select all that apply) [Options] A) To use the friction between the rope and the winch drum to hold tension. B) To engage the rope with a rotating mechanism that provides a mechanical advantage. C) To guide the rope in a straight line toward the front of the boat. D) To prepare to tie a knot, securing the rope to the winch.”；参考题询问：“男子先演示绳结还是先在船上讲解？”。生成题的核心事实与参考题不同；同一视频、同一对象或相邻事件本身不足以构成覆盖。"
judgment-0421,partial,audit-0076-g01,0.72,"生成题 audit-0076-g01 询问：“[Multiple-Select] In the second scene, the person wraps the rope around the silver winch. What is the spatial and mechanical purpose of this preparatory action? (Select all that apply) [Options] A) To use the friction between the rope and the winch drum to hold tension. B) To engage the rope with a rotating mechanism that provides a mechanical advantage. C) To guide the rope in a straight line toward the front of the boat. D) To prepare to tie a knot, securing the rope to the winch.”；参考题询问：“绳索在手中形成了什么结构？”。二者有明确语义重合，但生成题只覆盖参考事实的一部分，或改问了不同参照、时间点、条件或细节，不能直接回答参考题。"
judgment-0422,direct,audit-0076-g02,0.90,"生成题 audit-0076-g02 询问：“[True/False] From the perspective of the person in the first scene, the yellow rope moves towards their chest. From the perspective of the boat itself, the primary effect of this action is to move the attached horizontal pole sideways.”；参考题询问：“男子拉动绳索的直接目标是什么？”。二者都要求判断同一个核心可视事实，且需要的空间、时间或状态推理操作基本一致。"
judgment-0423,direct,audit-0077-g01,0.90,生成题 audit-0077-g01 询问：“[True/False] The rear step mechanism operates by folding upwards to sit flush against the van's rear doors when not in use.”；参考题询问：“男子踩踏后车尾踏板是否展开？”。二者都要求判断同一个核心可视事实，且需要的空间、时间或状态推理操作基本一致。
judgment-0424,partial,audit-0077-g01,0.72,生成题 audit-0077-g01 询问：“[True/False] The rear step mechanism operates by folding upwards to sit flush against the van's rear doors when not in use.”；参考题询问：“踏板展开发生在他触碰后门之前还是之后？”。二者有明确语义重合，但生成题只覆盖参考事实的一部分，或改问了不同参照、时间点、条件或细节，不能直接回答参考题。
judgment-0425,absent,audit-0077-g01,0.88,生成题 audit-0077-g01 询问：“[True/False] The rear step mechanism operates by folding upwards to sit flush against the van's rear doors when not in use.”；参考题询问：“展开后的踏板位于保险杠上方还是下方？”。生成题的核心事实与参考题不同；同一视频、同一对象或相邻事件本身不足以构成覆盖。
judgment-0426,absent,audit-0077-g01,0.88,生成题 audit-0077-g01 询问：“[True/False] The rear step mechanism operates by folding upwards to sit flush against the van's rear doors when not in use.”；参考题询问：“男子按压后车门区域后车门是否打开？”。生成题的核心事实与参考题不同；同一视频、同一对象或相邻事件本身不足以构成覆盖。
judgment-0427,absent,audit-0077-g01,0.88,生成题 audit-0077-g01 询问：“[True/False] The rear step mechanism operates by folding upwards to sit flush against the van's rear doors when not in use.”；参考题询问：“男子先指向门把手还是车牌上方？”。生成题的核心事实与参考题不同；同一视频、同一对象或相邻事件本身不足以构成覆盖。
judgment-0428,direct,audit-0077-g01,0.90,生成题 audit-0077-g01 询问：“[True/False] The rear step mechanism operates by folding upwards to sit flush against the van's rear doors when not in use.”；参考题询问：“讲解手势的直接目标是展示哪个车尾部件？”。二者都要求判断同一个核心可视事实，且需要的空间、时间或状态推理操作基本一致。
judgment-0429,absent,audit-0078-g01,0.88,"生成题 audit-0078-g01 询问：“[Fill-in-the-Blank] At the 25-second mark, the surfer initiates a turn. Based on her body orientation and the angle of the surfboard, her immediate new direction of travel will be toward the ______ of the screen.”；参考题询问：“冲浪者在浪管内是否短暂被浪壁遮住？”。生成题的核心事实与参考题不同；同一视频、同一对象或相邻事件本身不足以构成覆盖。"
judgment-0430,partial,audit-0078-g01,0.72,"生成题 audit-0078-g01 询问：“[Fill-in-the-Blank] At the 25-second mark, the surfer initiates a turn. Based on her body orientation and the angle of the surfboard, her immediate new direction of travel will be toward the ______ of the screen.”；参考题询问：“冲浪者从浪壁高处向下转向的轨迹如何变化？”。二者有明确语义重合，但生成题只覆盖参考事实的一部分，或改问了不同参照、时间点、条件或细节，不能直接回答参考题。"
judgment-0431,absent,audit-0078-g01,0.88,"生成题 audit-0078-g01 询问：“[Fill-in-the-Blank] At the 25-second mark, the surfer initiates a turn. Based on her body orientation and the angle of the surfboard, her immediate new direction of travel will be toward the ______ of the screen.”；参考题询问：“冲浪者是否进入浪管后再出来？”。生成题的核心事实与参考题不同；同一视频、同一对象或相邻事件本身不足以构成覆盖。"
judgment-0432,partial,audit-0078-g01,0.72,"生成题 audit-0078-g01 询问：“[Fill-in-the-Blank] At the 25-second mark, the surfer initiates a turn. Based on her body orientation and the angle of the surfboard, her immediate new direction of travel will be toward the ______ of the screen.”；参考题询问：“冲浪者在浪壁上的高度如何变化？”。二者有明确语义重合，但生成题只覆盖参考事实的一部分，或改问了不同参照、时间点、条件或细节，不能直接回答参考题。"
judgment-0433,direct,audit-0078-g01,0.90,"生成题 audit-0078-g01 询问：“[Fill-in-the-Blank] At the 25-second mark, the surfer initiates a turn. Based on her body orientation and the angle of the surfboard, her immediate new direction of travel will be toward the ______ of the screen.”；参考题询问：“以画面为参照，浪管闭合前冲浪者最后一次明显转向是朝左还是朝右？”。二者都要求判断同一个核心可视事实，且需要的空间、时间或状态推理操作基本一致。"
judgment-0434,partial,audit-0079-g01,0.72,"生成题 audit-0079-g01 询问：“[True/False] In the final moments of the video, pulling on the two loose ends of the cord causes the knot to tighten and move closer to the larger woven loop it is attached to.”；参考题询问：“打结后两根绳端的相对位置如何变化？”。二者有明确语义重合，但生成题只覆盖参考事实的一部分，或改问了不同参照、时间点、条件或细节，不能直接回答参考题。"
judgment-0435,partial,audit-0079-g01,0.72,"生成题 audit-0079-g01 询问：“[True/False] In the final moments of the video, pulling on the two loose ends of the cord causes the knot to tighten and move closer to the larger woven loop it is attached to.”；参考题询问：“最终结位于原有大环的上方还是下方？”。二者有明确语义重合，但生成题只覆盖参考事实的一部分，或改问了不同参照、时间点、条件或细节，不能直接回答参考题。"
judgment-0436,absent,audit-0079-g01,0.88,"生成题 audit-0079-g01 询问：“[True/False] In the final moments of the video, pulling on the two loose ends of the cord causes the knot to tighten and move closer to the larger woven loop it is attached to.”；参考题询问：“绳索在操作后形成了几个环？”。生成题的核心事实与参考题不同；同一视频、同一对象或相邻事件本身不足以构成覆盖。"
judgment-0437,absent,audit-0079-g01,0.88,"生成题 audit-0079-g01 询问：“[True/False] In the final moments of the video, pulling on the two loose ends of the cord causes the knot to tighten and move closer to the larger woven loop it is attached to.”；参考题询问：“右手先穿绳还是先拉紧绳端？”。生成题的核心事实与参考题不同；同一视频、同一对象或相邻事件本身不足以构成覆盖。"
judgment-0438,partial,audit-0079-g01,0.72,"生成题 audit-0079-g01 询问：“[True/False] In the final moments of the video, pulling on the two loose ends of the cord causes the knot to tighten and move closer to the larger woven loop it is attached to.”；参考题询问：“制作绳结的直接目标是固定上方绳环吗？”。二者有明确语义重合，但生成题只覆盖参考事实的一部分，或改问了不同参照、时间点、条件或细节，不能直接回答参考题。"
judgment-0439,direct,audit-0080-g01,0.90,生成题 audit-0080-g01 询问：“[Single-Choice] Which statement best describes the state of the fishing rod the person is holding? [Options] A) It remains perfectly straight throughout the entire video. B) It is bent downwards and the degree of this bend fluctuates slightly. C) It is initially straight and then bends downwards. D) It is bent upwards towards the sky.”；参考题询问：“女子收线时鱼竿弯曲程度如何变化？”。二者都要求判断同一个核心可视事实，且需要的空间、时间或状态推理操作基本一致。
judgment-0440,absent,audit-0080-g01,0.88,生成题 audit-0080-g01 询问：“[Single-Choice] Which statement best describes the state of the fishing rod the person is holding? [Options] A) It remains perfectly straight throughout the entire video. B) It is bent downwards and the degree of this bend fluctuates slightly. C) It is initially straight and then bends downwards. D) It is bent upwards towards the sky.”；参考题询问：“她是否始终面向水面操作？”。生成题的核心事实与参考题不同；同一视频、同一对象或相邻事件本身不足以构成覆盖。
judgment-0441,absent,audit-0080-g01,0.88,生成题 audit-0080-g01 询问：“[Single-Choice] Which statement best describes the state of the fishing rod the person is holding? [Options] A) It remains perfectly straight throughout the entire video. B) It is bent downwards and the degree of this bend fluctuates slightly. C) It is initially straight and then bends downwards. D) It is bent upwards towards the sky.”；参考题询问：“片段结束前鱼是否被拉出水面？”。生成题的核心事实与参考题不同；同一视频、同一对象或相邻事件本身不足以构成覆盖。
judgment-0442,direct,audit-0080-g01,0.90,生成题 audit-0080-g01 询问：“[Single-Choice] Which statement best describes the state of the fishing rod the person is holding? [Options] A) It remains perfectly straight throughout the entire video. B) It is bent downwards and the degree of this bend fluctuates slightly. C) It is initially straight and then bends downwards. D) It is bent upwards towards the sky.”；参考题询问：“女子收线时鱼竿弯曲程度如何变化？”。二者都要求判断同一个核心可视事实，且需要的空间、时间或状态推理操作基本一致。
judgment-0443,absent,audit-0080-g01,0.88,生成题 audit-0080-g01 询问：“[Single-Choice] Which statement best describes the state of the fishing rod the person is holding? [Options] A) It remains perfectly straight throughout the entire video. B) It is bent downwards and the degree of this bend fluctuates slightly. C) It is initially straight and then bends downwards. D) It is bent upwards towards the sky.”；参考题询问：“女子反复转动渔轮的直接目标是什么？”。生成题的核心事实与参考题不同；同一视频、同一对象或相邻事件本身不足以构成覆盖。
judgment-0444,partial,audit-0081-g01,0.72,"生成题 audit-0081-g01 询问：“[True/False] After being processed by the machine, the central section of the metal strip has been compressed, making it wider.”；参考题询问：“机器操作后金属条从直线变成什么形状？”。二者有明确语义重合，但生成题只覆盖参考事实的一部分，或改问了不同参照、时间点、条件或细节，不能直接回答参考题。"
judgment-0445,absent,audit-0081-g01,0.88,"生成题 audit-0081-g01 询问：“[True/False] After being processed by the machine, the central section of the metal strip has been compressed, making it wider.”；参考题询问：“金属条先插入机器还是先被弯曲？”。生成题的核心事实与参考题不同；同一视频、同一对象或相邻事件本身不足以构成覆盖。"
judgment-0446,absent,audit-0081-g01,0.88,"生成题 audit-0081-g01 询问：“[True/False] After being processed by the machine, the central section of the metal strip has been compressed, making it wider.”；参考题询问：“弯曲后的金属条是否仍完整连续？”。生成题的核心事实与参考题不同；同一视频、同一对象或相邻事件本身不足以构成覆盖。"
judgment-0447,partial,audit-0081-g01,0.72,"生成题 audit-0081-g01 询问：“[True/False] After being processed by the machine, the central section of the metal strip has been compressed, making it wider.”；参考题询问：“金属条经过工具后是否弯曲？”。二者有明确语义重合，但生成题只覆盖参考事实的一部分，或改问了不同参照、时间点、条件或细节，不能直接回答参考题。"
judgment-0448,absent,audit-0081-g01,0.88,"生成题 audit-0081-g01 询问：“[True/False] After being processed by the machine, the central section of the metal strip has been compressed, making it wider.”；参考题询问：“操作者先插入金属条还是先拉动手柄？”。生成题的核心事实与参考题不同；同一视频、同一对象或相邻事件本身不足以构成覆盖。"
judgment-0449,partial,audit-0081-g01,0.72,"生成题 audit-0081-g01 询问：“[True/False] After being processed by the machine, the central section of the metal strip has been compressed, making it wider.”；参考题询问：“使用工具的直接目标是什么？”。二者有明确语义重合，但生成题只覆盖参考事实的一部分，或改问了不同参照、时间点、条件或细节，不能直接回答参考题。"
judgment-0450,absent,audit-0082-g01,0.88,"生成题 audit-0082-g01 询问：“[True/False] Judging by the speed at which the scenery begins to move past the car in the first five seconds, the driver is performing a cautious and slow acceleration.”；参考题询问：“车辆沿弯路行驶时驾驶员何时明显转动方向盘？”。生成题的核心事实与参考题不同；同一视频、同一对象或相邻事件本身不足以构成覆盖。"
judgment-0451,absent,audit-0082-g01,0.88,"生成题 audit-0082-g01 询问：“[True/False] Judging by the speed at which the scenery begins to move past the car in the first five seconds, the driver is performing a cautious and slow acceleration.”；参考题询问：“前方道路弯向驾驶者哪一侧？”。生成题的核心事实与参考题不同；同一视频、同一对象或相邻事件本身不足以构成覆盖。"
judgment-0452,absent,audit-0082-g01,0.88,"生成题 audit-0082-g01 询问：“[True/False] Judging by the speed at which the scenery begins to move past the car in the first five seconds, the driver is performing a cautious and slow acceleration.”；参考题询问：“镜头先展示道路还是先转向驾驶员面部？”。生成题的核心事实与参考题不同；同一视频、同一对象或相邻事件本身不足以构成覆盖。"
judgment-0453,absent,audit-0082-g01,0.88,"生成题 audit-0082-g01 询问：“[True/False] Judging by the speed at which the scenery begins to move past the car in the first five seconds, the driver is performing a cautious and slow acceleration.”；参考题询问：“车辆在弯路上是否改变朝向？”。生成题的核心事实与参考题不同；同一视频、同一对象或相邻事件本身不足以构成覆盖。"
judgment-0454,absent,audit-0082-g01,0.88,"生成题 audit-0082-g01 询问：“[True/False] Judging by the speed at which the scenery begins to move past the car in the first five seconds, the driver is performing a cautious and slow acceleration.”；参考题询问：“道路从驾驶者视角向哪侧弯曲？”。生成题的核心事实与参考题不同；同一视频、同一对象或相邻事件本身不足以构成覆盖。"
judgment-0455,absent,audit-0083-g01,0.88,生成题 audit-0083-g01 询问：“[True/False] The horse on the far right of the screen (with the jockey in the yellow shirt) maintains a path separate from the main cluster of horses for the entire duration of the clip.”；参考题询问：“赛马群中领先位置是否发生变化？”。生成题的核心事实与参考题不同；同一视频、同一对象或相邻事件本身不足以构成覆盖。
judgment-0456,partial,audit-0083-g01,0.72,生成题 audit-0083-g01 询问：“[True/False] The horse on the far right of the screen (with the jockey in the yellow shirt) maintains a path separate from the main cluster of horses for the entire duration of the clip.”；参考题询问：“马群通过终点区域前是否逐渐拉开距离？”。二者有明确语义重合，但生成题只覆盖参考事实的一部分，或改问了不同参照、时间点、条件或细节，不能直接回答参考题。
judgment-0457,absent,audit-0083-g01,0.88,生成题 audit-0083-g01 询问：“[True/False] The horse on the far right of the screen (with the jockey in the yellow shirt) maintains a path separate from the main cluster of horses for the entire duration of the clip.”；参考题询问：“赛马群的领先位置是否发生变化？”。生成题的核心事实与参考题不同；同一视频、同一对象或相邻事件本身不足以构成覆盖。
judgment-0458,absent,audit-0083-g01,0.88,生成题 audit-0083-g01 询问：“[True/False] The horse on the far right of the screen (with the jockey in the yellow shirt) maintains a path separate from the main cluster of horses for the entire duration of the clip.”；参考题询问：“马群相对内侧栏杆如何移动？”。生成题的核心事实与参考题不同；同一视频、同一对象或相邻事件本身不足以构成覆盖。
judgment-0459,partial,audit-0083-g01,0.72,生成题 audit-0083-g01 询问：“[True/False] The horse on the far right of the screen (with the jockey in the yellow shirt) maintains a path separate from the main cluster of horses for the entire duration of the clip.”；参考题询问：“冲线前马群是否逐渐拉开距离？”。二者有明确语义重合，但生成题只覆盖参考事实的一部分，或改问了不同参照、时间点、条件或细节，不能直接回答参考题。
judgment-0460,partial,audit-0084-g01,0.72,"生成题 audit-0084-g01 询问：“[True/False] Based on their observed trajectories, the blue-and-white tugboat is on course to pass the red shipping containers on the far shore before the large green barge.”；参考题询问：“驳船位于河岸建筑的前方还是后方？”。二者有明确语义重合，但生成题只覆盖参考事实的一部分，或改问了不同参照、时间点、条件或细节，不能直接回答参考题。"
judgment-0461,direct,audit-0084-g04,0.90,"生成题 audit-0084-g04 询问：“[Multiple-Select] Which statements accurately describe the dynamic spatial relationships in the video? (Select all that apply) [Options] A) The blue-and-white tugboat is moving at a greater speed than the large green barge. B) Both the tugboat and the barge are moving in the general direction of the bridge visible in the background. C) A visible wake trails behind the tugboat, indicating its path through the water. D) The tugboat is positioned behind the barge to push it forward.”；参考题询问：“蓝白小船相对驳船向哪侧移动？”。二者都要求判断同一个核心可视事实，且需要的空间、时间或状态推理操作基本一致。"
judgment-0462,partial,audit-0084-g01,0.72,"生成题 audit-0084-g01 询问：“[True/False] Based on their observed trajectories, the blue-and-white tugboat is on course to pass the red shipping containers on the far shore before the large green barge.”；参考题询问：“驳船位于河对岸建筑前方吗？”。二者有明确语义重合，但生成题只覆盖参考事实的一部分，或改问了不同参照、时间点、条件或细节，不能直接回答参考题。"
judgment-0463,absent,audit-0084-g01,0.88,"生成题 audit-0084-g01 询问：“[True/False] Based on their observed trajectories, the blue-and-white tugboat is on course to pass the red shipping containers on the far shore before the large green barge.”；参考题询问：“栏杆是否始终位于画面下方？”。生成题的核心事实与参考题不同；同一视频、同一对象或相邻事件本身不足以构成覆盖。"
judgment-0464,partial,audit-0085-g01,0.72,"生成题 audit-0085-g01 询问：“[Fill-in-the-Blank] As the motorcycle moves forward from its starting position, the apparent position of the ornate black mailbox shifts from the rider's front-right to their direct ____.”；参考题询问：“摩托车起步后是否沿道路直行？”。二者有明确语义重合，但生成题只覆盖参考事实的一部分，或改问了不同参照、时间点、条件或细节，不能直接回答参考题。"
judgment-0465,absent,audit-0085-g01,0.88,"生成题 audit-0085-g01 询问：“[Fill-in-the-Blank] As the motorcycle moves forward from its starting position, the apparent position of the ornate black mailbox shifts from the rider's front-right to their direct ____.”；参考题询问：“从骑手视角看路缘最初位于哪一侧？”。生成题的核心事实与参考题不同；同一视频、同一对象或相邻事件本身不足以构成覆盖。"
judgment-0466,partial,audit-0085-g01,0.72,"生成题 audit-0085-g01 询问：“[Fill-in-the-Blank] As the motorcycle moves forward from its starting position, the apparent position of the ornate black mailbox shifts from the rider's front-right to their direct ____.”；参考题询问：“摩托车从路边起步后驶向哪侧？”。二者有明确语义重合，但生成题只覆盖参考事实的一部分，或改问了不同参照、时间点、条件或细节，不能直接回答参考题。"
judgment-0467,absent,audit-0085-g01,0.88,"生成题 audit-0085-g01 询问：“[Fill-in-the-Blank] As the motorcycle moves forward from its starting position, the apparent position of the ornate black mailbox shifts from the rider's front-right to their direct ____.”；参考题询问：“骑手在起步前是否先转动车把？”。生成题的核心事实与参考题不同；同一视频、同一对象或相邻事件本身不足以构成覆盖。"
judgment-0468,direct,audit-0085-g01,0.90,"生成题 audit-0085-g01 询问：“[Fill-in-the-Blank] As the motorcycle moves forward from its starting position, the apparent position of the ornate black mailbox shifts from the rider's front-right to their direct ____.”；参考题询问：“路边邮箱从骑手视角位于哪一侧？”。二者都要求判断同一个核心可视事实，且需要的空间、时间或状态推理操作基本一致。"
judgment-0469,absent,audit-0086-g02,0.88,"生成题 audit-0086-g02 询问：“[True/False] During the turn executed between 0:02 and 0:05, the distant, snow-covered mountain range remains on the snowboarder's left side from their perspective.”；参考题询问：“单板滑雪者在下坡中进行了几次明显换刃转向？”。生成题的核心事实与参考题不同；同一视频、同一对象或相邻事件本身不足以构成覆盖。"
judgment-0470,absent,audit-0086-g02,0.88,"生成题 audit-0086-g02 询问：“[True/False] During the turn executed between 0:02 and 0:05, the distant, snow-covered mountain range remains on the snowboarder's left side from their perspective.”；参考题询问：“单板相对坡面的朝向如何交替变化？”。生成题的核心事实与参考题不同；同一视频、同一对象或相邻事件本身不足以构成覆盖。"
judgment-0471,absent,audit-0086-g02,0.88,"生成题 audit-0086-g02 询问：“[True/False] During the turn executed between 0:02 and 0:05, the distant, snow-covered mountain range remains on the snowboarder's left side from their perspective.”；参考题询问：“单板滑雪者的腾空动作发生在最后一次大幅转向之前还是之后？”。生成题的核心事实与参考题不同；同一视频、同一对象或相邻事件本身不足以构成覆盖。"
judgment-0472,absent,audit-0086-g02,0.88,"生成题 audit-0086-g02 询问：“[True/False] During the turn executed between 0:02 and 0:05, the distant, snow-covered mountain range remains on the snowboarder's left side from their perspective.”；参考题询问：“滑雪者在片段中完成了几次跳跃？”。生成题的核心事实与参考题不同；同一视频、同一对象或相邻事件本身不足以构成覆盖。"
judgment-0473,absent,audit-0086-g02,0.88,"生成题 audit-0086-g02 询问：“[True/False] During the turn executed between 0:02 and 0:05, the distant, snow-covered mountain range remains on the snowboarder's left side from their perspective.”；参考题询问：“滑雪者落地后是否继续保持平衡？”。生成题的核心事实与参考题不同；同一视频、同一对象或相邻事件本身不足以构成覆盖。"
judgment-0474,absent,audit-0086-g02,0.88,"生成题 audit-0086-g02 询问：“[True/False] During the turn executed between 0:02 and 0:05, the distant, snow-covered mountain range remains on the snowboarder's left side from their perspective.”；参考题询问：“滑雪者在转弯时朝向如何改变？”。生成题的核心事实与参考题不同；同一视频、同一对象或相邻事件本身不足以构成覆盖。"
judgment-0475,absent,audit-0087-g01,0.88,"生成题 audit-0087-g01 询问：“[True/False] As the camera moves forward from 0:07 to 0:10, the corner of the building's stone wall is what primarily occludes the view of the statue with the orange hat.”；参考题询问：“镜头先展示花园石像还是先展示戴口罩男子？”。生成题的核心事实与参考题不同；同一视频、同一对象或相邻事件本身不足以构成覆盖。"
judgment-0476,partial,audit-0087-g02,0.72,"生成题 audit-0087-g02 询问：“[Single-Choice] If the camera, at its position at 0:05, had moved directly sideways to the left into the foliage instead of continuing forward, which statue's hat would have been the first to be fully obscured by the green bushes? [Options] A) The statue with the red and blue striped hat in the extreme foreground. B) The statue with the green and yellow striped hat. C) The statue with the orange hat. D) The statue with the pink and white striped hat.”；参考题询问：“两尊石像沿小路如何排列？”。二者有明确语义重合，但生成题只覆盖参考事实的一部分，或改问了不同参照、时间点、条件或细节，不能直接回答参考题。"
judgment-0477,absent,audit-0087-g01,0.88,"生成题 audit-0087-g01 询问：“[True/False] As the camera moves forward from 0:07 to 0:10, the corner of the building's stone wall is what primarily occludes the view of the statue with the orange hat.”；参考题询问：“男子手指主要指向画面的哪个方向？”。生成题的核心事实与参考题不同；同一视频、同一对象或相邻事件本身不足以构成覆盖。"
judgment-0478,absent,audit-0087-g01,0.88,"生成题 audit-0087-g01 询问：“[True/False] As the camera moves forward from 0:07 to 0:10, the corner of the building's stone wall is what primarily occludes the view of the statue with the orange hat.”；参考题询问：“镜头先展示石像还是先展示戴口罩男子？”。生成题的核心事实与参考题不同；同一视频、同一对象或相邻事件本身不足以构成覆盖。"
judgment-0479,partial,audit-0087-g02,0.72,"生成题 audit-0087-g02 询问：“[Single-Choice] If the camera, at its position at 0:05, had moved directly sideways to the left into the foliage instead of continuing forward, which statue's hat would have been the first to be fully obscured by the green bushes? [Options] A) The statue with the red and blue striped hat in the extreme foreground. B) The statue with the green and yellow striped hat. C) The statue with the orange hat. D) The statue with the pink and white striped hat.”；参考题询问：“石像分布在步道哪一侧？”。二者有明确语义重合，但生成题只覆盖参考事实的一部分，或改问了不同参照、时间点、条件或细节，不能直接回答参考题。"
judgment-0480,absent,audit-0087-g01,0.88,"生成题 audit-0087-g01 询问：“[True/False] As the camera moves forward from 0:07 to 0:10, the corner of the building's stone wall is what primarily occludes the view of the statue with the orange hat.”；参考题询问：“男子指向石像时面向哪里？”。生成题的核心事实与参考题不同；同一视频、同一对象或相邻事件本身不足以构成覆盖。"
judgment-0481,absent,audit-0088-g01,0.88,"生成题 audit-0088-g01 询问：“[Single-Choice] As the camera pans left, how does the perceived horizontal position of the distant wind turbine change relative to the large, multi-gabled house on the peninsula? [Options] A) It moves from being to the left of the house to being to the right of the house. B) It remains to the left of the house throughout the pan. C) It moves from being to the right of the house to being to the left of the house. D) It becomes completely blocked from view by the house.”；参考题询问：“海边住宅相对水面位于高处还是低处？”。生成题的核心事实与参考题不同；同一视频、同一对象或相邻事件本身不足以构成覆盖。"
judgment-0482,partial,audit-0088-g01,0.72,"生成题 audit-0088-g01 询问：“[Single-Choice] As the camera pans left, how does the perceived horizontal position of the distant wind turbine change relative to the large, multi-gabled house on the peninsula? [Options] A) It moves from being to the left of the house to being to the right of the house. B) It remains to the left of the house throughout the pan. C) It moves from being to the right of the house to being to the left of the house. D) It becomes completely blocked from view by the house.”；参考题询问：“镜头移动时住宅群在画面中向哪侧移动？”。二者有明确语义重合，但生成题只覆盖参考事实的一部分，或改问了不同参照、时间点、条件或细节，不能直接回答参考题。"
judgment-0483,absent,audit-0088-g01,0.88,"生成题 audit-0088-g01 询问：“[Single-Choice] As the camera pans left, how does the perceived horizontal position of the distant wind turbine change relative to the large, multi-gabled house on the peninsula? [Options] A) It moves from being to the left of the house to being to the right of the house. B) It remains to the left of the house throughout the pan. C) It moves from being to the right of the house to being to the left of the house. D) It becomes completely blocked from view by the house.”；参考题询问：“水面先被树木部分遮挡还是后被完整展示？”。生成题的核心事实与参考题不同；同一视频、同一对象或相邻事件本身不足以构成覆盖。"
judgment-0484,partial,audit-0088-g01,0.72,"生成题 audit-0088-g01 询问：“[Single-Choice] As the camera pans left, how does the perceived horizontal position of the distant wind turbine change relative to the large, multi-gabled house on the peninsula? [Options] A) It moves from being to the left of the house to being to the right of the house. B) It remains to the left of the house throughout the pan. C) It moves from being to the right of the house to being to the left of the house. D) It becomes completely blocked from view by the house.”；参考题询问：“镜头移动时海滨住宅何时进入中央？”。二者有明确语义重合，但生成题只覆盖参考事实的一部分，或改问了不同参照、时间点、条件或细节，不能直接回答参考题。"
judgment-0485,absent,audit-0088-g01,0.88,"生成题 audit-0088-g01 询问：“[Single-Choice] As the camera pans left, how does the perceived horizontal position of the distant wind turbine change relative to the large, multi-gabled house on the peninsula? [Options] A) It moves from being to the left of the house to being to the right of the house. B) It remains to the left of the house throughout the pan. C) It moves from being to the right of the house to being to the left of the house. D) It becomes completely blocked from view by the house.”；参考题询问：“住宅位于水面的哪一侧？”。生成题的核心事实与参考题不同；同一视频、同一对象或相邻事件本身不足以构成覆盖。"
judgment-0486,absent,audit-0088-g02,0.88,生成题 audit-0088-g02 询问：“[True/False] The flagpole visible in the middle ground of the scene is completely occluded by foreground trees by the end of the video.”；参考题询问：“前景树木是否短暂遮挡住宅？”。生成题的核心事实与参考题不同；同一视频、同一对象或相邻事件本身不足以构成覆盖。
judgment-0487,direct,audit-0089-g01,0.90,"生成题 audit-0089-g01 询问：“[Multiple-Select] Which of the following accurately describe the change in the state of the objects being manipulated? (Select all that apply) [Options] A) The rope transitions from being pliable and loose to being under tension. B) The two logs transition from being two independent objects to a single, interconnected structure. C) The point of intersection between the two logs becomes less stable. D) The overall shape of the rope changes from a coil to a complex wrapping pattern.”；参考题询问：“男子捆扎后木杆之间的相对状态如何变化？”。二者都要求判断同一个核心可视事实，且需要的空间、时间或状态推理操作基本一致。"
judgment-0488,partial,audit-0089-g01,0.72,"生成题 audit-0089-g01 询问：“[Multiple-Select] Which of the following accurately describe the change in the state of the objects being manipulated? (Select all that apply) [Options] A) The rope transitions from being pliable and loose to being under tension. B) The two logs transition from being two independent objects to a single, interconnected structure. C) The point of intersection between the two logs becomes less stable. D) The overall shape of the rope changes from a coil to a complex wrapping pattern.”；参考题询问：“他先绕绳还是先拉紧绳结？”。二者有明确语义重合，但生成题只覆盖参考事实的一部分，或改问了不同参照、时间点、条件或细节，不能直接回答参考题。"
judgment-0489,partial,audit-0089-g01,0.72,"生成题 audit-0089-g01 询问：“[Multiple-Select] Which of the following accurately describe the change in the state of the objects being manipulated? (Select all that apply) [Options] A) The rope transitions from being pliable and loose to being under tension. B) The two logs transition from being two independent objects to a single, interconnected structure. C) The point of intersection between the two logs becomes less stable. D) The overall shape of the rope changes from a coil to a complex wrapping pattern.”；参考题询问：“捆扎点位于两根木杆交叉处还是末端？”。二者有明确语义重合，但生成题只覆盖参考事实的一部分，或改问了不同参照、时间点、条件或细节，不能直接回答参考题。"
judgment-0490,direct,audit-0089-g01,0.90,"生成题 audit-0089-g01 询问：“[Multiple-Select] Which of the following accurately describe the change in the state of the objects being manipulated? (Select all that apply) [Options] A) The rope transitions from being pliable and loose to being under tension. B) The two logs transition from being two independent objects to a single, interconnected structure. C) The point of intersection between the two logs becomes less stable. D) The overall shape of the rope changes from a coil to a complex wrapping pattern.”；参考题询问：“男子用绳索固定了什么物体？”。二者都要求判断同一个核心可视事实，且需要的空间、时间或状态推理操作基本一致。"
judgment-0491,partial,audit-0089-g01,0.72,"生成题 audit-0089-g01 询问：“[Multiple-Select] Which of the following accurately describe the change in the state of the objects being manipulated? (Select all that apply) [Options] A) The rope transitions from being pliable and loose to being under tension. B) The two logs transition from being two independent objects to a single, interconnected structure. C) The point of intersection between the two logs becomes less stable. D) The overall shape of the rope changes from a coil to a complex wrapping pattern.”；参考题询问：“绳索结构在拉紧后如何变化？”。二者有明确语义重合，但生成题只覆盖参考事实的一部分，或改问了不同参照、时间点、条件或细节，不能直接回答参考题。"
judgment-0492,direct,audit-0089-g01,0.90,"生成题 audit-0089-g01 询问：“[Multiple-Select] Which of the following accurately describe the change in the state of the objects being manipulated? (Select all that apply) [Options] A) The rope transitions from being pliable and loose to being under tension. B) The two logs transition from being two independent objects to a single, interconnected structure. C) The point of intersection between the two logs becomes less stable. D) The overall shape of the rope changes from a coil to a complex wrapping pattern.”；参考题询问：“男子系绳的直接目标是什么？”。二者都要求判断同一个核心可视事实，且需要的空间、时间或状态推理操作基本一致。"
judgment-0493,absent,audit-0090-g01,0.88,"生成题 audit-0090-g01 询问：“[Single-Choice] At the beginning of the video, a ball is kicked high into the air. Based on its trajectory and the positioning of the children, where is the ball most likely intended to land? [Options] A) Near the dense bushes on the far right. B) In the area occupied by the group of players in the center of the field. C) Directly in front of the adult who appears later in the video. D) Behind the child in the green and white patterned shirt in the foreground.”；参考题询问：“孩子们在空地上是否朝远处共同跑动？”。生成题的核心事实与参考题不同；同一视频、同一对象或相邻事件本身不足以构成覆盖。"
judgment-0494,absent,audit-0090-g01,0.88,"生成题 audit-0090-g01 询问：“[Single-Choice] At the beginning of the video, a ball is kicked high into the air. Based on its trajectory and the positioning of the children, where is the ball most likely intended to land? [Options] A) Near the dense bushes on the far right. B) In the area occupied by the group of players in the center of the field. C) Directly in front of the adult who appears later in the video. D) Behind the child in the green and white patterned shirt in the foreground.”；参考题询问：“儿童群与成年男子之间的距离如何变化？”。生成题的核心事实与参考题不同；同一视频、同一对象或相邻事件本身不足以构成覆盖。"
judgment-0495,absent,audit-0090-g01,0.88,"生成题 audit-0090-g01 询问：“[Single-Choice] At the beginning of the video, a ball is kicked high into the air. Based on its trajectory and the positioning of the children, where is the ball most likely intended to land? [Options] A) Near the dense bushes on the far right. B) In the area occupied by the group of players in the center of the field. C) Directly in front of the adult who appears later in the video. D) Behind the child in the green and white patterned shirt in the foreground.”；参考题询问：“成年男子出现是在孩子们散开之前还是之后？”。生成题的核心事实与参考题不同；同一视频、同一对象或相邻事件本身不足以构成覆盖。"
judgment-0496,absent,audit-0090-g01,0.88,"生成题 audit-0090-g01 询问：“[Single-Choice] At the beginning of the video, a ball is kicked high into the air. Based on its trajectory and the positioning of the children, where is the ball most likely intended to land? [Options] A) Near the dense bushes on the far right. B) In the area occupied by the group of players in the center of the field. C) Directly in front of the adult who appears later in the video. D) Behind the child in the green and white patterned shirt in the foreground.”；参考题询问：“孩子们先聚集还是先散开？”。生成题的核心事实与参考题不同；同一视频、同一对象或相邻事件本身不足以构成覆盖。"
judgment-0497,absent,audit-0090-g01,0.88,"生成题 audit-0090-g01 询问：“[Single-Choice] At the beginning of the video, a ball is kicked high into the air. Based on its trajectory and the positioning of the children, where is the ball most likely intended to land? [Options] A) Near the dense bushes on the far right. B) In the area occupied by the group of players in the center of the field. C) Directly in front of the adult who appears later in the video. D) Behind the child in the green and white patterned shirt in the foreground.”；参考题询问：“黑衣男子出现后走向镜头吗？”。生成题的核心事实与参考题不同；同一视频、同一对象或相邻事件本身不足以构成覆盖。"
judgment-0498,absent,audit-0090-g01,0.88,"生成题 audit-0090-g01 询问：“[Single-Choice] At the beginning of the video, a ball is kicked high into the air. Based on its trajectory and the positioning of the children, where is the ball most likely intended to land? [Options] A) Near the dense bushes on the far right. B) In the area occupied by the group of players in the center of the field. C) Directly in front of the adult who appears later in the video. D) Behind the child in the green and white patterned shirt in the foreground.”；参考题询问：“孩子们主要面向相机还是远离相机？”。生成题的核心事实与参考题不同；同一视频、同一对象或相邻事件本身不足以构成覆盖。"
judgment-0499,partial,audit-0091-g02,0.72,生成题 audit-0091-g02 询问：“[Multiple-Select] The operator's intent is to test the drone's 'follow me' capability. Which of the following spatial behaviors are observed in the drone's attempt to follow the operator? (Select all that apply) [Options] A) The drone initially drifts without tracking the operator's movement. B) The drone successfully matches the operator's forward speed perfectly. C) The drone adjusts its position laterally to keep the operator in the camera's view. D) The drone loses significant altitude while attempting to move towards the operator.”；参考题询问：“遥控飞行器相对地面的高度如何变化？”。二者有明确语义重合，但生成题只覆盖参考事实的一部分，或改问了不同参照、时间点、条件或细节，不能直接回答参考题。
judgment-0500,partial,audit-0091-g02,0.72,生成题 audit-0091-g02 询问：“[Multiple-Select] The operator's intent is to test the drone's 'follow me' capability. Which of the following spatial behaviors are observed in the drone's attempt to follow the operator? (Select all that apply) [Options] A) The drone initially drifts without tracking the operator's movement. B) The drone successfully matches the operator's forward speed perfectly. C) The drone adjusts its position laterally to keep the operator in the camera's view. D) The drone loses significant altitude while attempting to move towards the operator.”；参考题询问：“飞行器靠近相机后是否再次远离？”。二者有明确语义重合，但生成题只覆盖参考事实的一部分，或改问了不同参照、时间点、条件或细节，不能直接回答参考题。
judgment-0501,direct,audit-0091-g02,0.90,生成题 audit-0091-g02 询问：“[Multiple-Select] The operator's intent is to test the drone's 'follow me' capability. Which of the following spatial behaviors are observed in the drone's attempt to follow the operator? (Select all that apply) [Options] A) The drone initially drifts without tracking the operator's movement. B) The drone successfully matches the operator's forward speed perfectly. C) The drone adjusts its position laterally to keep the operator in the camera's view. D) The drone loses significant altitude while attempting to move towards the operator.”；参考题询问：“遥控飞行器相对操作者如何移动？”。二者都要求判断同一个核心可视事实，且需要的空间、时间或状态推理操作基本一致。
judgment-0502,absent,audit-0091-g02,0.88,生成题 audit-0091-g02 询问：“[Multiple-Select] The operator's intent is to test the drone's 'follow me' capability. Which of the following spatial behaviors are observed in the drone's attempt to follow the operator? (Select all that apply) [Options] A) The drone initially drifts without tracking the operator's movement. B) The drone successfully matches the operator's forward speed perfectly. C) The drone adjusts its position laterally to keep the operator in the camera's view. D) The drone loses significant altitude while attempting to move towards the operator.”；参考题询问：“飞行器是否始终高于草地？”。生成题的核心事实与参考题不同；同一视频、同一对象或相邻事件本身不足以构成覆盖。
judgment-0503,absent,audit-0091-g02,0.88,生成题 audit-0091-g02 询问：“[Multiple-Select] The operator's intent is to test the drone's 'follow me' capability. Which of the following spatial behaviors are observed in the drone's attempt to follow the operator? (Select all that apply) [Options] A) The drone initially drifts without tracking the operator's movement. B) The drone successfully matches the operator's forward speed perfectly. C) The drone adjusts its position laterally to keep the operator in the camera's view. D) The drone loses significant altitude while attempting to move towards the operator.”；参考题询问：“操作者转身的直接目标是持续跟踪飞行器吗？”。生成题的核心事实与参考题不同；同一视频、同一对象或相邻事件本身不足以构成覆盖。
judgment-0504,direct,audit-0092-g03,0.90,"生成题 audit-0092-g03 询问：“[Single-Choice] As the camera pans from left to right, how does the position of the hanging decoration appear to change in relation to the distant island? [Options] A) The decoration appears to move to the right, across the front of the island. B) The decoration appears to move to the left, across the front of the island. C) The decoration and the island appear to move together without changing their relative positions. D) The decoration remains stationary while the island moves behind it.”；参考题询问：“风铃与远岸岛屿的前后关系是什么？”。二者都要求判断同一个核心可视事实，且需要的空间、时间或状态推理操作基本一致。"
judgment-0505,absent,audit-0092-g03,0.88,"生成题 audit-0092-g03 询问：“[Single-Choice] As the camera pans from left to right, how does the position of the hanging decoration appear to change in relation to the distant island? [Options] A) The decoration appears to move to the right, across the front of the island. B) The decoration appears to move to the left, across the front of the island. C) The decoration and the island appear to move together without changing their relative positions. D) The decoration remains stationary while the island moves behind it.”；参考题询问：“雨中吊饰摆动方向是否改变？”。生成题的核心事实与参考题不同；同一视频、同一对象或相邻事件本身不足以构成覆盖。"
judgment-0506,direct,audit-0092-g03,0.90,"生成题 audit-0092-g03 询问：“[Single-Choice] As the camera pans from left to right, how does the position of the hanging decoration appear to change in relation to the distant island? [Options] A) The decoration appears to move to the right, across the front of the island. B) The decoration appears to move to the left, across the front of the island. C) The decoration and the island appear to move together without changing their relative positions. D) The decoration remains stationary while the island moves behind it.”；参考题询问：“吊饰位于远处岛屿的哪一侧？”。二者都要求判断同一个核心可视事实，且需要的空间、时间或状态推理操作基本一致。"
judgment-0507,absent,audit-0092-g03,0.88,"生成题 audit-0092-g03 询问：“[Single-Choice] As the camera pans from left to right, how does the position of the hanging decoration appear to change in relation to the distant island? [Options] A) The decoration appears to move to the right, across the front of the island. B) The decoration appears to move to the left, across the front of the island. C) The decoration and the island appear to move together without changing their relative positions. D) The decoration remains stationary while the island moves behind it.”；参考题询问：“雨势是否使远岸逐渐更难看清？”。生成题的核心事实与参考题不同；同一视频、同一对象或相邻事件本身不足以构成覆盖。"
judgment-0508,partial,audit-0093-g01,0.72,"生成题 audit-0093-g01 询问：“[Single-Choice] In the first five seconds of the video, what is the relationship between the apparent leftward speed of the drone across the screen and the apparent leftward speed of the blue car driving on the road? [Options] A) The drone appears to move faster than the car. B) The drone appears to move slower than the car. C) They appear to move at the exact same speed. D) The car moves left while the drone moves right.”；参考题询问：“无人机从湖面哪一侧进入清晰画面？”。二者有明确语义重合，但生成题只覆盖参考事实的一部分，或改问了不同参照、时间点、条件或细节，不能直接回答参考题。"
judgment-0509,absent,audit-0093-g01,0.88,"生成题 audit-0093-g01 询问：“[Single-Choice] In the first five seconds of the video, what is the relationship between the apparent leftward speed of the drone across the screen and the apparent leftward speed of the blue car driving on the road? [Options] A) The drone appears to move faster than the car. B) The drone appears to move slower than the car. C) They appear to move at the exact same speed. D) The car moves left while the drone moves right.”；参考题询问：“镜头校色切换发生在无人机出现之前还是之后？”。生成题的核心事实与参考题不同；同一视频、同一对象或相邻事件本身不足以构成覆盖。"
judgment-0510,partial,audit-0093-g01,0.72,"生成题 audit-0093-g01 询问：“[Single-Choice] In the first five seconds of the video, what is the relationship between the apparent leftward speed of the drone across the screen and the apparent leftward speed of the blue car driving on the road? [Options] A) The drone appears to move faster than the car. B) The drone appears to move slower than the car. C) They appear to move at the exact same speed. D) The car moves left while the drone moves right.”；参考题询问：“无人机何时从湖对岸进入画面？”。二者有明确语义重合，但生成题只覆盖参考事实的一部分，或改问了不同参照、时间点、条件或细节，不能直接回答参考题。"
judgment-0511,absent,audit-0093-g01,0.88,"生成题 audit-0093-g01 询问：“[Single-Choice] In the first five seconds of the video, what is the relationship between the apparent leftward speed of the drone across the screen and the apparent leftward speed of the blue car driving on the road? [Options] A) The drone appears to move faster than the car. B) The drone appears to move slower than the car. C) They appear to move at the exact same speed. D) The car moves left while the drone moves right.”；参考题询问：“无人机相对湖面高度如何变化？”。生成题的核心事实与参考题不同；同一视频、同一对象或相邻事件本身不足以构成覆盖。"
judgment-0512,absent,audit-0093-g01,0.88,"生成题 audit-0093-g01 询问：“[Single-Choice] In the first five seconds of the video, what is the relationship between the apparent leftward speed of the drone across the screen and the apparent leftward speed of the blue car driving on the road? [Options] A) The drone appears to move faster than the car. B) The drone appears to move slower than the car. C) They appear to move at the exact same speed. D) The car moves left while the drone moves right.”；参考题询问：“无人机飞过时位于高楼上方吗？”。生成题的核心事实与参考题不同；同一视频、同一对象或相邻事件本身不足以构成覆盖。"
judgment-0513,absent,audit-0094-g01,0.88,"生成题 audit-0094-g01 询问：“[True/False] When the rider turns their head to the left, the motorcycle's left-side mirror moves from the left side of the visual frame towards the center.”；参考题询问：“摩托车在片段末尾向道路哪一侧偏转？”。生成题的核心事实与参考题不同；同一视频、同一对象或相邻事件本身不足以构成覆盖。"
judgment-0514,absent,audit-0094-g01,0.88,"生成题 audit-0094-g01 询问：“[True/False] When the rider turns their head to the left, the motorcycle's left-side mirror moves from the left side of the visual frame towards the center.”；参考题询问：“从骑手视角看中央隔离带位于哪一侧？”。生成题的核心事实与参考题不同；同一视频、同一对象或相邻事件本身不足以构成覆盖。"
judgment-0515,absent,audit-0094-g01,0.88,"生成题 audit-0094-g01 询问：“[True/False] When the rider turns their head to the left, the motorcycle's left-side mirror moves from the left side of the visual frame towards the center.”；参考题询问：“经过斑马线发生在明显转向之前还是之后？”。生成题的核心事实与参考题不同；同一视频、同一对象或相邻事件本身不足以构成覆盖。"
judgment-0516,absent,audit-0094-g01,0.88,"生成题 audit-0094-g01 询问：“[True/False] When the rider turns their head to the left, the motorcycle's left-side mirror moves from the left side of the visual frame towards the center.”；参考题询问：“摩托车经过斑马线后是否改变车道？”。生成题的核心事实与参考题不同；同一视频、同一对象或相邻事件本身不足以构成覆盖。"
judgment-0517,absent,audit-0094-g01,0.88,"生成题 audit-0094-g01 询问：“[True/False] When the rider turns their head to the left, the motorcycle's left-side mirror moves from the left side of the visual frame towards the center.”；参考题询问：“对向白车位于骑手哪一侧？”。生成题的核心事实与参考题不同；同一视频、同一对象或相邻事件本身不足以构成覆盖。"
judgment-0518,absent,audit-0094-g01,0.88,"生成题 audit-0094-g01 询问：“[True/False] When the rider turns their head to the left, the motorcycle's left-side mirror moves from the left side of the visual frame towards the center.”；参考题询问：“道路标线先出现斑马线还是转向箭头？”。生成题的核心事实与参考题不同；同一视频、同一对象或相邻事件本身不足以构成覆盖。"
judgment-0519,absent,audit-0095-g01,0.88,生成题 audit-0095-g01 询问：“[True/False] The path of the woman in the black dress crosses behind the path of the woman pushing the stroller.”；参考题询问：“镜头先经过水果店还是服装店？”。生成题的核心事实与参考题不同；同一视频、同一对象或相邻事件本身不足以构成覆盖。
judgment-0520,absent,audit-0095-g01,0.88,生成题 audit-0095-g01 询问：“[True/False] The path of the woman in the black dress crosses behind the path of the woman pushing the stroller.”；参考题询问：“服装店陈列架相对通道位于哪一侧？”。生成题的核心事实与参考题不同；同一视频、同一对象或相邻事件本身不足以构成覆盖。
judgment-0521,absent,audit-0095-g01,0.88,生成题 audit-0095-g01 询问：“[True/False] The path of the woman in the black dress crosses behind the path of the woman pushing the stroller.”；参考题询问：“前进过程中迎面行人与相机距离如何变化？”。生成题的核心事实与参考题不同；同一视频、同一对象或相邻事件本身不足以构成覆盖。
judgment-0522,absent,audit-0095-g01,0.88,生成题 audit-0095-g01 询问：“[True/False] The path of the woman in the black dress crosses behind the path of the woman pushing the stroller.”；参考题询问：“镜头沿商店街移动时先经过果蔬店还是服装店？”。生成题的核心事实与参考题不同；同一视频、同一对象或相邻事件本身不足以构成覆盖。
judgment-0523,absent,audit-0095-g01,0.88,生成题 audit-0095-g01 询问：“[True/False] The path of the woman in the black dress crosses behind the path of the woman pushing the stroller.”；参考题询问：“黄色立柱位于通道哪一侧？”。生成题的核心事实与参考题不同；同一视频、同一对象或相邻事件本身不足以构成覆盖。
judgment-0524,absent,audit-0095-g01,0.88,生成题 audit-0095-g01 询问：“[True/False] The path of the woman in the black dress crosses behind the path of the woman pushing the stroller.”；参考题询问：“迎面行人经过后是否离开视野？”。生成题的核心事实与参考题不同；同一视频、同一对象或相邻事件本身不足以构成覆盖。
judgment-0525,partial,audit-0096-g01,0.72,"生成题 audit-0096-g01 询问：“[Single-Choice] Just as the second red car becomes fully visible, what is the position of the first red car? [Options] A) It is in the middle of the turn. B) It has just completed the turn and is moving away. C) It is just beginning to enter the turn. D) It is no longer visible.”；参考题询问：“红色汽车绕场时是否与另一辆红车交会？”。二者有明确语义重合，但生成题只覆盖参考事实的一部分，或改问了不同参照、时间点、条件或细节，不能直接回答参考题。"
judgment-0526,partial,audit-0096-g01,0.72,"生成题 audit-0096-g01 询问：“[Single-Choice] Just as the second red car becomes fully visible, what is the position of the first red car? [Options] A) It is in the middle of the turn. B) It has just completed the turn and is moving away. C) It is just beginning to enter the turn. D) It is no longer visible.”；参考题询问：“两辆车之间的距离如何变化？”。二者有明确语义重合，但生成题只覆盖参考事实的一部分，或改问了不同参照、时间点、条件或细节，不能直接回答参考题。"
judgment-0527,partial,audit-0096-g01,0.72,"生成题 audit-0096-g01 询问：“[Single-Choice] Just as the second red car becomes fully visible, what is the position of the first red car? [Options] A) It is in the middle of the turn. B) It has just completed the turn and is moving away. C) It is just beginning to enter the turn. D) It is no longer visible.”；参考题询问：“主要红车先从侧面经过还是先正面靠近相机？”。二者有明确语义重合，但生成题只覆盖参考事实的一部分，或改问了不同参照、时间点、条件或细节，不能直接回答参考题。"
judgment-0528,partial,audit-0096-g02,0.72,"生成题 audit-0096-g02 询问：“[True/False] As the second car slides through the turn, the driver is steering the front wheels in the opposite direction of the turn itself.”；参考题询问：“红车在片段中是否完成了不止一次明显转向？”。二者有明确语义重合，但生成题只覆盖参考事实的一部分，或改问了不同参照、时间点、条件或细节，不能直接回答参考题。"
judgment-0529,absent,audit-0096-g03,0.88,"生成题 audit-0096-g03 询问：“[Single-Choice] Judging by the second car's orientation and speed as it leaves the frame to the right, what is the most probable immediate outcome of its maneuver? [Options] A) The car will come to an abrupt halt. B) The car will straighten its path and continue driving forward. C) The car will spin out and face the opposite direction. D) The car will continue sliding sideways at the same angle.”；参考题询问：“红车驶远后是否再次靠近相机？”。生成题的核心事实与参考题不同；同一视频、同一对象或相邻事件本身不足以构成覆盖。"
judgment-0530,partial,audit-0096-g03,0.72,"生成题 audit-0096-g03 询问：“[Single-Choice] Judging by the second car's orientation and speed as it leaves the frame to the right, what is the most probable immediate outcome of its maneuver? [Options] A) The car will come to an abrupt halt. B) The car will straighten its path and continue driving forward. C) The car will spin out and face the opposite direction. D) The car will continue sliding sideways at the same angle.”；参考题询问：“车辆最终朝向画面哪一侧？”。二者有明确语义重合，但生成题只覆盖参考事实的一部分，或改问了不同参照、时间点、条件或细节，不能直接回答参考题。"
judgment-0531,direct,audit-0097-g03,0.90,"生成题 audit-0097-g03 询问：“[Single-Choice] The man walks forward and then makes a single turn. From a fixed (allocentric) viewpoint looking down the first hallway from his starting position, how would his final path be described? [Options] A) He continued straight ahead. B) He turned around and walked back. C) He turned to his left. D) He turned to his right.”；参考题询问：“男子沿走廊行进时是否改变朝向？”。二者都要求判断同一个核心可视事实，且需要的空间、时间或状态推理操作基本一致。"
judgment-0532,absent,audit-0097-g01,0.88,"生成题 audit-0097-g01 询问：“[Single-Choice] Just before the man reaches the corner, which object that is visible later is completely occluded from the camera's view by the building's corner wall? [Options] A) The red fire alarm box. B) The last photograph on the wall. C) The door with the 'MEN' sign. D) The doorway leading to a staircase.”；参考题询问：“他与墙上历史照片的距离如何变化？”。生成题的核心事实与参考题不同；同一视频、同一对象或相邻事件本身不足以构成覆盖。"
judgment-0533,partial,audit-0097-g01,0.72,"生成题 audit-0097-g01 询问：“[Single-Choice] Just before the man reaches the corner, which object that is visible later is completely occluded from the camera's view by the building's corner wall? [Options] A) The red fire alarm box. B) The last photograph on the wall. C) The door with the 'MEN' sign. D) The doorway leading to a staircase.”；参考题询问：“他先经过照片墙还是先到达洗手间门口？”。二者有明确语义重合，但生成题只覆盖参考事实的一部分，或改问了不同参照、时间点、条件或细节，不能直接回答参考题。"
judgment-0534,absent,audit-0097-g01,0.88,"生成题 audit-0097-g01 询问：“[Single-Choice] Just before the man reaches the corner, which object that is visible later is completely occluded from the camera's view by the building's corner wall? [Options] A) The red fire alarm box. B) The last photograph on the wall. C) The door with the 'MEN' sign. D) The doorway leading to a staircase.”；参考题询问：“男子在走廊中先经过照片墙还是无障碍标志？”。生成题的核心事实与参考题不同；同一视频、同一对象或相邻事件本身不足以构成覆盖。"
judgment-0535,absent,audit-0097-g01,0.88,"生成题 audit-0097-g01 询问：“[Single-Choice] Just before the man reaches the corner, which object that is visible later is completely occluded from the camera's view by the building's corner wall? [Options] A) The red fire alarm box. B) The last photograph on the wall. C) The door with the 'MEN' sign. D) The doorway leading to a staircase.”；参考题询问：“男子移动时始终手持什么？”。生成题的核心事实与参考题不同；同一视频、同一对象或相邻事件本身不足以构成覆盖。"
judgment-0536,direct,audit-0097-g03,0.90,"生成题 audit-0097-g03 询问：“[Single-Choice] The man walks forward and then makes a single turn. From a fixed (allocentric) viewpoint looking down the first hallway from his starting position, how would his final path be described? [Options] A) He continued straight ahead. B) He turned around and walked back. C) He turned to his left. D) He turned to his right.”；参考题询问：“男子最终朝哪个出口方向转身？”。二者都要求判断同一个核心可视事实，且需要的空间、时间或状态推理操作基本一致。"
judgment-0537,absent,audit-0098-g01,0.88,生成题 audit-0098-g01 询问：“[Single-Choice] How does the surfer's position relative to the main breaking part of the wave (the white water) change between the first turn (0:03) and the second turn (0:08)? [Options] A) They move farther away from the white water and then closer again. B) They stay at a constant distance from the white water. C) They move closer to the white water and then farther away. D) They are always inside the white water.”；参考题询问：“冲浪者跌入浪花后是否再次露出水面？”。生成题的核心事实与参考题不同；同一视频、同一对象或相邻事件本身不足以构成覆盖。
judgment-0538,absent,audit-0098-g01,0.88,生成题 audit-0098-g01 询问：“[Single-Choice] How does the surfer's position relative to the main breaking part of the wave (the white water) change between the first turn (0:03) and the second turn (0:08)? [Options] A) They move farther away from the white water and then closer again. B) They stay at a constant distance from the white water. C) They move closer to the white water and then farther away. D) They are always inside the white water.”；参考题询问：“冲浪板与人分离后朝向如何变化？”。生成题的核心事实与参考题不同；同一视频、同一对象或相邻事件本身不足以构成覆盖。
judgment-0539,absent,audit-0098-g02,0.88,"生成题 audit-0098-g02 询问：“[True/False] From the camera's fixed viewpoint, the surfer travels primarily from right to left. From the surfer's own perspective, their first major turn is a turn to their right.”；参考题询问：“冲浪板竖起发生在冲浪者落水之前还是之后？”。生成题的核心事实与参考题不同；同一视频、同一对象或相邻事件本身不足以构成覆盖。"
judgment-0540,absent,audit-0098-g01,0.88,生成题 audit-0098-g01 询问：“[Single-Choice] How does the surfer's position relative to the main breaking part of the wave (the white water) change between the first turn (0:03) and the second turn (0:08)? [Options] A) They move farther away from the white water and then closer again. B) They stay at a constant distance from the white water. C) They move closer to the white water and then farther away. D) They are always inside the white water.”；参考题询问：“冲浪者何时被浪花完全遮挡？”。生成题的核心事实与参考题不同；同一视频、同一对象或相邻事件本身不足以构成覆盖。
judgment-0541,absent,audit-0098-g01,0.88,生成题 audit-0098-g01 询问：“[Single-Choice] How does the surfer's position relative to the main breaking part of the wave (the white water) change between the first turn (0:03) and the second turn (0:08)? [Options] A) They move farther away from the white water and then closer again. B) They stay at a constant distance from the white water. C) They move closer to the white water and then farther away. D) They are always inside the white water.”；参考题询问：“冲浪板在摔倒后呈什么朝向？”。生成题的核心事实与参考题不同；同一视频、同一对象或相邻事件本身不足以构成覆盖。
judgment-0542,partial,audit-0098-g02,0.72,"生成题 audit-0098-g02 询问：“[True/False] From the camera's fixed viewpoint, the surfer travels primarily from right to left. From the surfer's own perspective, their first major turn is a turn to their right.”；参考题询问：“冲浪者失去平衡前是否完成转向？”。二者有明确语义重合，但生成题只覆盖参考事实的一部分，或改问了不同参照、时间点、条件或细节，不能直接回答参考题。"
judgment-0543,partial,audit-0099-g02,0.72,"生成题 audit-0099-g02 询问：“[True/False] Based on the car's trajectory and wheel alignment at 0:06, if it had not started to slow down, its projected path would have been straight along the side of the road.”；参考题询问：“红色轿车靠近相机后从哪一侧经过？”。二者有明确语义重合，但生成题只覆盖参考事实的一部分，或改问了不同参照、时间点、条件或细节，不能直接回答参考题。"
judgment-0544,partial,audit-0099-g02,0.72,"生成题 audit-0099-g02 询问：“[True/False] Based on the car's trajectory and wheel alignment at 0:06, if it had not started to slow down, its projected path would have been straight along the side of the road.”；参考题询问：“车辆转弯时车头朝向如何变化？”。二者有明确语义重合，但生成题只覆盖参考事实的一部分，或改问了不同参照、时间点、条件或细节，不能直接回答参考题。"
judgment-0545,absent,audit-0099-g02,0.88,"生成题 audit-0099-g02 询问：“[True/False] Based on the car's trajectory and wheel alignment at 0:06, if it had not started to slow down, its projected path would have been straight along the side of the road.”；参考题询问：“车辆最接近相机发生在完成转弯之前还是之后？”。生成题的核心事实与参考题不同；同一视频、同一对象或相邻事件本身不足以构成覆盖。"
judgment-0546,partial,audit-0099-g01,0.72,"生成题 audit-0099-g01 询问：“[Single-Choice] As the car emerges from behind the concrete wall at the start of the video, which of these front features is the last one to become fully visible? [Options] A) The driver's side headlight. B) The Volkswagen logo in the center of the grille. C) The passenger's side headlight. D) The front license plate area.”；参考题询问：“深红汽车先正对镜头还是先侧向经过？”。二者有明确语义重合，但生成题只覆盖参考事实的一部分，或改问了不同参照、时间点、条件或细节，不能直接回答参考题。"
judgment-0547,partial,audit-0099-g02,0.72,"生成题 audit-0099-g02 询问：“[True/False] Based on the car's trajectory and wheel alignment at 0:06, if it had not started to slow down, its projected path would have been straight along the side of the road.”；参考题询问：“汽车经过镜头时朝向如何改变？”。二者有明确语义重合，但生成题只覆盖参考事实的一部分，或改问了不同参照、时间点、条件或细节，不能直接回答参考题。"
judgment-0548,absent,audit-0099-g02,0.88,"生成题 audit-0099-g02 询问：“[True/False] Based on the car's trajectory and wheel alignment at 0:06, if it had not started to slow down, its projected path would have been straight along the side of the road.”；参考题询问：“车辆最终停在道路上吗？”。生成题的核心事实与参考题不同；同一视频、同一对象或相邻事件本身不足以构成覆盖。"
judgment-0549,partial,audit-0100-g04,0.72,"生成题 audit-0100-g04 询问：“[True/False] As the vehicle moves forward and to the left, the car's left A-pillar moves across the field of view, eventually revealing a wooden fence that was initially occluded.”；参考题询问：“白车经过住宅时从车内视角向哪侧移动？”。二者有明确语义重合，但生成题只覆盖参考事实的一部分，或改问了不同参照、时间点、条件或细节，不能直接回答参考题。"
judgment-0550,absent,audit-0100-g04,0.88,"生成题 audit-0100-g04 询问：“[True/False] As the vehicle moves forward and to the left, the car's left A-pillar moves across the field of view, eventually revealing a wooden fence that was initially occluded.”；参考题询问：“白车与路边树木的遮挡关系如何变化？”。生成题的核心事实与参考题不同；同一视频、同一对象或相邻事件本身不足以构成覆盖。"
judgment-0551,absent,audit-0100-g02,0.88,"生成题 audit-0100-g02 询问：“[Single-Choice] As the garage door rises, which part of the white car across the street becomes visible first? [Options] A) The roof. B) The wheels. C) The side mirrors. D) The entire car at once.”；参考题询问：“白车先出现在画面右侧还是左侧？”。生成题的核心事实与参考题不同；同一视频、同一对象或相邻事件本身不足以构成覆盖。"
judgment-0552,partial,audit-0100-g04,0.72,"生成题 audit-0100-g04 询问：“[True/False] As the vehicle moves forward and to the left, the car's left A-pillar moves across the field of view, eventually revealing a wooden fence that was initially occluded.”；参考题询问：“窗外白车相对观察者向哪侧移动？”。二者有明确语义重合，但生成题只覆盖参考事实的一部分，或改问了不同参照、时间点、条件或细节，不能直接回答参考题。"
judgment-0553,partial,audit-0100-g04,0.72,"生成题 audit-0100-g04 询问：“[True/False] As the vehicle moves forward and to the left, the car's left A-pillar moves across the field of view, eventually revealing a wooden fence that was initially occluded.”；参考题询问：“白车是否被前景仪表台遮挡过？”。二者有明确语义重合，但生成题只覆盖参考事实的一部分，或改问了不同参照、时间点、条件或细节，不能直接回答参考题。"
judgment-0554,absent,audit-0100-g01,0.88,"生成题 audit-0100-g01 询问：“[True/False] By the time the garage door is fully open, its bottom edge is positioned higher than the roof of the white car.”；参考题询问：“相邻住宅的橙色墙面位于灰色墙面哪侧？”。生成题的核心事实与参考题不同；同一视频、同一对象或相邻事件本身不足以构成覆盖。"
judgment-0555,partial,audit-0101-g01,0.72,"生成题 audit-0101-g01 询问：“[True/False] The trajectory of the fish, as it is being pulled through the water before being lifted, is primarily from a distant point toward the camera's location.”；参考题询问：“鱼在水面附近出现后是否被举到船边？”。二者有明确语义重合，但生成题只覆盖参考事实的一部分，或改问了不同参照、时间点、条件或细节，不能直接回答参考题。"
judgment-0556,partial,audit-0101-g01,0.72,"生成题 audit-0101-g01 询问：“[True/False] The trajectory of the fish, as it is being pulled through the water before being lifted, is primarily from a distant point toward the camera's location.”；参考题询问：“鱼从水中到手中的顺序是什么？”。二者有明确语义重合，但生成题只覆盖参考事实的一部分，或改问了不同参照、时间点、条件或细节，不能直接回答参考题。"
judgment-0557,absent,audit-0101-g01,0.88,"生成题 audit-0101-g01 询问：“[True/False] The trajectory of the fish, as it is being pulled through the water before being lifted, is primarily from a distant point toward the camera's location.”；参考题询问：“鱼被举起时相对船边位于哪一侧？”。生成题的核心事实与参考题不同；同一视频、同一对象或相邻事件本身不足以构成覆盖。"
judgment-0558,partial,audit-0101-g01,0.72,"生成题 audit-0101-g01 询问：“[True/False] The trajectory of the fish, as it is being pulled through the water before being lifted, is primarily from a distant point toward the camera's location.”；参考题询问：“鱼从水下出现到被举起经历了什么顺序？”。二者有明确语义重合，但生成题只覆盖参考事实的一部分，或改问了不同参照、时间点、条件或细节，不能直接回答参考题。"
judgment-0559,absent,audit-0101-g01,0.88,"生成题 audit-0101-g01 询问：“[True/False] The trajectory of the fish, as it is being pulled through the water before being lifted, is primarily from a distant point toward the camera's location.”；参考题询问：“鱼最终位于船的哪一侧？”。生成题的核心事实与参考题不同；同一视频、同一对象或相邻事件本身不足以构成覆盖。"
judgment-0560,direct,audit-0102-g01,0.90,"生成题 audit-0102-g01 询问：“[True/False] Based entirely on the difference in acceleration between the two motorcycles within the first two seconds of the race, it is predictable that the motorcycle in the right lane will maintain its lead.”；参考题询问：“两辆摩托车起步后哪一辆先明显领先？”。二者都要求判断同一个核心可视事实，且需要的空间、时间或状态推理操作基本一致。"
judgment-0561,absent,audit-0102-g01,0.88,"生成题 audit-0102-g01 询问：“[True/False] Based entirely on the difference in acceleration between the two motorcycles within the first two seconds of the race, it is predictable that the motorcycle in the right lane will maintain its lead.”；参考题询问：“烟雾出现发生在正式加速之前还是之后？”。生成题的核心事实与参考题不同；同一视频、同一对象或相邻事件本身不足以构成覆盖。"
judgment-0562,absent,audit-0102-g04,0.88,"生成题 audit-0102-g04 询问：“[Single-Choice] Near the end of the video, from the perspective of the spectators in the stands, a train is moving in the background. What is the direction of the train's movement relative to the direction the motorcycles are racing? [Options] A) The train is moving in the same direction as the motorcycles. B) The train is moving in the opposite direction of the motorcycles. C) The train is moving from left to right, perpendicular to the motorcycles' path. D) The train is moving from right to left, perpendicular to the motorcycles' path.”；参考题询问：“骑手们沿赛道朝哪个方向驶离？”。生成题的核心事实与参考题不同；同一视频、同一对象或相邻事件本身不足以构成覆盖。"
judgment-0563,partial,audit-0102-g01,0.72,"生成题 audit-0102-g01 询问：“[True/False] Based entirely on the difference in acceleration between the two motorcycles within the first two seconds of the race, it is predictable that the motorcycle in the right lane will maintain its lead.”；参考题询问：“两辆摩托车的前后关系在比赛中是否改变？”。二者有明确语义重合，但生成题只覆盖参考事实的一部分，或改问了不同参照、时间点、条件或细节，不能直接回答参考题。"
judgment-0564,absent,audit-0102-g01,0.88,"生成题 audit-0102-g01 询问：“[True/False] Based entirely on the difference in acceleration between the two motorcycles within the first two seconds of the race, it is predictable that the motorcycle in the right lane will maintain its lead.”；参考题询问：“摩托车经过观众席前是否先产生烟雾？”。生成题的核心事实与参考题不同；同一视频、同一对象或相邻事件本身不足以构成覆盖。"
judgment-0565,direct,audit-0102-g01,0.90,"生成题 audit-0102-g01 询问：“[True/False] Based entirely on the difference in acceleration between the two motorcycles within the first two seconds of the race, it is predictable that the motorcycle in the right lane will maintain its lead.”；参考题询问：“领先车辆位于赛道哪一侧？”。二者都要求判断同一个核心可视事实，且需要的空间、时间或状态推理操作基本一致。"
judgment-0566,absent,audit-0103-g01,0.88,"生成题 audit-0103-g01 询问：“[True/False] The camera's viewpoint is stationary in the water, observing the person's actions from a distance.”；参考题询问：“鱼竿弯曲程度随时间如何变化？”。生成题的核心事实与参考题不同；同一视频、同一对象或相邻事件本身不足以构成覆盖。"
judgment-0567,absent,audit-0103-g01,0.88,"生成题 audit-0103-g01 询问：“[True/False] The camera's viewpoint is stationary in the water, observing the person's actions from a distance.”；参考题询问：“鱼竿先保持平直还是先出现弯曲？”。生成题的核心事实与参考题不同；同一视频、同一对象或相邻事件本身不足以构成覆盖。"
judgment-0568,absent,audit-0103-g01,0.88,"生成题 audit-0103-g01 询问：“[True/False] The camera's viewpoint is stationary in the water, observing the person's actions from a distance.”；参考题询问：“鱼竿在末段是否明显弯曲？”。生成题的核心事实与参考题不同；同一视频、同一对象或相邻事件本身不足以构成覆盖。"
judgment-0569,absent,audit-0104-g01,0.88,生成题 audit-0104-g01 询问：“[Multiple-Select] Observe the movement in the driver's footwell when the adjustment button is used. Which of the following objects remain in a fixed position relative to the floor mat? (Select all that apply) [Options] A) The brake pedal. B) The accelerator pedal. C) The steering column. D) The parking brake pedal.”；参考题询问：“镜头先展示座椅材质还是先展示驾驶控制区？”。生成题的核心事实与参考题不同；同一视频、同一对象或相邻事件本身不足以构成覆盖。
judgment-0570,absent,audit-0104-g01,0.88,生成题 audit-0104-g01 询问：“[Multiple-Select] Observe the movement in the driver's footwell when the adjustment button is used. Which of the following objects remain in a fixed position relative to the floor mat? (Select all that apply) [Options] A) The brake pedal. B) The accelerator pedal. C) The steering column. D) The parking brake pedal.”；参考题询问：“橙色饰条位于座椅的哪个边缘？”。生成题的核心事实与参考题不同；同一视频、同一对象或相邻事件本身不足以构成覆盖。
judgment-0571,absent,audit-0104-g01,0.88,生成题 audit-0104-g01 询问：“[Multiple-Select] Observe the movement in the driver's footwell when the adjustment button is used. Which of the following objects remain in a fixed position relative to the floor mat? (Select all that apply) [Options] A) The brake pedal. B) The accelerator pedal. C) The steering column. D) The parking brake pedal.”；参考题询问：“男子的手主要指向方向盘左侧的哪些控制区域？”。生成题的核心事实与参考题不同；同一视频、同一对象或相邻事件本身不足以构成覆盖。
judgment-0572,absent,audit-0104-g01,0.88,生成题 audit-0104-g01 询问：“[Multiple-Select] Observe the movement in the driver's footwell when the adjustment button is used. Which of the following objects remain in a fixed position relative to the floor mat? (Select all that apply) [Options] A) The brake pedal. B) The accelerator pedal. C) The steering column. D) The parking brake pedal.”；参考题询问：“镜头先展示座椅还是驾驶位控制键？”。生成题的核心事实与参考题不同；同一视频、同一对象或相邻事件本身不足以构成覆盖。
judgment-0573,absent,audit-0104-g01,0.88,生成题 audit-0104-g01 询问：“[Multiple-Select] Observe the movement in the driver's footwell when the adjustment button is used. Which of the following objects remain in a fixed position relative to the floor mat? (Select all that apply) [Options] A) The brake pedal. B) The accelerator pedal. C) The steering column. D) The parking brake pedal.”；参考题询问：“橙色饰边分布在座椅什么位置？”。生成题的核心事实与参考题不同；同一视频、同一对象或相邻事件本身不足以构成覆盖。
judgment-0574,partial,audit-0105-g01,0.72,"生成题 audit-0105-g01 询问：“[Single-Choice] The man is using a tool in his right hand to scrape an object in his left. Based on the direction of force application, what is the primary purpose of the tool's movement from the right side of the frame towards the left? [Options] A) To remove material from the object. B) To reposition the tool for the next scraping stroke. C) To sharpen the tool on the object's surface. D) To apply a coating to the object.”；参考题询问：“橙衣男子是否在持续处理手中物品？”。二者有明确语义重合，但生成题只覆盖参考事实的一部分，或改问了不同参照、时间点、条件或细节，不能直接回答参考题。"
judgment-0575,absent,audit-0105-g01,0.88,"生成题 audit-0105-g01 询问：“[Single-Choice] The man is using a tool in his right hand to scrape an object in his left. Based on the direction of force application, what is the primary purpose of the tool's movement from the right side of the frame towards the left? [Options] A) To remove material from the object. B) To reposition the tool for the next scraping stroke. C) To sharpen the tool on the object's surface. D) To apply a coating to the object.”；参考题询问：“他低头操作与抬头观察的顺序如何交替？”。生成题的核心事实与参考题不同；同一视频、同一对象或相邻事件本身不足以构成覆盖。"
judgment-0576,absent,audit-0105-g01,0.88,"生成题 audit-0105-g01 询问：“[Single-Choice] The man is using a tool in his right hand to scrape an object in his left. Based on the direction of force application, what is the primary purpose of the tool's movement from the right side of the frame towards the left? [Options] A) To remove material from the object. B) To reposition the tool for the next scraping stroke. C) To sharpen the tool on the object's surface. D) To apply a coating to the object.”；参考题询问：“手中物品相对栏杆位于哪一侧？”。生成题的核心事实与参考题不同；同一视频、同一对象或相邻事件本身不足以构成覆盖。"
judgment-0577,partial,audit-0105-g01,0.72,"生成题 audit-0105-g01 询问：“[Single-Choice] The man is using a tool in his right hand to scrape an object in his left. Based on the direction of force application, what is the primary purpose of the tool's movement from the right side of the frame towards the left? [Options] A) To remove material from the object. B) To reposition the tool for the next scraping stroke. C) To sharpen the tool on the object's surface. D) To apply a coating to the object.”；参考题询问：“橙衣男子是否反复低头操作物体？”。二者有明确语义重合，但生成题只覆盖参考事实的一部分，或改问了不同参照、时间点、条件或细节，不能直接回答参考题。"
judgment-0578,absent,audit-0105-g01,0.88,"生成题 audit-0105-g01 询问：“[Single-Choice] The man is using a tool in his right hand to scrape an object in his left. Based on the direction of force application, what is the primary purpose of the tool's movement from the right side of the frame towards the left? [Options] A) To remove material from the object. B) To reposition the tool for the next scraping stroke. C) To sharpen the tool on the object's surface. D) To apply a coating to the object.”；参考题询问：“他先抬头还是先戴上蓝色手套？”。生成题的核心事实与参考题不同；同一视频、同一对象或相邻事件本身不足以构成覆盖。"
judgment-0579,absent,audit-0105-g01,0.88,"生成题 audit-0105-g01 询问：“[Single-Choice] The man is using a tool in his right hand to scrape an object in his left. Based on the direction of force application, what is the primary purpose of the tool's movement from the right side of the frame towards the left? [Options] A) To remove material from the object. B) To reposition the tool for the next scraping stroke. C) To sharpen the tool on the object's surface. D) To apply a coating to the object.”；参考题询问：“操作的直接目标位于栏杆上方还是下方？”。生成题的核心事实与参考题不同；同一视频、同一对象或相邻事件本身不足以构成覆盖。"
judgment-0580,absent,audit-0106-g03,0.88,"生成题 audit-0106-g03 询问：“[True/False] From the woman's perspective, the hand guiding the hook is positioned on her left side.”；参考题询问：“女子先握住小鱼还是先让另一只手接近鱼钩？”。生成题的核心事实与参考题不同；同一视频、同一对象或相邻事件本身不足以构成覆盖。"
judgment-0581,absent,audit-0106-g01,0.88,"生成题 audit-0106-g01 询问：“[Single-Choice] Based on the specific path the hook takes through the fish's mouth and the presence of the fishing rod, what is the immediate goal of this action? [Options] A) To remove something stuck in the fish's throat. B) To secure the fish as live bait on the line. C) To tag the fish for scientific tracking. D) To measure the fish's mouth.”；参考题询问：“鱼从女子手中到另一人手中的位置如何变化？”。生成题的核心事实与参考题不同；同一视频、同一对象或相邻事件本身不足以构成覆盖。"
judgment-0582,absent,audit-0106-g01,0.88,"生成题 audit-0106-g01 询问：“[Single-Choice] Based on the specific path the hook takes through the fish's mouth and the presence of the fishing rod, what is the immediate goal of this action? [Options] A) To remove something stuck in the fish's throat. B) To secure the fish as live bait on the line. C) To tag the fish for scientific tracking. D) To measure the fish's mouth.”；参考题询问：“处理后鱼钩是否与鱼分离？”。生成题的核心事实与参考题不同；同一视频、同一对象或相邻事件本身不足以构成覆盖。"
judgment-0583,absent,audit-0106-g01,0.88,"生成题 audit-0106-g01 询问：“[Single-Choice] Based on the specific path the hook takes through the fish's mouth and the presence of the fishing rod, what is the immediate goal of this action? [Options] A) To remove something stuck in the fish's throat. B) To secure the fish as live bait on the line. C) To tag the fish for scientific tracking. D) To measure the fish's mouth.”；参考题询问：“小鱼先被女子握住还是先交给另一双手？”。生成题的核心事实与参考题不同；同一视频、同一对象或相邻事件本身不足以构成覆盖。"
judgment-0584,absent,audit-0106-g01,0.88,"生成题 audit-0106-g01 询问：“[Single-Choice] Based on the specific path the hook takes through the fish's mouth and the presence of the fishing rod, what is the immediate goal of this action? [Options] A) To remove something stuck in the fish's throat. B) To secure the fish as live bait on the line. C) To tag the fish for scientific tracking. D) To measure the fish's mouth.”；参考题询问：“鱼钩从鱼口取出后鱼的状态如何变化？”。生成题的核心事实与参考题不同；同一视频、同一对象或相邻事件本身不足以构成覆盖。"
judgment-0585,partial,audit-0106-g01,0.72,"生成题 audit-0106-g01 询问：“[Single-Choice] Based on the specific path the hook takes through the fish's mouth and the presence of the fishing rod, what is the immediate goal of this action? [Options] A) To remove something stuck in the fish's throat. B) To secure the fish as live bait on the line. C) To tag the fish for scientific tracking. D) To measure the fish's mouth.”；参考题询问：“两人操作鱼钩的直接目标是什么？”。二者有明确语义重合，但生成题只覆盖参考事实的一部分，或改问了不同参照、时间点、条件或细节，不能直接回答参考题。"
judgment-0586,absent,audit-0107-g01,0.88,"生成题 audit-0107-g01 询问：“[Fill-in-the-Blank] After the helicopter lands, the visual state of the main rotor blades transitions from a continuous transparent blur to ______, as they slow to a stop.”；参考题询问：“遥控直升机是先升空还是先从灌木后出现？”。生成题的核心事实与参考题不同；同一视频、同一对象或相邻事件本身不足以构成覆盖。"
judgment-0587,partial,audit-0107-g01,0.72,"生成题 audit-0107-g01 询问：“[Fill-in-the-Blank] After the helicopter lands, the visual state of the main rotor blades transitions from a continuous transparent blur to ______, as they slow to a stop.”；参考题询问：“直升机相对地面的高度如何变化？”。二者有明确语义重合，但生成题只覆盖参考事实的一部分，或改问了不同参照、时间点、条件或细节，不能直接回答参考题。"
judgment-0588,direct,audit-0107-g01,0.90,"生成题 audit-0107-g01 询问：“[Fill-in-the-Blank] After the helicopter lands, the visual state of the main rotor blades transitions from a continuous transparent blur to ______, as they slow to a stop.”；参考题询问：“直升机最终是否平稳落到草地？”。二者都要求判断同一个核心可视事实，且需要的空间、时间或状态推理操作基本一致。"
judgment-0589,partial,audit-0107-g01,0.72,"生成题 audit-0107-g01 询问：“[Fill-in-the-Blank] After the helicopter lands, the visual state of the main rotor blades transitions from a continuous transparent blur to ______, as they slow to a stop.”；参考题询问：“遥控直升机先升空还是先降落？”。二者有明确语义重合，但生成题只覆盖参考事实的一部分，或改问了不同参照、时间点、条件或细节，不能直接回答参考题。"
judgment-0590,absent,audit-0107-g01,0.88,"生成题 audit-0107-g01 询问：“[Fill-in-the-Blank] After the helicopter lands, the visual state of the main rotor blades transitions from a continuous transparent blur to ______, as they slow to a stop.”；参考题询问：“直升机相对树篱高度如何变化？”。生成题的核心事实与参考题不同；同一视频、同一对象或相邻事件本身不足以构成覆盖。"
judgment-0591,partial,audit-0107-g01,0.72,"生成题 audit-0107-g01 询问：“[Fill-in-the-Blank] After the helicopter lands, the visual state of the main rotor blades transitions from a continuous transparent blur to ______, as they slow to a stop.”；参考题询问：“着陆时机身朝向是否保持稳定？”。二者有明确语义重合，但生成题只覆盖参考事实的一部分，或改问了不同参照、时间点、条件或细节，不能直接回答参考题。"
judgment-0592,absent,audit-0108-g01,0.88,"生成题 audit-0108-g01 询问：“[Single-Choice] A woman wearing a white shirt and a pink scarf is initially on the right side of the frame and walks left. By the end of the clip, which person is primarily occluding her from view? [Options] A) The man in the black jacket. B) The monk in the brown robe. C) A person in a purple shirt. D) She is not occluded and is visible on the far left.”；参考题询问：“黑衣男子手指向岩石的哪个部位？”。生成题的核心事实与参考题不同；同一视频、同一对象或相邻事件本身不足以构成覆盖。"
judgment-0593,absent,audit-0108-g01,0.88,"生成题 audit-0108-g01 询问：“[Single-Choice] A woman wearing a white shirt and a pink scarf is initially on the right side of the frame and walks left. By the end of the clip, which person is primarily occluding her from view? [Options] A) The man in the black jacket. B) The monk in the brown robe. C) A person in a purple shirt. D) She is not occluded and is visible on the far left.”；参考题询问：“他转身指示发生在穿过人群之前还是之后？”。生成题的核心事实与参考题不同；同一视频、同一对象或相邻事件本身不足以构成覆盖。"
judgment-0594,absent,audit-0108-g01,0.88,"生成题 audit-0108-g01 询问：“[Single-Choice] A woman wearing a white shirt and a pink scarf is initially on the right side of the frame and walks left. By the end of the clip, which person is primarily occluding her from view? [Options] A) The man in the black jacket. B) The monk in the brown robe. C) A person in a purple shirt. D) She is not occluded and is visible on the far left.”；参考题询问：“指示时岩石相对男子位于哪一侧？”。生成题的核心事实与参考题不同；同一视频、同一对象或相邻事件本身不足以构成覆盖。"
judgment-0595,absent,audit-0108-g01,0.88,"生成题 audit-0108-g01 询问：“[Single-Choice] A woman wearing a white shirt and a pink scarf is initially on the right side of the frame and walks left. By the end of the clip, which person is primarily occluding her from view? [Options] A) The man in the black jacket. B) The monk in the brown robe. C) A person in a purple shirt. D) She is not occluded and is visible on the far left.”；参考题询问：“背包男子先指向山体还是先转身？”。生成题的核心事实与参考题不同；同一视频、同一对象或相邻事件本身不足以构成覆盖。"
judgment-0596,absent,audit-0108-g01,0.88,"生成题 audit-0108-g01 询问：“[Single-Choice] A woman wearing a white shirt and a pink scarf is initially on the right side of the frame and walks left. By the end of the clip, which person is primarily occluding her from view? [Options] A) The man in the black jacket. B) The monk in the brown robe. C) A person in a purple shirt. D) She is not occluded and is visible on the far left.”；参考题询问：“男子指向的目标位于人群哪一侧？”。生成题的核心事实与参考题不同；同一视频、同一对象或相邻事件本身不足以构成覆盖。"
judgment-0597,absent,audit-0108-g01,0.88,"生成题 audit-0108-g01 询问：“[Single-Choice] A woman wearing a white shirt and a pink scarf is initially on the right side of the frame and walks left. By the end of the clip, which person is primarily occluding her from view? [Options] A) The man in the black jacket. B) The monk in the brown robe. C) A person in a purple shirt. D) She is not occluded and is visible on the far left.”；参考题询问：“人群是否朝同一方向移动？”。生成题的核心事实与参考题不同；同一视频、同一对象或相邻事件本身不足以构成覆盖。"
judgment-0598,partial,audit-0109-g01,0.72,生成题 audit-0109-g01 询问：“[True/False] The person's pointing gesture starts on the packaging label in the middle of the box and then moves directly to the box's top edge.”；参考题询问：“展示者主要指向包装盒的哪个区域？”。二者有明确语义重合，但生成题只覆盖参考事实的一部分，或改问了不同参照、时间点、条件或细节，不能直接回答参考题。
judgment-0599,partial,audit-0109-g01,0.72,生成题 audit-0109-g01 询问：“[True/False] The person's pointing gesture starts on the packaging label in the middle of the box and then moves directly to the box's top edge.”；参考题询问：“盒面圆形图案相对产品名称位于哪里？”。二者有明确语义重合，但生成题只覆盖参考事实的一部分，或改问了不同参照、时间点、条件或细节，不能直接回答参考题。
judgment-0600,absent,audit-0109-g01,0.88,生成题 audit-0109-g01 询问：“[True/False] The person's pointing gesture starts on the packaging label in the middle of the box and then moves directly to the box's top edge.”；参考题询问：“镜头是否始终保持包装盒完整可见？”。生成题的核心事实与参考题不同；同一视频、同一对象或相邻事件本身不足以构成覆盖。
judgment-0601,partial,audit-0109-g01,0.72,生成题 audit-0109-g01 询问：“[True/False] The person's pointing gesture starts on the packaging label in the middle of the box and then moves directly to the box's top edge.”；参考题询问：“手指反复指向包装盒的哪个区域？”。二者有明确语义重合，但生成题只覆盖参考事实的一部分，或改问了不同参照、时间点、条件或细节，不能直接回答参考题。
judgment-0602,absent,audit-0109-g01,0.88,生成题 audit-0109-g01 询问：“[True/False] The person's pointing gesture starts on the packaging label in the middle of the box and then moves directly to the box's top edge.”；参考题询问：“包装盒位于黑色桌子的哪一侧？”。生成题的核心事实与参考题不同；同一视频、同一对象或相邻事件本身不足以构成覆盖。
judgment-0603,absent,audit-0109-g01,0.88,生成题 audit-0109-g01 询问：“[True/False] The person's pointing gesture starts on the packaging label in the middle of the box and then moves directly to the box's top edge.”；参考题询问：“盒子在讲解过程中是否改变位置？”。生成题的核心事实与参考题不同；同一视频、同一对象或相邻事件本身不足以构成覆盖。
judgment-0604,partial,audit-0110-g02,0.72,"生成题 audit-0110-g02 询问：“[True/False] Based on their movements, the two dogs are initially moving away from each other.”；参考题询问：“三只狗在沙地上的前后位置如何变化？”。二者有明确语义重合，但生成题只覆盖参考事实的一部分，或改问了不同参照、时间点、条件或细节，不能直接回答参考题。"
judgment-0605,absent,audit-0110-g02,0.88,"生成题 audit-0110-g02 询问：“[True/False] Based on their movements, the two dogs are initially moving away from each other.”；参考题询问：“白狗与黑狗哪一只先接近相机？”。生成题的核心事实与参考题不同；同一视频、同一对象或相邻事件本身不足以构成覆盖。"
judgment-0606,absent,audit-0110-g02,0.88,"生成题 audit-0110-g02 询问：“[True/False] Based on their movements, the two dogs are initially moving away from each other.”；参考题询问：“狗群是否在奔跑中改变整体方向？”。生成题的核心事实与参考题不同；同一视频、同一对象或相邻事件本身不足以构成覆盖。"
judgment-0607,direct,audit-0110-g02,0.90,"生成题 audit-0110-g02 询问：“[True/False] Based on their movements, the two dogs are initially moving away from each other.”；参考题询问：“黑狗与白狗是否朝同一方向奔跑？”。二者都要求判断同一个核心可视事实，且需要的空间、时间或状态推理操作基本一致。"
judgment-0608,partial,audit-0110-g02,0.72,"生成题 audit-0110-g02 询问：“[True/False] Based on their movements, the two dogs are initially moving away from each other.”；参考题询问：“两只狗的前后关系如何变化？”。二者有明确语义重合，但生成题只覆盖参考事实的一部分，或改问了不同参照、时间点、条件或细节，不能直接回答参考题。"
judgment-0609,absent,audit-0110-g02,0.88,"生成题 audit-0110-g02 询问：“[True/False] Based on their movements, the two dogs are initially moving away from each other.”；参考题询问：“狗是否短暂进入灌木遮挡区？”。生成题的核心事实与参考题不同；同一视频、同一对象或相邻事件本身不足以构成覆盖。"
judgment-0610,partial,audit-0111-g02,0.72,"生成题 audit-0111-g02 询问：“[Single-Choice] At 0:13, several houses are visible behind a line of dense trees. If the camera had moved straight forward towards these houses instead of panning left, what would have been the most likely visual outcome regarding the white house and the cream-colored house next to it? [Options] A) The cream-colored house would have become hidden behind the white house. B) The apparent distance between the two houses would have increased. C) The white house would have been completely blocked by the trees. D) The houses would have appeared to move farther apart vertically.”；参考题询问：“航拍镜头从空地向居民区靠近时距离如何变化？”。二者有明确语义重合，但生成题只覆盖参考事实的一部分，或改问了不同参照、时间点、条件或细节，不能直接回答参考题。"
judgment-0611,partial,audit-0111-g05,0.72,"生成题 audit-0111-g05 询问：“[Multiple-Select] The camera's movement creates a changing perspective. Which of these statements describe a fixed, real-world spatial relationship between objects, independent of the camera's point of view? (Select all that apply) [Options] A) The red van is parked across the street from a large leafy tree. B) The church steeple is on the left side of the screen relative to the white and grey house. C) The central cluster of bushes is located between the camera's starting position and the town. D) The white and grey house moves from the right side of the frame towards the left.”；参考题询问：“居民区位于草地的哪个方向？”。二者有明确语义重合，但生成题只覆盖参考事实的一部分，或改问了不同参照、时间点、条件或细节，不能直接回答参考题。"
judgment-0612,partial,audit-0111-g01,0.72,"生成题 audit-0111-g01 询问：“[Single-Choice] At 0:15, a tall church steeple is visible. Relative to the prominent white and grey house nearby, where is the steeple located at 0:21 from the camera's viewpoint? [Options] A) To the right of the house. B) Directly behind the house. C) To the left of the house. D) It has been completely occluded by trees.”；参考题询问：“镜头移动时村庄从哪侧进入画面？”。二者有明确语义重合，但生成题只覆盖参考事实的一部分，或改问了不同参照、时间点、条件或细节，不能直接回答参考题。"
judgment-0613,partial,audit-0111-g05,0.72,"生成题 audit-0111-g05 询问：“[Multiple-Select] The camera's movement creates a changing perspective. Which of these statements describe a fixed, real-world spatial relationship between objects, independent of the camera's point of view? (Select all that apply) [Options] A) The red van is parked across the street from a large leafy tree. B) The church steeple is on the left side of the screen relative to the white and grey house. C) The central cluster of bushes is located between the camera's starting position and the town. D) The white and grey house moves from the right side of the frame towards the left.”；参考题询问：“草地位于村庄前方吗？”。二者有明确语义重合，但生成题只覆盖参考事实的一部分，或改问了不同参照、时间点、条件或细节，不能直接回答参考题。"
judgment-0614,partial,audit-0111-g02,0.72,"生成题 audit-0111-g02 询问：“[Single-Choice] At 0:13, several houses are visible behind a line of dense trees. If the camera had moved straight forward towards these houses instead of panning left, what would have been the most likely visual outcome regarding the white house and the cream-colored house next to it? [Options] A) The cream-colored house would have become hidden behind the white house. B) The apparent distance between the two houses would have increased. C) The white house would have been completely blocked by the trees. D) The houses would have appeared to move farther apart vertically.”；参考题询问：“前景灌木是否遮挡部分房屋？”。二者有明确语义重合，但生成题只覆盖参考事实的一部分，或改问了不同参照、时间点、条件或细节，不能直接回答参考题。"
judgment-0615,absent,audit-0112-g01,0.88,"生成题 audit-0112-g01 询问：“[Multiple-Select] After one bird dives into the water at 0:08, which statements accurately describe the immediate visual result? (Select all that apply) [Options] A) The bird is no longer visible above the surface. B) The other prominent bird also dives into the water. C) A distinct splash marks the bird's point of entry. D) The bird immediately resurfaces in the same location.”；参考题询问：“海鸟靠近船时与相机的距离如何变化？”。生成题的核心事实与参考题不同；同一视频、同一对象或相邻事件本身不足以构成覆盖。"
judgment-0616,absent,audit-0112-g01,0.88,"生成题 audit-0112-g01 询问：“[Multiple-Select] After one bird dives into the water at 0:08, which statements accurately describe the immediate visual result? (Select all that apply) [Options] A) The bird is no longer visible above the surface. B) The other prominent bird also dives into the water. C) A distinct splash marks the bird's point of entry. D) The bird immediately resurfaces in the same location.”；参考题询问：“海鸟掠过船侧时朝哪个方向飞行？”。生成题的核心事实与参考题不同；同一视频、同一对象或相邻事件本身不足以构成覆盖。"
judgment-0617,absent,audit-0112-g01,0.88,"生成题 audit-0112-g01 询问：“[Multiple-Select] After one bird dives into the water at 0:08, which statements accurately describe the immediate visual result? (Select all that apply) [Options] A) The bird is no longer visible above the surface. B) The other prominent bird also dives into the water. C) A distinct splash marks the bird's point of entry. D) The bird immediately resurfaces in the same location.”；参考题询问：“海鸟接近船时与相机距离如何变化？”。生成题的核心事实与参考题不同；同一视频、同一对象或相邻事件本身不足以构成覆盖。"
judgment-0618,absent,audit-0112-g01,0.88,"生成题 audit-0112-g01 询问：“[Multiple-Select] After one bird dives into the water at 0:08, which statements accurately describe the immediate visual result? (Select all that apply) [Options] A) The bird is no longer visible above the surface. B) The other prominent bird also dives into the water. C) A distinct splash marks the bird's point of entry. D) The bird immediately resurfaces in the same location.”；参考题询问：“海鸟是否从海面上方飞到船旁？”。生成题的核心事实与参考题不同；同一视频、同一对象或相邻事件本身不足以构成覆盖。"
judgment-0619,absent,audit-0112-g01,0.88,"生成题 audit-0112-g01 询问：“[Multiple-Select] After one bird dives into the water at 0:08, which statements accurately describe the immediate visual result? (Select all that apply) [Options] A) The bird is no longer visible above the surface. B) The other prominent bird also dives into the water. C) A distinct splash marks the bird's point of entry. D) The bird immediately resurfaces in the same location.”；参考题询问：“最近的海鸟相对船体位于哪一侧？”。生成题的核心事实与参考题不同；同一视频、同一对象或相邻事件本身不足以构成覆盖。"
judgment-0620,absent,audit-0113-g01,0.88,"生成题 audit-0113-g01 询问：“[True/False] After the camera finishes panning to the right, the silver SUV that was initially parked beside a white horse trailer is completely occluded by the trailer in the foreground.”；参考题询问：“移动镜头中车辆与马匹区域的距离如何变化？”。生成题的核心事实与参考题不同；同一视频、同一对象或相邻事件本身不足以构成覆盖。"
judgment-0621,absent,audit-0113-g01,0.88,"生成题 audit-0113-g01 询问：“[True/False] After the camera finishes panning to the right, the silver SUV that was initially parked beside a white horse trailer is completely occluded by the trailer in the foreground.”；参考题询问：“车列与马匹围场分别位于画面的哪一侧？”。生成题的核心事实与参考题不同；同一视频、同一对象或相邻事件本身不足以构成覆盖。"
judgment-0622,absent,audit-0113-g01,0.88,"生成题 audit-0113-g01 询问：“[True/False] After the camera finishes panning to the right, the silver SUV that was initially parked beside a white horse trailer is completely occluded by the trailer in the foreground.”；参考题询问：“镜头先经过拖车还是先展示远处马匹？”。生成题的核心事实与参考题不同；同一视频、同一对象或相邻事件本身不足以构成覆盖。"
judgment-0623,absent,audit-0113-g01,0.88,"生成题 audit-0113-g01 询问：“[True/False] After the camera finishes panning to the right, the silver SUV that was initially parked beside a white horse trailer is completely occluded by the trailer in the foreground.”；参考题询问：“镜头先经过车辆还是先看到远处马匹？”。生成题的核心事实与参考题不同；同一视频、同一对象或相邻事件本身不足以构成覆盖。"
judgment-0624,absent,audit-0113-g01,0.88,"生成题 audit-0113-g01 询问：“[True/False] After the camera finishes panning to the right, the silver SUV that was initially parked beside a white horse trailer is completely occluded by the trailer in the foreground.”；参考题询问：“马匹位于停放车辆的哪一侧？”。生成题的核心事实与参考题不同；同一视频、同一对象或相邻事件本身不足以构成覆盖。"
judgment-0625,absent,audit-0113-g01,0.88,"生成题 audit-0113-g01 询问：“[True/False] After the camera finishes panning to the right, the silver SUV that was initially parked beside a white horse trailer is completely occluded by the trailer in the foreground.”；参考题询问：“前景车顶是否遮挡过马匹？”。生成题的核心事实与参考题不同；同一视频、同一对象或相邻事件本身不足以构成覆盖。"
judgment-0626,absent,audit-0114-g01,0.88,"生成题 audit-0114-g01 询问：“[True/False] At the start of the video, a tall skyscraper is visible in the far-left background. This building is occluded by a bridge pillar and does not become visible again for the remainder of the video.”；参考题询问：“小船通过桥下时桥面从相机上方如何移动？”。生成题的核心事实与参考题不同；同一视频、同一对象或相邻事件本身不足以构成覆盖。"
judgment-0627,absent,audit-0114-g01,0.88,"生成题 audit-0114-g01 询问：“[True/False] At the start of the video, a tall skyscraper is visible in the far-left background. This building is occluded by a bridge pillar and does not become visible again for the remainder of the video.”；参考题询问：“船与桥墩之间的距离如何变化？”。生成题的核心事实与参考题不同；同一视频、同一对象或相邻事件本身不足以构成覆盖。"
judgment-0628,absent,audit-0114-g01,0.88,"生成题 audit-0114-g01 询问：“[True/False] At the start of the video, a tall skyscraper is visible in the far-left background. This building is occluded by a bridge pillar and does not become visible again for the remainder of the video.”；参考题询问：“船尾出现在画面前还是后完全离开桥下？”。生成题的核心事实与参考题不同；同一视频、同一对象或相邻事件本身不足以构成覆盖。"
judgment-0629,absent,audit-0114-g01,0.88,"生成题 audit-0114-g01 询问：“[True/False] At the start of the video, a tall skyscraper is visible in the far-left background. This building is occluded by a bridge pillar and does not become visible again for the remainder of the video.”；参考题询问：“小船先进入桥下还是先经过桥墩？”。生成题的核心事实与参考题不同；同一视频、同一对象或相邻事件本身不足以构成覆盖。"
judgment-0630,absent,audit-0114-g01,0.88,"生成题 audit-0114-g01 询问：“[True/False] At the start of the video, a tall skyscraper is visible in the far-left background. This building is occluded by a bridge pillar and does not become visible again for the remainder of the video.”；参考题询问：“桥墩相对小船从哪侧经过？”。生成题的核心事实与参考题不同；同一视频、同一对象或相邻事件本身不足以构成覆盖。"
judgment-0631,absent,audit-0114-g01,0.88,"生成题 audit-0114-g01 询问：“[True/False] At the start of the video, a tall skyscraper is visible in the far-left background. This building is occluded by a bridge pillar and does not become visible again for the remainder of the video.”；参考题询问：“驶出桥下后桥体是否离开视野？”。生成题的核心事实与参考题不同；同一视频、同一对象或相邻事件本身不足以构成覆盖。"
judgment-0632,absent,audit-0115-g01,0.88,生成题 audit-0115-g01 询问：“[True/False] The unpainted car body in the foreground has the same shape and would spatially fit as the front body of the red car visible to the left of the man.”；参考题询问：“男子先展示车身外壳还是先展示开孔细节？”。生成题的核心事实与参考题不同；同一视频、同一对象或相邻事件本身不足以构成覆盖。
judgment-0633,partial,audit-0115-g02,0.72,"生成题 audit-0115-g02 询问：“[Multiple-Select] By comparing the unpainted car body in the foreground with the assembled red car next to it, which major components are visibly installed on the red car but are absent from the unpainted body? (Select all that apply) [Options] A) The side exhaust pipes. B) The opening for the front grille. C) The headlights. D) The front wheel wells.”；参考题询问：“开孔位于车身部件的哪个区域？”。二者有明确语义重合，但生成题只覆盖参考事实的一部分，或改问了不同参照、时间点、条件或细节，不能直接回答参考题。"
judgment-0634,partial,audit-0115-g01,0.72,生成题 audit-0115-g01 询问：“[True/False] The unpainted car body in the foreground has the same shape and would spatially fit as the front body of the red car visible to the left of the man.”；参考题询问：“车身部件是否呈现未完成或拆卸状态？”。二者有明确语义重合，但生成题只覆盖参考事实的一部分，或改问了不同参照、时间点、条件或细节，不能直接回答参考题。
judgment-0635,absent,audit-0115-g01,0.88,生成题 audit-0115-g01 询问：“[True/False] The unpainted car body in the foreground has the same shape and would spatially fit as the front body of the red car visible to the left of the man.”；参考题询问：“镜头先展示车身外壳还是先展示尾部孔洞？”。生成题的核心事实与参考题不同；同一视频、同一对象或相邻事件本身不足以构成覆盖。
judgment-0636,partial,audit-0115-g02,0.72,"生成题 audit-0115-g02 询问：“[Multiple-Select] By comparing the unpainted car body in the foreground with the assembled red car next to it, which major components are visibly installed on the red car but are absent from the unpainted body? (Select all that apply) [Options] A) The side exhaust pipes. B) The opening for the front grille. C) The headlights. D) The front wheel wells.”；参考题询问：“车身尾部缺失了哪些部件？”。二者有明确语义重合，但生成题只覆盖参考事实的一部分，或改问了不同参照、时间点、条件或细节，不能直接回答参考题。"
judgment-0637,absent,audit-0115-g02,0.88,"生成题 audit-0115-g02 询问：“[Multiple-Select] By comparing the unpainted car body in the foreground with the assembled red car next to it, which major components are visibly installed on the red car but are absent from the unpainted body? (Select all that apply) [Options] A) The side exhaust pipes. B) The opening for the front grille. C) The headlights. D) The front wheel wells.”；参考题询问：“讲解者转向尾部的直接目标是什么？”。生成题的核心事实与参考题不同；同一视频、同一对象或相邻事件本身不足以构成覆盖。"
judgment-0638,absent,audit-0116-g01,0.88,"生成题 audit-0116-g01 询问：“[Single-Choice] If the car had continued its trajectory and rotation from the point seen at the 0:07 mark without the driver correcting its path, which object would it have most likely collided with? [Options] A) The parked semi-trailer on the right. B) The green dumpsters. C) The white truck that briefly enters from the left. D) The loading dock doors of the main building.”；参考题询问：“白色汽车绕停车场时与相机距离如何变化？”。生成题的核心事实与参考题不同；同一视频、同一对象或相邻事件本身不足以构成覆盖。"
judgment-0639,partial,audit-0116-g01,0.72,"生成题 audit-0116-g01 询问：“[Single-Choice] If the car had continued its trajectory and rotation from the point seen at the 0:07 mark without the driver correcting its path, which object would it have most likely collided with? [Options] A) The parked semi-trailer on the right. B) The green dumpsters. C) The white truck that briefly enters from the left. D) The loading dock doors of the main building.”；参考题询问：“汽车经过近处后车头朝向如何改变？”。二者有明确语义重合，但生成题只覆盖参考事实的一部分，或改问了不同参照、时间点、条件或细节，不能直接回答参考题。"
judgment-0640,absent,audit-0116-g01,0.88,"生成题 audit-0116-g01 询问：“[Single-Choice] If the car had continued its trajectory and rotation from the point seen at the 0:07 mark without the driver correcting its path, which object would it have most likely collided with? [Options] A) The parked semi-trailer on the right. B) The green dumpsters. C) The white truck that briefly enters from the left. D) The loading dock doors of the main building.”；参考题询问：“汽车先接近装卸区还是先从远处横向驶过？”。生成题的核心事实与参考题不同；同一视频、同一对象或相邻事件本身不足以构成覆盖。"
judgment-0641,direct,audit-0116-g01,0.90,"生成题 audit-0116-g01 询问：“[Single-Choice] If the car had continued its trajectory and rotation from the point seen at the 0:07 mark without the driver correcting its path, which object would it have most likely collided with? [Options] A) The parked semi-trailer on the right. B) The green dumpsters. C) The white truck that briefly enters from the left. D) The loading dock doors of the main building.”；参考题询问：“白车在空地中是否完成转弯？”。二者都要求判断同一个核心可视事实，且需要的空间、时间或状态推理操作基本一致。"
judgment-0642,absent,audit-0116-g01,0.88,"生成题 audit-0116-g01 询问：“[Single-Choice] If the car had continued its trajectory and rotation from the point seen at the 0:07 mark without the driver correcting its path, which object would it have most likely collided with? [Options] A) The parked semi-trailer on the right. B) The green dumpsters. C) The white truck that briefly enters from the left. D) The loading dock doors of the main building.”；参考题询问：“白车相对仓库的距离如何变化？”。生成题的核心事实与参考题不同；同一视频、同一对象或相邻事件本身不足以构成覆盖。"
judgment-0643,absent,audit-0116-g01,0.88,"生成题 audit-0116-g01 询问：“[Single-Choice] If the car had continued its trajectory and rotation from the point seen at the 0:07 mark without the driver correcting its path, which object would it have most likely collided with? [Options] A) The parked semi-trailer on the right. B) The green dumpsters. C) The white truck that briefly enters from the left. D) The loading dock doors of the main building.”；参考题询问：“白车最终朝哪个方向驶离？”。生成题的核心事实与参考题不同；同一视频、同一对象或相邻事件本身不足以构成覆盖。"
judgment-0644,partial,audit-0117-g02,0.72,"生成题 audit-0117-g02 询问：“[Single-Choice] Between 0:06 and 0:08, a dark SUV crosses the intersection. From the perspective of the driver in the stationary white SUV waiting to exit the lot, how did the dark SUV move relative to them? [Options] A) It moved from their right to their left. B) It moved from their left to their right. C) It moved directly towards them. D) It moved directly away from them.”；参考题询问：“车辆从支路汇入主路前是否等待横向车流？”。二者有明确语义重合，但生成题只覆盖参考事实的一部分，或改问了不同参照、时间点、条件或细节，不能直接回答参考题。"
judgment-0645,absent,audit-0117-g01,0.88,"生成题 audit-0117-g01 询问：“[Single-Choice] At 0:05, based on the white painted arrows on the road, what would happen if the driver attempted to proceed straight without turning? [Options] A) They would merge into a single lane going forward. B) They would enter the parking lot of the red-roofed building. C) They would make a U-turn. D) They would cross the intersection and continue on the same road.”；参考题询问：“从驾驶者视角看汇入方向位于哪一侧？”。生成题的核心事实与参考题不同；同一视频、同一对象或相邻事件本身不足以构成覆盖。"
judgment-0646,partial,audit-0117-g02,0.72,"生成题 audit-0117-g02 询问：“[Single-Choice] Between 0:06 and 0:08, a dark SUV crosses the intersection. From the perspective of the driver in the stationary white SUV waiting to exit the lot, how did the dark SUV move relative to them? [Options] A) It moved from their right to their left. B) It moved from their left to their right. C) It moved directly towards them. D) It moved directly away from them.”；参考题询问：“横向车辆通过与本车起步的先后顺序是什么？”。二者有明确语义重合，但生成题只覆盖参考事实的一部分，或改问了不同参照、时间点、条件或细节，不能直接回答参考题。"
judgment-0647,absent,audit-0117-g03,0.88,"生成题 audit-0117-g03 询问：“[Fill-in-the-Blank] At the intersection around 0:40, a blue car begins to turn left. If this blue car had instead continued straight, its path would have crossed the path of the stationary ______ car.”；参考题询问：“车辆先驶入主路还是先遇到红灯？”。生成题的核心事实与参考题不同；同一视频、同一对象或相邻事件本身不足以构成覆盖。"
judgment-0648,absent,audit-0117-g03,0.88,"生成题 audit-0117-g03 询问：“[Fill-in-the-Blank] At the intersection around 0:40, a blue car begins to turn left. If this blue car had instead continued straight, its path would have crossed the path of the stationary ______ car.”；参考题询问：“驶向红灯停车队列时，本车是从黑色汽车左侧还是右侧接近？”。生成题的核心事实与参考题不同；同一视频、同一对象或相邻事件本身不足以构成覆盖。"
judgment-0649,absent,audit-0117-g03,0.88,"生成题 audit-0117-g03 询问：“[Fill-in-the-Blank] At the intersection around 0:40, a blue car begins to turn left. If this blue car had instead continued straight, its path would have crossed the path of the stationary ______ car.”；参考题询问：“驾驶者在红灯前是否停在其他车辆后方？”。生成题的核心事实与参考题不同；同一视频、同一对象或相邻事件本身不足以构成覆盖。"
judgment-0650,partial,audit-0118-g01,0.72,生成题 audit-0118-g01 询问：“[True/False] The solid white door is located further toward the rear of the vehicle than the main entrance door with the screen.”；参考题询问：“房车侧面的入口门位于车身哪一端？”。二者有明确语义重合，但生成题只覆盖参考事实的一部分，或改问了不同参照、时间点、条件或细节，不能直接回答参考题。
judgment-0651,absent,audit-0118-g03,0.88,"生成题 audit-0118-g03 询问：“[Single-Choice] If the camera continued its horizontal panning motion at the same speed and direction, which part of the vehicle would be the next to become the central focus? [Options] A) The front hitch of the vehicle. B) The rear bumper and wheel well area. C) The top of the awning. D) The main entrance door again.”；参考题询问：“镜头沿车身移动时不同窗户的出现顺序是什么？”。生成题的核心事实与参考题不同；同一视频、同一对象或相邻事件本身不足以构成覆盖。"
judgment-0652,absent,audit-0118-g03,0.88,"生成题 audit-0118-g03 询问：“[Single-Choice] If the camera continued its horizontal panning motion at the same speed and direction, which part of the vehicle would be the next to become the central focus? [Options] A) The front hitch of the vehicle. B) The rear bumper and wheel well area. C) The top of the awning. D) The main entrance door again.”；参考题询问：“房车侧面的伸出结构是否处于展开状态？”。生成题的核心事实与参考题不同；同一视频、同一对象或相邻事件本身不足以构成覆盖。"
judgment-0653,direct,audit-0118-g01,0.90,生成题 audit-0118-g01 询问：“[True/False] The solid white door is located further toward the rear of the vehicle than the main entrance door with the screen.”；参考题询问：“镜头从房车前门移动到后门吗？”。二者都要求判断同一个核心可视事实，且需要的空间、时间或状态推理操作基本一致。
judgment-0654,partial,audit-0118-g03,0.72,"生成题 audit-0118-g03 询问：“[Single-Choice] If the camera continued its horizontal panning motion at the same speed and direction, which part of the vehicle would be the next to become the central focus? [Options] A) The front hitch of the vehicle. B) The rear bumper and wheel well area. C) The top of the awning. D) The main entrance door again.”；参考题询问：“遮阳篷在片段中保持展开吗？”。二者有明确语义重合，但生成题只覆盖参考事实的一部分，或改问了不同参照、时间点、条件或细节，不能直接回答参考题。"
judgment-0655,partial,audit-0118-g01,0.72,生成题 audit-0118-g01 询问：“[True/False] The solid white door is located further toward the rear of the vehicle than the main entrance door with the screen.”；参考题询问：“后门相对侧窗位于哪一侧？”。二者有明确语义重合，但生成题只覆盖参考事实的一部分，或改问了不同参照、时间点、条件或细节，不能直接回答参考题。
judgment-0656,partial,audit-0119-g01,0.72,"生成题 audit-0119-g01 询问：“[Single-Choice] As the motorcycle accelerates through the intersection, what is the final position of the red car relative to the motorcycle's camera? [Options] A) Directly in front of the motorcycle. B) To the right and behind the motorcycle. C) To the left and behind the motorcycle. D) It is no longer visible.”；参考题询问：“摩托车与前方红车的距离如何变化？”。二者有明确语义重合，但生成题只覆盖参考事实的一部分，或改问了不同参照、时间点、条件或细节，不能直接回答参考题。"
judgment-0657,partial,audit-0119-g01,0.72,"生成题 audit-0119-g01 询问：“[Single-Choice] As the motorcycle accelerates through the intersection, what is the final position of the red car relative to the motorcycle's camera? [Options] A) Directly in front of the motorcycle. B) To the right and behind the motorcycle. C) To the left and behind the motorcycle. D) It is no longer visible.”；参考题询问：“通过路口时红车选择了哪个行进方向？”。二者有明确语义重合，但生成题只覆盖参考事实的一部分，或改问了不同参照、时间点、条件或细节，不能直接回答参考题。"
judgment-0658,partial,audit-0119-g01,0.72,"生成题 audit-0119-g01 询问：“[Single-Choice] As the motorcycle accelerates through the intersection, what is the final position of the red car relative to the motorcycle's camera? [Options] A) Directly in front of the motorcycle. B) To the right and behind the motorcycle. C) To the left and behind the motorcycle. D) It is no longer visible.”；参考题询问：“从骑手视角看转向车道位于哪一侧？”。二者有明确语义重合，但生成题只覆盖参考事实的一部分，或改问了不同参照、时间点、条件或细节，不能直接回答参考题。"
judgment-0659,direct,audit-0119-g01,0.90,"生成题 audit-0119-g01 询问：“[Single-Choice] As the motorcycle accelerates through the intersection, what is the final position of the red car relative to the motorcycle's camera? [Options] A) Directly in front of the motorcycle. B) To the right and behind the motorcycle. C) To the left and behind the motorcycle. D) It is no longer visible.”；参考题询问：“骑手经过路口时前车向哪侧移动？”。二者都要求判断同一个核心可视事实，且需要的空间、时间或状态推理操作基本一致。"
judgment-0660,partial,audit-0119-g01,0.72,"生成题 audit-0119-g01 询问：“[Single-Choice] As the motorcycle accelerates through the intersection, what is the final position of the red car relative to the motorcycle's camera? [Options] A) Directly in front of the motorcycle. B) To the right and behind the motorcycle. C) To the left and behind the motorcycle. D) It is no longer visible.”；参考题询问：“前方红车与骑手的距离如何变化？”。二者有明确语义重合，但生成题只覆盖参考事实的一部分，或改问了不同参照、时间点、条件或细节，不能直接回答参考题。"
judgment-0661,partial,audit-0120-g02,0.72,"生成题 audit-0120-g02 询问：“[True/False] Immediately after the person places the two batteries on the table, and before they pick up the manuals, the batteries are located closer to the camera than the mouse is.”；参考题询问：“开箱后鼠标配件按什么顺序被取出？”。二者有明确语义重合，但生成题只覆盖参考事实的一部分，或改问了不同参照、时间点、条件或细节，不能直接回答参考题。"
judgment-0662,absent,audit-0120-g01,0.88,"生成题 audit-0120-g01 询问：“[Fill-in-the-Blank] From the person's own point of view, when they place the two batteries on the table, the batteries are positioned to the ______ of the mouse.”；参考题询问：“包装从封闭到展开经历了什么状态变化？”。生成题的核心事实与参考题不同；同一视频、同一对象或相邻事件本身不足以构成覆盖。"
judgment-0663,partial,audit-0120-g02,0.72,"生成题 audit-0120-g02 询问：“[True/False] Immediately after the person places the two batteries on the table, and before they pick up the manuals, the batteries are located closer to the camera than the mouse is.”；参考题询问：“说明书相对鼠标和电池放在桌面的哪一侧？”。二者有明确语义重合，但生成题只覆盖参考事实的一部分，或改问了不同参照、时间点、条件或细节，不能直接回答参考题。"
judgment-0664,absent,audit-0120-g01,0.88,"生成题 audit-0120-g01 询问：“[Fill-in-the-Blank] From the person's own point of view, when they place the two batteries on the table, the batteries are positioned to the ______ of the mouse.”；参考题询问：“男子先拆开包装还是先取出电池？”。生成题的核心事实与参考题不同；同一视频、同一对象或相邻事件本身不足以构成覆盖。"
judgment-0665,partial,audit-0120-g01,0.72,"生成题 audit-0120-g01 询问：“[Fill-in-the-Blank] From the person's own point of view, when they place the two batteries on the table, the batteries are positioned to the ______ of the mouse.”；参考题询问：“桌面物品在拆包过程中如何重新排列？”。二者有明确语义重合，但生成题只覆盖参考事实的一部分，或改问了不同参照、时间点、条件或细节，不能直接回答参考题。"
judgment-0666,absent,audit-0120-g02,0.88,"生成题 audit-0120-g02 询问：“[True/False] Immediately after the person places the two batteries on the table, and before they pick up the manuals, the batteries are located closer to the camera than the mouse is.”；参考题询问：“男子打开说明书的直接目标是什么？”。生成题的核心事实与参考题不同；同一视频、同一对象或相邻事件本身不足以构成覆盖。"
