scope_item_id,question_text_cn,rater_1_status,rater_1_primary,rater_2_status,rater_2_primary,dual_rater_consensus,primary_dimension_consensus,rater_1_reason_cn,rater_2_reason_cn
scope-0001,第二个人的抄网最终位于鱼的下方吗？,supporting_operation,C2_dynamic_spatial,supporting_operation,C2_dynamic_spatial,both_covered_with_support,C2_dynamic_spatial,询问动作结束后的实体相对位置，是动态空间关系的终态基础操作,对“第二个人的抄网最终位于鱼的下方吗？”，表层只问运动终点、局部动态关系或空间事件顺序；在该具体运动过程中它是 C2 的必要基础操作，但未直接要求建模完整关系变化。
scope-0002,驳船位于河岸建筑的前方还是后方？,supporting_operation,C2_dynamic_spatial,outside_scope,NONE,binary_coverage_contested,DISAGREEMENT,询问两个实体的静态前后关系，可作为动态空间关系的基础表示,对“驳船位于河岸建筑的前方还是后方？”，只需读取单点静态位置或方位，且没有明确动态过程或视角转换；不能仅因含空间词就归入六维。
scope-0003,女子先握住小鱼还是先让另一只手接近鱼钩？,supporting_operation,C3_action_intent,supporting_operation,C3_action_intent,both_covered_with_support,C3_action_intent,询问捕鱼操作中两个目标相关动作的先后顺序，支撑行动结构理解,对“女子先握住小鱼还是先让另一只手接近鱼钩？”，表层只问动作识别或操作先后；该具体操作围绕空间目标、受体或结果展开，是 C3 的必要基础操作，但未直接询问意图本身。
scope-0004,输电线位于城市建筑上方吗？,supporting_operation,C2_dynamic_spatial,outside_scope,NONE,binary_coverage_contested,DISAGREEMENT,询问输电线与建筑的静态上下关系,对“输电线位于城市建筑上方吗？”，只需读取单点静态位置或方位，且没有明确动态过程或视角转换；不能仅因含空间词就归入六维。
scope-0005,三脚架位于沙发坐垫上还是地面上？,supporting_operation,C2_dynamic_spatial,outside_scope,NONE,binary_coverage_contested,DISAGREEMENT,询问三脚架与承载表面的静态拓扑关系,对“三脚架位于沙发坐垫上还是地面上？”，只需读取单点静态位置或方位，且没有明确动态过程或视角转换；不能仅因含空间词就归入六维。
scope-0006,按下启动键后仪表盘发生什么状态变化？,directly_in_scope,C5_deformation_state,directly_in_scope,C5_deformation_state,both_direct,C5_deformation_state,询问按键操作导致的仪表盘状态转变,对“按下启动键后仪表盘发生什么状态变化？”，核心要求识别开合、弯曲、组装、分离、破坏或状态转变，直接考查 C5 形变与状态变化。
scope-0007,鱼最终位于船的哪一侧？,supporting_operation,C2_dynamic_spatial,supporting_operation,C2_dynamic_spatial,both_covered_with_support,C2_dynamic_spatial,询问运动结束后鱼相对船的空间终态,对“鱼最终位于船的哪一侧？”，表层只问运动终点、局部动态关系或空间事件顺序；在该具体运动过程中它是 C2 的必要基础操作，但未直接要求建模完整关系变化。；同时还需处理相机、行动者或对象参照。
scope-0008,鱼进入抄网发生在收线之前还是之后？,supporting_operation,C3_action_intent,supporting_operation,C3_action_intent,both_covered_with_support,C3_action_intent,询问捕鱼过程中收线与入网的动作顺序,对“鱼进入抄网发生在收线之前还是之后？”，表层只问动作识别或操作先后；该具体操作围绕空间目标、受体或结果展开，是 C3 的必要基础操作，但未直接询问意图本身。；同时还需跟踪相关空间关系或轨迹的时间变化。
scope-0009,他先经过照片墙还是先到达洗手间门口？,directly_in_scope,C2_dynamic_spatial,supporting_operation,C2_dynamic_spatial,both_covered_with_support,C2_dynamic_spatial,询问人物沿路径经过两个地点的先后关系,对“他先经过照片墙还是先到达洗手间门口？”，表层只问运动终点、局部动态关系或空间事件顺序；在该具体运动过程中它是 C2 的必要基础操作，但未直接要求建模完整关系变化。
scope-0010,水翼板手在水面上是否保持离水滑行？,directly_in_scope,C2_dynamic_spatial,directly_in_scope,C2_dynamic_spatial,both_direct,C2_dynamic_spatial,需要跨片段判断水翼板手与水面的高度关系是否持续,对“水翼板手在水面上是否保持离水滑行？”，核心要求跟踪对象间位置、方向、距离或轨迹随时间的变化，直接考查 C2 动态空间关系。
scope-0011,无人机降低高度后落在什么表面？,directly_in_scope,C2_dynamic_spatial,supporting_operation,C2_dynamic_spatial,both_covered_with_support,C2_dynamic_spatial,询问无人机下降轨迹的最终着陆表面,对“无人机降低高度后落在什么表面？”，表层只问运动终点、局部动态关系或空间事件顺序；在该具体运动过程中它是 C2 的必要基础操作，但未直接要求建模完整关系变化。
scope-0012,黑马从侧向行进转为朝相机靠近了吗？,directly_in_scope,C6_reference_frame,directly_in_scope,C2_dynamic_spatial,both_direct,DISAGREEMENT,需要判断马的运动方向是否由侧向变为朝相机方向,对“黑马从侧向行进转为朝相机靠近了吗？”，核心要求跟踪对象间位置、方向、距离或轨迹随时间的变化，直接考查 C2 动态空间关系。；同时还需处理相机、行动者或对象参照。
scope-0013,车辆先驶入主路还是先遇到红灯？,supporting_operation,C2_dynamic_spatial,supporting_operation,C2_dynamic_spatial,both_covered_with_support,C2_dynamic_spatial,询问车辆沿行驶路径经历两个位置事件的先后顺序,对“车辆先驶入主路还是先遇到红灯？”，表层只问运动终点、局部动态关系或空间事件顺序；在该具体运动过程中它是 C2 的必要基础操作，但未直接要求建模完整关系变化。
scope-0014,摩托车驶过路口时向哪一侧转弯？,directly_in_scope,C2_dynamic_spatial,supporting_operation,C6_reference_frame,both_covered_with_support,DISAGREEMENT,询问摩托车通过路口时的转向轨迹,对“摩托车驶过路口时向哪一侧转弯？”，表层只读取固定时刻的方向、朝向或哪一侧，是 C6 的参照表达基础操作，但未要求显式视角转换。
scope-0015,鱼从水下出现到被举起经历了什么顺序？,supporting_operation,C3_action_intent,supporting_operation,C2_dynamic_spatial,both_covered_with_support,DISAGREEMENT,询问鱼从出水到被举起的捕鱼动作阶段顺序,对“鱼从水下出现到被举起经历了什么顺序？”，表层只问运动终点、局部动态关系或空间事件顺序；在该具体运动过程中它是 C2 的必要基础操作，但未直接要求建模完整关系变化。
scope-0016,白色汽车绕场地行驶时方向如何持续变化？,directly_in_scope,C2_dynamic_spatial,directly_in_scope,C2_dynamic_spatial,both_direct,C2_dynamic_spatial,询问汽车连续行驶过程中方向随时间的变化,对“白色汽车绕场地行驶时方向如何持续变化？”，核心要求跟踪对象间位置、方向、距离或轨迹随时间的变化，直接考查 C2 动态空间关系。；同时还需处理相机、行动者或对象参照。
scope-0017,发动机盖在整个片段中保持打开吗？,directly_in_scope,C5_deformation_state,directly_in_scope,C5_deformation_state,both_direct,C5_deformation_state,需要跨片段追踪发动机盖的开合状态,对“发动机盖在整个片段中保持打开吗？”，核心要求识别开合、弯曲、组装、分离、破坏或状态转变，直接考查 C5 形变与状态变化。
scope-0018,浪线相对沙滩边缘如何推进？,directly_in_scope,C2_dynamic_spatial,directly_in_scope,C2_dynamic_spatial,both_direct,C2_dynamic_spatial,询问浪线相对沙滩边缘的推进关系,对“浪线相对沙滩边缘如何推进？”，核心要求跟踪对象间位置、方向、距离或轨迹随时间的变化，直接考查 C2 动态空间关系。
scope-0019,鱼竿弯曲方向相对海面如何变化？,directly_in_scope,C5_deformation_state,directly_in_scope,C5_deformation_state,both_direct,C5_deformation_state,同时要求追踪鱼竿弯曲形变及其相对海面的方向变化,对“鱼竿弯曲方向相对海面如何变化？”，核心要求识别开合、弯曲、组装、分离、破坏或状态转变，直接考查 C5 形变与状态变化。；同时还需跟踪相关空间关系或轨迹的时间变化。
scope-0020,烟雾出现发生在正式加速之前还是之后？,supporting_operation,C3_action_intent,outside_scope,NONE,binary_coverage_contested,DISAGREEMENT,询问车辆动作阶段中烟雾出现与加速的时间关系,对“烟雾出现发生在正式加速之前还是之后？”，核心只是一般事件或镜头展示顺序；题面未表明该顺序是六维高层推理的必要组成，因此判为范围外。
scope-0021,男子按压后车门区域后车门是否打开？,directly_in_scope,C5_deformation_state,directly_in_scope,C5_deformation_state,both_direct,C5_deformation_state,询问按压操作后车门是否发生开合状态变化,对“男子按压后车门区域后车门是否打开？”，核心要求识别开合、弯曲、组装、分离、破坏或状态转变，直接考查 C5 形变与状态变化。；同时还需绑定动作与空间目标或结果。
scope-0022,蓝色橡皮筋的编织结构如何随操作变化？,directly_in_scope,C5_deformation_state,directly_in_scope,C5_deformation_state,both_direct,C5_deformation_state,询问操作过程中橡皮筋编织结构的形变与状态变化,对“蓝色橡皮筋的编织结构如何随操作变化？”，核心要求识别开合、弯曲、组装、分离、破坏或状态转变，直接考查 C5 形变与状态变化。
scope-0023,机翼相对跑道始终位于画面下方吗？,directly_in_scope,C6_reference_frame,directly_in_scope,C2_dynamic_spatial,both_direct,DISAGREEMENT,询问机翼相对跑道在画面坐标中的持续位置,对“机翼相对跑道始终位于画面下方吗？”，核心要求跟踪对象间位置、方向、距离或轨迹随时间的变化，直接考查 C2 动态空间关系。；同时还需处理相机、行动者或对象参照。
scope-0024,冲浪者在片段中是否完成了不止一次方向相反的明显转向？,directly_in_scope,C2_dynamic_spatial,directly_in_scope,C2_dynamic_spatial,both_direct,C2_dynamic_spatial,要求跨片段追踪冲浪者多次方向相反的转向,对“冲浪者在片段中是否完成了不止一次方向相反的明显转向？”，核心要求跟踪对象间位置、方向、距离或轨迹随时间的变化，直接考查 C2 动态空间关系。
scope-0025,水面反光区域随镜头移动发生了什么变化？,directly_in_scope,C6_reference_frame,directly_in_scope,C2_dynamic_spatial,both_direct,DISAGREEMENT,询问反光区域随相机运动产生的视点依赖变化,对“水面反光区域随镜头移动发生了什么变化？”，核心要求跟踪对象间位置、方向、距离或轨迹随时间的变化，直接考查 C2 动态空间关系。；同时还需处理相机、行动者或对象参照。
scope-0026,红色汽车绕场时是否与另一辆红车交会？,directly_in_scope,C2_dynamic_spatial,directly_in_scope,C2_dynamic_spatial,both_direct,C2_dynamic_spatial,询问两辆运动汽车是否发生空间交会,对“红色汽车绕场时是否与另一辆红车交会？”，核心要求跟踪对象间位置、方向、距离或轨迹随时间的变化，直接考查 C2 动态空间关系。
scope-0027,两辆车之间的距离如何变化？,directly_in_scope,C2_dynamic_spatial,directly_in_scope,C2_dynamic_spatial,both_direct,C2_dynamic_spatial,直接询问两个运动实体之间距离的变化,对“两辆车之间的距离如何变化？”，核心要求跟踪对象间位置、方向、距离或轨迹随时间的变化，直接考查 C2 动态空间关系。
scope-0028,男子先展示绳端还是先演示船上固定点？,outside_scope,NONE,outside_scope,NONE,both_outside_scope,NONE,只询问讲解镜头先展示哪个对象，不需要六维中的空间推理,对“男子先展示绳端还是先演示船上固定点？”，核心只是一般事件或镜头展示顺序；题面未表明该顺序是六维高层推理的必要组成，因此判为范围外。
scope-0029,鱼被举起后其身体朝向如何变化？,directly_in_scope,C2_dynamic_spatial,directly_in_scope,C2_dynamic_spatial,both_direct,C2_dynamic_spatial,询问鱼被举起后身体朝向随时间的变化,对“鱼被举起后其身体朝向如何变化？”，核心要求跟踪对象间位置、方向、距离或轨迹随时间的变化，直接考查 C2 动态空间关系。；同时还需处理相机、行动者或对象参照。
scope-0030,着陆时机身朝向是否保持稳定？,directly_in_scope,C2_dynamic_spatial,directly_in_scope,C2_dynamic_spatial,both_direct,C2_dynamic_spatial,需要在着陆过程中追踪机身朝向是否稳定,对“着陆时机身朝向是否保持稳定？”，核心要求跟踪对象间位置、方向、距离或轨迹随时间的变化，直接考查 C2 动态空间关系。；同时还需处理相机、行动者或对象参照。
scope-0031,男子的手主要指向发动机舱的哪个区域？,directly_in_scope,C3_action_intent,directly_in_scope,C3_action_intent,both_direct,C3_action_intent,询问指向动作的直接空间目标区域,对“男子的手主要指向发动机舱的哪个区域？”，核心要求把可见空间行动与其目标、去向或即时结果绑定，直接考查 C3 行动与意图。
scope-0032,男子操作后折叠自行车的轮部状态是否改变？,directly_in_scope,C5_deformation_state,directly_in_scope,C5_deformation_state,both_direct,C5_deformation_state,询问操作后折叠自行车轮部状态是否改变,对“男子操作后折叠自行车的轮部状态是否改变？”，核心要求识别开合、弯曲、组装、分离、破坏或状态转变，直接考查 C5 形变与状态变化。
scope-0033,栏杆是否始终位于画面下方？,directly_in_scope,C6_reference_frame,directly_in_scope,C2_dynamic_spatial,both_direct,DISAGREEMENT,询问栏杆在画面参考系中的持续位置,对“栏杆是否始终位于画面下方？”，核心要求跟踪对象间位置、方向、距离或轨迹随时间的变化，直接考查 C2 动态空间关系。；同时还需处理相机、行动者或对象参照。
scope-0034,火箭尖端相对发射架位于什么方向？,supporting_operation,C2_dynamic_spatial,supporting_operation,C6_reference_frame,both_covered_with_support,DISAGREEMENT,询问火箭尖端与发射架的静态方向关系,对“火箭尖端相对发射架位于什么方向？”，表层只读取固定时刻的方向、朝向或哪一侧，是 C6 的参照表达基础操作，但未要求显式视角转换。
scope-0035,汽车绕行时车头朝向如何改变？,directly_in_scope,C2_dynamic_spatial,directly_in_scope,C2_dynamic_spatial,both_direct,C2_dynamic_spatial,询问车辆绕行时车头朝向的动态变化,对“汽车绕行时车头朝向如何改变？”，核心要求跟踪对象间位置、方向、距离或轨迹随时间的变化，直接考查 C2 动态空间关系。；同时还需处理相机、行动者或对象参照。
scope-0036,镜头先展示座椅材质还是先展示驾驶控制区？,outside_scope,NONE,outside_scope,NONE,both_outside_scope,NONE,只比较镜头展示两个车内部件的时间顺序,对“镜头先展示座椅材质还是先展示驾驶控制区？”，核心只是一般事件或镜头展示顺序；题面未表明该顺序是六维高层推理的必要组成，因此判为范围外。
scope-0037,橙衣男子是否反复低头操作物体？,supporting_operation,C3_action_intent,outside_scope,NONE,binary_coverage_contested,DISAGREEMENT,识别人物反复操作物体的动作模式但未直接询问目标,对“橙衣男子是否反复低头操作物体？”，核心是一般动作、表情、属性或可见事实识别，未要求六维定义中的高层时空能力。
scope-0038,方向盘相对中控屏位于驾驶者哪一侧？,directly_in_scope,C6_reference_frame,directly_in_scope,C6_reference_frame,both_direct,C6_reference_frame,需要采用驾驶者参考系判断方向盘相对中控屏的侧向位置,对“方向盘相对中控屏位于驾驶者哪一侧？”，核心要求在明确的相机、行动者或对象视角下表示或转换空间方向，直接考查 C6 参照系。
scope-0039,人物经过镜头后田间箱子位于画面哪一侧？,directly_in_scope,C6_reference_frame,supporting_operation,C6_reference_frame,both_covered_with_support,C6_reference_frame,询问人物经过相机后箱子在画面参考系中的位置,对“人物经过镜头后田间箱子位于画面哪一侧？”，表层只读取固定时刻的方向、朝向或哪一侧，是 C6 的参照表达基础操作，但未要求显式视角转换。
scope-0040,冲浪者在浪壁上的高度如何变化？,directly_in_scope,C2_dynamic_spatial,directly_in_scope,C2_dynamic_spatial,both_direct,C2_dynamic_spatial,询问冲浪者相对浪壁的高度随时间变化,对“冲浪者在浪壁上的高度如何变化？”，核心要求跟踪对象间位置、方向、距离或轨迹随时间的变化，直接考查 C2 动态空间关系。
scope-0041,车床加工前后木杆表面如何变化？,directly_in_scope,C5_deformation_state,directly_in_scope,C5_deformation_state,both_direct,C5_deformation_state,询问车床加工导致的木杆表面状态变化,对“车床加工前后木杆表面如何变化？”，核心要求识别开合、弯曲、组装、分离、破坏或状态转变，直接考查 C5 形变与状态变化。
scope-0042,白色围墙在转弯前位于车辆哪一侧？,directly_in_scope,C6_reference_frame,supporting_operation,C6_reference_frame,both_covered_with_support,C6_reference_frame,需要采用车辆参考系判断围墙位于哪一侧,对“白色围墙在转弯前位于车辆哪一侧？”，表层只读取固定时刻的方向、朝向或哪一侧，是 C6 的参照表达基础操作，但未要求显式视角转换。
scope-0043,汽车经过镜头时朝向如何改变？,directly_in_scope,C6_reference_frame,directly_in_scope,C2_dynamic_spatial,both_direct,DISAGREEMENT,询问汽车经过相机时相对视点的朝向变化,对“汽车经过镜头时朝向如何改变？”，核心要求跟踪对象间位置、方向、距离或轨迹随时间的变化，直接考查 C2 动态空间关系。；同时还需处理相机、行动者或对象参照。
scope-0044,使用工具的直接目标是什么？,directly_in_scope,C3_action_intent,directly_in_scope,C3_action_intent,both_direct,C3_action_intent,直接询问使用工具这一行动的目标,对“使用工具的直接目标是什么？”，核心要求把可见空间行动与其目标、去向或即时结果绑定，直接考查 C3 行动与意图。
scope-0045,绳索在手中形成了什么结构？,directly_in_scope,C5_deformation_state,directly_in_scope,C5_deformation_state,both_direct,C5_deformation_state,询问操作后绳索形成的结构状态,对“绳索在手中形成了什么结构？”，核心要求识别开合、弯曲、组装、分离、破坏或状态转变，直接考查 C5 形变与状态变化。
scope-0046,车辆经过时透明大帐篷位于画面哪一侧？,directly_in_scope,C6_reference_frame,supporting_operation,C6_reference_frame,both_covered_with_support,C6_reference_frame,询问车辆运动时帐篷在画面参考系中的侧向位置,对“车辆经过时透明大帐篷位于画面哪一侧？”，表层只读取固定时刻的方向、朝向或哪一侧，是 C6 的参照表达基础操作，但未要求显式视角转换。
scope-0047,彩色物体主要位于树线的上方还是下方？,supporting_operation,C2_dynamic_spatial,outside_scope,NONE,binary_coverage_contested,DISAGREEMENT,询问彩色物体与树线的静态上下关系,对“彩色物体主要位于树线的上方还是下方？”，只需读取单点静态位置或方位，且没有明确动态过程或视角转换；不能仅因含空间词就归入六维。
scope-0048,纪念碑相对水池位于什么方向？,directly_in_scope,C6_reference_frame,outside_scope,NONE,binary_coverage_contested,DISAGREEMENT,以水池为对象参考系询问纪念碑的方向,对“纪念碑相对水池位于什么方向？”，只需读取单点静态位置或方位，且没有明确动态过程或视角转换；不能仅因含空间词就归入六维。
scope-0049,石门上突出的石块分布在门洞两侧吗？,supporting_operation,C2_dynamic_spatial,outside_scope,NONE,binary_coverage_contested,DISAGREEMENT,询问石块相对门洞两侧的静态空间分布,对“石门上突出的石块分布在门洞两侧吗？”，核心是一般动作、表情、属性或可见事实识别，未要求六维定义中的高层时空能力。
scope-0050,镜头移动时村庄从哪侧进入画面？,directly_in_scope,C6_reference_frame,directly_in_scope,C2_dynamic_spatial,both_direct,DISAGREEMENT,询问相机移动时村庄从画面哪一侧进入,对“镜头移动时村庄从哪侧进入画面？”，核心要求跟踪对象间位置、方向、距离或轨迹随时间的变化，直接考查 C2 动态空间关系。；同时还需处理相机、行动者或对象参照。
scope-0051,游泳者到达近处前采用了什么泳姿？,outside_scope,NONE,outside_scope,NONE,both_outside_scope,NONE,核心只是识别游泳姿势而不要求空间目标或关系推理,对“游泳者到达近处前采用了什么泳姿？”，核心只是数量、身份、外观属性或普通实体识别；不要求六维中的持续追踪、动态关系、空间目标、预测、状态转变或参照转换。
scope-0052,若维持当前轨迹车辆会接近弯道内侧吗？,directly_in_scope,C4_predictive_counterfactual,directly_in_scope,C4_predictive_counterfactual,both_direct,C4_predictive_counterfactual,要求依据当前轨迹预测车辆是否接近弯道内侧,对“若维持当前轨迹车辆会接近弯道内侧吗？”，题面显式要求依据当前轨迹或假设条件预测未观察空间状态，直接考查 C4 预测与反事实。；同时还需跟踪相关空间关系或轨迹的时间变化。
scope-0053,人群是否朝同一方向移动？,directly_in_scope,C2_dynamic_spatial,supporting_operation,C2_dynamic_spatial,both_covered_with_support,C2_dynamic_spatial,询问人群中多个运动主体的方向关系,对“人群是否朝同一方向移动？”，表层只问运动终点、局部动态关系或空间事件顺序；在该具体运动过程中它是 C2 的必要基础操作，但未直接要求建模完整关系变化。
scope-0054,镜头先展示发动机舱还是先展示驾驶舱？,outside_scope,NONE,outside_scope,NONE,both_outside_scope,NONE,只询问镜头展示发动机舱与驾驶舱的先后顺序,对“镜头先展示发动机舱还是先展示驾驶舱？”，核心只是一般事件或镜头展示顺序；题面未表明该顺序是六维高层推理的必要组成，因此判为范围外。
scope-0055,车辆经过出口标志后驶入哪条道路分支？,directly_in_scope,C2_dynamic_spatial,directly_in_scope,C2_dynamic_spatial,both_direct,C2_dynamic_spatial,询问车辆经过标志后的路径分支,对“车辆经过出口标志后驶入哪条道路分支？”，核心要求跟踪对象间位置、方向、距离或轨迹随时间的变化，直接考查 C2 动态空间关系。
scope-0056,两辆摩托车的前后关系在比赛中是否改变？,directly_in_scope,C2_dynamic_spatial,directly_in_scope,C2_dynamic_spatial,both_direct,C2_dynamic_spatial,询问两辆摩托车的前后关系是否随比赛改变,对“两辆摩托车的前后关系在比赛中是否改变？”，核心要求跟踪对象间位置、方向、距离或轨迹随时间的变化，直接考查 C2 动态空间关系。
scope-0057,镜头先展示镜子还是先展示发光装饰灯？,outside_scope,NONE,outside_scope,NONE,both_outside_scope,NONE,只比较镜子与装饰灯被展示的先后顺序,对“镜头先展示镜子还是先展示发光装饰灯？”，核心只是一般事件或镜头展示顺序；题面未表明该顺序是六维高层推理的必要组成，因此判为范围外。
scope-0058,两辆车在弯道上的前后关系是否改变？,directly_in_scope,C2_dynamic_spatial,directly_in_scope,C2_dynamic_spatial,both_direct,C2_dynamic_spatial,询问两车在弯道上的前后关系是否变化,对“两辆车在弯道上的前后关系是否改变？”，核心要求跟踪对象间位置、方向、距离或轨迹随时间的变化，直接考查 C2 动态空间关系。
scope-0059,骑象者沿道路行进时主要面向哪个方向？,supporting_operation,C6_reference_frame,supporting_operation,C6_reference_frame,both_covered_with_support,C6_reference_frame,询问骑乘者相对道路行进方向的主体朝向,对“骑象者沿道路行进时主要面向哪个方向？”，表层只读取固定时刻的方向、朝向或哪一侧，是 C6 的参照表达基础操作，但未要求显式视角转换。
scope-0060,孤立树位于果岭哪一侧？,supporting_operation,C2_dynamic_spatial,outside_scope,NONE,binary_coverage_contested,DISAGREEMENT,询问树相对果岭的静态侧向位置,对“孤立树位于果岭哪一侧？”，只需读取单点静态位置或方位，且没有明确动态过程或视角转换；不能仅因含空间词就归入六维。
scope-0061,航站楼先位于机翼前方还是随后移到后方？,directly_in_scope,C2_dynamic_spatial,directly_in_scope,C2_dynamic_spatial,both_direct,C2_dynamic_spatial,询问航站楼相对机翼的前后关系随运动发生改变,对“航站楼先位于机翼前方还是随后移到后方？”，核心要求跟踪对象间位置、方向、距离或轨迹随时间的变化，直接考查 C2 动态空间关系。；同时还需处理相机、行动者或对象参照。
scope-0062,男子抱起设备发生在蹲下之后吗？,supporting_operation,C3_action_intent,outside_scope,NONE,binary_coverage_contested,DISAGREEMENT,询问蹲下与抱起设备两个空间动作的先后关系,对“男子抱起设备发生在蹲下之后吗？”，核心只是一般事件或镜头展示顺序；题面未表明该顺序是六维高层推理的必要组成，因此判为范围外。
scope-0063,车辆从支路汇入主路前是否等待横向车流？,directly_in_scope,C3_action_intent,directly_in_scope,C3_action_intent,both_direct,C3_action_intent,需要理解车辆为汇入主路而对横向车流作出的等待行为,对“车辆从支路汇入主路前是否等待横向车流？”，核心要求把可见空间行动与其目标、去向或即时结果绑定，直接考查 C3 行动与意图。；同时还需跟踪相关空间关系或轨迹的时间变化。
scope-0064,云层与输电线是否发生遮挡重叠？,supporting_operation,C1_occlusion_permanence,outside_scope,NONE,binary_coverage_contested,DISAGREEMENT,询问云层与输电线是否形成遮挡重叠但不要求跨遮挡持续追踪,对“云层与输电线是否发生遮挡重叠？”，核心是一般动作、表情、属性或可见事实识别，未要求六维定义中的高层时空能力。
scope-0065,镜头先展示道路还是先转向驾驶员面部？,outside_scope,NONE,outside_scope,NONE,both_outside_scope,NONE,只询问道路画面与驾驶员面部的展示顺序,对“镜头先展示道路还是先转向驾驶员面部？”，核心只是一般事件或镜头展示顺序；题面未表明该顺序是六维高层推理的必要组成，因此判为范围外。
scope-0066,制作绳结的直接目标是固定上方绳环吗？,directly_in_scope,C3_action_intent,directly_in_scope,C3_action_intent,both_direct,C3_action_intent,直接询问制作绳结的空间目标,对“制作绳结的直接目标是固定上方绳环吗？”，核心要求把可见空间行动与其目标、去向或即时结果绑定，直接考查 C3 行动与意图。
scope-0067,镜头中人物出现前主要展示了什么景物？,outside_scope,NONE,outside_scope,NONE,both_outside_scope,NONE,询问人物出现前展示的景物身份而非六维空间能力,对“镜头中人物出现前主要展示了什么景物？”，核心只是数量、身份、外观属性或普通实体识别；不要求六维中的持续追踪、动态关系、空间目标、预测、状态转变或参照转换。
scope-0068,橙色饰条位于座椅的哪个边缘？,supporting_operation,C2_dynamic_spatial,outside_scope,NONE,binary_coverage_contested,DISAGREEMENT,询问饰条相对座椅边缘的静态位置,对“橙色饰条位于座椅的哪个边缘？”，只需读取单点静态位置或方位，且没有明确动态过程或视角转换；不能仅因含空间词就归入六维。
scope-0069,滑雪者在片段中完成了几次跳跃？,outside_scope,NONE,outside_scope,NONE,both_outside_scope,NONE,只对滑雪跳跃动作进行计数,对“滑雪者在片段中完成了几次跳跃？”，核心只是数量、身份、外观属性或普通实体识别；不要求六维中的持续追踪、动态关系、空间目标、预测、状态转变或参照转换。
scope-0070,蓝白小船相对驳船向哪侧移动？,directly_in_scope,C2_dynamic_spatial,directly_in_scope,C2_dynamic_spatial,both_direct,C2_dynamic_spatial,询问小船相对驳船的运动方向,对“蓝白小船相对驳船向哪侧移动？”，核心要求跟踪对象间位置、方向、距离或轨迹随时间的变化，直接考查 C2 动态空间关系。
scope-0071,镜头从球员转向球洞后球员是否仍在画面中？,directly_in_scope,C1_occlusion_permanence,directly_in_scope,C1_occlusion_permanence,both_direct,C1_occlusion_permanence,需要在镜头转移后判断球员是否仍保持可见,对“镜头从球员转向球洞后球员是否仍在画面中？”，核心要求跨遮挡、离开视野或可见性变化持续追踪对象及其再现，直接考查 C1 遮挡与客体持续性。
scope-0072,直升机最终是否平稳落到草地？,directly_in_scope,C2_dynamic_spatial,supporting_operation,C2_dynamic_spatial,both_covered_with_support,C2_dynamic_spatial,询问直升机运动轨迹是否以平稳落到草地结束,对“直升机最终是否平稳落到草地？”，表层只问运动终点、局部动态关系或空间事件顺序；在该具体运动过程中它是 C2 的必要基础操作，但未直接要求建模完整关系变化。
scope-0073,单板滑雪者在下坡中进行了几次明显换刃转向？,directly_in_scope,C2_dynamic_spatial,supporting_operation,C2_dynamic_spatial,both_covered_with_support,C2_dynamic_spatial,需要跨片段追踪并计数滑雪者的换刃转向,对“单板滑雪者在下坡中进行了几次明显换刃转向？”，表层只问运动终点、局部动态关系或空间事件顺序；在该具体运动过程中它是 C2 的必要基础操作，但未直接要求建模完整关系变化。
scope-0074,滑雪板相对栏杆的高度和方向如何变化？,directly_in_scope,C2_dynamic_spatial,directly_in_scope,C2_dynamic_spatial,both_direct,C2_dynamic_spatial,直接询问滑雪板相对栏杆的高度和方向变化,对“滑雪板相对栏杆的高度和方向如何变化？”，核心要求跟踪对象间位置、方向、距离或轨迹随时间的变化，直接考查 C2 动态空间关系。；同时还需处理相机、行动者或对象参照。
scope-0075,射门后球进入球门的哪一侧？,directly_in_scope,C6_reference_frame,supporting_operation,C2_dynamic_spatial,both_covered_with_support,DISAGREEMENT,以球门为对象参考系判断射门终点位于哪一侧,对“射门后球进入球门的哪一侧？”，表层只问运动终点、局部动态关系或空间事件顺序；在该具体运动过程中它是 C2 的必要基础操作，但未直接要求建模完整关系变化。
scope-0076,鱼从水中到岸边的出现顺序是什么？,directly_in_scope,C2_dynamic_spatial,supporting_operation,C2_dynamic_spatial,both_covered_with_support,C2_dynamic_spatial,询问鱼从水中到岸边的空间转移顺序,对“鱼从水中到岸边的出现顺序是什么？”，表层只问运动终点、局部动态关系或空间事件顺序；在该具体运动过程中它是 C2 的必要基础操作，但未直接要求建模完整关系变化。
scope-0077,深色云层位于房屋上方吗？,supporting_operation,C2_dynamic_spatial,outside_scope,NONE,binary_coverage_contested,DISAGREEMENT,询问云层与房屋的静态上下关系,对“深色云层位于房屋上方吗？”，只需读取单点静态位置或方位，且没有明确动态过程或视角转换；不能仅因含空间词就归入六维。
scope-0078,白车与路边树木的遮挡关系如何变化？,directly_in_scope,C1_occlusion_permanence,directly_in_scope,C1_occlusion_permanence,both_direct,C1_occlusion_permanence,需要跨时间追踪白车与树木之间的遮挡关系,对“白车与路边树木的遮挡关系如何变化？”，核心要求跨遮挡、离开视野或可见性变化持续追踪对象及其再现，直接考查 C1 遮挡与客体持续性。；同时还需跟踪相关空间关系或轨迹的时间变化。
scope-0079,水翼板相对水面的高度是否稳定？,directly_in_scope,C2_dynamic_spatial,directly_in_scope,C2_dynamic_spatial,both_direct,C2_dynamic_spatial,询问水翼板相对水面的高度是否随时间稳定,对“水翼板相对水面的高度是否稳定？”，核心要求跟踪对象间位置、方向、距离或轨迹随时间的变化，直接考查 C2 动态空间关系。
scope-0080,骑手经过路口时前车向哪侧移动？,directly_in_scope,C2_dynamic_spatial,directly_in_scope,C2_dynamic_spatial,both_direct,C2_dynamic_spatial,询问骑手经过路口时前车的侧向运动,对“骑手经过路口时前车向哪侧移动？”，核心要求跟踪对象间位置、方向、距离或轨迹随时间的变化，直接考查 C2 动态空间关系。；同时还需处理相机、行动者或对象参照。
scope-0081,船尾出现在画面前还是后完全离开桥下？,directly_in_scope,C1_occlusion_permanence,directly_in_scope,C1_occlusion_permanence,both_direct,C1_occlusion_permanence,需要追踪船尾从桥下遮挡中出现与船离开的关系,对“船尾出现在画面前还是后完全离开桥下？”，核心要求跨遮挡、离开视野或可见性变化持续追踪对象及其再现，直接考查 C1 遮挡与客体持续性。；同时还需跟踪相关空间关系或轨迹的时间变化。
scope-0082,女子收线时鱼竿弯曲程度如何变化？,directly_in_scope,C5_deformation_state,directly_in_scope,C5_deformation_state,both_direct,C5_deformation_state,询问收线过程中鱼竿弯曲程度的形变变化,对“女子收线时鱼竿弯曲程度如何变化？”，核心要求识别开合、弯曲、组装、分离、破坏或状态转变，直接考查 C5 形变与状态变化。
scope-0083,背包男子先指向山体还是先转身？,supporting_operation,C3_action_intent,outside_scope,NONE,binary_coverage_contested,DISAGREEMENT,询问指向山体与转身两个空间动作的先后关系,对“背包男子先指向山体还是先转身？”，核心只是一般事件或镜头展示顺序；题面未表明该顺序是六维高层推理的必要组成，因此判为范围外。
scope-0084,车辆最终停在人群的哪一侧？,supporting_operation,C2_dynamic_spatial,supporting_operation,C2_dynamic_spatial,both_covered_with_support,C2_dynamic_spatial,询问车辆停止后相对人群的空间终态,对“车辆最终停在人群的哪一侧？”，表层只问运动终点、局部动态关系或空间事件顺序；在该具体运动过程中它是 C2 的必要基础操作，但未直接要求建模完整关系变化。
scope-0085,鳐鱼主要位于人群的哪一侧？,supporting_operation,C2_dynamic_spatial,outside_scope,NONE,binary_coverage_contested,DISAGREEMENT,询问鳐鱼相对人群的静态侧向位置,对“鳐鱼主要位于人群的哪一侧？”，只需读取单点静态位置或方位，且没有明确动态过程或视角转换；不能仅因含空间词就归入六维。
scope-0086,讲解者的手主要指向备胎还是车身？,directly_in_scope,C3_action_intent,directly_in_scope,C3_action_intent,both_direct,C3_action_intent,询问讲解者指向手势的空间目标,对“讲解者的手主要指向备胎还是车身？”，核心要求把可见空间行动与其目标、去向或即时结果绑定，直接考查 C3 行动与意图。
scope-0087,人靠近鳐鱼时鳐鱼是否改变了移动方向？,directly_in_scope,C2_dynamic_spatial,directly_in_scope,C2_dynamic_spatial,both_direct,C2_dynamic_spatial,询问人与鳐鱼接近过程中鳐鱼运动方向是否改变,对“人靠近鳐鱼时鳐鱼是否改变了移动方向？”，核心要求跟踪对象间位置、方向、距离或轨迹随时间的变化，直接考查 C2 动态空间关系。
scope-0088,房车侧面的入口门位于车身哪一端？,supporting_operation,C2_dynamic_spatial,outside_scope,NONE,binary_coverage_contested,DISAGREEMENT,询问入口门相对房车车身的静态位置,对“房车侧面的入口门位于车身哪一端？”，只需读取单点静态位置或方位，且没有明确动态过程或视角转换；不能仅因含空间词就归入六维。
scope-0089,讲解者手势主要指向备胎还是车顶？,directly_in_scope,C3_action_intent,directly_in_scope,C3_action_intent,both_direct,C3_action_intent,询问讲解者手势的空间指向目标,对“讲解者手势主要指向备胎还是车顶？”，核心要求把可见空间行动与其目标、去向或即时结果绑定，直接考查 C3 行动与意图。
scope-0090,敞篷车驶入弯道后朝向如何改变？,directly_in_scope,C2_dynamic_spatial,directly_in_scope,C2_dynamic_spatial,both_direct,C2_dynamic_spatial,询问敞篷车进入弯道后的朝向变化,对“敞篷车驶入弯道后朝向如何改变？”，核心要求跟踪对象间位置、方向、距离或轨迹随时间的变化，直接考查 C2 动态空间关系。；同时还需处理相机、行动者或对象参照。
scope-0091,狗群是否在奔跑中改变整体方向？,directly_in_scope,C2_dynamic_spatial,directly_in_scope,C2_dynamic_spatial,both_direct,C2_dynamic_spatial,询问狗群奔跑中的整体运动方向变化,对“狗群是否在奔跑中改变整体方向？”，核心要求跟踪对象间位置、方向、距离或轨迹随时间的变化，直接考查 C2 动态空间关系。
scope-0092,无人机先远离还是先接近相机？,directly_in_scope,C6_reference_frame,directly_in_scope,C2_dynamic_spatial,both_direct,DISAGREEMENT,需要在相机参考系下判断无人机先远离还是接近,对“无人机先远离还是先接近相机？”，核心要求跟踪对象间位置、方向、距离或轨迹随时间的变化，直接考查 C2 动态空间关系。
scope-0093,从驾驶者视角看出口位于哪一侧？,directly_in_scope,C6_reference_frame,directly_in_scope,C6_reference_frame,both_direct,C6_reference_frame,明确要求从驾驶者视角判断出口方位,对“从驾驶者视角看出口位于哪一侧？”，核心要求在明确的相机、行动者或对象视角下表示或转换空间方向，直接考查 C6 参照系。
scope-0094,黄色立柱位于通道哪一侧？,supporting_operation,C2_dynamic_spatial,outside_scope,NONE,binary_coverage_contested,DISAGREEMENT,询问立柱相对通道的静态侧向位置,对“黄色立柱位于通道哪一侧？”，只需读取单点静态位置或方位，且没有明确动态过程或视角转换；不能仅因含空间词就归入六维。
scope-0095,迎面行人经过后是否离开视野？,directly_in_scope,C1_occlusion_permanence,directly_in_scope,C1_occlusion_permanence,both_direct,C1_occlusion_permanence,需要跨经过事件追踪行人是否离开视野,对“迎面行人经过后是否离开视野？”，核心要求跨遮挡、离开视野或可见性变化持续追踪对象及其再现，直接考查 C1 遮挡与客体持续性。
scope-0096,悬挂物被取下后是否交给室外的人？,supporting_operation,C3_action_intent,directly_in_scope,C3_action_intent,both_covered_with_support,C3_action_intent,询问取下物体后是否完成向室外人物转交的行动序列,对“悬挂物被取下后是否交给室外的人？”，核心要求把可见空间行动与其目标、去向或即时结果绑定，直接考查 C3 行动与意图。
scope-0097,蓝帽男子出现前镜头先经过谁？,outside_scope,NONE,outside_scope,NONE,both_outside_scope,NONE,核心是人物身份与出现顺序而非六维空间推理,对“蓝帽男子出现前镜头先经过谁？”，核心只是一般事件或镜头展示顺序；题面未表明该顺序是六维高层推理的必要组成，因此判为范围外。
scope-0098,金属件相对墙洞的位置如何变化？,directly_in_scope,C2_dynamic_spatial,directly_in_scope,C2_dynamic_spatial,both_direct,C2_dynamic_spatial,询问金属件相对墙洞的位置随操作变化,对“金属件相对墙洞的位置如何变化？”，核心要求跟踪对象间位置、方向、距离或轨迹随时间的变化，直接考查 C2 动态空间关系。
scope-0099,场景切换后起重桥位于相机上方还是前方？,directly_in_scope,C6_reference_frame,directly_in_scope,C6_reference_frame,both_direct,C6_reference_frame,询问场景切换后起重桥相对相机的方向,对“场景切换后起重桥位于相机上方还是前方？”，核心要求在明确的相机、行动者或对象视角下表示或转换空间方向，直接考查 C6 参照系。
scope-0100,若保持当前转向车辆下一刻会靠近轮胎障碍吗？,directly_in_scope,C4_predictive_counterfactual,directly_in_scope,C4_predictive_counterfactual,both_direct,C4_predictive_counterfactual,依据当前转向预测车辆下一刻与障碍物的接近关系,对“若保持当前转向车辆下一刻会靠近轮胎障碍吗？”，题面显式要求依据当前轨迹或假设条件预测未观察空间状态，直接考查 C4 预测与反事实。；同时还需跟踪相关空间关系或轨迹的时间变化。
scope-0101,飞行器靠近相机后是否再次远离？,directly_in_scope,C6_reference_frame,directly_in_scope,C2_dynamic_spatial,both_direct,DISAGREEMENT,需要在相机参考系下追踪飞行器先靠近后远离的运动,对“飞行器靠近相机后是否再次远离？”，核心要求跟踪对象间位置、方向、距离或轨迹随时间的变化，直接考查 C2 动态空间关系。
scope-0102,滑雪者在转弯时朝向如何改变？,directly_in_scope,C2_dynamic_spatial,directly_in_scope,C2_dynamic_spatial,both_direct,C2_dynamic_spatial,询问滑雪者转弯过程中朝向的动态变化,对“滑雪者在转弯时朝向如何改变？”，核心要求跟踪对象间位置、方向、距离或轨迹随时间的变化，直接考查 C2 动态空间关系。；同时还需处理相机、行动者或对象参照。
scope-0103,移动镜头中车辆与马匹区域的距离如何变化？,directly_in_scope,C2_dynamic_spatial,directly_in_scope,C2_dynamic_spatial,both_direct,C2_dynamic_spatial,询问移动镜头中车辆与马匹区域的距离变化,对“移动镜头中车辆与马匹区域的距离如何变化？”，核心要求跟踪对象间位置、方向、距离或轨迹随时间的变化，直接考查 C2 动态空间关系。；同时还需处理相机、行动者或对象参照。
scope-0104,飞机起飞时机场地面与机翼的相对距离如何变化？,directly_in_scope,C2_dynamic_spatial,directly_in_scope,C2_dynamic_spatial,both_direct,C2_dynamic_spatial,询问起飞过程中地面与机翼的相对距离变化,对“飞机起飞时机场地面与机翼的相对距离如何变化？”，核心要求跟踪对象间位置、方向、距离或轨迹随时间的变化，直接考查 C2 动态空间关系。
scope-0105,居民区位于草地的哪个方向？,supporting_operation,C2_dynamic_spatial,outside_scope,NONE,binary_coverage_contested,DISAGREEMENT,询问居民区相对草地的静态方向关系,对“居民区位于草地的哪个方向？”，只需读取单点静态位置或方位，且没有明确动态过程或视角转换；不能仅因含空间词就归入六维。
scope-0106,摩托车从路边起步后驶向哪侧？,directly_in_scope,C2_dynamic_spatial,supporting_operation,C6_reference_frame,both_covered_with_support,DISAGREEMENT,询问摩托车起步后的行驶方向,对“摩托车从路边起步后驶向哪侧？”，表层只读取固定时刻的方向、朝向或哪一侧，是 C6 的参照表达基础操作，但未要求显式视角转换。
scope-0107,步行镜头中行人流主要朝向相机还是远离相机？,directly_in_scope,C6_reference_frame,supporting_operation,C6_reference_frame,both_covered_with_support,C6_reference_frame,需要相对相机判断行人流的运动方向,对“步行镜头中行人流主要朝向相机还是远离相机？”，表层只读取固定时刻的方向、朝向或哪一侧，是 C6 的参照表达基础操作，但未要求显式视角转换。
scope-0108,横向车辆通过与本车起步的先后顺序是什么？,supporting_operation,C2_dynamic_spatial,supporting_operation,C2_dynamic_spatial,both_covered_with_support,C2_dynamic_spatial,询问横向车流通过与本车起步的动态事件顺序,对“横向车辆通过与本车起步的先后顺序是什么？”，表层只问运动终点、局部动态关系或空间事件顺序；在该具体运动过程中它是 C2 的必要基础操作，但未直接要求建模完整关系变化。
scope-0109,相机转向驾驶舱的直接目标是什么？,directly_in_scope,C3_action_intent,directly_in_scope,C3_action_intent,both_direct,C3_action_intent,直接询问相机转向驾驶舱的目标,对“相机转向驾驶舱的直接目标是什么？”，核心要求把可见空间行动与其目标、去向或即时结果绑定，直接考查 C3 行动与意图。
scope-0110,镜头从房车前门移动到后门吗？,directly_in_scope,C6_reference_frame,directly_in_scope,C2_dynamic_spatial,both_direct,DISAGREEMENT,询问镜头是否沿房车由前门移动至后门,对“镜头从房车前门移动到后门吗？”，核心要求跟踪对象间位置、方向、距离或轨迹随时间的变化，直接考查 C2 动态空间关系。
scope-0111,镜头中最显眼的房屋位于山体前方还是后方？,supporting_operation,C2_dynamic_spatial,outside_scope,NONE,binary_coverage_contested,DISAGREEMENT,询问房屋与山体的静态前后关系,对“镜头中最显眼的房屋位于山体前方还是后方？”，只需读取单点静态位置或方位，且没有明确动态过程或视角转换；不能仅因含空间词就归入六维。
scope-0112,操作者最后把工具移向织机哪一侧？,directly_in_scope,C3_action_intent,directly_in_scope,C3_action_intent,both_direct,C3_action_intent,询问操作者移动工具的空间目标侧,对“操作者最后把工具移向织机哪一侧？”，核心要求把可见空间行动与其目标、去向或即时结果绑定，直接考查 C3 行动与意图。；同时还需处理相机、行动者或对象参照。
scope-0113,抄网从钓鱼者的哪一侧伸向鱼？,directly_in_scope,C6_reference_frame,supporting_operation,C6_reference_frame,both_covered_with_support,C6_reference_frame,以钓鱼者为参考判断抄网伸出方向,对“抄网从钓鱼者的哪一侧伸向鱼？”，表层只读取固定时刻的方向、朝向或哪一侧，是 C6 的参照表达基础操作，但未要求显式视角转换。
scope-0114,记者展示天花板破损是在采访住户之前还是之后？,outside_scope,NONE,outside_scope,NONE,both_outside_scope,NONE,只比较新闻展示与采访事件的时间顺序,对“记者展示天花板破损是在采访住户之前还是之后？”，核心只是一般事件或镜头展示顺序；题面未表明该顺序是六维高层推理的必要组成，因此判为范围外。
scope-0115,游泳者主要面向相机还是背向相机？,supporting_operation,C6_reference_frame,supporting_operation,C6_reference_frame,both_covered_with_support,C6_reference_frame,识别游泳者相对相机的主体朝向,对“游泳者主要面向相机还是背向相机？”，表层只读取固定时刻的方向、朝向或哪一侧，是 C6 的参照表达基础操作，但未要求显式视角转换。
scope-0116,后车门相对尾灯位于哪一侧？,supporting_operation,C2_dynamic_spatial,outside_scope,NONE,binary_coverage_contested,DISAGREEMENT,询问车门与尾灯的静态侧向关系,对“后车门相对尾灯位于哪一侧？”，只需读取单点静态位置或方位，且没有明确动态过程或视角转换；不能仅因含空间词就归入六维。
scope-0117,球从边路到门前的轨迹如何变化？,directly_in_scope,C2_dynamic_spatial,directly_in_scope,C2_dynamic_spatial,both_direct,C2_dynamic_spatial,询问球从边路到门前的运动轨迹变化,对“球从边路到门前的轨迹如何变化？”，核心要求跟踪对象间位置、方向、距离或轨迹随时间的变化，直接考查 C2 动态空间关系。
scope-0118,汽车与溪流之间的距离如何随弯道变化？,directly_in_scope,C2_dynamic_spatial,directly_in_scope,C2_dynamic_spatial,both_direct,C2_dynamic_spatial,询问汽车与溪流的距离随弯道变化,对“汽车与溪流之间的距离如何随弯道变化？”，核心要求跟踪对象间位置、方向、距离或轨迹随时间的变化，直接考查 C2 动态空间关系。
scope-0119,黑色汽车是否先于白色卡车离开画面？,directly_in_scope,C2_dynamic_spatial,supporting_operation,C1_occlusion_permanence,both_covered_with_support,DISAGREEMENT,比较两辆车离开画面的动态先后关系,对“黑色汽车是否先于白色卡车离开画面？”，表层只判断进入/离开视野、遮挡时点或持续可见性；在该具体语境中它是 C1 的明确追踪操作，但未直接询问隐藏后的持续存在。
scope-0120,冲浪板竖起发生在冲浪者落水之前还是之后？,supporting_operation,C5_deformation_state,supporting_operation,C2_dynamic_spatial,both_covered_with_support,DISAGREEMENT,询问冲浪板姿态变化与落水事件的顺序,对“冲浪板竖起发生在冲浪者落水之前还是之后？”，表层只问运动终点、局部动态关系或空间事件顺序；在该具体运动过程中它是 C2 的必要基础操作，但未直接要求建模完整关系变化。
scope-0121,鱼从女子手中到另一人手中的位置如何变化？,directly_in_scope,C2_dynamic_spatial,directly_in_scope,C2_dynamic_spatial,both_direct,C2_dynamic_spatial,询问鱼在两人之间传递时的位置变化,对“鱼从女子手中到另一人手中的位置如何变化？”，核心要求跟踪对象间位置、方向、距离或轨迹随时间的变化，直接考查 C2 动态空间关系。
scope-0122,汽车与拍摄车辆的距离如何变化？,directly_in_scope,C6_reference_frame,directly_in_scope,C2_dynamic_spatial,both_direct,DISAGREEMENT,询问汽车相对拍摄车辆的距离变化,对“汽车与拍摄车辆的距离如何变化？”，核心要求跟踪对象间位置、方向、距离或轨迹随时间的变化，直接考查 C2 动态空间关系。
scope-0123,相邻住宅的橙色墙面位于灰色墙面哪侧？,supporting_operation,C2_dynamic_spatial,outside_scope,NONE,binary_coverage_contested,DISAGREEMENT,询问相邻墙面的静态侧向关系,对“相邻住宅的橙色墙面位于灰色墙面哪侧？”，只需读取单点静态位置或方位，且没有明确动态过程或视角转换；不能仅因含空间词就归入六维。
scope-0124,男子打开说明书的直接目标是什么？,directly_in_scope,C3_action_intent,outside_scope,NONE,binary_coverage_contested,DISAGREEMENT,直接询问打开说明书这一行动的目标,对“男子打开说明书的直接目标是什么？”，核心是一般动作、表情、属性或可见事实识别，未要求六维定义中的高层时空能力。
scope-0125,车辆在弯路上是否改变朝向？,directly_in_scope,C2_dynamic_spatial,directly_in_scope,C2_dynamic_spatial,both_direct,C2_dynamic_spatial,询问车辆沿弯路行驶时是否改变朝向,对“车辆在弯路上是否改变朝向？”，核心要求跟踪对象间位置、方向、距离或轨迹随时间的变化，直接考查 C2 动态空间关系。；同时还需处理相机、行动者或对象参照。
scope-0126,视频前半段主要出现鱼还是红色虾？,outside_scope,NONE,outside_scope,NONE,both_outside_scope,NONE,核心是比较鱼和虾在视频中的出现而非空间能力,对“视频前半段主要出现鱼还是红色虾？”，核心只是数量、身份、外观属性或普通实体识别；不要求六维中的持续追踪、动态关系、空间目标、预测、状态转变或参照转换。
scope-0127,钳子夹持的金属件最终是否被取下？,directly_in_scope,C5_deformation_state,directly_in_scope,C5_deformation_state,both_direct,C5_deformation_state,询问夹持部件最终是否由安装状态变为取下,对“钳子夹持的金属件最终是否被取下？”，核心要求识别开合、弯曲、组装、分离、破坏或状态转变，直接考查 C5 形变与状态变化。
scope-0128,餐盘中的食物在画面末尾是否减少？,directly_in_scope,C5_deformation_state,outside_scope,NONE,binary_coverage_contested,DISAGREEMENT,询问进食过程中餐盘内容物状态是否减少,对“餐盘中的食物在画面末尾是否减少？”，核心是一般动作、表情、属性或可见事实识别，未要求六维定义中的高层时空能力。
scope-0129,男子在船内先指向座椅还是先指向地板？,supporting_operation,C3_action_intent,outside_scope,NONE,binary_coverage_contested,DISAGREEMENT,询问讲解者指向两个船内区域的动作顺序,对“男子在船内先指向座椅还是先指向地板？”，核心只是一般事件或镜头展示顺序；题面未表明该顺序是六维高层推理的必要组成，因此判为范围外。
scope-0130,飞行器最终相对树线位于上方吗？,supporting_operation,C2_dynamic_spatial,supporting_operation,C2_dynamic_spatial,both_covered_with_support,C2_dynamic_spatial,询问飞行器相对树线的空间终态,对“飞行器最终相对树线位于上方吗？”，表层只问运动终点、局部动态关系或空间事件顺序；在该具体运动过程中它是 C2 的必要基础操作，但未直接要求建模完整关系变化。
scope-0131,红车在片段中是否完成了不止一次明显转向？,directly_in_scope,C2_dynamic_spatial,directly_in_scope,C2_dynamic_spatial,both_direct,C2_dynamic_spatial,需要跨片段追踪红车多次明显转向,对“红车在片段中是否完成了不止一次明显转向？”，核心要求跟踪对象间位置、方向、距离或轨迹随时间的变化，直接考查 C2 动态空间关系。
scope-0132,飞行器最终相对地平线处于什么高度？,directly_in_scope,C6_reference_frame,supporting_operation,C2_dynamic_spatial,both_covered_with_support,DISAGREEMENT,以地平线为全局参考判断飞行器高度,对“飞行器最终相对地平线处于什么高度？”，表层只问运动终点、局部动态关系或空间事件顺序；在该具体运动过程中它是 C2 的必要基础操作，但未直接要求建模完整关系变化。
scope-0133,摄影者出现是在镜头扫过薰衣草田之前还是之后？,outside_scope,NONE,outside_scope,NONE,both_outside_scope,NONE,只比较摄影者出现与镜头扫景的时间顺序,对“摄影者出现是在镜头扫过薰衣草田之前还是之后？”，核心只是一般事件或镜头展示顺序；题面未表明该顺序是六维高层推理的必要组成，因此判为范围外。
scope-0134,飞行器在烟雾出现后向上还是向下移动？,directly_in_scope,C2_dynamic_spatial,directly_in_scope,C2_dynamic_spatial,both_direct,C2_dynamic_spatial,询问烟雾出现后飞行器的垂直运动方向,对“飞行器在烟雾出现后向上还是向下移动？”，核心要求跟踪对象间位置、方向、距离或轨迹随时间的变化，直接考查 C2 动态空间关系。
scope-0135,房车侧面的伸出结构是否处于展开状态？,directly_in_scope,C5_deformation_state,directly_in_scope,C5_deformation_state,both_direct,C5_deformation_state,询问房车伸出结构的展开状态,对“房车侧面的伸出结构是否处于展开状态？”，核心要求识别开合、弯曲、组装、分离、破坏或状态转变，直接考查 C5 形变与状态变化。
scope-0136,他开始滑落发生在下蹲之前还是之后？,supporting_operation,C3_action_intent,supporting_operation,C2_dynamic_spatial,both_covered_with_support,DISAGREEMENT,询问下蹲与开始滑落两个身体动作的先后关系,对“他开始滑落发生在下蹲之前还是之后？”，表层只问运动终点、局部动态关系或空间事件顺序；在该具体运动过程中它是 C2 的必要基础操作，但未直接要求建模完整关系变化。
scope-0137,大象先经过住宅还是先到达停放车辆附近？,directly_in_scope,C2_dynamic_spatial,supporting_operation,C2_dynamic_spatial,both_covered_with_support,C2_dynamic_spatial,询问大象沿道路经过两个地点的路径顺序,对“大象先经过住宅还是先到达停放车辆附近？”，表层只问运动终点、局部动态关系或空间事件顺序；在该具体运动过程中它是 C2 的必要基础操作，但未直接要求建模完整关系变化。
scope-0138,女子入口食物后面部表情如何变化？,outside_scope,NONE,outside_scope,NONE,both_outside_scope,NONE,核心是面部表情变化而非六维空间能力,对“女子入口食物后面部表情如何变化？”，核心是一般动作、表情、属性或可见事实识别，未要求六维定义中的高层时空能力。
scope-0139,无人机最终是否回到近地面位置？,directly_in_scope,C2_dynamic_spatial,directly_in_scope,C2_dynamic_spatial,both_direct,C2_dynamic_spatial,需要追踪无人机是否回到近地面高度,对“无人机最终是否回到近地面位置？”，核心要求跟踪对象间位置、方向、距离或轨迹随时间的变化，直接考查 C2 动态空间关系。
scope-0140,太阳反光与浪峰的相对位置如何变化？,directly_in_scope,C2_dynamic_spatial,directly_in_scope,C2_dynamic_spatial,both_direct,C2_dynamic_spatial,询问太阳反光与浪峰的相对位置变化,对“太阳反光与浪峰的相对位置如何变化？”，核心要求跟踪对象间位置、方向、距离或轨迹随时间的变化，直接考查 C2 动态空间关系。
scope-0141,板头朝向在转弯过程中如何改变？,directly_in_scope,C2_dynamic_spatial,directly_in_scope,C2_dynamic_spatial,both_direct,C2_dynamic_spatial,询问板头朝向在转弯过程中的变化,对“板头朝向在转弯过程中如何改变？”，核心要求跟踪对象间位置、方向、距离或轨迹随时间的变化，直接考查 C2 动态空间关系。；同时还需处理相机、行动者或对象参照。
scope-0142,人群是否在车辆靠近时让出行驶空间？,directly_in_scope,C3_action_intent,directly_in_scope,C3_action_intent,both_direct,C3_action_intent,需要理解人群对车辆靠近作出的让路行为,对“人群是否在车辆靠近时让出行驶空间？”，核心要求把可见空间行动与其目标、去向或即时结果绑定，直接考查 C3 行动与意图。；同时还需跟踪相关空间关系或轨迹的时间变化。
scope-0143,镜头转向湖面后，水鸟是否始终留在水面上？,directly_in_scope,C2_dynamic_spatial,directly_in_scope,C1_occlusion_permanence,both_direct,DISAGREEMENT,追踪镜头转向后水鸟与水面的持续关系,对“镜头转向湖面后，水鸟是否始终留在水面上？”，核心要求跨遮挡、离开视野或可见性变化持续追踪对象及其再现，直接考查 C1 遮挡与客体持续性。
scope-0144,观察者沿商场通道主要向前还是向后移动？,directly_in_scope,C6_reference_frame,supporting_operation,C6_reference_frame,both_covered_with_support,C6_reference_frame,采用观察者视角判断沿通道的移动方向,对“观察者沿商场通道主要向前还是向后移动？”，表层只读取固定时刻的方向、朝向或哪一侧，是 C6 的参照表达基础操作，但未要求显式视角转换。
scope-0145,鱼竿弯曲后鱼何时出现在岸边？,supporting_operation,C3_action_intent,supporting_operation,C2_dynamic_spatial,both_covered_with_support,DISAGREEMENT,询问鱼竿弯曲与鱼到岸两个捕鱼阶段的时间关系,对“鱼竿弯曲后鱼何时出现在岸边？”，表层只问运动终点、局部动态关系或空间事件顺序；在该具体运动过程中它是 C2 的必要基础操作，但未直接要求建模完整关系变化。
scope-0146,摩托车在路口选择了哪个行进方向？,directly_in_scope,C2_dynamic_spatial,supporting_operation,C6_reference_frame,both_covered_with_support,DISAGREEMENT,询问摩托车在路口选择的行进方向,对“摩托车在路口选择了哪个行进方向？”，表层只读取固定时刻的方向、朝向或哪一侧，是 C6 的参照表达基础操作，但未要求显式视角转换。
scope-0147,浮标相对皮划艇的位置如何变化？,directly_in_scope,C2_dynamic_spatial,directly_in_scope,C2_dynamic_spatial,both_direct,C2_dynamic_spatial,询问浮标相对皮划艇的位置变化,对“浮标相对皮划艇的位置如何变化？”，核心要求跟踪对象间位置、方向、距离或轨迹随时间的变化，直接考查 C2 动态空间关系。
scope-0148,镜头依次聚焦了几位坐着的人？,outside_scope,NONE,outside_scope,NONE,both_outside_scope,NONE,只对镜头聚焦的坐着人物进行计数,对“镜头依次聚焦了几位坐着的人？”，核心只是数量、身份、外观属性或普通实体识别；不要求六维中的持续追踪、动态关系、空间目标、预测、状态转变或参照转换。
scope-0149,店员把蛋糕移向展示柜前方了吗？,directly_in_scope,C2_dynamic_spatial,directly_in_scope,C3_action_intent,both_direct,DISAGREEMENT,询问蛋糕相对展示柜的移动终点,对“店员把蛋糕移向展示柜前方了吗？”，核心要求把可见空间行动与其目标、去向或即时结果绑定，直接考查 C3 行动与意图。；同时还需跟踪相关空间关系或轨迹的时间变化。
scope-0150,车辆与大型透明帐篷的距离如何变化？,directly_in_scope,C2_dynamic_spatial,directly_in_scope,C2_dynamic_spatial,both_direct,C2_dynamic_spatial,询问车辆与帐篷之间距离的动态变化,对“车辆与大型透明帐篷的距离如何变化？”，核心要求跟踪对象间位置、方向、距离或轨迹随时间的变化，直接考查 C2 动态空间关系。
scope-0151,前方红车与骑手的距离如何变化？,directly_in_scope,C2_dynamic_spatial,directly_in_scope,C2_dynamic_spatial,both_direct,C2_dynamic_spatial,询问前车与骑手之间距离的变化,对“前方红车与骑手的距离如何变化？”，核心要求跟踪对象间位置、方向、距离或轨迹随时间的变化，直接考查 C2 动态空间关系。
scope-0152,人群在车辆靠近前是否向两侧让开？,directly_in_scope,C3_action_intent,directly_in_scope,C3_action_intent,both_direct,C3_action_intent,询问人群是否为接近车辆主动让出空间,对“人群在车辆靠近前是否向两侧让开？”，核心要求把可见空间行动与其目标、去向或即时结果绑定，直接考查 C3 行动与意图。；同时还需跟踪相关空间关系或轨迹的时间变化。
scope-0153,游泳者与相机之间的距离如何变化？,directly_in_scope,C6_reference_frame,directly_in_scope,C2_dynamic_spatial,both_direct,DISAGREEMENT,询问游泳者与相机之间距离的变化,对“游泳者与相机之间的距离如何变化？”，核心要求跟踪对象间位置、方向、距离或轨迹随时间的变化，直接考查 C2 动态空间关系。
scope-0154,最近的海鸟相对船体位于哪一侧？,supporting_operation,C2_dynamic_spatial,outside_scope,NONE,binary_coverage_contested,DISAGREEMENT,询问海鸟相对船体的静态侧向位置,对“最近的海鸟相对船体位于哪一侧？”，只需读取单点静态位置或方位，且没有明确动态过程或视角转换；不能仅因含空间词就归入六维。
scope-0155,蓝车先远离还是先再次靠近拍摄车辆？,directly_in_scope,C6_reference_frame,directly_in_scope,C2_dynamic_spatial,both_direct,DISAGREEMENT,相对拍摄车辆追踪蓝车先远离后靠近的运动,对“蓝车先远离还是先再次靠近拍摄车辆？”，核心要求跟踪对象间位置、方向、距离或轨迹随时间的变化，直接考查 C2 动态空间关系。
scope-0156,黄衣男子坐下滑行后是否翻滚？,supporting_operation,C3_action_intent,supporting_operation,C2_dynamic_spatial,both_covered_with_support,DISAGREEMENT,识别滑行动作后是否发生翻滚这一动作序列,对“黄衣男子坐下滑行后是否翻滚？”，表层只问运动终点、局部动态关系或空间事件顺序；在该具体运动过程中它是 C2 的必要基础操作，但未直接要求建模完整关系变化。
scope-0157,他在翻滚结束后是否恢复站立？,supporting_operation,C3_action_intent,supporting_operation,C2_dynamic_spatial,both_covered_with_support,DISAGREEMENT,询问翻滚结束后人物是否恢复站立状态,对“他在翻滚结束后是否恢复站立？”，表层只问运动终点、局部动态关系或空间事件顺序；在该具体运动过程中它是 C2 的必要基础操作，但未直接要求建模完整关系变化。
scope-0158,三只狗在沙地上的前后位置如何变化？,directly_in_scope,C2_dynamic_spatial,directly_in_scope,C2_dynamic_spatial,both_direct,C2_dynamic_spatial,询问三只狗运动中的前后位置变化,对“三只狗在沙地上的前后位置如何变化？”，核心要求跟踪对象间位置、方向、距离或轨迹随时间的变化，直接考查 C2 动态空间关系。
scope-0159,马群相对内侧栏杆如何移动？,directly_in_scope,C2_dynamic_spatial,directly_in_scope,C2_dynamic_spatial,both_direct,C2_dynamic_spatial,询问马群相对内侧栏杆的移动关系,对“马群相对内侧栏杆如何移动？”，核心要求跟踪对象间位置、方向、距离或轨迹随时间的变化，直接考查 C2 动态空间关系。
scope-0160,红色越野车的备胎安装在哪里？,supporting_operation,C5_deformation_state,outside_scope,NONE,binary_coverage_contested,DISAGREEMENT,询问备胎在越野车结构中的安装位置,对“红色越野车的备胎安装在哪里？”，只需读取单点静态位置或方位，且没有明确动态过程或视角转换；不能仅因含空间词就归入六维。
scope-0161,冲浪者是否进入浪管后再出来？,directly_in_scope,C1_occlusion_permanence,directly_in_scope,C1_occlusion_permanence,both_direct,C1_occlusion_permanence,需要追踪冲浪者进入浪管遮挡区域后重新出现,对“冲浪者是否进入浪管后再出来？”，核心要求跨遮挡、离开视野或可见性变化持续追踪对象及其再现，直接考查 C1 遮挡与客体持续性。
scope-0162,以画面为参照，球向球门右侧飞行时守门员是否也向画面右侧扑出？,directly_in_scope,C6_reference_frame,directly_in_scope,C6_reference_frame,both_direct,C6_reference_frame,明确在画面参考系比较球与守门员的运动方向,对“以画面为参照，球向球门右侧飞行时守门员是否也向画面右侧扑出？”，核心要求在明确的相机、行动者或对象视角下表示或转换空间方向，直接考查 C6 参照系。；同时还需跟踪相关空间关系或轨迹的时间变化。
scope-0163,副驾驶是否在驾驶员转向后才进入画面？,supporting_operation,C3_action_intent,supporting_operation,C1_occlusion_permanence,both_covered_with_support,DISAGREEMENT,询问驾驶员转向与副驾驶进入画面的行动顺序,对“副驾驶是否在驾驶员转向后才进入画面？”，表层只判断进入/离开视野、遮挡时点或持续可见性；在该具体语境中它是 C1 的明确追踪操作，但未直接询问隐藏后的持续存在。
scope-0164,无人机相对地面的高度如何变化？,directly_in_scope,C2_dynamic_spatial,directly_in_scope,C2_dynamic_spatial,both_direct,C2_dynamic_spatial,直接询问无人机相对地面的高度变化,对“无人机相对地面的高度如何变化？”，核心要求跟踪对象间位置、方向、距离或轨迹随时间的变化，直接考查 C2 动态空间关系。
scope-0165,经过斑马线发生在明显转向之前还是之后？,supporting_operation,C2_dynamic_spatial,supporting_operation,C2_dynamic_spatial,both_covered_with_support,C2_dynamic_spatial,询问沿车辆路径经过斑马线与转向的顺序,对“经过斑马线发生在明显转向之前还是之后？”，表层只问运动终点、局部动态关系或空间事件顺序；在该具体运动过程中它是 C2 的必要基础操作，但未直接要求建模完整关系变化。
scope-0166,摩托车起步后是否沿道路直行？,directly_in_scope,C2_dynamic_spatial,directly_in_scope,C2_dynamic_spatial,both_direct,C2_dynamic_spatial,询问摩托车起步后的道路轨迹是否保持直行,对“摩托车起步后是否沿道路直行？”，核心要求跟踪对象间位置、方向、距离或轨迹随时间的变化，直接考查 C2 动态空间关系。
scope-0167,相机绕车尾移动时蓝车从哪侧出现？,directly_in_scope,C6_reference_frame,directly_in_scope,C6_reference_frame,both_direct,C6_reference_frame,询问相机绕车移动时蓝车从画面哪侧出现,对“相机绕车尾移动时蓝车从哪侧出现？”，核心要求在明确的相机、行动者或对象视角下表示或转换空间方向，直接考查 C6 参照系。；同时还需跟踪相关空间关系或轨迹的时间变化。
scope-0168,镜头平移是否改变了山峰与花田的上下关系？,directly_in_scope,C6_reference_frame,directly_in_scope,C6_reference_frame,both_direct,C6_reference_frame,询问镜头平移是否改变两个场景实体的画面上下关系,对“镜头平移是否改变了山峰与花田的上下关系？”，核心要求在明确的相机、行动者或对象视角下表示或转换空间方向，直接考查 C6 参照系。；同时还需跟踪相关空间关系或轨迹的时间变化。
scope-0169,打结后两根绳端的相对位置如何变化？,directly_in_scope,C5_deformation_state,directly_in_scope,C5_deformation_state,both_direct,C5_deformation_state,询问打结造成绳端结构与相对位置变化,对“打结后两根绳端的相对位置如何变化？”，核心要求识别开合、弯曲、组装、分离、破坏或状态转变，直接考查 C5 形变与状态变化。；同时还需跟踪相关空间关系或轨迹的时间变化。
scope-0170,操作者先插入金属条还是先拉动手柄？,supporting_operation,C5_deformation_state,supporting_operation,C3_action_intent,both_covered_with_support,DISAGREEMENT,询问织机操作中插入部件与拉动手柄的顺序,对“操作者先插入金属条还是先拉动手柄？”，表层只问动作识别或操作先后；该具体操作围绕空间目标、受体或结果展开，是 C3 的必要基础操作，但未直接询问意图本身。
scope-0171,镜头移动时输电塔在画面中向哪侧移动？,directly_in_scope,C6_reference_frame,directly_in_scope,C2_dynamic_spatial,both_direct,DISAGREEMENT,询问镜头移动时输电塔在画面中的运动方向,对“镜头移动时输电塔在画面中向哪侧移动？”，核心要求跟踪对象间位置、方向、距离或轨迹随时间的变化，直接考查 C2 动态空间关系。；同时还需处理相机、行动者或对象参照。
scope-0172,车身尾部缺失了哪些部件？,supporting_operation,C5_deformation_state,outside_scope,NONE,binary_coverage_contested,DISAGREEMENT,识别车身结构中缺失的部件状态,对“车身尾部缺失了哪些部件？”，核心只是数量、身份、外观属性或普通实体识别；不要求六维中的持续追踪、动态关系、空间目标、预测、状态转变或参照转换。
scope-0173,飞机起飞后地面停机坪在画面中如何移动？,directly_in_scope,C6_reference_frame,directly_in_scope,C2_dynamic_spatial,both_direct,DISAGREEMENT,询问飞机起飞后停机坪在画面参考系中的运动,对“飞机起飞后地面停机坪在画面中如何移动？”，核心要求跟踪对象间位置、方向、距离或轨迹随时间的变化，直接考查 C2 动态空间关系。；同时还需处理相机、行动者或对象参照。
scope-0174,鱼挣扎时钓竿弯曲程度如何变化？,directly_in_scope,C5_deformation_state,directly_in_scope,C5_deformation_state,both_direct,C5_deformation_state,询问鱼挣扎过程中钓竿弯曲程度的变化,对“鱼挣扎时钓竿弯曲程度如何变化？”，核心要求识别开合、弯曲、组装、分离、破坏或状态转变，直接考查 C5 形变与状态变化。
scope-0175,防守球员回撤的直接目标是封堵哪一区域？,directly_in_scope,C3_action_intent,directly_in_scope,C3_action_intent,both_direct,C3_action_intent,直接询问防守球员回撤所要封堵的空间区域,对“防守球员回撤的直接目标是封堵哪一区域？”，核心要求把可见空间行动与其目标、去向或即时结果绑定，直接考查 C3 行动与意图。
scope-0176,冲浪者从浪管出来后向哪个方向滑行？,directly_in_scope,C2_dynamic_spatial,supporting_operation,C6_reference_frame,both_covered_with_support,DISAGREEMENT,询问冲浪者离开浪管后的滑行方向,对“冲浪者从浪管出来后向哪个方向滑行？”，表层只读取固定时刻的方向、朝向或哪一侧，是 C6 的参照表达基础操作，但未要求显式视角转换。
scope-0177,冲浪者进入浪管后是否一度被浪花遮住？,directly_in_scope,C1_occlusion_permanence,directly_in_scope,C1_occlusion_permanence,both_direct,C1_occlusion_permanence,询问冲浪者进入浪管后是否被浪花暂时遮挡,对“冲浪者进入浪管后是否一度被浪花遮住？”，核心要求跨遮挡、离开视野或可见性变化持续追踪对象及其再现，直接考查 C1 遮挡与客体持续性。
scope-0178,手拿起小零件发生在松开钳子之前还是之后？,supporting_operation,C5_deformation_state,supporting_operation,C3_action_intent,both_covered_with_support,DISAGREEMENT,询问松开工具与拿起零件的操作顺序,对“手拿起小零件发生在松开钳子之前还是之后？”，表层只问动作识别或操作先后；该具体操作围绕空间目标、受体或结果展开，是 C3 的必要基础操作，但未直接询问意图本身。
scope-0179,鸟从悬挂状态变为桌面状态的顺序是什么？,directly_in_scope,C5_deformation_state,directly_in_scope,C5_deformation_state,both_direct,C5_deformation_state,询问鸟从悬挂到桌面的状态与位置转变,对“鸟从悬挂状态变为桌面状态的顺序是什么？”，核心要求识别开合、弯曲、组装、分离、破坏或状态转变，直接考查 C5 形变与状态变化。
scope-0180,鱼竿先保持平直还是先出现弯曲？,directly_in_scope,C5_deformation_state,directly_in_scope,C5_deformation_state,both_direct,C5_deformation_state,需要追踪鱼竿由平直到弯曲的形变顺序,对“鱼竿先保持平直还是先出现弯曲？”，核心要求识别开合、弯曲、组装、分离、破坏或状态转变，直接考查 C5 形变与状态变化。
scope-0181,两人靠近汽车的直接目标是查看外观还是内饰？,directly_in_scope,C3_action_intent,directly_in_scope,C3_action_intent,both_direct,C3_action_intent,直接询问两人靠近汽车的查看目标,对“两人靠近汽车的直接目标是查看外观还是内饰？”，核心要求把可见空间行动与其目标、去向或即时结果绑定，直接考查 C3 行动与意图。
scope-0182,球员走近洞杯发生在击球之后吗？,supporting_operation,C3_action_intent,supporting_operation,C3_action_intent,both_covered_with_support,C3_action_intent,询问击球与走近洞杯两个高尔夫动作阶段的顺序,对“球员走近洞杯发生在击球之后吗？”，表层只问动作识别或操作先后；该具体操作围绕空间目标、受体或结果展开，是 C3 的必要基础操作，但未直接询问意图本身。
scope-0183,白色汽车绕停车场时与相机距离如何变化？,directly_in_scope,C6_reference_frame,directly_in_scope,C2_dynamic_spatial,both_direct,DISAGREEMENT,询问白车绕行时相对相机的距离变化,对“白色汽车绕停车场时与相机距离如何变化？”，核心要求跟踪对象间位置、方向、距离或轨迹随时间的变化，直接考查 C2 动态空间关系。
scope-0184,车辆最接近相机发生在完成转弯之前还是之后？,directly_in_scope,C6_reference_frame,supporting_operation,C2_dynamic_spatial,both_covered_with_support,DISAGREEMENT,比较车辆最接近相机与完成转弯的动态时点,对“车辆最接近相机发生在完成转弯之前还是之后？”，表层只问运动终点、局部动态关系或空间事件顺序；在该具体运动过程中它是 C2 的必要基础操作，但未直接要求建模完整关系变化。
scope-0185,镜头依次展示了几名坐着的老人？,outside_scope,NONE,outside_scope,NONE,both_outside_scope,NONE,只对镜头依次展示的老人进行计数,对“镜头依次展示了几名坐着的老人？”，核心只是数量、身份、外观属性或普通实体识别；不要求六维中的持续追踪、动态关系、空间目标、预测、状态转变或参照转换。
scope-0186,橙色自行车是否装有后货架？,supporting_operation,C5_deformation_state,outside_scope,NONE,binary_coverage_contested,DISAGREEMENT,询问自行车结构是否装有后货架,对“橙色自行车是否装有后货架？”，核心只是数量、身份、外观属性或普通实体识别；不要求六维中的持续追踪、动态关系、空间目标、预测、状态转变或参照转换。
scope-0187,冲浪者在整段中是否保持站立？,supporting_operation,C3_action_intent,directly_in_scope,C5_deformation_state,both_covered_with_support,DISAGREEMENT,追踪冲浪动作中人物是否持续保持站立姿态,对“冲浪者在整段中是否保持站立？”，核心要求识别开合、弯曲、组装、分离、破坏或状态转变，直接考查 C5 形变与状态变化。
scope-0188,操作的直接目标位于栏杆上方还是下方？,directly_in_scope,C3_action_intent,directly_in_scope,C3_action_intent,both_direct,C3_action_intent,询问操作目标相对栏杆的空间位置,对“操作的直接目标位于栏杆上方还是下方？”，核心要求把可见空间行动与其目标、去向或即时结果绑定，直接考查 C3 行动与意图。；同时还需处理相机、行动者或对象参照。
scope-0189,红色轿车靠近相机后从哪一侧经过？,directly_in_scope,C6_reference_frame,directly_in_scope,C2_dynamic_spatial,both_direct,DISAGREEMENT,询问红车靠近相机后从画面哪侧经过,对“红色轿车靠近相机后从哪一侧经过？”，核心要求跟踪对象间位置、方向、距离或轨迹随时间的变化，直接考查 C2 动态空间关系。；同时还需处理相机、行动者或对象参照。
scope-0190,骑手通过调整身体姿势达到什么即时目标？,directly_in_scope,C3_action_intent,directly_in_scope,C3_action_intent,both_direct,C3_action_intent,直接询问骑手调整姿势的即时目标,对“骑手通过调整身体姿势达到什么即时目标？”，核心要求把可见空间行动与其目标、去向或即时结果绑定，直接考查 C3 行动与意图。
scope-0191,遮阳篷在片段中保持展开吗？,directly_in_scope,C5_deformation_state,directly_in_scope,C5_deformation_state,both_direct,C5_deformation_state,需要追踪遮阳篷是否持续处于展开状态,对“遮阳篷在片段中保持展开吗？”，核心要求识别开合、弯曲、组装、分离、破坏或状态转变，直接考查 C5 形变与状态变化。
scope-0192,从骑手视角看路缘最初位于哪一侧？,directly_in_scope,C6_reference_frame,directly_in_scope,C6_reference_frame,both_direct,C6_reference_frame,明确采用骑手视角判断路缘方向,对“从骑手视角看路缘最初位于哪一侧？”，核心要求在明确的相机、行动者或对象视角下表示或转换空间方向，直接考查 C6 参照系。
scope-0193,球从边路向球门区的轨迹如何变化？,directly_in_scope,C2_dynamic_spatial,directly_in_scope,C2_dynamic_spatial,both_direct,C2_dynamic_spatial,询问球从边路到球门区的运动轨迹变化,对“球从边路向球门区的轨迹如何变化？”，核心要求跟踪对象间位置、方向、距离或轨迹随时间的变化，直接考查 C2 动态空间关系。
scope-0194,黑车接近人群时是否改变朝向？,directly_in_scope,C2_dynamic_spatial,directly_in_scope,C2_dynamic_spatial,both_direct,C2_dynamic_spatial,询问黑车接近人群时朝向是否改变,对“黑车接近人群时是否改变朝向？”，核心要求跟踪对象间位置、方向、距离或轨迹随时间的变化，直接考查 C2 动态空间关系。；同时还需处理相机、行动者或对象参照。
scope-0195,男子停下后主要做了什么动作？,outside_scope,NONE,outside_scope,NONE,both_outside_scope,NONE,核心是人物停止后的动作识别而非空间目标,对“男子停下后主要做了什么动作？”，核心是一般动作、表情、属性或可见事实识别，未要求六维定义中的高层时空能力。
scope-0196,绳索结构在拉紧后如何变化？,directly_in_scope,C5_deformation_state,directly_in_scope,C5_deformation_state,both_direct,C5_deformation_state,询问拉紧操作导致的绳索结构变化,对“绳索结构在拉紧后如何变化？”，核心要求识别开合、弯曲、组装、分离、破坏或状态转变，直接考查 C5 形变与状态变化。
scope-0197,冲浪者沿浪壁的运动方向如何变化？,directly_in_scope,C2_dynamic_spatial,directly_in_scope,C2_dynamic_spatial,both_direct,C2_dynamic_spatial,询问冲浪者沿浪壁的运动方向变化,对“冲浪者沿浪壁的运动方向如何变化？”，核心要求跟踪对象间位置、方向、距离或轨迹随时间的变化，直接考查 C2 动态空间关系。
scope-0198,俯视视角下汽车沿弯道朝哪个方向行驶？,directly_in_scope,C6_reference_frame,directly_in_scope,C6_reference_frame,both_direct,C6_reference_frame,需要在俯视参考系判断汽车沿弯道的行驶方向,对“俯视视角下汽车沿弯道朝哪个方向行驶？”，核心要求在明确的相机、行动者或对象视角下表示或转换空间方向，直接考查 C6 参照系。
scope-0199,球洞位于沙坑的哪一侧？,supporting_operation,C2_dynamic_spatial,outside_scope,NONE,binary_coverage_contested,DISAGREEMENT,询问球洞与沙坑的静态侧向关系,对“球洞位于沙坑的哪一侧？”，只需读取单点静态位置或方位，且没有明确动态过程或视角转换；不能仅因含空间词就归入六维。
scope-0200,操作者拉动钳子的直接目标是什么？,directly_in_scope,C3_action_intent,directly_in_scope,C3_action_intent,both_direct,C3_action_intent,直接询问操作者拉动钳子的目标,对“操作者拉动钳子的直接目标是什么？”，核心要求把可见空间行动与其目标、去向或即时结果绑定，直接考查 C3 行动与意图。
scope-0201,骑手在起步前是否先转动车把？,supporting_operation,C3_action_intent,supporting_operation,C3_action_intent,both_covered_with_support,C3_action_intent,询问起步前转动车把这一行动阶段的顺序,对“骑手在起步前是否先转动车把？”，表层只问动作识别或操作先后；该具体操作围绕空间目标、受体或结果展开，是 C3 的必要基础操作，但未直接询问意图本身。
scope-0202,石像分布在步道哪一侧？,supporting_operation,C2_dynamic_spatial,outside_scope,NONE,binary_coverage_contested,DISAGREEMENT,询问石像相对步道的静态侧向分布,对“石像分布在步道哪一侧？”，只需读取单点静态位置或方位，且没有明确动态过程或视角转换；不能仅因含空间词就归入六维。
scope-0203,飞行物相对树梢高度如何变化？,directly_in_scope,C2_dynamic_spatial,directly_in_scope,C2_dynamic_spatial,both_direct,C2_dynamic_spatial,询问飞行物相对树梢的高度变化,对“飞行物相对树梢高度如何变化？”，核心要求跟踪对象间位置、方向、距离或轨迹随时间的变化，直接考查 C2 动态空间关系。
scope-0204,火箭主体抬起发生在支撑结构可见之前还是之后？,supporting_operation,C5_deformation_state,supporting_operation,C2_dynamic_spatial,both_covered_with_support,DISAGREEMENT,询问火箭抬起状态与支撑结构出现的顺序,对“火箭主体抬起发生在支撑结构可见之前还是之后？”，表层只问运动终点、局部动态关系或空间事件顺序；在该具体运动过程中它是 C2 的必要基础操作，但未直接要求建模完整关系变化。
scope-0205,男子踩踏后车尾踏板是否展开？,directly_in_scope,C5_deformation_state,directly_in_scope,C5_deformation_state,both_direct,C5_deformation_state,询问踩踏操作是否使车尾踏板展开,对“男子踩踏后车尾踏板是否展开？”，核心要求识别开合、弯曲、组装、分离、破坏或状态转变，直接考查 C5 形变与状态变化。；同时还需绑定动作与空间目标或结果。
scope-0206,滑雪者越过杆后是否保持站立？,supporting_operation,C3_action_intent,directly_in_scope,C5_deformation_state,both_covered_with_support,DISAGREEMENT,追踪滑雪者越杆后是否保持站立姿态,对“滑雪者越过杆后是否保持站立？”，核心要求识别开合、弯曲、组装、分离、破坏或状态转变，直接考查 C5 形变与状态变化。
scope-0207,片段结束前鱼是否被拉出水面？,directly_in_scope,C2_dynamic_spatial,supporting_operation,C2_dynamic_spatial,both_covered_with_support,C2_dynamic_spatial,询问鱼是否在片段结束前完成出水转移,对“片段结束前鱼是否被拉出水面？”，表层只问运动终点、局部动态关系或空间事件顺序；在该具体运动过程中它是 C2 的必要基础操作，但未直接要求建模完整关系变化。
scope-0208,镜头先展示车辆左后侧还是正后方？,directly_in_scope,C6_reference_frame,outside_scope,NONE,binary_coverage_contested,DISAGREEMENT,询问镜头观察车辆左后侧与正后方的视点顺序,对“镜头先展示车辆左后侧还是正后方？”，核心只是一般事件或镜头展示顺序；题面未表明该顺序是六维高层推理的必要组成，因此判为范围外。
scope-0209,儿童群与成年男子之间的距离如何变化？,directly_in_scope,C2_dynamic_spatial,directly_in_scope,C2_dynamic_spatial,both_direct,C2_dynamic_spatial,询问儿童群与成年男子之间距离的变化,对“儿童群与成年男子之间的距离如何变化？”，核心要求跟踪对象间位置、方向、距离或轨迹随时间的变化，直接考查 C2 动态空间关系。
scope-0210,孩子们主要面向相机还是远离相机？,supporting_operation,C6_reference_frame,supporting_operation,C6_reference_frame,both_covered_with_support,C6_reference_frame,识别孩子们相对相机的主体朝向,对“孩子们主要面向相机还是远离相机？”，表层只读取固定时刻的方向、朝向或哪一侧，是 C6 的参照表达基础操作，但未要求显式视角转换。
scope-0211,输电塔相对城市建筑位于前景还是远景？,directly_in_scope,C6_reference_frame,outside_scope,NONE,binary_coverage_contested,DISAGREEMENT,在相机景深参考下判断输电塔与建筑的前后层次,对“输电塔相对城市建筑位于前景还是远景？”，只需读取单点静态位置或方位，且没有明确动态过程或视角转换；不能仅因含空间词就归入六维。
scope-0212,男子出现时海面位于其哪一侧？,supporting_operation,C2_dynamic_spatial,supporting_operation,C6_reference_frame,both_covered_with_support,DISAGREEMENT,询问海面相对男子的静态侧向位置,对“男子出现时海面位于其哪一侧？”，表层只读取固定时刻的方向、朝向或哪一侧，是 C6 的参照表达基础操作，但未要求显式视角转换。
scope-0213,大象与随行人员的前后关系如何变化？,directly_in_scope,C2_dynamic_spatial,directly_in_scope,C2_dynamic_spatial,both_direct,C2_dynamic_spatial,询问大象与随行人员的前后关系变化,对“大象与随行人员的前后关系如何变化？”，核心要求跟踪对象间位置、方向、距离或轨迹随时间的变化，直接考查 C2 动态空间关系。
scope-0214,男子收线时鱼线指向船的哪一侧？,directly_in_scope,C6_reference_frame,supporting_operation,C6_reference_frame,both_covered_with_support,C6_reference_frame,以船和钓鱼者为参考判断鱼线方向,对“男子收线时鱼线指向船的哪一侧？”，表层只读取固定时刻的方向、朝向或哪一侧，是 C6 的参照表达基础操作，但未要求显式视角转换。
scope-0215,绳索在操作后形成了几个环？,directly_in_scope,C5_deformation_state,supporting_operation,C5_deformation_state,both_covered_with_support,C5_deformation_state,询问操作后绳索形成的环状结构,对“绳索在操作后形成了几个环？”，表层只问加工/组装步骤、成品位置或局部状态，是 C5 的明确基础操作，但未直接要求解释完整状态转变。
scope-0216,黑狗与白狗是否朝同一方向奔跑？,directly_in_scope,C2_dynamic_spatial,supporting_operation,C2_dynamic_spatial,both_covered_with_support,C2_dynamic_spatial,比较两只奔跑狗的运动方向,对“黑狗与白狗是否朝同一方向奔跑？”，表层只问运动终点、局部动态关系或空间事件顺序；在该具体运动过程中它是 C2 的必要基础操作，但未直接要求建模完整关系变化。
scope-0217,主要红车先从侧面经过还是先正面靠近相机？,directly_in_scope,C6_reference_frame,directly_in_scope,C2_dynamic_spatial,both_direct,DISAGREEMENT,追踪红车相对相机由正面靠近到侧面经过的轨迹,对“主要红车先从侧面经过还是先正面靠近相机？”，核心要求跟踪对象间位置、方向、距离或轨迹随时间的变化，直接考查 C2 动态空间关系。；同时还需处理相机、行动者或对象参照。
scope-0218,男子手指主要指向画面的哪个方向？,directly_in_scope,C3_action_intent,supporting_operation,C6_reference_frame,both_covered_with_support,DISAGREEMENT,询问手指指向动作在画面中的空间方向,对“男子手指主要指向画面的哪个方向？”，表层只读取固定时刻的方向、朝向或哪一侧，是 C6 的参照表达基础操作，但未要求显式视角转换。
scope-0219,飞机最终朝画面的哪一侧飞离？,directly_in_scope,C6_reference_frame,supporting_operation,C6_reference_frame,both_covered_with_support,C6_reference_frame,询问飞机最终从画面哪一侧飞离,对“飞机最终朝画面的哪一侧飞离？”，表层只读取固定时刻的方向、朝向或哪一侧，是 C6 的参照表达基础操作，但未要求显式视角转换。
scope-0220,镜头沿商店街移动时先经过果蔬店还是服装店？,directly_in_scope,C2_dynamic_spatial,supporting_operation,C2_dynamic_spatial,both_covered_with_support,C2_dynamic_spatial,询问镜头沿商店街移动时经过两个地点的路径顺序,对“镜头沿商店街移动时先经过果蔬店还是服装店？”，表层只问运动终点、局部动态关系或空间事件顺序；在该具体运动过程中它是 C2 的必要基础操作，但未直接要求建模完整关系变化。
scope-0221,湖面上有几只水鸟同时可见？,outside_scope,NONE,outside_scope,NONE,both_outside_scope,NONE,核心是对同时可见水鸟进行数量统计,对“湖面上有几只水鸟同时可见？”，核心只是数量、身份、外观属性或普通实体识别；不要求六维中的持续追踪、动态关系、空间目标、预测、状态转变或参照转换。
scope-0222,镜头从农田转向道路发生在看到马之前还是之后？,outside_scope,NONE,outside_scope,NONE,both_outside_scope,NONE,只比较镜头转场与看到马的展示顺序,对“镜头从农田转向道路发生在看到马之前还是之后？”，核心只是一般事件或镜头展示顺序；题面未表明该顺序是六维高层推理的必要组成，因此判为范围外。
scope-0223,末段地面人物面向飞行物吗？,supporting_operation,C6_reference_frame,supporting_operation,C6_reference_frame,both_covered_with_support,C6_reference_frame,识别地面人物相对飞行物的主体朝向,对“末段地面人物面向飞行物吗？”，表层只读取固定时刻的方向、朝向或哪一侧，是 C6 的参照表达基础操作，但未要求显式视角转换。
scope-0224,无人机相对湖面高度如何变化？,directly_in_scope,C2_dynamic_spatial,directly_in_scope,C2_dynamic_spatial,both_direct,C2_dynamic_spatial,询问无人机相对湖面的高度变化,对“无人机相对湖面高度如何变化？”，核心要求跟踪对象间位置、方向、距离或轨迹随时间的变化，直接考查 C2 动态空间关系。
scope-0225,她进入门洞前后与相机的距离如何变化？,directly_in_scope,C6_reference_frame,directly_in_scope,C2_dynamic_spatial,both_direct,DISAGREEMENT,询问女子穿门前后相对相机的距离变化,对“她进入门洞前后与相机的距离如何变化？”，核心要求跟踪对象间位置、方向、距离或轨迹随时间的变化，直接考查 C2 动态空间关系。
scope-0226,男子取下悬挂物后将其带向室内还是室外？,directly_in_scope,C3_action_intent,directly_in_scope,C3_action_intent,both_direct,C3_action_intent,询问取下悬挂物后携带行动的空间去向,对“男子取下悬挂物后将其带向室内还是室外？”，核心要求把可见空间行动与其目标、去向或即时结果绑定，直接考查 C3 行动与意图。
scope-0227,人先展示鱼还是先处理鱼钩？,supporting_operation,C3_action_intent,supporting_operation,C3_action_intent,both_covered_with_support,C3_action_intent,询问展示鱼与处理鱼钩两个捕鱼行动阶段的顺序,对“人先展示鱼还是先处理鱼钩？”，表层只问动作识别或操作先后；该具体操作围绕空间目标、受体或结果展开，是 C3 的必要基础操作，但未直接询问意图本身。
scope-0228,道路标志先出现还是车道开始分离先出现？,supporting_operation,C2_dynamic_spatial,supporting_operation,C2_dynamic_spatial,both_covered_with_support,C2_dynamic_spatial,询问道路标志出现与车道分离两个路径线索的顺序,对“道路标志先出现还是车道开始分离先出现？”，表层只问运动终点、局部动态关系或空间事件顺序；在该具体运动过程中它是 C2 的必要基础操作，但未直接要求建模完整关系变化。
scope-0229,男子用工具处理肉块的直接目标是什么？,directly_in_scope,C3_action_intent,directly_in_scope,C3_action_intent,both_direct,C3_action_intent,直接询问用工具处理肉块的目标,对“男子用工具处理肉块的直接目标是什么？”，核心要求把可见空间行动与其目标、去向或即时结果绑定，直接考查 C3 行动与意图。
scope-0230,镜头平移时海岸线相对画面如何移动？,directly_in_scope,C6_reference_frame,directly_in_scope,C2_dynamic_spatial,both_direct,DISAGREEMENT,询问镜头平移时海岸线在画面参考系中的运动,对“镜头平移时海岸线相对画面如何移动？”，核心要求跟踪对象间位置、方向、距离或轨迹随时间的变化，直接考查 C2 动态空间关系。；同时还需处理相机、行动者或对象参照。
scope-0231,广场人群是否逐渐聚集成一支队伍？,directly_in_scope,C2_dynamic_spatial,directly_in_scope,C5_deformation_state,both_direct,DISAGREEMENT,询问人群空间分布是否逐渐聚合为队伍,对“广场人群是否逐渐聚集成一支队伍？”，核心要求识别开合、弯曲、组装、分离、破坏或状态转变，直接考查 C5 形变与状态变化。；同时还需跟踪相关空间关系或轨迹的时间变化。
scope-0232,从骑手视角看转弯目标道路位于哪一侧？,directly_in_scope,C6_reference_frame,directly_in_scope,C6_reference_frame,both_direct,C6_reference_frame,明确采用骑手视角判断目标道路方向,对“从骑手视角看转弯目标道路位于哪一侧？”，核心要求在明确的相机、行动者或对象视角下表示或转换空间方向，直接考查 C6 参照系。
scope-0233,飞行器升空前地面车辆是否移动？,supporting_operation,C2_dynamic_spatial,outside_scope,NONE,binary_coverage_contested,DISAGREEMENT,询问飞行器升空与地面车辆运动的事件关系,对“飞行器升空前地面车辆是否移动？”，核心是一般动作、表情、属性或可见事实识别，未要求六维定义中的高层时空能力。
scope-0234,男子的手势是面向相机还是面向海面？,directly_in_scope,C3_action_intent,supporting_operation,C6_reference_frame,both_covered_with_support,DISAGREEMENT,询问手势朝向所指的空间目标,对“男子的手势是面向相机还是面向海面？”，表层只读取固定时刻的方向、朝向或哪一侧，是 C6 的参照表达基础操作，但未要求显式视角转换。
scope-0235,相机绕车移动时前轮相对画面如何变化？,directly_in_scope,C6_reference_frame,directly_in_scope,C6_reference_frame,both_direct,C6_reference_frame,询问相机绕车时前轮在画面中的相对变化,对“相机绕车移动时前轮相对画面如何变化？”，核心要求在明确的相机、行动者或对象视角下表示或转换空间方向，直接考查 C6 参照系。；同时还需跟踪相关空间关系或轨迹的时间变化。
scope-0236,白队射门前是否先突破了多名蓝队防守者？,directly_in_scope,C3_action_intent,supporting_operation,C3_action_intent,both_covered_with_support,C3_action_intent,询问射门目标行动前是否完成突破防守路径,对“白队射门前是否先突破了多名蓝队防守者？”，表层只问动作识别或操作先后；该具体操作围绕空间目标、受体或结果展开，是 C3 的必要基础操作，但未直接询问意图本身。
scope-0237,黑色汽车朝人群靠近时距离如何变化？,directly_in_scope,C2_dynamic_spatial,directly_in_scope,C2_dynamic_spatial,both_direct,C2_dynamic_spatial,询问黑车靠近人群时距离的变化,对“黑色汽车朝人群靠近时距离如何变化？”，核心要求跟踪对象间位置、方向、距离或轨迹随时间的变化，直接考查 C2 动态空间关系。
scope-0238,从骑手视角看中央隔离带位于哪一侧？,directly_in_scope,C6_reference_frame,directly_in_scope,C6_reference_frame,both_direct,C6_reference_frame,明确采用骑手视角判断隔离带方向,对“从骑手视角看中央隔离带位于哪一侧？”，核心要求在明确的相机、行动者或对象视角下表示或转换空间方向，直接考查 C6 参照系。
scope-0239,深色吸音板分布在浅色板的哪一侧？,supporting_operation,C2_dynamic_spatial,outside_scope,NONE,binary_coverage_contested,DISAGREEMENT,询问两类吸音板的静态侧向分布,对“深色吸音板分布在浅色板的哪一侧？”，只需读取单点静态位置或方位，且没有明确动态过程或视角转换；不能仅因含空间词就归入六维。
scope-0240,守门员向哪一侧扑救？,directly_in_scope,C2_dynamic_spatial,supporting_operation,C6_reference_frame,both_covered_with_support,DISAGREEMENT,询问守门员扑救动作的运动方向,对“守门员向哪一侧扑救？”，表层只读取固定时刻的方向、朝向或哪一侧，是 C6 的参照表达基础操作，但未要求显式视角转换。
scope-0241,两尊石像沿小路如何排列？,supporting_operation,C2_dynamic_spatial,outside_scope,NONE,binary_coverage_contested,DISAGREEMENT,询问石像沿小路的静态排列,对“两尊石像沿小路如何排列？”，核心是一般动作、表情、属性或可见事实识别，未要求六维定义中的高层时空能力。
scope-0242,对向白车位于骑手哪一侧？,directly_in_scope,C6_reference_frame,directly_in_scope,C6_reference_frame,both_direct,C6_reference_frame,以骑手为参考判断对向白车的位置,对“对向白车位于骑手哪一侧？”，核心要求在明确的相机、行动者或对象视角下表示或转换空间方向，直接考查 C6 参照系。
scope-0243,较大的鱼群在水草前方如何移动？,directly_in_scope,C2_dynamic_spatial,directly_in_scope,C2_dynamic_spatial,both_direct,C2_dynamic_spatial,询问鱼群相对水草的运动关系,对“较大的鱼群在水草前方如何移动？”，核心要求跟踪对象间位置、方向、距离或轨迹随时间的变化，直接考查 C2 动态空间关系。
scope-0244,驾驶员在弯道前面向道路前方吗？,supporting_operation,C6_reference_frame,supporting_operation,C6_reference_frame,both_covered_with_support,C6_reference_frame,识别驾驶员相对道路前方的朝向,对“驾驶员在弯道前面向道路前方吗？”，表层只读取固定时刻的方向、朝向或哪一侧，是 C6 的参照表达基础操作，但未要求显式视角转换。
scope-0245,白色车辆最初位于骑手哪一侧？,directly_in_scope,C6_reference_frame,directly_in_scope,C6_reference_frame,both_direct,C6_reference_frame,以骑手为参考判断白车初始位置,对“白色车辆最初位于骑手哪一侧？”，核心要求在明确的相机、行动者或对象视角下表示或转换空间方向，直接考查 C6 参照系。
scope-0246,车辆后部是否装有外置备胎？,supporting_operation,C5_deformation_state,outside_scope,NONE,binary_coverage_contested,DISAGREEMENT,识别车辆结构是否安装外置备胎,对“车辆后部是否装有外置备胎？”，核心只是数量、身份、外观属性或普通实体识别；不要求六维中的持续追踪、动态关系、空间目标、预测、状态转变或参照转换。
scope-0247,冲浪者靠近岩石后是否与冲浪板分离？,directly_in_scope,C2_dynamic_spatial,directly_in_scope,C5_deformation_state,both_direct,DISAGREEMENT,询问靠近岩石后人与冲浪板的连接关系是否改变,对“冲浪者靠近岩石后是否与冲浪板分离？”，核心要求识别开合、弯曲、组装、分离、破坏或状态转变，直接考查 C5 形变与状态变化。；同时还需跟踪相关空间关系或轨迹的时间变化。
scope-0248,拍摄车辆经过帐篷区时白色皮卡位于镜头哪一侧？,directly_in_scope,C6_reference_frame,supporting_operation,C6_reference_frame,both_covered_with_support,C6_reference_frame,询问拍摄车辆经过帐篷区时皮卡在画面哪侧,对“拍摄车辆经过帐篷区时白色皮卡位于镜头哪一侧？”，表层只读取固定时刻的方向、朝向或哪一侧，是 C6 的参照表达基础操作，但未要求显式视角转换。
scope-0249,女子收线时鱼竿弯曲程度如何变化？,directly_in_scope,C5_deformation_state,directly_in_scope,C5_deformation_state,both_direct,C5_deformation_state,询问收线过程中鱼竿弯曲程度的变化,对“女子收线时鱼竿弯曲程度如何变化？”，核心要求识别开合、弯曲、组装、分离、破坏或状态转变，直接考查 C5 形变与状态变化。
scope-0250,镜头先展示红色灯塔还是升降桥？,outside_scope,NONE,outside_scope,NONE,both_outside_scope,NONE,只比较灯塔与升降桥的镜头展示顺序,对“镜头先展示红色灯塔还是升降桥？”，核心只是一般事件或镜头展示顺序；题面未表明该顺序是六维高层推理的必要组成，因此判为范围外。
scope-0251,冲浪者从浪壁高处向下转向的轨迹如何变化？,directly_in_scope,C2_dynamic_spatial,directly_in_scope,C2_dynamic_spatial,both_direct,C2_dynamic_spatial,询问冲浪者由浪壁高处向下转向的轨迹变化,对“冲浪者从浪壁高处向下转向的轨迹如何变化？”，核心要求跟踪对象间位置、方向、距离或轨迹随时间的变化，直接考查 C2 动态空间关系。
scope-0252,记者展示天花板破损发生在采访住户之前吗？,outside_scope,NONE,outside_scope,NONE,both_outside_scope,NONE,只比较新闻展示与采访事件的时间顺序,对“记者展示天花板破损发生在采访住户之前吗？”，核心只是一般事件或镜头展示顺序；题面未表明该顺序是六维高层推理的必要组成，因此判为范围外。
scope-0253,他先展示绳端还是先把绳索抛向地面？,supporting_operation,C3_action_intent,supporting_operation,C3_action_intent,both_covered_with_support,C3_action_intent,询问展示绳端与抛绳两个操作阶段的顺序,对“他先展示绳端还是先把绳索抛向地面？”，表层只问动作识别或操作先后；该具体操作围绕空间目标、受体或结果展开，是 C3 的必要基础操作，但未直接询问意图本身。
scope-0254,住户用手指向了房间的哪个方向？,directly_in_scope,C3_action_intent,supporting_operation,C6_reference_frame,both_covered_with_support,DISAGREEMENT,询问住户指向手势的空间方向,对“住户用手指向了房间的哪个方向？”，表层只读取固定时刻的方向、朝向或哪一侧，是 C6 的参照表达基础操作，但未要求显式视角转换。
scope-0255,绿色蛋糕上主要装饰着什么形状？,outside_scope,NONE,outside_scope,NONE,both_outside_scope,NONE,核心是识别蛋糕装饰形状而非空间能力,对“绿色蛋糕上主要装饰着什么形状？”，核心只是数量、身份、外观属性或普通实体识别；不要求六维中的持续追踪、动态关系、空间目标、预测、状态转变或参照转换。
scope-0256,镜头转动时远山在画面中的相对位置如何变化？,directly_in_scope,C6_reference_frame,directly_in_scope,C2_dynamic_spatial,both_direct,DISAGREEMENT,询问镜头转动时远山在画面中的相对位置变化,对“镜头转动时远山在画面中的相对位置如何变化？”，核心要求跟踪对象间位置、方向、距离或轨迹随时间的变化，直接考查 C2 动态空间关系。；同时还需处理相机、行动者或对象参照。
scope-0257,开孔位于车身部件的哪个区域？,supporting_operation,C5_deformation_state,outside_scope,NONE,binary_coverage_contested,DISAGREEMENT,询问开孔在车身部件结构中的静态区域,对“开孔位于车身部件的哪个区域？”，只需读取单点静态位置或方位，且没有明确动态过程或视角转换；不能仅因含空间词就归入六维。
scope-0258,冲浪者在浪峰塌下前是否保持站立？,supporting_operation,C3_action_intent,directly_in_scope,C5_deformation_state,both_covered_with_support,DISAGREEMENT,追踪冲浪者在浪峰塌下前是否保持站立姿态,对“冲浪者在浪峰塌下前是否保持站立？”，核心要求识别开合、弯曲、组装、分离、破坏或状态转变，直接考查 C5 形变与状态变化。
scope-0259,捆扎点位于两根木杆交叉处还是末端？,supporting_operation,C5_deformation_state,supporting_operation,C5_deformation_state,both_covered_with_support,C5_deformation_state,询问捆扎点在木杆结构中的位置,对“捆扎点位于两根木杆交叉处还是末端？”，表层只问加工/组装步骤、成品位置或局部状态，是 C5 的明确基础操作，但未直接要求解释完整状态转变。
scope-0260,飞行器相对树线的高度如何变化？,directly_in_scope,C2_dynamic_spatial,directly_in_scope,C2_dynamic_spatial,both_direct,C2_dynamic_spatial,询问飞行器相对树线的高度变化,对“飞行器相对树线的高度如何变化？”，核心要求跟踪对象间位置、方向、距离或轨迹随时间的变化，直接考查 C2 动态空间关系。
scope-0261,大象最终朝建筑还是远离建筑移动？,directly_in_scope,C2_dynamic_spatial,directly_in_scope,C2_dynamic_spatial,both_direct,C2_dynamic_spatial,询问大象相对建筑的最终运动方向,对“大象最终朝建筑还是远离建筑移动？”，核心要求跟踪对象间位置、方向、距离或轨迹随时间的变化，直接考查 C2 动态空间关系。；同时还需处理相机、行动者或对象参照。
scope-0262,处理后鱼钩是否与鱼分离？,directly_in_scope,C5_deformation_state,directly_in_scope,C5_deformation_state,both_direct,C5_deformation_state,询问处理操作后鱼钩与鱼是否分离,对“处理后鱼钩是否与鱼分离？”，核心要求识别开合、弯曲、组装、分离、破坏或状态转变，直接考查 C5 形变与状态变化。
scope-0263,大象沿道路行走时骑手始终面向前方吗？,supporting_operation,C6_reference_frame,directly_in_scope,C2_dynamic_spatial,both_covered_with_support,DISAGREEMENT,追踪骑手相对行进方向的主体朝向,对“大象沿道路行走时骑手始终面向前方吗？”，核心要求跟踪对象间位置、方向、距离或轨迹随时间的变化，直接考查 C2 动态空间关系。；同时还需处理相机、行动者或对象参照。
scope-0264,固定点相对男子位于哪一侧？,directly_in_scope,C6_reference_frame,supporting_operation,C6_reference_frame,both_covered_with_support,C6_reference_frame,以男子为参考判断固定点方向,对“固定点相对男子位于哪一侧？”，表层只读取固定时刻的方向、朝向或哪一侧，是 C6 的参照表达基础操作，但未要求显式视角转换。
scope-0265,遥控飞行器相对地面的高度如何变化？,directly_in_scope,C2_dynamic_spatial,directly_in_scope,C2_dynamic_spatial,both_direct,C2_dynamic_spatial,询问遥控飞行器相对地面的高度变化,对“遥控飞行器相对地面的高度如何变化？”，核心要求跟踪对象间位置、方向、距离或轨迹随时间的变化，直接考查 C2 动态空间关系。
scope-0266,观察者的影子在道路上朝哪个方向延伸？,directly_in_scope,C6_reference_frame,supporting_operation,C6_reference_frame,both_covered_with_support,C6_reference_frame,以观察者为参考判断影子在道路上的延伸方向,对“观察者的影子在道路上朝哪个方向延伸？”，表层只读取固定时刻的方向、朝向或哪一侧，是 C6 的参照表达基础操作，但未要求显式视角转换。
scope-0267,鱼最终位于浪线的陆侧还是海侧？,directly_in_scope,C6_reference_frame,supporting_operation,C2_dynamic_spatial,both_covered_with_support,DISAGREEMENT,以陆海全局参考判断鱼相对浪线的位置,对“鱼最终位于浪线的陆侧还是海侧？”，表层只问运动终点、局部动态关系或空间事件顺序；在该具体运动过程中它是 C2 的必要基础操作，但未直接要求建模完整关系变化。
scope-0268,驾驶者在红灯前是否停在其他车辆后方？,directly_in_scope,C2_dynamic_spatial,directly_in_scope,C3_action_intent,both_direct,DISAGREEMENT,询问驾驶者是否在红灯前停于其他车辆后方,对“驾驶者在红灯前是否停在其他车辆后方？”，核心要求把可见空间行动与其目标、去向或即时结果绑定，直接考查 C3 行动与意图。；同时还需跟踪相关空间关系或轨迹的时间变化。
scope-0269,从驾驶者视角看汇入方向位于哪一侧？,directly_in_scope,C6_reference_frame,directly_in_scope,C6_reference_frame,both_direct,C6_reference_frame,明确采用驾驶者视角判断汇入方向,对“从驾驶者视角看汇入方向位于哪一侧？”，核心要求在明确的相机、行动者或对象视角下表示或转换空间方向，直接考查 C6 参照系。
scope-0270,戴蓝帽的人在戴宽檐帽的人之前还是之后出现？,outside_scope,NONE,outside_scope,NONE,both_outside_scope,NONE,核心是两个人物身份的出现顺序,对“戴蓝帽的人在戴宽檐帽的人之前还是之后出现？”，核心只是一般事件或镜头展示顺序；题面未表明该顺序是六维高层推理的必要组成，因此判为范围外。
scope-0271,镜头先展示海岸还是最后出现人物？,outside_scope,NONE,outside_scope,NONE,both_outside_scope,NONE,只比较海岸展示与人物出现的镜头顺序,对“镜头先展示海岸还是最后出现人物？”，核心只是一般事件或镜头展示顺序；题面未表明该顺序是六维高层推理的必要组成，因此判为范围外。
scope-0272,白车相对仓库的距离如何变化？,directly_in_scope,C2_dynamic_spatial,directly_in_scope,C2_dynamic_spatial,both_direct,C2_dynamic_spatial,询问白车与仓库之间距离的变化,对“白车相对仓库的距离如何变化？”，核心要求跟踪对象间位置、方向、距离或轨迹随时间的变化，直接考查 C2 动态空间关系。
scope-0273,他先触碰车架还是先转动后轮部件？,supporting_operation,C5_deformation_state,supporting_operation,C3_action_intent,both_covered_with_support,DISAGREEMENT,询问触碰车架与转动后轮部件的操作顺序,对“他先触碰车架还是先转动后轮部件？”，表层只问动作识别或操作先后；该具体操作围绕空间目标、受体或结果展开，是 C3 的必要基础操作，但未直接询问意图本身。
scope-0274,后轮组件在操作中发生了什么状态变化？,directly_in_scope,C5_deformation_state,directly_in_scope,C5_deformation_state,both_direct,C5_deformation_state,询问操作导致的后轮组件状态变化,对“后轮组件在操作中发生了什么状态变化？”，核心要求识别开合、弯曲、组装、分离、破坏或状态转变，直接考查 C5 形变与状态变化。
scope-0275,镜头先经过小帐篷还是大型透明帐篷？,directly_in_scope,C2_dynamic_spatial,supporting_operation,C2_dynamic_spatial,both_covered_with_support,C2_dynamic_spatial,询问镜头沿路径先后经过两类帐篷,对“镜头先经过小帐篷还是大型透明帐篷？”，表层只问运动终点、局部动态关系或空间事件顺序；在该具体运动过程中它是 C2 的必要基础操作，但未直接要求建模完整关系变化。
scope-0276,展示者主要指向包装盒的哪个区域？,directly_in_scope,C3_action_intent,directly_in_scope,C3_action_intent,both_direct,C3_action_intent,询问展示者指向动作的包装盒目标区域,对“展示者主要指向包装盒的哪个区域？”，核心要求把可见空间行动与其目标、去向或即时结果绑定，直接考查 C3 行动与意图。
scope-0277,男子从室内取下鸟后将其带到哪里？,directly_in_scope,C3_action_intent,directly_in_scope,C3_action_intent,both_direct,C3_action_intent,询问取下鸟后携带行动的空间终点,对“男子从室内取下鸟后将其带到哪里？”，核心要求把可见空间行动与其目标、去向或即时结果绑定，直接考查 C3 行动与意图。
scope-0278,女子进入石门时是否侧身通过？,supporting_operation,C3_action_intent,supporting_operation,C6_reference_frame,both_covered_with_support,DISAGREEMENT,识别女子通过窄门时采取的身体姿态,对“女子进入石门时是否侧身通过？”，表层只读取固定时刻的方向、朝向或哪一侧，是 C6 的参照表达基础操作，但未要求显式视角转换。；同时还需跟踪相关空间关系或轨迹的时间变化。
scope-0279,蓝队传中后球先到绿队球员还是守门员附近？,directly_in_scope,C2_dynamic_spatial,supporting_operation,C3_action_intent,both_covered_with_support,DISAGREEMENT,询问传中后球相对球员和守门员的轨迹终点顺序,对“蓝队传中后球先到绿队球员还是守门员附近？”，表层只问动作识别或操作先后；该具体操作围绕空间目标、受体或结果展开，是 C3 的必要基础操作，但未直接询问意图本身。；同时还需跟踪相关空间关系或轨迹的时间变化。
scope-0280,飞行器最终朝场地哪一侧飞离？,directly_in_scope,C2_dynamic_spatial,supporting_operation,C6_reference_frame,both_covered_with_support,DISAGREEMENT,询问飞行器最终朝场地哪一侧飞离,对“飞行器最终朝场地哪一侧飞离？”，表层只读取固定时刻的方向、朝向或哪一侧，是 C6 的参照表达基础操作，但未要求显式视角转换。
scope-0281,绳索末端最初位于男子哪一侧？,directly_in_scope,C6_reference_frame,supporting_operation,C6_reference_frame,both_covered_with_support,C6_reference_frame,以男子为参考判断绳索末端初始位置,对“绳索末端最初位于男子哪一侧？”，表层只读取固定时刻的方向、朝向或哪一侧，是 C6 的参照表达基础操作，但未要求显式视角转换。
scope-0282,通过路口时红车选择了哪个行进方向？,directly_in_scope,C2_dynamic_spatial,supporting_operation,C6_reference_frame,both_covered_with_support,DISAGREEMENT,询问红车通过路口时选择的行进方向,对“通过路口时红车选择了哪个行进方向？”，表层只读取固定时刻的方向、朝向或哪一侧，是 C6 的参照表达基础操作，但未要求显式视角转换。
scope-0283,镜头先展示座椅还是驾驶位控制键？,outside_scope,NONE,outside_scope,NONE,both_outside_scope,NONE,只比较座椅与控制键的镜头展示顺序,对“镜头先展示座椅还是驾驶位控制键？”，核心只是一般事件或镜头展示顺序；题面未表明该顺序是六维高层推理的必要组成，因此判为范围外。
scope-0284,草地位于村庄前方吗？,supporting_operation,C2_dynamic_spatial,outside_scope,NONE,binary_coverage_contested,DISAGREEMENT,询问草地与村庄的静态前后关系,对“草地位于村庄前方吗？”，只需读取单点静态位置或方位，且没有明确动态过程或视角转换；不能仅因含空间词就归入六维。
scope-0285,道路两侧主要分布着什么？,supporting_operation,C2_dynamic_spatial,outside_scope,NONE,binary_coverage_contested,DISAGREEMENT,询问道路两侧实体的静态空间分布,对“道路两侧主要分布着什么？”，核心是一般动作、表情、属性或可见事实识别，未要求六维定义中的高层时空能力。
scope-0286,镜头沿车身移动时不同窗户的出现顺序是什么？,directly_in_scope,C6_reference_frame,supporting_operation,C2_dynamic_spatial,both_covered_with_support,DISAGREEMENT,询问镜头沿车身移动时各窗户进入视野的空间顺序,对“镜头沿车身移动时不同窗户的出现顺序是什么？”，表层只问运动终点、局部动态关系或空间事件顺序；在该具体运动过程中它是 C2 的必要基础操作，但未直接要求建模完整关系变化。
scope-0287,镜头环绕后摩托车的左右朝向如何变化？,directly_in_scope,C6_reference_frame,directly_in_scope,C6_reference_frame,both_direct,C6_reference_frame,询问镜头环绕造成的摩托车左右朝向变化,对“镜头环绕后摩托车的左右朝向如何变化？”，核心要求在明确的相机、行动者或对象视角下表示或转换空间方向，直接考查 C6 参照系。；同时还需跟踪相关空间关系或轨迹的时间变化。
scope-0288,女子反复转动渔轮的直接目标是什么？,directly_in_scope,C3_action_intent,directly_in_scope,C3_action_intent,both_direct,C3_action_intent,直接询问反复转动渔轮的目标,对“女子反复转动渔轮的直接目标是什么？”，核心要求把可见空间行动与其目标、去向或即时结果绑定，直接考查 C3 行动与意图。
scope-0289,冲浪者在浪管内是否短暂被浪壁遮住？,directly_in_scope,C1_occlusion_permanence,directly_in_scope,C1_occlusion_permanence,both_direct,C1_occlusion_permanence,需要追踪冲浪者在浪管中被遮挡的状态,对“冲浪者在浪管内是否短暂被浪壁遮住？”，核心要求跨遮挡、离开视野或可见性变化持续追踪对象及其再现，直接考查 C1 遮挡与客体持续性。
scope-0290,钓鱼者先拿着浮漂还是先展示鱼？,supporting_operation,C3_action_intent,outside_scope,NONE,binary_coverage_contested,DISAGREEMENT,询问拿浮漂与展示鱼两个捕鱼阶段的顺序,对“钓鱼者先拿着浮漂还是先展示鱼？”，核心只是一般事件或镜头展示顺序；题面未表明该顺序是六维高层推理的必要组成，因此判为范围外。
scope-0291,以画面为参照，浪管闭合前冲浪者最后一次明显转向是朝左还是朝右？,directly_in_scope,C6_reference_frame,directly_in_scope,C6_reference_frame,both_direct,C6_reference_frame,明确以画面为参照判断冲浪者最后转向方向,对“以画面为参照，浪管闭合前冲浪者最后一次明显转向是朝左还是朝右？”，核心要求在明确的相机、行动者或对象视角下表示或转换空间方向，直接考查 C6 参照系。；同时还需跟踪相关空间关系或轨迹的时间变化。
scope-0292,镜头先扫过海边果岭还是先出现自拍者？,outside_scope,NONE,outside_scope,NONE,both_outside_scope,NONE,只比较果岭展示与自拍者出现的镜头顺序,对“镜头先扫过海边果岭还是先出现自拍者？”，核心只是一般事件或镜头展示顺序；题面未表明该顺序是六维高层推理的必要组成，因此判为范围外。
scope-0293,镜头先呈现山体还是近处房屋？,outside_scope,NONE,outside_scope,NONE,both_outside_scope,NONE,只比较山体与房屋的镜头呈现顺序,对“镜头先呈现山体还是近处房屋？”，核心只是一般事件或镜头展示顺序；题面未表明该顺序是六维高层推理的必要组成，因此判为范围外。
scope-0294,牛群主要位于道路的哪一侧？,supporting_operation,C2_dynamic_spatial,outside_scope,NONE,binary_coverage_contested,DISAGREEMENT,询问牛群相对道路的静态侧向位置,对“牛群主要位于道路的哪一侧？”，只需读取单点静态位置或方位，且没有明确动态过程或视角转换；不能仅因含空间词就归入六维。
scope-0295,中控屏与仪表盘哪一个先亮起？,directly_in_scope,C5_deformation_state,directly_in_scope,C5_deformation_state,both_direct,C5_deformation_state,询问中控屏与仪表盘由未亮到亮的状态顺序,对“中控屏与仪表盘哪一个先亮起？”，核心要求识别开合、弯曲、组装、分离、破坏或状态转变，直接考查 C5 形变与状态变化。
scope-0296,浪花完全遮住冲浪者发生在其转向之前还是之后？,directly_in_scope,C1_occlusion_permanence,directly_in_scope,C1_occlusion_permanence,both_direct,C1_occlusion_permanence,询问浪花完全遮挡冲浪者与其转向的时间关系,对“浪花完全遮住冲浪者发生在其转向之前还是之后？”，核心要求跨遮挡、离开视野或可见性变化持续追踪对象及其再现，直接考查 C1 遮挡与客体持续性。；同时还需跟踪相关空间关系或轨迹的时间变化。
scope-0297,小船先进入桥下还是先经过桥墩？,directly_in_scope,C2_dynamic_spatial,supporting_operation,C2_dynamic_spatial,both_covered_with_support,C2_dynamic_spatial,询问小船通过桥下与桥墩的路径顺序,对“小船先进入桥下还是先经过桥墩？”，表层只问运动终点、局部动态关系或空间事件顺序；在该具体运动过程中它是 C2 的必要基础操作，但未直接要求建模完整关系变化。
scope-0298,两人操作鱼钩的直接目标是什么？,directly_in_scope,C3_action_intent,directly_in_scope,C3_action_intent,both_direct,C3_action_intent,直接询问两人操作鱼钩的目标,对“两人操作鱼钩的直接目标是什么？”，核心要求把可见空间行动与其目标、去向或即时结果绑定，直接考查 C3 行动与意图。
scope-0299,小船通过桥下时桥面从相机上方如何移动？,directly_in_scope,C6_reference_frame,directly_in_scope,C6_reference_frame,both_direct,C6_reference_frame,询问小船通过桥下时桥面相对相机的运动,对“小船通过桥下时桥面从相机上方如何移动？”，核心要求在明确的相机、行动者或对象视角下表示或转换空间方向，直接考查 C6 参照系。；同时还需跟踪相关空间关系或轨迹的时间变化。
scope-0300,狗先沿栈道远离相机还是先转向栏杆？,directly_in_scope,C2_dynamic_spatial,supporting_operation,C2_dynamic_spatial,both_covered_with_support,C2_dynamic_spatial,询问狗沿栈道远离相机与转向栏杆的运动顺序,对“狗先沿栈道远离相机还是先转向栏杆？”，表层只问运动终点、局部动态关系或空间事件顺序；在该具体运动过程中它是 C2 的必要基础操作，但未直接要求建模完整关系变化。
scope-0301,车辆沿弯路行驶时驾驶员何时明显转动方向盘？,supporting_operation,C3_action_intent,supporting_operation,C3_action_intent,both_covered_with_support,C3_action_intent,询问车辆转弯与驾驶员转动方向盘的行动配合时点,对“车辆沿弯路行驶时驾驶员何时明显转动方向盘？”，表层只问动作识别或操作先后；该具体操作围绕空间目标、受体或结果展开，是 C3 的必要基础操作，但未直接询问意图本身。；同时还需跟踪相关空间关系或轨迹的时间变化。
scope-0302,手指接触灯顶后灯光状态是否改变？,directly_in_scope,C5_deformation_state,directly_in_scope,C5_deformation_state,both_direct,C5_deformation_state,询问触碰操作是否导致灯光状态改变,对“手指接触灯顶后灯光状态是否改变？”，核心要求识别开合、弯曲、组装、分离、破坏或状态转变，直接考查 C5 形变与状态变化。；同时还需绑定动作与空间目标或结果。
scope-0303,男子先演示绳结还是先在船上讲解？,outside_scope,NONE,outside_scope,NONE,both_outside_scope,NONE,只比较绳结演示与船上讲解的展示顺序,对“男子先演示绳结还是先在船上讲解？”，核心只是一般事件或镜头展示顺序；题面未表明该顺序是六维高层推理的必要组成，因此判为范围外。
scope-0304,鞋子在其双臂中的相对位置是否保持稳定？,directly_in_scope,C2_dynamic_spatial,directly_in_scope,C2_dynamic_spatial,both_direct,C2_dynamic_spatial,需要跨时间判断鞋子相对双臂的位置是否稳定,对“鞋子在其双臂中的相对位置是否保持稳定？”，核心要求跟踪对象间位置、方向、距离或轨迹随时间的变化，直接考查 C2 动态空间关系。
scope-0305,海鸟靠近船时与相机的距离如何变化？,directly_in_scope,C6_reference_frame,directly_in_scope,C2_dynamic_spatial,both_direct,DISAGREEMENT,询问海鸟靠近船时相对相机的距离变化,对“海鸟靠近船时与相机的距离如何变化？”，核心要求跟踪对象间位置、方向、距离或轨迹随时间的变化，直接考查 C2 动态空间关系。
scope-0306,男子操作轮毂的直接目标是什么？,directly_in_scope,C3_action_intent,directly_in_scope,C3_action_intent,both_direct,C3_action_intent,直接询问男子操作轮毂的目标,对“男子操作轮毂的直接目标是什么？”，核心要求把可见空间行动与其目标、去向或即时结果绑定，直接考查 C3 行动与意图。
scope-0307,镜头是否始终保持包装盒完整可见？,directly_in_scope,C1_occlusion_permanence,directly_in_scope,C1_occlusion_permanence,both_direct,C1_occlusion_permanence,需要跨镜头判断包装盒是否持续完整可见,对“镜头是否始终保持包装盒完整可见？”，核心要求跨遮挡、离开视野或可见性变化持续追踪对象及其再现，直接考查 C1 遮挡与客体持续性。
scope-0308,镜头先展示空海滩还是先展示男子面部？,outside_scope,NONE,outside_scope,NONE,both_outside_scope,NONE,只比较空海滩与人物面部的镜头展示顺序,对“镜头先展示空海滩还是先展示男子面部？”，核心只是一般事件或镜头展示顺序；题面未表明该顺序是六维高层推理的必要组成，因此判为范围外。
scope-0309,浪破碎后冲浪者是否继续保持站立？,supporting_operation,C3_action_intent,directly_in_scope,C5_deformation_state,both_covered_with_support,DISAGREEMENT,追踪浪破碎后冲浪者是否维持站立姿态,对“浪破碎后冲浪者是否继续保持站立？”，核心要求识别开合、弯曲、组装、分离、破坏或状态转变，直接考查 C5 形变与状态变化。
scope-0310,海鸟掠过船侧时朝哪个方向飞行？,directly_in_scope,C2_dynamic_spatial,supporting_operation,C6_reference_frame,both_covered_with_support,DISAGREEMENT,询问海鸟经过船侧时的飞行方向,对“海鸟掠过船侧时朝哪个方向飞行？”，表层只读取固定时刻的方向、朝向或哪一侧，是 C6 的参照表达基础操作，但未要求显式视角转换。
scope-0311,车辆下坡进入停车区后是否改变行驶方向？,directly_in_scope,C2_dynamic_spatial,directly_in_scope,C2_dynamic_spatial,both_direct,C2_dynamic_spatial,询问车辆下坡进入停车区后的行驶方向变化,对“车辆下坡进入停车区后是否改变行驶方向？”，核心要求跟踪对象间位置、方向、距离或轨迹随时间的变化，直接考查 C2 动态空间关系。
scope-0312,绳索穿过固定装置后形状如何变化？,directly_in_scope,C5_deformation_state,directly_in_scope,C5_deformation_state,both_direct,C5_deformation_state,询问绳索穿过装置后的形状变化,对“绳索穿过固定装置后形状如何变化？”，核心要求识别开合、弯曲、组装、分离、破坏或状态转变，直接考查 C5 形变与状态变化。
scope-0313,绳索在操作后是否形成明显线圈？,directly_in_scope,C5_deformation_state,directly_in_scope,C5_deformation_state,both_direct,C5_deformation_state,询问操作后绳索是否形成线圈结构,对“绳索在操作后是否形成明显线圈？”，核心要求识别开合、弯曲、组装、分离、破坏或状态转变，直接考查 C5 形变与状态变化。
scope-0314,波浪朝画面的哪个方向推进？,directly_in_scope,C6_reference_frame,supporting_operation,C6_reference_frame,both_covered_with_support,C6_reference_frame,询问波浪在画面参考系中的推进方向,对“波浪朝画面的哪个方向推进？”，表层只读取固定时刻的方向、朝向或哪一侧，是 C6 的参照表达基础操作，但未要求显式视角转换。
scope-0315,黄衣人在雪坡上先蹲下还是先翻滚？,supporting_operation,C3_action_intent,supporting_operation,C2_dynamic_spatial,both_covered_with_support,DISAGREEMENT,询问下蹲与翻滚两个身体动作的先后关系,对“黄衣人在雪坡上先蹲下还是先翻滚？”，表层只问运动终点、局部动态关系或空间事件顺序；在该具体运动过程中它是 C2 的必要基础操作，但未直接要求建模完整关系变化。
scope-0316,车床加工后木杆表面形状如何变化？,directly_in_scope,C5_deformation_state,directly_in_scope,C5_deformation_state,both_direct,C5_deformation_state,询问加工导致的木杆表面形状变化,对“车床加工后木杆表面形状如何变化？”，核心要求识别开合、弯曲、组装、分离、破坏或状态转变，直接考查 C5 形变与状态变化。
scope-0317,白车经过住宅时从车内视角向哪侧移动？,directly_in_scope,C6_reference_frame,directly_in_scope,C6_reference_frame,both_direct,C6_reference_frame,采用车内视角判断白车经过时的运动方向,对“白车经过住宅时从车内视角向哪侧移动？”，核心要求在明确的相机、行动者或对象视角下表示或转换空间方向，直接考查 C6 参照系。；同时还需跟踪相关空间关系或轨迹的时间变化。
scope-0318,男子转头时由面向相机变为面向哪里？,directly_in_scope,C6_reference_frame,directly_in_scope,C2_dynamic_spatial,both_direct,DISAGREEMENT,询问男子转头后相对相机的朝向变化,对“男子转头时由面向相机变为面向哪里？”，核心要求跟踪对象间位置、方向、距离或轨迹随时间的变化，直接考查 C2 动态空间关系。；同时还需处理相机、行动者或对象参照。
scope-0319,滑雪者接近金属杆后做了什么？,outside_scope,NONE,supporting_operation,C3_action_intent,binary_coverage_contested,DISAGREEMENT,核心是识别滑雪者接近金属杆后的动作而未问空间目标,对“滑雪者接近金属杆后做了什么？”，表层只问动作识别或操作先后；该具体操作围绕空间目标、受体或结果展开，是 C3 的必要基础操作，但未直接询问意图本身。
scope-0320,冲浪者进入浪管后是否再次清晰出现？,directly_in_scope,C1_occlusion_permanence,directly_in_scope,C1_occlusion_permanence,both_direct,C1_occlusion_permanence,需要追踪冲浪者进入浪管后是否重新清晰出现,对“冲浪者进入浪管后是否再次清晰出现？”，核心要求跨遮挡、离开视野或可见性变化持续追踪对象及其再现，直接考查 C1 遮挡与客体持续性。
scope-0321,白色吸音板与黑色音箱如何交替分布？,supporting_operation,C2_dynamic_spatial,outside_scope,NONE,binary_coverage_contested,DISAGREEMENT,询问吸音板与音箱的静态交替分布,对“白色吸音板与黑色音箱如何交替分布？”，核心是一般动作、表情、属性或可见事实识别，未要求六维定义中的高层时空能力。
scope-0322,鱼相对码头边缘的位置如何变化？,directly_in_scope,C2_dynamic_spatial,directly_in_scope,C2_dynamic_spatial,both_direct,C2_dynamic_spatial,询问鱼相对码头边缘的位置变化,对“鱼相对码头边缘的位置如何变化？”，核心要求跟踪对象间位置、方向、距离或轨迹随时间的变化，直接考查 C2 动态空间关系。
scope-0323,女子吃下食物后的面部反应如何变化？,outside_scope,NONE,outside_scope,NONE,both_outside_scope,NONE,核心是进食后的面部反应而非空间能力,对“女子吃下食物后的面部反应如何变化？”，核心是一般动作、表情、属性或可见事实识别，未要求六维定义中的高层时空能力。
scope-0324,前景灌木是否遮挡部分房屋？,supporting_operation,C1_occlusion_permanence,outside_scope,NONE,binary_coverage_contested,DISAGREEMENT,询问灌木与房屋的局部遮挡但不要求跨遮挡追踪,对“前景灌木是否遮挡部分房屋？”，核心是一般动作、表情、属性或可见事实识别，未要求六维定义中的高层时空能力。
scope-0325,飞行器从地面起飞后高度如何变化？,directly_in_scope,C2_dynamic_spatial,directly_in_scope,C2_dynamic_spatial,both_direct,C2_dynamic_spatial,询问飞行器从地面起飞后的高度变化,对“飞行器从地面起飞后高度如何变化？”，核心要求跟踪对象间位置、方向、距离或轨迹随时间的变化，直接考查 C2 动态空间关系。
scope-0326,踏板展开发生在他触碰后门之前还是之后？,supporting_operation,C5_deformation_state,supporting_operation,C3_action_intent,both_covered_with_support,DISAGREEMENT,询问踏板展开与触碰后门两个操作阶段的顺序,对“踏板展开发生在他触碰后门之前还是之后？”，表层只问动作识别或操作先后；该具体操作围绕空间目标、受体或结果展开，是 C3 的必要基础操作，但未直接询问意图本身。；同时还需识别形变、开合或组装状态。
scope-0327,从俯视图看道路绕溪流哪一侧弯曲？,directly_in_scope,C6_reference_frame,directly_in_scope,C6_reference_frame,both_direct,C6_reference_frame,在俯视参考系判断道路相对溪流的弯曲方向,对“从俯视图看道路绕溪流哪一侧弯曲？”，核心要求在明确的相机、行动者或对象视角下表示或转换空间方向，直接考查 C6 参照系。
scope-0328,前进过程中迎面行人与相机距离如何变化？,directly_in_scope,C6_reference_frame,directly_in_scope,C2_dynamic_spatial,both_direct,DISAGREEMENT,询问前进时迎面行人与相机的距离变化,对“前进过程中迎面行人与相机距离如何变化？”，核心要求跟踪对象间位置、方向、距离或轨迹随时间的变化，直接考查 C2 动态空间关系。
scope-0329,男子移动时始终手持什么？,outside_scope,NONE,outside_scope,NONE,both_outside_scope,NONE,只识别男子移动时持续手持的物体,对“男子移动时始终手持什么？”，核心是一般动作、表情、属性或可见事实识别，未要求六维定义中的高层时空能力。
scope-0330,男子先拆开包装还是先取出电池？,supporting_operation,C5_deformation_state,supporting_operation,C5_deformation_state,both_covered_with_support,C5_deformation_state,询问拆包装与取电池两个操作阶段的顺序,对“男子先拆开包装还是先取出电池？”，表层只问加工/组装步骤、成品位置或局部状态，是 C5 的明确基础操作，但未直接要求解释完整状态转变。
scope-0331,车门由关闭到打开属于什么状态变化？,directly_in_scope,C5_deformation_state,directly_in_scope,C5_deformation_state,both_direct,C5_deformation_state,直接询问车门由关闭到打开的状态转变,对“车门由关闭到打开属于什么状态变化？”，核心要求识别开合、弯曲、组装、分离、破坏或状态转变，直接考查 C5 形变与状态变化。
scope-0332,男子拉动绳索的直接目标是什么？,directly_in_scope,C3_action_intent,directly_in_scope,C3_action_intent,both_direct,C3_action_intent,直接询问拉动绳索这一行动的目标,对“男子拉动绳索的直接目标是什么？”，核心要求把可见空间行动与其目标、去向或即时结果绑定，直接考查 C3 行动与意图。
scope-0333,红色越野车相对两侧车辆处于什么位置？,supporting_operation,C2_dynamic_spatial,outside_scope,NONE,binary_coverage_contested,DISAGREEMENT,询问越野车相对两侧车辆的静态位置,对“红色越野车相对两侧车辆处于什么位置？”，只需读取单点静态位置或方位，且没有明确动态过程或视角转换；不能仅因含空间词就归入六维。
scope-0334,道路标线先出现斑马线还是转向箭头？,supporting_operation,C2_dynamic_spatial,supporting_operation,C2_dynamic_spatial,both_covered_with_support,C2_dynamic_spatial,询问行驶路径中两类道路标线的出现顺序,对“道路标线先出现斑马线还是转向箭头？”，表层只问运动终点、局部动态关系或空间事件顺序；在该具体运动过程中它是 C2 的必要基础操作，但未直接要求建模完整关系变化。
scope-0335,男子在走向镜头前手里拿着什么？,outside_scope,NONE,outside_scope,NONE,both_outside_scope,NONE,核心是识别人物手持物体,对“男子在走向镜头前手里拿着什么？”，核心是一般动作、表情、属性或可见事实识别，未要求六维定义中的高层时空能力。
scope-0336,白车最终朝哪个方向驶离？,directly_in_scope,C2_dynamic_spatial,supporting_operation,C6_reference_frame,both_covered_with_support,DISAGREEMENT,询问白车最终驶离的方向,对“白车最终朝哪个方向驶离？”，表层只读取固定时刻的方向、朝向或哪一侧，是 C6 的参照表达基础操作，但未要求显式视角转换。
scope-0337,男子在走廊中先经过照片墙还是无障碍标志？,directly_in_scope,C2_dynamic_spatial,supporting_operation,C2_dynamic_spatial,both_covered_with_support,C2_dynamic_spatial,询问男子沿走廊经过两个空间地标的顺序,对“男子在走廊中先经过照片墙还是无障碍标志？”，表层只问运动终点、局部动态关系或空间事件顺序；在该具体运动过程中它是 C2 的必要基础操作，但未直接要求建模完整关系变化。
scope-0338,加工后的木杆与旁边未加工木杆形状相同吗？,directly_in_scope,C5_deformation_state,directly_in_scope,C5_deformation_state,both_direct,C5_deformation_state,比较加工与未加工木杆的形状状态,对“加工后的木杆与旁边未加工木杆形状相同吗？”，核心要求识别开合、弯曲、组装、分离、破坏或状态转变，直接考查 C5 形变与状态变化。
scope-0339,雨中吊饰摆动方向是否改变？,directly_in_scope,C2_dynamic_spatial,directly_in_scope,C2_dynamic_spatial,both_direct,C2_dynamic_spatial,询问摆动吊饰的运动方向是否改变,对“雨中吊饰摆动方向是否改变？”，核心要求跟踪对象间位置、方向、距离或轨迹随时间的变化，直接考查 C2 动态空间关系。
scope-0340,相机转向自拍时果岭在画面中如何移出？,directly_in_scope,C6_reference_frame,directly_in_scope,C6_reference_frame,both_direct,C6_reference_frame,询问相机转向自拍时果岭从画面移出的方向,对“相机转向自拍时果岭在画面中如何移出？”，核心要求在明确的相机、行动者或对象视角下表示或转换空间方向，直接考查 C6 参照系。；同时还需跟踪相关空间关系或轨迹的时间变化。
scope-0341,车辆相对帐篷如何移动？,directly_in_scope,C2_dynamic_spatial,directly_in_scope,C2_dynamic_spatial,both_direct,C2_dynamic_spatial,询问车辆相对帐篷的运动关系,对“车辆相对帐篷如何移动？”，核心要求跟踪对象间位置、方向、距离或轨迹随时间的变化，直接考查 C2 动态空间关系。
scope-0342,前景树木是否短暂遮挡住宅？,directly_in_scope,C1_occlusion_permanence,directly_in_scope,C1_occlusion_permanence,both_direct,C1_occlusion_permanence,需要追踪住宅被前景树木短暂遮挡的状态,对“前景树木是否短暂遮挡住宅？”，核心要求跨遮挡、离开视野或可见性变化持续追踪对象及其再现，直接考查 C1 遮挡与客体持续性。
scope-0343,金属条先插入机器还是先被弯曲？,directly_in_scope,C5_deformation_state,supporting_operation,C5_deformation_state,both_covered_with_support,C5_deformation_state,询问金属条由插入机器到被弯曲的加工顺序,对“金属条先插入机器还是先被弯曲？”，表层只问加工/组装步骤、成品位置或局部状态，是 C5 的明确基础操作，但未直接要求解释完整状态转变。
scope-0344,受访者抬手指向什么方向？,directly_in_scope,C3_action_intent,supporting_operation,C6_reference_frame,both_covered_with_support,DISAGREEMENT,询问受访者抬手指向的空间方向,对“受访者抬手指向什么方向？”，表层只读取固定时刻的方向、朝向或哪一侧，是 C6 的参照表达基础操作，但未要求显式视角转换。
scope-0345,驳船位于河对岸建筑前方吗？,supporting_operation,C2_dynamic_spatial,outside_scope,NONE,binary_coverage_contested,DISAGREEMENT,询问驳船与对岸建筑的静态前后关系,对“驳船位于河对岸建筑前方吗？”，只需读取单点静态位置或方位，且没有明确动态过程或视角转换；不能仅因含空间词就归入六维。
scope-0346,男子最终朝哪个出口方向转身？,directly_in_scope,C3_action_intent,supporting_operation,C6_reference_frame,both_covered_with_support,DISAGREEMENT,询问男子转身所选择的出口方向,对“男子最终朝哪个出口方向转身？”，表层只读取固定时刻的方向、朝向或哪一侧，是 C6 的参照表达基础操作，但未要求显式视角转换。
scope-0347,男子的手主要指向方向盘左侧的哪些控制区域？,directly_in_scope,C3_action_intent,directly_in_scope,C3_action_intent,both_direct,C3_action_intent,询问讲解手势指向的驾驶控制区域,对“男子的手主要指向方向盘左侧的哪些控制区域？”，核心要求把可见空间行动与其目标、去向或即时结果绑定，直接考查 C3 行动与意图。
scope-0348,雨势是否使远岸逐渐更难看清？,supporting_operation,C1_occlusion_permanence,supporting_operation,C1_occlusion_permanence,both_covered_with_support,C1_occlusion_permanence,询问降雨造成的远岸可见性降低但不涉及实体持续追踪,对“雨势是否使远岸逐渐更难看清？”，表层只判断进入/离开视野、遮挡时点或持续可见性；在该具体语境中它是 C1 的明确追踪操作，但未直接询问隐藏后的持续存在。
scope-0349,男子打开旧车车门是在走近车辆之前还是之后？,supporting_operation,C3_action_intent,outside_scope,NONE,binary_coverage_contested,DISAGREEMENT,询问走近车辆与开门两个行动阶段的顺序,对“男子打开旧车车门是在走近车辆之前还是之后？”，核心只是一般事件或镜头展示顺序；题面未表明该顺序是六维高层推理的必要组成，因此判为范围外。
scope-0350,男子反复转动渔轮的直接目标是什么？,directly_in_scope,C3_action_intent,directly_in_scope,C3_action_intent,both_direct,C3_action_intent,直接询问反复转动渔轮的目标,对“男子反复转动渔轮的直接目标是什么？”，核心要求把可见空间行动与其目标、去向或即时结果绑定，直接考查 C3 行动与意图。
scope-0351,镜头先经过水果店还是服装店？,directly_in_scope,C2_dynamic_spatial,supporting_operation,C2_dynamic_spatial,both_covered_with_support,C2_dynamic_spatial,询问镜头沿商店街移动时经过两个地点的顺序,对“镜头先经过水果店还是服装店？”，表层只问运动终点、局部动态关系或空间事件顺序；在该具体运动过程中它是 C2 的必要基础操作，但未直接要求建模完整关系变化。
scope-0352,直升机相对地面的高度如何变化？,directly_in_scope,C2_dynamic_spatial,directly_in_scope,C2_dynamic_spatial,both_direct,C2_dynamic_spatial,询问直升机相对地面的高度变化,对“直升机相对地面的高度如何变化？”，核心要求跟踪对象间位置、方向、距离或轨迹随时间的变化，直接考查 C2 动态空间关系。
scope-0353,灰色越野车的备胎位于车身什么位置？,supporting_operation,C5_deformation_state,outside_scope,NONE,binary_coverage_contested,DISAGREEMENT,询问备胎在越野车结构中的安装位置,对“灰色越野车的备胎位于车身什么位置？”，只需读取单点静态位置或方位，且没有明确动态过程或视角转换；不能仅因含空间词就归入六维。
scope-0354,球员先击球还是另一人走近洞口？,supporting_operation,C3_action_intent,supporting_operation,C3_action_intent,both_covered_with_support,C3_action_intent,询问击球与他人走近洞口的行动顺序,对“球员先击球还是另一人走近洞口？”，表层只问动作识别或操作先后；该具体操作围绕空间目标、受体或结果展开，是 C3 的必要基础操作，但未直接询问意图本身。
scope-0355,游泳者朝相机靠近时距离如何变化？,directly_in_scope,C6_reference_frame,directly_in_scope,C2_dynamic_spatial,both_direct,DISAGREEMENT,询问游泳者靠近相机时距离的变化,对“游泳者朝相机靠近时距离如何变化？”，核心要求跟踪对象间位置、方向、距离或轨迹随时间的变化，直接考查 C2 动态空间关系。
scope-0356,道路相对两侧牧场的位置是否保持居中？,directly_in_scope,C2_dynamic_spatial,directly_in_scope,C2_dynamic_spatial,both_direct,C2_dynamic_spatial,需要跨行驶过程判断道路相对牧场是否保持居中,对“道路相对两侧牧场的位置是否保持居中？”，核心要求跟踪对象间位置、方向、距离或轨迹随时间的变化，直接考查 C2 动态空间关系。
scope-0357,敞篷车顶在行驶过程中如何改变状态？,directly_in_scope,C5_deformation_state,directly_in_scope,C5_deformation_state,both_direct,C5_deformation_state,询问敞篷车顶在行驶中的开合状态变化,对“敞篷车顶在行驶过程中如何改变状态？”，核心要求识别开合、弯曲、组装、分离、破坏或状态转变，直接考查 C5 形变与状态变化。
scope-0358,骑手靠近镜头时马位于围栏哪一侧？,directly_in_scope,C6_reference_frame,supporting_operation,C2_dynamic_spatial,both_covered_with_support,DISAGREEMENT,以骑手和围栏为参考判断马的侧向位置,对“骑手靠近镜头时马位于围栏哪一侧？”，表层只问运动终点、局部动态关系或空间事件顺序；在该具体运动过程中它是 C2 的必要基础操作，但未直接要求建模完整关系变化。
scope-0359,火箭在发射架上是否逐渐抬升到倾斜位置？,directly_in_scope,C5_deformation_state,directly_in_scope,C2_dynamic_spatial,both_direct,DISAGREEMENT,询问火箭在发射架上由低位逐渐抬升倾斜的状态变化,对“火箭在发射架上是否逐渐抬升到倾斜位置？”，核心要求跟踪对象间位置、方向、距离或轨迹随时间的变化，直接考查 C2 动态空间关系。；同时还需处理相机、行动者或对象参照。
scope-0360,车列与马匹围场分别位于画面的哪一侧？,directly_in_scope,C6_reference_frame,supporting_operation,C6_reference_frame,both_covered_with_support,C6_reference_frame,询问车列与围场在画面参考系中的分侧位置,对“车列与马匹围场分别位于画面的哪一侧？”，表层只读取固定时刻的方向、朝向或哪一侧，是 C6 的参照表达基础操作，但未要求显式视角转换。
scope-0361,皮划艇上的人最终把鱼移到艇内还是水外？,directly_in_scope,C3_action_intent,directly_in_scope,C3_action_intent,both_direct,C3_action_intent,询问皮划艇人员移动鱼的空间目标位置,对“皮划艇上的人最终把鱼移到艇内还是水外？”，核心要求把可见空间行动与其目标、去向或即时结果绑定，直接考查 C3 行动与意图。；同时还需跟踪相关空间关系或轨迹的时间变化。
scope-0362,餐盘中洋葱位于薯条的哪一侧？,supporting_operation,C2_dynamic_spatial,outside_scope,NONE,binary_coverage_contested,DISAGREEMENT,询问餐盘内两类食物的静态侧向关系,对“餐盘中洋葱位于薯条的哪一侧？”，只需读取单点静态位置或方位，且没有明确动态过程或视角转换；不能仅因含空间词就归入六维。
scope-0363,男子沿走廊行进时是否改变朝向？,directly_in_scope,C2_dynamic_spatial,directly_in_scope,C2_dynamic_spatial,both_direct,C2_dynamic_spatial,询问男子沿走廊行进时朝向是否变化,对“男子沿走廊行进时是否改变朝向？”，核心要求跟踪对象间位置、方向、距离或轨迹随时间的变化，直接考查 C2 动态空间关系。；同时还需处理相机、行动者或对象参照。
scope-0364,操作者按键的直接目标是什么？,directly_in_scope,C3_action_intent,directly_in_scope,C3_action_intent,both_direct,C3_action_intent,直接询问操作者按键的目标,对“操作者按键的直接目标是什么？”，核心要求把可见空间行动与其目标、去向或即时结果绑定，直接考查 C3 行动与意图。
scope-0365,道路从驾驶者视角向哪侧弯曲？,directly_in_scope,C6_reference_frame,directly_in_scope,C6_reference_frame,both_direct,C6_reference_frame,明确从驾驶者视角判断道路弯曲方向,对“道路从驾驶者视角向哪侧弯曲？”，核心要求在明确的相机、行动者或对象视角下表示或转换空间方向，直接考查 C6 参照系。
scope-0366,出口匝道位于主车道的哪一侧？,supporting_operation,C2_dynamic_spatial,outside_scope,NONE,binary_coverage_contested,DISAGREEMENT,询问出口匝道与主车道的静态侧向关系,对“出口匝道位于主车道的哪一侧？”，只需读取单点静态位置或方位，且没有明确动态过程或视角转换；不能仅因含空间词就归入六维。
scope-0367,汽车先接近装卸区还是先从远处横向驶过？,directly_in_scope,C2_dynamic_spatial,directly_in_scope,C2_dynamic_spatial,both_direct,C2_dynamic_spatial,询问汽车沿路径接近装卸区与横向驶过的顺序,对“汽车先接近装卸区还是先从远处横向驶过？”，核心要求跟踪对象间位置、方向、距离或轨迹随时间的变化，直接考查 C2 动态空间关系。
scope-0368,火箭尖端相对地面的高度如何变化？,directly_in_scope,C2_dynamic_spatial,directly_in_scope,C2_dynamic_spatial,both_direct,C2_dynamic_spatial,询问火箭尖端相对地面的高度变化,对“火箭尖端相对地面的高度如何变化？”，核心要求跟踪对象间位置、方向、距离或轨迹随时间的变化，直接考查 C2 动态空间关系。
scope-0369,吊饰位于远处岛屿的哪一侧？,supporting_operation,C2_dynamic_spatial,supporting_operation,C6_reference_frame,both_covered_with_support,DISAGREEMENT,询问吊饰与远处岛屿的静态侧向关系,对“吊饰位于远处岛屿的哪一侧？”，表层只读取固定时刻的方向、朝向或哪一侧，是 C6 的参照表达基础操作，但未要求显式视角转换。
scope-0370,车辆驶出坡道后向哪一侧转向？,directly_in_scope,C2_dynamic_spatial,supporting_operation,C6_reference_frame,both_covered_with_support,DISAGREEMENT,询问车辆驶出坡道后的转向方向,对“车辆驶出坡道后向哪一侧转向？”，表层只读取固定时刻的方向、朝向或哪一侧，是 C6 的参照表达基础操作，但未要求显式视角转换。
scope-0371,小船相对防波堤如何移动？,directly_in_scope,C2_dynamic_spatial,directly_in_scope,C2_dynamic_spatial,both_direct,C2_dynamic_spatial,询问小船相对防波堤的运动关系,对“小船相对防波堤如何移动？”，核心要求跟踪对象间位置、方向、距离或轨迹随时间的变化，直接考查 C2 动态空间关系。
scope-0372,他先停止行走还是先举起双手？,supporting_operation,C3_action_intent,outside_scope,NONE,binary_coverage_contested,DISAGREEMENT,询问停止行走与举手两个动作的顺序,对“他先停止行走还是先举起双手？”，核心只是一般事件或镜头展示顺序；题面未表明该顺序是六维高层推理的必要组成，因此判为范围外。
scope-0373,守门员扑救的直接空间目标是哪一侧来球？,directly_in_scope,C3_action_intent,directly_in_scope,C3_action_intent,both_direct,C3_action_intent,直接询问守门员扑救行动的空间目标侧,对“守门员扑救的直接空间目标是哪一侧来球？”，核心要求把可见空间行动与其目标、去向或即时结果绑定，直接考查 C3 行动与意图。；同时还需处理相机、行动者或对象参照。
scope-0374,启动动画先出现在左侧仪表还是中控屏？,directly_in_scope,C5_deformation_state,directly_in_scope,C5_deformation_state,both_direct,C5_deformation_state,询问两个显示区域启动点亮的状态顺序,对“启动动画先出现在左侧仪表还是中控屏？”，核心要求识别开合、弯曲、组装、分离、破坏或状态转变，直接考查 C5 形变与状态变化。
scope-0375,鱼竿弯曲程度在片段中如何变化？,directly_in_scope,C5_deformation_state,directly_in_scope,C5_deformation_state,both_direct,C5_deformation_state,询问鱼竿弯曲程度在片段中的变化,对“鱼竿弯曲程度在片段中如何变化？”，核心要求识别开合、弯曲、组装、分离、破坏或状态转变，直接考查 C5 形变与状态变化。
scope-0376,鱼是否曾在水面附近出现？,directly_in_scope,C2_dynamic_spatial,supporting_operation,C2_dynamic_spatial,both_covered_with_support,C2_dynamic_spatial,询问鱼是否到达水面附近这一空间状态,对“鱼是否曾在水面附近出现？”，表层只问运动终点、局部动态关系或空间事件顺序；在该具体运动过程中它是 C2 的必要基础操作，但未直接要求建模完整关系变化。
scope-0377,从画面参照系看，岸线相对相机向哪一侧移动？,directly_in_scope,C6_reference_frame,directly_in_scope,C6_reference_frame,both_direct,C6_reference_frame,明确以画面为参照判断岸线相对相机的运动,对“从画面参照系看，岸线相对相机向哪一侧移动？”，核心要求在明确的相机、行动者或对象视角下表示或转换空间方向，直接考查 C6 参照系。；同时还需跟踪相关空间关系或轨迹的时间变化。
scope-0378,按下启动按钮后仪表盘显示如何变化？,directly_in_scope,C5_deformation_state,directly_in_scope,C5_deformation_state,both_direct,C5_deformation_state,询问启动按钮操作后的仪表显示状态变化,对“按下启动按钮后仪表盘显示如何变化？”，核心要求识别开合、弯曲、组装、分离、破坏或状态转变，直接考查 C5 形变与状态变化。
scope-0379,窗外白车相对观察者向哪侧移动？,directly_in_scope,C6_reference_frame,directly_in_scope,C6_reference_frame,both_direct,C6_reference_frame,以观察者为参考判断窗外白车的运动方向,对“窗外白车相对观察者向哪侧移动？”，核心要求在明确的相机、行动者或对象视角下表示或转换空间方向，直接考查 C6 参照系。；同时还需跟踪相关空间关系或轨迹的时间变化。
scope-0380,男子先指向门把手还是车牌上方？,supporting_operation,C3_action_intent,outside_scope,NONE,binary_coverage_contested,DISAGREEMENT,询问男子依次指向两个车尾区域的动作顺序,对“男子先指向门把手还是车牌上方？”，核心只是一般事件或镜头展示顺序；题面未表明该顺序是六维高层推理的必要组成，因此判为范围外。
scope-0381,蓝车相对车道边线如何移动？,directly_in_scope,C2_dynamic_spatial,directly_in_scope,C2_dynamic_spatial,both_direct,C2_dynamic_spatial,询问蓝车相对车道边线的运动,对“蓝车相对车道边线如何移动？”，核心要求跟踪对象间位置、方向、距离或轨迹随时间的变化，直接考查 C2 动态空间关系。
scope-0382,华盛顿纪念碑相对人群位于哪个方向？,supporting_operation,C2_dynamic_spatial,outside_scope,NONE,binary_coverage_contested,DISAGREEMENT,询问纪念碑与人群的静态方向关系,对“华盛顿纪念碑相对人群位于哪个方向？”，只需读取单点静态位置或方位，且没有明确动态过程或视角转换；不能仅因含空间词就归入六维。
scope-0383,冲浪板与人分离后朝向如何变化？,directly_in_scope,C2_dynamic_spatial,directly_in_scope,C5_deformation_state,both_direct,DISAGREEMENT,询问冲浪板与人分离后朝向的变化,对“冲浪板与人分离后朝向如何变化？”，核心要求识别开合、弯曲、组装、分离、破坏或状态转变，直接考查 C5 形变与状态变化。；同时还需跟踪相关空间关系或轨迹的时间变化；同时还需处理相机、行动者或对象参照。
scope-0384,薰衣草行列相对远山朝哪个方向延伸？,supporting_operation,C2_dynamic_spatial,outside_scope,NONE,binary_coverage_contested,DISAGREEMENT,询问薰衣草行列相对远山的静态延伸方向,对“薰衣草行列相对远山朝哪个方向延伸？”，只需读取单点静态位置或方位，且没有明确动态过程或视角转换；不能仅因含空间词就归入六维。
scope-0385,水鸟群相对岸边如何移动？,directly_in_scope,C2_dynamic_spatial,directly_in_scope,C2_dynamic_spatial,both_direct,C2_dynamic_spatial,询问水鸟群相对岸边的运动,对“水鸟群相对岸边如何移动？”，核心要求跟踪对象间位置、方向、距离或轨迹随时间的变化，直接考查 C2 动态空间关系。
scope-0386,镜头平移时输电塔何时进入画面中央？,directly_in_scope,C6_reference_frame,directly_in_scope,C2_dynamic_spatial,both_direct,DISAGREEMENT,询问镜头平移时输电塔进入画面中央的时点,对“镜头平移时输电塔何时进入画面中央？”，核心要求跟踪对象间位置、方向、距离或轨迹随时间的变化，直接考查 C2 动态空间关系。；同时还需处理相机、行动者或对象参照。
scope-0387,迎面行人是否在经过相机后离开视野？,directly_in_scope,C1_occlusion_permanence,directly_in_scope,C1_occlusion_permanence,both_direct,C1_occlusion_permanence,需要追踪迎面行人经过相机后是否离开视野,对“迎面行人是否在经过相机后离开视野？”，核心要求跨遮挡、离开视野或可见性变化持续追踪对象及其再现，直接考查 C1 遮挡与客体持续性。
scope-0388,最亮的阳光反射位于浪峰前方还是后方？,supporting_operation,C2_dynamic_spatial,outside_scope,NONE,binary_coverage_contested,DISAGREEMENT,询问阳光反射与浪峰的静态前后关系,对“最亮的阳光反射位于浪峰前方还是后方？”，只需读取单点静态位置或方位，且没有明确动态过程或视角转换；不能仅因含空间词就归入六维。
scope-0389,冲浪者消失在浪后发生在最后一次转向之前还是之后？,directly_in_scope,C1_occlusion_permanence,directly_in_scope,C1_occlusion_permanence,both_direct,C1_occlusion_permanence,询问冲浪者消失在浪后与转向的时间关系,对“冲浪者消失在浪后发生在最后一次转向之前还是之后？”，核心要求跨遮挡、离开视野或可见性变化持续追踪对象及其再现，直接考查 C1 遮挡与客体持续性。；同时还需跟踪相关空间关系或轨迹的时间变化。
scope-0390,赛马群中领先位置是否发生变化？,directly_in_scope,C2_dynamic_spatial,directly_in_scope,C2_dynamic_spatial,both_direct,C2_dynamic_spatial,询问赛马群中领先前后关系是否变化,对“赛马群中领先位置是否发生变化？”，核心要求跟踪对象间位置、方向、距离或轨迹随时间的变化，直接考查 C2 动态空间关系。
scope-0391,单板滑雪者的腾空动作发生在最后一次大幅转向之前还是之后？,directly_in_scope,C2_dynamic_spatial,supporting_operation,C2_dynamic_spatial,both_covered_with_support,C2_dynamic_spatial,询问滑雪者腾空与大幅转向两个空间动作的关系,对“单板滑雪者的腾空动作发生在最后一次大幅转向之前还是之后？”，表层只问运动终点、局部动态关系或空间事件顺序；在该具体运动过程中它是 C2 的必要基础操作，但未直接要求建模完整关系变化。
scope-0392,盒面圆形图案相对产品名称位于哪里？,supporting_operation,C2_dynamic_spatial,outside_scope,NONE,binary_coverage_contested,DISAGREEMENT,询问盒面图案与产品名称的静态相对位置,对“盒面圆形图案相对产品名称位于哪里？”，只需读取单点静态位置或方位，且没有明确动态过程或视角转换；不能仅因含空间词就归入六维。
scope-0393,最终结位于原有大环的上方还是下方？,directly_in_scope,C5_deformation_state,supporting_operation,C5_deformation_state,both_covered_with_support,C5_deformation_state,询问打结后最终结与原有大环的结构关系,对“最终结位于原有大环的上方还是下方？”，表层只问加工/组装步骤、成品位置或局部状态，是 C5 的明确基础操作，但未直接要求解释完整状态转变。；同时还需跟踪相关空间关系或轨迹的时间变化。
scope-0394,画面右上方持续可见的物体是什么？,outside_scope,NONE,outside_scope,NONE,both_outside_scope,NONE,核心是识别画面固定区域持续可见的物体,对“画面右上方持续可见的物体是什么？”，只需读取单点静态位置或方位，且没有明确动态过程或视角转换；不能仅因含空间词就归入六维。
scope-0395,摩托车经过斑马线后是否改变车道？,directly_in_scope,C2_dynamic_spatial,directly_in_scope,C2_dynamic_spatial,both_direct,C2_dynamic_spatial,询问摩托车经过斑马线后是否改变车道,对“摩托车经过斑马线后是否改变车道？”，核心要求跟踪对象间位置、方向、距离或轨迹随时间的变化，直接考查 C2 动态空间关系。
scope-0396,讲解手势的直接目标是展示哪个车尾部件？,directly_in_scope,C3_action_intent,directly_in_scope,C3_action_intent,both_direct,C3_action_intent,直接询问讲解手势要展示的车尾部件,对“讲解手势的直接目标是展示哪个车尾部件？”，核心要求把可见空间行动与其目标、去向或即时结果绑定，直接考查 C3 行动与意图。
scope-0397,镜头扫过房间时三脚架位于沙发前还是后？,supporting_operation,C2_dynamic_spatial,outside_scope,NONE,binary_coverage_contested,DISAGREEMENT,询问三脚架与沙发的静态前后关系,对“镜头扫过房间时三脚架位于沙发前还是后？”，只需读取单点静态位置或方位，且没有明确动态过程或视角转换；不能仅因含空间词就归入六维。
scope-0398,伸手动作发生在游到近处之前还是之后？,supporting_operation,C3_action_intent,supporting_operation,C3_action_intent,both_covered_with_support,C3_action_intent,询问伸手与游近两个游泳行动阶段的顺序,对“伸手动作发生在游到近处之前还是之后？”，表层只问动作识别或操作先后；该具体操作围绕空间目标、受体或结果展开，是 C3 的必要基础操作，但未直接询问意图本身。
scope-0399,车辆到达人群前是否改变车头朝向？,directly_in_scope,C2_dynamic_spatial,directly_in_scope,C2_dynamic_spatial,both_direct,C2_dynamic_spatial,询问车辆到达人群前车头朝向是否变化,对“车辆到达人群前是否改变车头朝向？”，核心要求跟踪对象间位置、方向、距离或轨迹随时间的变化，直接考查 C2 动态空间关系。；同时还需处理相机、行动者或对象参照。
scope-0400,转弯发生在经过红色房屋之前还是之后？,directly_in_scope,C2_dynamic_spatial,supporting_operation,C2_dynamic_spatial,both_covered_with_support,C2_dynamic_spatial,询问车辆转弯与经过空间地标的路径顺序,对“转弯发生在经过红色房屋之前还是之后？”，表层只问运动终点、局部动态关系或空间事件顺序；在该具体运动过程中它是 C2 的必要基础操作，但未直接要求建模完整关系变化。
scope-0401,骑手们沿赛道朝哪个方向驶离？,directly_in_scope,C2_dynamic_spatial,supporting_operation,C6_reference_frame,both_covered_with_support,DISAGREEMENT,询问骑手沿赛道驶离的运动方向,对“骑手们沿赛道朝哪个方向驶离？”，表层只读取固定时刻的方向、朝向或哪一侧，是 C6 的参照表达基础操作，但未要求显式视角转换。
scope-0402,出口匝道相对主路位于驾驶者哪一侧？,directly_in_scope,C6_reference_frame,directly_in_scope,C6_reference_frame,both_direct,C6_reference_frame,明确以驾驶者为参考判断出口匝道方位,对“出口匝道相对主路位于驾驶者哪一侧？”，核心要求在明确的相机、行动者或对象视角下表示或转换空间方向，直接考查 C6 参照系。
scope-0403,冲浪者与岩石之间的距离如何变化？,directly_in_scope,C2_dynamic_spatial,directly_in_scope,C2_dynamic_spatial,both_direct,C2_dynamic_spatial,询问冲浪者与岩石之间距离的变化,对“冲浪者与岩石之间的距离如何变化？”，核心要求跟踪对象间位置、方向、距离或轨迹随时间的变化，直接考查 C2 动态空间关系。
scope-0404,遥控直升机是先升空还是先从灌木后出现？,directly_in_scope,C1_occlusion_permanence,supporting_operation,C1_occlusion_permanence,both_covered_with_support,C1_occlusion_permanence,需要追踪直升机从灌木遮挡后出现与升空的关系,对“遥控直升机是先升空还是先从灌木后出现？”，表层只判断进入/离开视野、遮挡时点或持续可见性；在该具体语境中它是 C1 的明确追踪操作，但未直接询问隐藏后的持续存在。；同时还需跟踪相关空间关系或轨迹的时间变化。
scope-0405,冲浪者在小浪上是否完成多次转向？,directly_in_scope,C2_dynamic_spatial,supporting_operation,C2_dynamic_spatial,both_covered_with_support,C2_dynamic_spatial,需要跨片段追踪冲浪者的多次转向,对“冲浪者在小浪上是否完成多次转向？”，表层只问运动终点、局部动态关系或空间事件顺序；在该具体运动过程中它是 C2 的必要基础操作，但未直接要求建模完整关系变化。
scope-0406,开箱后鼠标配件按什么顺序被取出？,directly_in_scope,C5_deformation_state,supporting_operation,C5_deformation_state,both_covered_with_support,C5_deformation_state,询问开箱状态变化后配件被依次取出的操作过程,对“开箱后鼠标配件按什么顺序被取出？”，表层只问加工/组装步骤、成品位置或局部状态，是 C5 的明确基础操作，但未直接要求解释完整状态转变。
scope-0407,红色招牌商店位于通道哪一侧？,supporting_operation,C2_dynamic_spatial,outside_scope,NONE,binary_coverage_contested,DISAGREEMENT,询问商店相对通道的静态侧向位置,对“红色招牌商店位于通道哪一侧？”，只需读取单点静态位置或方位，且没有明确动态过程或视角转换；不能仅因含空间词就归入六维。
scope-0408,车身部件是否呈现未完成或拆卸状态？,directly_in_scope,C5_deformation_state,directly_in_scope,C5_deformation_state,both_direct,C5_deformation_state,询问车身部件的拆卸或未完成结构状态,对“车身部件是否呈现未完成或拆卸状态？”，核心要求识别开合、弯曲、组装、分离、破坏或状态转变，直接考查 C5 形变与状态变化。
scope-0409,鱼从水中到手中的顺序是什么？,directly_in_scope,C2_dynamic_spatial,supporting_operation,C2_dynamic_spatial,both_covered_with_support,C2_dynamic_spatial,询问鱼由水中转移到手中的空间过程,对“鱼从水中到手中的顺序是什么？”，表层只问运动终点、局部动态关系或空间事件顺序；在该具体运动过程中它是 C2 的必要基础操作，但未直接要求建模完整关系变化。
scope-0410,冲浪者与岩石的距离如何变化？,directly_in_scope,C2_dynamic_spatial,directly_in_scope,C2_dynamic_spatial,both_direct,C2_dynamic_spatial,询问冲浪者与岩石之间距离的变化,对“冲浪者与岩石的距离如何变化？”，核心要求跟踪对象间位置、方向、距离或轨迹随时间的变化，直接考查 C2 动态空间关系。
scope-0411,男子捆扎后木杆之间的相对状态如何变化？,directly_in_scope,C5_deformation_state,directly_in_scope,C5_deformation_state,both_direct,C5_deformation_state,询问捆扎操作导致木杆结构关系的变化,对“男子捆扎后木杆之间的相对状态如何变化？”，核心要求识别开合、弯曲、组装、分离、破坏或状态转变，直接考查 C5 形变与状态变化。
scope-0412,驾驶员转动方向盘时车辆行进方向如何变化？,directly_in_scope,C3_action_intent,directly_in_scope,C3_action_intent,both_direct,C3_action_intent,询问转动方向盘操作与车辆方向变化的作用关系,对“驾驶员转动方向盘时车辆行进方向如何变化？”，核心要求把可见空间行动与其目标、去向或即时结果绑定，直接考查 C3 行动与意图。；同时还需跟踪相关空间关系或轨迹的时间变化。
scope-0413,男子移动盖板后船内空间状态是否改变？,directly_in_scope,C5_deformation_state,directly_in_scope,C5_deformation_state,both_direct,C5_deformation_state,询问移动盖板是否改变船内空间状态,对“男子移动盖板后船内空间状态是否改变？”，核心要求识别开合、弯曲、组装、分离、破坏或状态转变，直接考查 C5 形变与状态变化。；同时还需绑定动作与空间目标或结果。
scope-0414,冲浪板在摔倒后呈什么朝向？,directly_in_scope,C2_dynamic_spatial,supporting_operation,C6_reference_frame,both_covered_with_support,DISAGREEMENT,询问冲浪板在摔倒后的朝向终态,对“冲浪板在摔倒后呈什么朝向？”，表层只读取固定时刻的方向、朝向或哪一侧，是 C6 的参照表达基础操作，但未要求显式视角转换。
scope-0415,小鱼先被女子握住还是先交给另一双手？,supporting_operation,C3_action_intent,supporting_operation,C3_action_intent,both_covered_with_support,C3_action_intent,询问握鱼与把鱼交给他人的动作顺序,对“小鱼先被女子握住还是先交给另一双手？”，表层只问动作识别或操作先后；该具体操作围绕空间目标、受体或结果展开，是 C3 的必要基础操作，但未直接询问意图本身。
scope-0416,高尔夫球最终停在洞口的哪一侧？,supporting_operation,C2_dynamic_spatial,supporting_operation,C2_dynamic_spatial,both_covered_with_support,C2_dynamic_spatial,询问高尔夫球相对洞口的静态终点,对“高尔夫球最终停在洞口的哪一侧？”，表层只问运动终点、局部动态关系或空间事件顺序；在该具体运动过程中它是 C2 的必要基础操作，但未直接要求建模完整关系变化。
scope-0417,绿色上衣男子主要朝向同伴还是汽车？,supporting_operation,C3_action_intent,supporting_operation,C6_reference_frame,both_covered_with_support,DISAGREEMENT,识别男子面向同伴或汽车的行动朝向,对“绿色上衣男子主要朝向同伴还是汽车？”，表层只读取固定时刻的方向、朝向或哪一侧，是 C6 的参照表达基础操作，但未要求显式视角转换。
scope-0418,鱼进入抄网后是否再次离开？,directly_in_scope,C2_dynamic_spatial,directly_in_scope,C2_dynamic_spatial,both_direct,C2_dynamic_spatial,询问鱼进入抄网后是否再次改变内外关系,对“鱼进入抄网后是否再次离开？”，核心要求跟踪对象间位置、方向、距离或轨迹随时间的变化，直接考查 C2 动态空间关系。
scope-0419,他先抬头还是先戴上蓝色手套？,outside_scope,NONE,outside_scope,NONE,both_outside_scope,NONE,只比较抬头与戴手套两个一般动作的顺序,对“他先抬头还是先戴上蓝色手套？”，核心只是一般事件或镜头展示顺序；题面未表明该顺序是六维高层推理的必要组成，因此判为范围外。
scope-0420,钳子夹住墙内零件后零件是否被取出？,directly_in_scope,C5_deformation_state,directly_in_scope,C5_deformation_state,both_direct,C5_deformation_state,询问夹取操作后墙内零件是否被取出,对“钳子夹住墙内零件后零件是否被取出？”，核心要求识别开合、弯曲、组装、分离、破坏或状态转变，直接考查 C5 形变与状态变化。；同时还需绑定动作与空间目标或结果。
scope-0421,车辆先接近低墙还是先转向返回坡道？,directly_in_scope,C2_dynamic_spatial,supporting_operation,C2_dynamic_spatial,both_covered_with_support,C2_dynamic_spatial,询问车辆沿路径接近低墙与转向返回的顺序,对“车辆先接近低墙还是先转向返回坡道？”，表层只问运动终点、局部动态关系或空间事件顺序；在该具体运动过程中它是 C2 的必要基础操作，但未直接要求建模完整关系变化。
scope-0422,狗跑远时是否短暂离开清晰可见范围？,directly_in_scope,C1_occlusion_permanence,directly_in_scope,C1_occlusion_permanence,both_direct,C1_occlusion_permanence,需要追踪狗跑远时是否短暂失去清晰可见性,对“狗跑远时是否短暂离开清晰可见范围？”，核心要求跨遮挡、离开视野或可见性变化持续追踪对象及其再现，直接考查 C1 遮挡与客体持续性。
scope-0423,滑雪者是否完整滑过栏杆后落回雪面？,directly_in_scope,C2_dynamic_spatial,supporting_operation,C2_dynamic_spatial,both_covered_with_support,C2_dynamic_spatial,询问滑雪者越过栏杆并落回雪面的完整运动过程,对“滑雪者是否完整滑过栏杆后落回雪面？”，表层只问运动终点、局部动态关系或空间事件顺序；在该具体运动过程中它是 C2 的必要基础操作，但未直接要求建模完整关系变化。
scope-0424,男子手中的橙色绳索是否逐渐展开？,directly_in_scope,C5_deformation_state,directly_in_scope,C5_deformation_state,both_direct,C5_deformation_state,询问橙色绳索是否由收拢状态逐渐展开,对“男子手中的橙色绳索是否逐渐展开？”，核心要求识别开合、弯曲、组装、分离、破坏或状态转变，直接考查 C5 形变与状态变化。
scope-0425,男子先调整车架还是先转动后轮？,supporting_operation,C5_deformation_state,supporting_operation,C3_action_intent,both_covered_with_support,DISAGREEMENT,询问调整车架与转动后轮的操作顺序,对“男子先调整车架还是先转动后轮？”，表层只问动作识别或操作先后；该具体操作围绕空间目标、受体或结果展开，是 C3 的必要基础操作，但未直接询问意图本身。
scope-0426,镜头校色切换发生在无人机出现之前还是之后？,outside_scope,NONE,outside_scope,NONE,both_outside_scope,NONE,核心是镜头校色切换与无人机出现的编辑顺序,对“镜头校色切换发生在无人机出现之前还是之后？”，核心只是一般事件或镜头展示顺序；题面未表明该顺序是六维高层推理的必要组成，因此判为范围外。
scope-0427,男子先用剪刀接触肉块还是先放下肉块？,supporting_operation,C3_action_intent,supporting_operation,C3_action_intent,both_covered_with_support,C3_action_intent,询问工具接触与放下肉块的操作顺序,对“男子先用剪刀接触肉块还是先放下肉块？”，表层只问动作识别或操作先后；该具体操作围绕空间目标、受体或结果展开，是 C3 的必要基础操作，但未直接询问意图本身。
scope-0428,摔倒发生在越过栏杆之前还是之后？,directly_in_scope,C2_dynamic_spatial,supporting_operation,C2_dynamic_spatial,both_covered_with_support,C2_dynamic_spatial,询问摔倒与越过栏杆两个空间动作的关系,对“摔倒发生在越过栏杆之前还是之后？”，表层只问运动终点、局部动态关系或空间事件顺序；在该具体运动过程中它是 C2 的必要基础操作，但未直接要求建模完整关系变化。
scope-0429,镜头先展示设备控制盒还是汽车发动机舱？,outside_scope,NONE,outside_scope,NONE,both_outside_scope,NONE,只比较控制盒与发动机舱的镜头展示顺序,对“镜头先展示设备控制盒还是汽车发动机舱？”，核心只是一般事件或镜头展示顺序；题面未表明该顺序是六维高层推理的必要组成，因此判为范围外。
scope-0430,车顶收起后驾驶者是否持续可见？,directly_in_scope,C1_occlusion_permanence,directly_in_scope,C1_occlusion_permanence,both_direct,C1_occlusion_permanence,追踪车顶收起后驾驶者是否持续可见,对“车顶收起后驾驶者是否持续可见？”，核心要求跨遮挡、离开视野或可见性变化持续追踪对象及其再现，直接考查 C1 遮挡与客体持续性。；同时还需识别形变、开合或组装状态。
scope-0431,第一视角所在载具在水面上是否持续前进？,directly_in_scope,C6_reference_frame,directly_in_scope,C2_dynamic_spatial,both_direct,DISAGREEMENT,采用第一视角判断载具在水面上的持续前进,对“第一视角所在载具在水面上是否持续前进？”，核心要求跟踪对象间位置、方向、距离或轨迹随时间的变化，直接考查 C2 动态空间关系。
scope-0432,天花板上哪一部分已经缺失？,supporting_operation,C5_deformation_state,directly_in_scope,C5_deformation_state,both_covered_with_support,C5_deformation_state,识别天花板结构中缺失的部分,对“天花板上哪一部分已经缺失？”，核心要求识别开合、弯曲、组装、分离、破坏或状态转变，直接考查 C5 形变与状态变化。
scope-0433,讲解者移动手势的直接目标是展示哪个船内区域？,directly_in_scope,C3_action_intent,directly_in_scope,C3_action_intent,both_direct,C3_action_intent,直接询问讲解手势要展示的船内区域,对“讲解者移动手势的直接目标是展示哪个船内区域？”，核心要求把可见空间行动与其目标、去向或即时结果绑定，直接考查 C3 行动与意图。
scope-0434,男子抱着多双鞋从地面起身后走向哪里？,directly_in_scope,C3_action_intent,directly_in_scope,C3_action_intent,both_direct,C3_action_intent,询问人物携带鞋起身后的空间去向,对“男子抱着多双鞋从地面起身后走向哪里？”，核心要求把可见空间行动与其目标、去向或即时结果绑定，直接考查 C3 行动与意图。
scope-0435,飞行器是否完成了明显的滚转？,directly_in_scope,C2_dynamic_spatial,directly_in_scope,C2_dynamic_spatial,both_direct,C2_dynamic_spatial,询问飞行器是否完成滚转姿态变化,对“飞行器是否完成了明显的滚转？”，核心要求跟踪对象间位置、方向、距离或轨迹随时间的变化，直接考查 C2 动态空间关系。；同时还需处理相机、行动者或对象参照。
scope-0436,她是否始终面向水面操作？,supporting_operation,C3_action_intent,directly_in_scope,C2_dynamic_spatial,both_covered_with_support,DISAGREEMENT,追踪女子操作时相对水面的主体朝向,对“她是否始终面向水面操作？”，核心要求跟踪对象间位置、方向、距离或轨迹随时间的变化，直接考查 C2 动态空间关系。；同时还需处理相机、行动者或对象参照。
scope-0437,海鸟是否从海面上方飞到船旁？,directly_in_scope,C2_dynamic_spatial,directly_in_scope,C2_dynamic_spatial,both_direct,C2_dynamic_spatial,询问海鸟由海面上方飞到船旁的轨迹,对“海鸟是否从海面上方飞到船旁？”，核心要求跟踪对象间位置、方向、距离或轨迹随时间的变化，直接考查 C2 动态空间关系。
scope-0438,钩针操作后蓝色橡皮筋结构如何变化？,directly_in_scope,C5_deformation_state,directly_in_scope,C5_deformation_state,both_direct,C5_deformation_state,询问钩针操作导致的橡皮筋结构变化,对“钩针操作后蓝色橡皮筋结构如何变化？”，核心要求识别开合、弯曲、组装、分离、破坏或状态转变，直接考查 C5 形变与状态变化。
scope-0439,领先车辆位于赛道哪一侧？,supporting_operation,C2_dynamic_spatial,outside_scope,NONE,binary_coverage_contested,DISAGREEMENT,询问领先车辆相对赛道的静态侧向位置,对“领先车辆位于赛道哪一侧？”，核心只是一般事件或镜头展示顺序；题面未表明该顺序是六维高层推理的必要组成，因此判为范围外。
scope-0440,从后座看驾驶员位于观察者哪一侧？,directly_in_scope,C6_reference_frame,directly_in_scope,C6_reference_frame,both_direct,C6_reference_frame,明确从后座观察者视角判断驾驶员方位,对“从后座看驾驶员位于观察者哪一侧？”，核心要求在明确的相机、行动者或对象视角下表示或转换空间方向，直接考查 C6 参照系。
scope-0441,鱼相对皮划艇船头位于哪一侧？,supporting_operation,C2_dynamic_spatial,outside_scope,NONE,binary_coverage_contested,DISAGREEMENT,询问鱼相对皮划艇船头的静态侧向位置,对“鱼相对皮划艇船头位于哪一侧？”，只需读取单点静态位置或方位，且没有明确动态过程或视角转换；不能仅因含空间词就归入六维。
scope-0442,手指接近灯口时灯的状态是否改变？,directly_in_scope,C5_deformation_state,directly_in_scope,C5_deformation_state,both_direct,C5_deformation_state,询问手指接近灯口时是否触发灯状态改变,对“手指接近灯口时灯的状态是否改变？”，核心要求识别开合、弯曲、组装、分离、破坏或状态转变，直接考查 C5 形变与状态变化。
scope-0443,车辆最终是否朝向相机？,directly_in_scope,C6_reference_frame,supporting_operation,C6_reference_frame,both_covered_with_support,C6_reference_frame,询问车辆最终是否朝向相机,对“车辆最终是否朝向相机？”，表层只读取固定时刻的方向、朝向或哪一侧，是 C6 的参照表达基础操作，但未要求显式视角转换。
scope-0444,无人机飞过时位于高楼上方吗？,directly_in_scope,C2_dynamic_spatial,supporting_operation,C2_dynamic_spatial,both_covered_with_support,C2_dynamic_spatial,询问飞行中的无人机与高楼的上下关系,对“无人机飞过时位于高楼上方吗？”，表层只问运动终点、局部动态关系或空间事件顺序；在该具体运动过程中它是 C2 的必要基础操作，但未直接要求建模完整关系变化。
scope-0445,男子先展示车身外壳还是先展示开孔细节？,outside_scope,NONE,outside_scope,NONE,both_outside_scope,NONE,只比较车身外壳与开孔细节的镜头展示顺序,对“男子先展示车身外壳还是先展示开孔细节？”，核心只是一般事件或镜头展示顺序；题面未表明该顺序是六维高层推理的必要组成，因此判为范围外。
scope-0446,车顶开始移动发生在车辆进入弯道之前还是之后？,directly_in_scope,C5_deformation_state,supporting_operation,C5_deformation_state,both_covered_with_support,C5_deformation_state,询问车顶开始改变状态与车辆入弯的关系,对“车顶开始移动发生在车辆进入弯道之前还是之后？”，表层只问加工/组装步骤、成品位置或局部状态，是 C5 的明确基础操作，但未直接要求解释完整状态转变。
scope-0447,天花板缺口相对吊灯位于哪一侧？,supporting_operation,C2_dynamic_spatial,outside_scope,NONE,binary_coverage_contested,DISAGREEMENT,询问天花板缺口与吊灯的静态侧向关系,对“天花板缺口相对吊灯位于哪一侧？”，只需读取单点静态位置或方位，且没有明确动态过程或视角转换；不能仅因含空间词就归入六维。
scope-0448,戴帽男子坐在最初出现的老人哪一侧？,supporting_operation,C2_dynamic_spatial,outside_scope,NONE,binary_coverage_contested,DISAGREEMENT,询问两名坐着人物的静态侧向关系,对“戴帽男子坐在最初出现的老人哪一侧？”，只需读取单点静态位置或方位，且没有明确动态过程或视角转换；不能仅因含空间词就归入六维。
scope-0449,摩托车在片段末尾向道路哪一侧偏转？,directly_in_scope,C2_dynamic_spatial,supporting_operation,C6_reference_frame,both_covered_with_support,DISAGREEMENT,询问摩托车末段向道路哪侧偏转,对“摩托车在片段末尾向道路哪一侧偏转？”，表层只读取固定时刻的方向、朝向或哪一侧，是 C6 的参照表达基础操作，但未要求显式视角转换。
scope-0450,包装盒位于黑色桌子的哪一侧？,supporting_operation,C2_dynamic_spatial,outside_scope,NONE,binary_coverage_contested,DISAGREEMENT,询问包装盒与桌子的静态侧向关系,对“包装盒位于黑色桌子的哪一侧？”，只需读取单点静态位置或方位，且没有明确动态过程或视角转换；不能仅因含空间词就归入六维。
scope-0451,镜头前进时两侧店铺的相对位置如何变化？,directly_in_scope,C6_reference_frame,directly_in_scope,C2_dynamic_spatial,both_direct,DISAGREEMENT,询问镜头前进时两侧店铺在观察者参考系中的变化,对“镜头前进时两侧店铺的相对位置如何变化？”，核心要求跟踪对象间位置、方向、距离或轨迹随时间的变化，直接考查 C2 动态空间关系。；同时还需处理相机、行动者或对象参照。
scope-0452,服装店陈列架相对通道位于哪一侧？,supporting_operation,C2_dynamic_spatial,outside_scope,NONE,binary_coverage_contested,DISAGREEMENT,询问陈列架相对通道的静态侧向位置,对“服装店陈列架相对通道位于哪一侧？”，只需读取单点静态位置或方位，且没有明确动态过程或视角转换；不能仅因含空间词就归入六维。
scope-0453,镜头移动的直接目标是跟随球还是展示球洞？,directly_in_scope,C3_action_intent,directly_in_scope,C3_action_intent,both_direct,C3_action_intent,直接询问镜头移动是跟随球还是展示球洞,对“镜头移动的直接目标是跟随球还是展示球洞？”，核心要求把可见空间行动与其目标、去向或即时结果绑定，直接考查 C3 行动与意图。
scope-0454,镜头先展示车身外壳还是先展示尾部孔洞？,outside_scope,NONE,outside_scope,NONE,both_outside_scope,NONE,只比较车身外壳与尾部孔洞的镜头展示顺序,对“镜头先展示车身外壳还是先展示尾部孔洞？”，核心只是一般事件或镜头展示顺序；题面未表明该顺序是六维高层推理的必要组成，因此判为范围外。
scope-0455,他与墙上历史照片的距离如何变化？,directly_in_scope,C2_dynamic_spatial,directly_in_scope,C2_dynamic_spatial,both_direct,C2_dynamic_spatial,询问人物与历史照片墙之间距离的变化,对“他与墙上历史照片的距离如何变化？”，核心要求跟踪对象间位置、方向、距离或轨迹随时间的变化，直接考查 C2 动态空间关系。
scope-0456,橙色饰边分布在座椅什么位置？,supporting_operation,C5_deformation_state,outside_scope,NONE,binary_coverage_contested,DISAGREEMENT,询问饰边在座椅结构中的静态分布位置,对“橙色饰边分布在座椅什么位置？”，只需读取单点静态位置或方位，且没有明确动态过程或视角转换；不能仅因含空间词就归入六维。
scope-0457,镜头从箭体下方向尖端移动吗？,directly_in_scope,C6_reference_frame,directly_in_scope,C2_dynamic_spatial,both_direct,DISAGREEMENT,询问镜头是否沿箭体由下方向尖端移动,对“镜头从箭体下方向尖端移动吗？”，核心要求跟踪对象间位置、方向、距离或轨迹随时间的变化，直接考查 C2 动态空间关系。；同时还需处理相机、行动者或对象参照。
scope-0458,镜头先展示纪念碑还是先转向台阶旁队伍？,outside_scope,NONE,outside_scope,NONE,both_outside_scope,NONE,只比较纪念碑与台阶队伍的镜头展示顺序,对“镜头先展示纪念碑还是先转向台阶旁队伍？”，核心只是一般事件或镜头展示顺序；题面未表明该顺序是六维高层推理的必要组成，因此判为范围外。
scope-0459,操作者把工具接触旋转木杆的直接目标是什么？,directly_in_scope,C3_action_intent,directly_in_scope,C3_action_intent,both_direct,C3_action_intent,直接询问工具接触旋转木杆的加工目标,对“操作者把工具接触旋转木杆的直接目标是什么？”，核心要求把可见空间行动与其目标、去向或即时结果绑定，直接考查 C3 行动与意图。
scope-0460,水翼板在运动中是否始终高于水面？,directly_in_scope,C2_dynamic_spatial,directly_in_scope,C2_dynamic_spatial,both_direct,C2_dynamic_spatial,需要跨运动过程判断水翼板与水面的高度关系,对“水翼板在运动中是否始终高于水面？”，核心要求跟踪对象间位置、方向、距离或轨迹随时间的变化，直接考查 C2 动态空间关系。
scope-0461,汽车引擎盖在整个片段中保持打开吗？,directly_in_scope,C5_deformation_state,directly_in_scope,C5_deformation_state,both_direct,C5_deformation_state,需要跨片段追踪引擎盖的开合状态,对“汽车引擎盖在整个片段中保持打开吗？”，核心要求识别开合、弯曲、组装、分离、破坏或状态转变，直接考查 C5 形变与状态变化。
scope-0462,烟柱出现发生在飞机掠过之前还是之后？,supporting_operation,C2_dynamic_spatial,outside_scope,NONE,binary_coverage_contested,DISAGREEMENT,询问烟柱出现与飞机掠过两个动态事件的顺序,对“烟柱出现发生在飞机掠过之前还是之后？”，核心只是一般事件或镜头展示顺序；题面未表明该顺序是六维高层推理的必要组成，因此判为范围外。
scope-0463,孤立树木相对海岸位于哪一侧？,supporting_operation,C2_dynamic_spatial,outside_scope,NONE,binary_coverage_contested,DISAGREEMENT,询问孤立树木与海岸的静态侧向关系,对“孤立树木相对海岸位于哪一侧？”，只需读取单点静态位置或方位，且没有明确动态过程或视角转换；不能仅因含空间词就归入六维。
scope-0464,马匹位于停放车辆的哪一侧？,supporting_operation,C2_dynamic_spatial,outside_scope,NONE,binary_coverage_contested,DISAGREEMENT,询问马匹与停放车辆的静态侧向关系,对“马匹位于停放车辆的哪一侧？”，只需读取单点静态位置或方位，且没有明确动态过程或视角转换；不能仅因含空间词就归入六维。
scope-0465,浪峰在移动过程中是否逐渐破碎？,directly_in_scope,C5_deformation_state,directly_in_scope,C5_deformation_state,both_direct,C5_deformation_state,询问浪峰移动过程中是否逐渐破碎变形,对“浪峰在移动过程中是否逐渐破碎？”，核心要求识别开合、弯曲、组装、分离、破坏或状态转变，直接考查 C5 形变与状态变化。
scope-0466,黑衣男子出现后走向镜头吗？,directly_in_scope,C6_reference_frame,directly_in_scope,C2_dynamic_spatial,both_direct,DISAGREEMENT,询问黑衣男子出现后是否朝相机移动,对“黑衣男子出现后走向镜头吗？”，核心要求跟踪对象间位置、方向、距离或轨迹随时间的变化，直接考查 C2 动态空间关系。
scope-0467,汽车最接近相机发生在转弯之前还是之后？,directly_in_scope,C6_reference_frame,supporting_operation,C2_dynamic_spatial,both_covered_with_support,DISAGREEMENT,比较汽车最接近相机与转弯的动态时点,对“汽车最接近相机发生在转弯之前还是之后？”，表层只问运动终点、局部动态关系或空间事件顺序；在该具体运动过程中它是 C2 的必要基础操作，但未直接要求建模完整关系变化。
scope-0468,狗是否短暂进入灌木遮挡区？,directly_in_scope,C1_occlusion_permanence,directly_in_scope,C1_occlusion_permanence,both_direct,C1_occlusion_permanence,需要追踪狗是否短暂进入灌木遮挡区,对“狗是否短暂进入灌木遮挡区？”，核心要求跨遮挡、离开视野或可见性变化持续追踪对象及其再现，直接考查 C1 遮挡与客体持续性。
scope-0469,镜头先经过车辆还是先看到远处马匹？,directly_in_scope,C2_dynamic_spatial,supporting_operation,C2_dynamic_spatial,both_covered_with_support,C2_dynamic_spatial,询问镜头沿移动路径经过车辆与看到马匹的顺序,对“镜头先经过车辆还是先看到远处马匹？”，表层只问运动终点、局部动态关系或空间事件顺序；在该具体运动过程中它是 C2 的必要基础操作，但未直接要求建模完整关系变化。
scope-0470,小船相对红色灯塔的位置如何分布？,supporting_operation,C2_dynamic_spatial,outside_scope,NONE,binary_coverage_contested,DISAGREEMENT,询问小船相对红色灯塔的位置分布,对“小船相对红色灯塔的位置如何分布？”，核心是一般动作、表情、属性或可见事实识别，未要求六维定义中的高层时空能力。
scope-0471,店员从柜台后取出的绿色甜点最终放在哪里？,directly_in_scope,C3_action_intent,directly_in_scope,C3_action_intent,both_direct,C3_action_intent,询问店员移动甜点的最终放置位置,对“店员从柜台后取出的绿色甜点最终放在哪里？”，核心要求把可见空间行动与其目标、去向或即时结果绑定，直接考查 C3 行动与意图。；同时还需跟踪相关空间关系或轨迹的时间变化。
scope-0472,两辆摩托车起步后哪一辆先明显领先？,directly_in_scope,C2_dynamic_spatial,directly_in_scope,C2_dynamic_spatial,both_direct,C2_dynamic_spatial,询问两辆摩托车起步后的领先关系,对“两辆摩托车起步后哪一辆先明显领先？”，核心要求跟踪对象间位置、方向、距离或轨迹随时间的变化，直接考查 C2 动态空间关系。
scope-0473,风铃与远岸岛屿的前后关系是什么？,directly_in_scope,C6_reference_frame,outside_scope,NONE,binary_coverage_contested,DISAGREEMENT,询问风铃与远岸岛屿在视点深度中的前后关系,对“风铃与远岸岛屿的前后关系是什么？”，核心是一般动作、表情、属性或可见事实识别，未要求六维定义中的高层时空能力。
scope-0474,两只狗的前后关系如何变化？,directly_in_scope,C2_dynamic_spatial,directly_in_scope,C2_dynamic_spatial,both_direct,C2_dynamic_spatial,询问两只狗运动中的前后关系变化,对“两只狗的前后关系如何变化？”，核心要求跟踪对象间位置、方向、距离或轨迹随时间的变化，直接考查 C2 动态空间关系。
scope-0475,滑雪者最后朝雪坡的哪个方向滑走？,directly_in_scope,C2_dynamic_spatial,supporting_operation,C6_reference_frame,both_covered_with_support,DISAGREEMENT,询问滑雪者最终沿雪坡滑走的方向,对“滑雪者最后朝雪坡的哪个方向滑走？”，表层只读取固定时刻的方向、朝向或哪一侧，是 C6 的参照表达基础操作，但未要求显式视角转换。
scope-0476,红车驶远后是否再次靠近相机？,directly_in_scope,C6_reference_frame,directly_in_scope,C2_dynamic_spatial,both_direct,DISAGREEMENT,相对相机追踪红车驶远后是否再次靠近,对“红车驶远后是否再次靠近相机？”，核心要求跟踪对象间位置、方向、距离或轨迹随时间的变化，直接考查 C2 动态空间关系。
scope-0477,镜头先展示窗边吸音板还是中央三脚架？,outside_scope,NONE,outside_scope,NONE,both_outside_scope,NONE,只比较吸音板与三脚架的镜头展示顺序,对“镜头先展示窗边吸音板还是中央三脚架？”，核心只是一般事件或镜头展示顺序；题面未表明该顺序是六维高层推理的必要组成，因此判为范围外。
scope-0478,飞行器是否始终高于草地？,directly_in_scope,C2_dynamic_spatial,directly_in_scope,C2_dynamic_spatial,both_direct,C2_dynamic_spatial,需要跨片段判断飞行器是否始终高于草地,对“飞行器是否始终高于草地？”，核心要求跟踪对象间位置、方向、距离或轨迹随时间的变化，直接考查 C2 动态空间关系。
scope-0479,推婴儿车的人是否从画面一侧走到另一侧？,directly_in_scope,C6_reference_frame,directly_in_scope,C2_dynamic_spatial,both_direct,DISAGREEMENT,询问人物是否从画面一侧移动到另一侧,对“推婴儿车的人是否从画面一侧走到另一侧？”，核心要求跟踪对象间位置、方向、距离或轨迹随时间的变化，直接考查 C2 动态空间关系。
scope-0480,蓝车在弯道中是否始终朝向相机？,directly_in_scope,C6_reference_frame,directly_in_scope,C2_dynamic_spatial,both_direct,DISAGREEMENT,追踪蓝车在弯道中是否持续朝向相机,对“蓝车在弯道中是否始终朝向相机？”，核心要求跟踪对象间位置、方向、距离或轨迹随时间的变化，直接考查 C2 动态空间关系。；同时还需处理相机、行动者或对象参照。
scope-0481,讲解者转向尾部的直接目标是什么？,directly_in_scope,C3_action_intent,directly_in_scope,C3_action_intent,both_direct,C3_action_intent,直接询问讲解者转向车尾的目标,对“讲解者转向尾部的直接目标是什么？”，核心要求把可见空间行动与其目标、去向或即时结果绑定，直接考查 C3 行动与意图。
scope-0482,遥控直升机先升空还是先降落？,directly_in_scope,C2_dynamic_spatial,supporting_operation,C2_dynamic_spatial,both_covered_with_support,C2_dynamic_spatial,询问遥控直升机升空与降落的运动顺序,对“遥控直升机先升空还是先降落？”，表层只问运动终点、局部动态关系或空间事件顺序；在该具体运动过程中它是 C2 的必要基础操作，但未直接要求建模完整关系变化。
scope-0483,山谷在道路弯曲过程中位于车辆哪一侧？,directly_in_scope,C6_reference_frame,directly_in_scope,C6_reference_frame,both_direct,C6_reference_frame,以车辆为参考追踪弯道中山谷所在侧,对“山谷在道路弯曲过程中位于车辆哪一侧？”，核心要求在明确的相机、行动者或对象视角下表示或转换空间方向，直接考查 C6 参照系。；同时还需跟踪相关空间关系或轨迹的时间变化。
scope-0484,鱼在水面附近出现后是否被举到船边？,directly_in_scope,C2_dynamic_spatial,supporting_operation,C2_dynamic_spatial,both_covered_with_support,C2_dynamic_spatial,询问鱼由水面附近移动到船边的过程,对“鱼在水面附近出现后是否被举到船边？”，表层只问运动终点、局部动态关系或空间事件顺序；在该具体运动过程中它是 C2 的必要基础操作，但未直接要求建模完整关系变化。
scope-0485,船与桥墩之间的距离如何变化？,directly_in_scope,C2_dynamic_spatial,directly_in_scope,C2_dynamic_spatial,both_direct,C2_dynamic_spatial,询问船与桥墩之间距离的变化,对“船与桥墩之间的距离如何变化？”，核心要求跟踪对象间位置、方向、距离或轨迹随时间的变化，直接考查 C2 动态空间关系。
scope-0486,方向盘相对蓝白座椅位于什么位置？,supporting_operation,C2_dynamic_spatial,outside_scope,NONE,binary_coverage_contested,DISAGREEMENT,询问方向盘与座椅的静态相对位置,对“方向盘相对蓝白座椅位于什么位置？”，只需读取单点静态位置或方位，且没有明确动态过程或视角转换；不能仅因含空间词就归入六维。
scope-0487,前方道路弯向驾驶者哪一侧？,directly_in_scope,C6_reference_frame,directly_in_scope,C6_reference_frame,both_direct,C6_reference_frame,明确从驾驶者视角判断道路弯曲方向,对“前方道路弯向驾驶者哪一侧？”，核心要求在明确的相机、行动者或对象视角下表示或转换空间方向，直接考查 C6 参照系。
scope-0488,鱼先在水下绕圈还是先进入抄网？,directly_in_scope,C2_dynamic_spatial,supporting_operation,C2_dynamic_spatial,both_covered_with_support,C2_dynamic_spatial,询问鱼在水下绕圈与进入抄网的运动顺序,对“鱼先在水下绕圈还是先进入抄网？”，表层只问运动终点、局部动态关系或空间事件顺序；在该具体运动过程中它是 C2 的必要基础操作，但未直接要求建模完整关系变化。
scope-0489,传中球到达门前后哪队球员先触球？,supporting_operation,C3_action_intent,supporting_operation,C3_action_intent,both_covered_with_support,C3_action_intent,询问传中后哪队球员先触球的比赛行动顺序,对“传中球到达门前后哪队球员先触球？”，表层只问动作识别或操作先后；该具体操作围绕空间目标、受体或结果展开，是 C3 的必要基础操作，但未直接询问意图本身。
scope-0490,后门相对侧窗位于哪一侧？,supporting_operation,C2_dynamic_spatial,outside_scope,NONE,binary_coverage_contested,DISAGREEMENT,询问后门与侧窗的静态侧向关系,对“后门相对侧窗位于哪一侧？”，只需读取单点静态位置或方位，且没有明确动态过程或视角转换；不能仅因含空间词就归入六维。
scope-0491,圆柱灯相对花瓶和相框位于哪里？,supporting_operation,C2_dynamic_spatial,outside_scope,NONE,binary_coverage_contested,DISAGREEMENT,询问灯相对花瓶和相框的静态位置,对“圆柱灯相对花瓶和相框位于哪里？”，只需读取单点静态位置或方位，且没有明确动态过程或视角转换；不能仅因含空间词就归入六维。
scope-0492,男子在船内先展示座椅还是先展示中央台面？,outside_scope,NONE,outside_scope,NONE,both_outside_scope,NONE,只比较座椅与中央台面的镜头展示顺序,对“男子在船内先展示座椅还是先展示中央台面？”，核心只是一般事件或镜头展示顺序；题面未表明该顺序是六维高层推理的必要组成，因此判为范围外。
scope-0493,人与岸线之间的距离如何变化？,directly_in_scope,C2_dynamic_spatial,directly_in_scope,C2_dynamic_spatial,both_direct,C2_dynamic_spatial,询问人与岸线之间距离的变化,对“人与岸线之间的距离如何变化？”，核心要求跟踪对象间位置、方向、距离或轨迹随时间的变化，直接考查 C2 动态空间关系。
scope-0494,摩托车与前方红车的距离如何变化？,directly_in_scope,C2_dynamic_spatial,directly_in_scope,C2_dynamic_spatial,both_direct,C2_dynamic_spatial,询问摩托车与前车之间距离的变化,对“摩托车与前方红车的距离如何变化？”，核心要求跟踪对象间位置、方向、距离或轨迹随时间的变化，直接考查 C2 动态空间关系。
scope-0495,方向盘位于驾驶室画面的哪一侧？,directly_in_scope,C6_reference_frame,supporting_operation,C6_reference_frame,both_covered_with_support,C6_reference_frame,询问方向盘在驾驶室画面参考系中的位置,对“方向盘位于驾驶室画面的哪一侧？”，表层只读取固定时刻的方向、朝向或哪一侧，是 C6 的参照表达基础操作，但未要求显式视角转换。
scope-0496,男子的枪口主要朝向水面还是天空？,directly_in_scope,C3_action_intent,supporting_operation,C6_reference_frame,both_covered_with_support,DISAGREEMENT,询问枪口指向的空间目标方向,对“男子的枪口主要朝向水面还是天空？”，表层只读取固定时刻的方向、朝向或哪一侧，是 C6 的参照表达基础操作，但未要求显式视角转换。
scope-0497,操作者转身的直接目标是持续跟踪飞行器吗？,directly_in_scope,C3_action_intent,directly_in_scope,C3_action_intent,both_direct,C3_action_intent,直接询问操作者转身是否为持续跟踪飞行器,对“操作者转身的直接目标是持续跟踪飞行器吗？”，核心要求把可见空间行动与其目标、去向或即时结果绑定，直接考查 C3 行动与意图。
scope-0498,他转身指示发生在穿过人群之前还是之后？,supporting_operation,C3_action_intent,supporting_operation,C3_action_intent,both_covered_with_support,C3_action_intent,询问转身指示与穿过人群两个行动阶段的顺序,对“他转身指示发生在穿过人群之前还是之后？”，表层只问动作识别或操作先后；该具体操作围绕空间目标、受体或结果展开，是 C3 的必要基础操作，但未直接询问意图本身。
scope-0499,树木经过前景时是否短暂遮挡山谷？,directly_in_scope,C1_occlusion_permanence,directly_in_scope,C1_occlusion_permanence,both_direct,C1_occlusion_permanence,需要追踪前景树木是否短暂遮挡山谷,对“树木经过前景时是否短暂遮挡山谷？”，核心要求跨遮挡、离开视野或可见性变化持续追踪对象及其再现，直接考查 C1 遮挡与客体持续性。
scope-0500,他与相机之间的距离如何变化？,directly_in_scope,C6_reference_frame,directly_in_scope,C2_dynamic_spatial,both_direct,DISAGREEMENT,询问人物与相机之间距离的变化,对“他与相机之间的距离如何变化？”，核心要求跟踪对象间位置、方向、距离或轨迹随时间的变化，直接考查 C2 动态空间关系。
scope-0501,白狗与黑狗哪一只先接近相机？,directly_in_scope,C6_reference_frame,supporting_operation,C2_dynamic_spatial,both_covered_with_support,DISAGREEMENT,比较两只狗相对相机接近的动态顺序,对“白狗与黑狗哪一只先接近相机？”，表层只问运动终点、局部动态关系或空间事件顺序；在该具体运动过程中它是 C2 的必要基础操作，但未直接要求建模完整关系变化。
scope-0502,狗与右侧栏杆的距离如何变化？,directly_in_scope,C2_dynamic_spatial,directly_in_scope,C2_dynamic_spatial,both_direct,C2_dynamic_spatial,询问狗与栏杆之间距离的变化,对“狗与右侧栏杆的距离如何变化？”，核心要求跟踪对象间位置、方向、距离或轨迹随时间的变化，直接考查 C2 动态空间关系。
scope-0503,从骑手视角看转向车道位于哪一侧？,directly_in_scope,C6_reference_frame,directly_in_scope,C6_reference_frame,both_direct,C6_reference_frame,明确采用骑手视角判断转向车道方位,对“从骑手视角看转向车道位于哪一侧？”，核心要求在明确的相机、行动者或对象视角下表示或转换空间方向，直接考查 C6 参照系。
scope-0504,指示时岩石相对男子位于哪一侧？,directly_in_scope,C6_reference_frame,supporting_operation,C6_reference_frame,both_covered_with_support,C6_reference_frame,以男子为参考判断所指岩石的方向,对“指示时岩石相对男子位于哪一侧？”，表层只读取固定时刻的方向、朝向或哪一侧，是 C6 的参照表达基础操作，但未要求显式视角转换。
scope-0505,前景立柱何时遮住远处山景？,directly_in_scope,C1_occlusion_permanence,directly_in_scope,C1_occlusion_permanence,both_direct,C1_occlusion_permanence,需要追踪前景立柱何时遮挡远处山景,对“前景立柱何时遮住远处山景？”，核心要求跨遮挡、离开视野或可见性变化持续追踪对象及其再现，直接考查 C1 遮挡与客体持续性。
scope-0506,手指反复指向包装盒的哪个区域？,directly_in_scope,C3_action_intent,directly_in_scope,C3_action_intent,both_direct,C3_action_intent,询问手指反复指向的包装盒目标区域,对“手指反复指向包装盒的哪个区域？”，核心要求把可见空间行动与其目标、去向或即时结果绑定，直接考查 C3 行动与意图。
scope-0507,镜头绕车移动时车身朝向如何变化？,directly_in_scope,C6_reference_frame,directly_in_scope,C6_reference_frame,both_direct,C6_reference_frame,询问相机绕车运动时车身在视点中的朝向变化,对“镜头绕车移动时车身朝向如何变化？”，核心要求在明确的相机、行动者或对象视角下表示或转换空间方向，直接考查 C6 参照系。；同时还需跟踪相关空间关系或轨迹的时间变化。
scope-0508,相机从车尾移到车头发生在讲解手势之前吗？,outside_scope,NONE,supporting_operation,C2_dynamic_spatial,binary_coverage_contested,DISAGREEMENT,只比较镜头由车尾移到车头与讲解手势的展示顺序,对“相机从车尾移到车头发生在讲解手势之前吗？”，表层只问运动终点、局部动态关系或空间事件顺序；在该具体运动过程中它是 C2 的必要基础操作，但未直接要求建模完整关系变化。
scope-0509,住宅位于水面的哪一侧？,supporting_operation,C2_dynamic_spatial,outside_scope,NONE,binary_coverage_contested,DISAGREEMENT,询问住宅与水面的静态侧向关系,对“住宅位于水面的哪一侧？”，只需读取单点静态位置或方位，且没有明确动态过程或视角转换；不能仅因含空间词就归入六维。
scope-0510,白车是否被前景仪表台遮挡过？,directly_in_scope,C1_occlusion_permanence,directly_in_scope,C1_occlusion_permanence,both_direct,C1_occlusion_permanence,需要判断白车是否被前景仪表台遮挡,对“白车是否被前景仪表台遮挡过？”，核心要求跨遮挡、离开视野或可见性变化持续追踪对象及其再现，直接考查 C1 遮挡与客体持续性。
scope-0511,赛马群的领先位置是否发生变化？,directly_in_scope,C2_dynamic_spatial,directly_in_scope,C2_dynamic_spatial,both_direct,C2_dynamic_spatial,询问赛马群中领先前后关系是否变化,对“赛马群的领先位置是否发生变化？”，核心要求跟踪对象间位置、方向、距离或轨迹随时间的变化，直接考查 C2 动态空间关系。
scope-0512,盒子在讲解过程中是否改变位置？,directly_in_scope,C2_dynamic_spatial,directly_in_scope,C2_dynamic_spatial,both_direct,C2_dynamic_spatial,需要跨讲解过程判断盒子位置是否改变,对“盒子在讲解过程中是否改变位置？”，核心要求跟踪对象间位置、方向、距离或轨迹随时间的变化，直接考查 C2 动态空间关系。
scope-0513,车门打开后车内空间是否变得可见？,directly_in_scope,C1_occlusion_permanence,directly_in_scope,C1_occlusion_permanence,both_direct,C1_occlusion_permanence,询问车门打开后原先隐藏的车内空间是否变得可见,对“车门打开后车内空间是否变得可见？”，核心要求跨遮挡、离开视野或可见性变化持续追踪对象及其再现，直接考查 C1 遮挡与客体持续性。；同时还需识别形变、开合或组装状态。
scope-0514,镜头先展示港口小船还是大型起重桥？,outside_scope,NONE,outside_scope,NONE,both_outside_scope,NONE,只比较港口小船与起重桥的镜头展示顺序,对“镜头先展示港口小船还是大型起重桥？”，核心只是一般事件或镜头展示顺序；题面未表明该顺序是六维高层推理的必要组成，因此判为范围外。
scope-0515,男子对肉块使用工具后肉块是否被分离？,directly_in_scope,C5_deformation_state,directly_in_scope,C5_deformation_state,both_direct,C5_deformation_state,询问工具处理是否使肉块发生分离状态变化,对“男子对肉块使用工具后肉块是否被分离？”，核心要求识别开合、弯曲、组装、分离、破坏或状态转变，直接考查 C5 形变与状态变化。；同时还需绑定动作与空间目标或结果。
scope-0516,摩托车经过观众席前是否先产生烟雾？,supporting_operation,C2_dynamic_spatial,outside_scope,NONE,binary_coverage_contested,DISAGREEMENT,询问摩托车经过观众席与烟雾产生的动态事件顺序,对“摩托车经过观众席前是否先产生烟雾？”，核心只是一般事件或镜头展示顺序；题面未表明该顺序是六维高层推理的必要组成，因此判为范围外。
scope-0517,单板相对坡面的朝向如何交替变化？,directly_in_scope,C2_dynamic_spatial,directly_in_scope,C2_dynamic_spatial,both_direct,C2_dynamic_spatial,询问单板相对坡面的朝向交替变化,对“单板相对坡面的朝向如何交替变化？”，核心要求跟踪对象间位置、方向、距离或轨迹随时间的变化，直接考查 C2 动态空间关系。；同时还需处理相机、行动者或对象参照。
scope-0518,果岭旗杆位于沙坑的哪一侧？,supporting_operation,C2_dynamic_spatial,outside_scope,NONE,binary_coverage_contested,DISAGREEMENT,询问旗杆与沙坑的静态侧向关系,对“果岭旗杆位于沙坑的哪一侧？”，只需读取单点静态位置或方位，且没有明确动态过程或视角转换；不能仅因含空间词就归入六维。
scope-0519,成年男子出现是在孩子们散开之前还是之后？,directly_in_scope,C2_dynamic_spatial,outside_scope,NONE,binary_coverage_contested,DISAGREEMENT,询问成年男子出现与儿童群散开的群体空间变化关系,对“成年男子出现是在孩子们散开之前还是之后？”，核心只是一般事件或镜头展示顺序；题面未表明该顺序是六维高层推理的必要组成，因此判为范围外。
scope-0520,镜头平移时山谷先出现在画面哪一侧？,directly_in_scope,C6_reference_frame,directly_in_scope,C6_reference_frame,both_direct,C6_reference_frame,询问镜头平移时山谷从画面哪侧出现,对“镜头平移时山谷先出现在画面哪一侧？”，核心要求在明确的相机、行动者或对象视角下表示或转换空间方向，直接考查 C6 参照系。；同时还需跟踪相关空间关系或轨迹的时间变化。
scope-0521,男子指向的目标位于人群哪一侧？,directly_in_scope,C3_action_intent,directly_in_scope,C3_action_intent,both_direct,C3_action_intent,询问男子指向目标相对人群的方位,对“男子指向的目标位于人群哪一侧？”，核心要求把可见空间行动与其目标、去向或即时结果绑定，直接考查 C3 行动与意图。；同时还需处理相机、行动者或对象参照。
scope-0522,孩子们在空地上是否朝远处共同跑动？,directly_in_scope,C2_dynamic_spatial,supporting_operation,C2_dynamic_spatial,both_covered_with_support,C2_dynamic_spatial,询问孩子群体共同跑动的方向,对“孩子们在空地上是否朝远处共同跑动？”，表层只问运动终点、局部动态关系或空间事件顺序；在该具体运动过程中它是 C2 的必要基础操作，但未直接要求建模完整关系变化。
scope-0523,球最终停在洞杯的近处还是远处？,supporting_operation,C2_dynamic_spatial,supporting_operation,C2_dynamic_spatial,both_covered_with_support,C2_dynamic_spatial,询问球相对洞杯的静态终点距离,对“球最终停在洞杯的近处还是远处？”，表层只问运动终点、局部动态关系或空间事件顺序；在该具体运动过程中它是 C2 的必要基础操作，但未直接要求建模完整关系变化。
scope-0524,进入弯道后蓝车车头朝向哪一侧？,directly_in_scope,C2_dynamic_spatial,supporting_operation,C6_reference_frame,both_covered_with_support,DISAGREEMENT,询问蓝车入弯后的车头朝向,对“进入弯道后蓝车车头朝向哪一侧？”，表层只读取固定时刻的方向、朝向或哪一侧，是 C6 的参照表达基础操作，但未要求显式视角转换。
scope-0525,孩子们先聚集还是先散开？,directly_in_scope,C2_dynamic_spatial,directly_in_scope,C5_deformation_state,both_direct,DISAGREEMENT,询问孩子群体由聚集到散开的空间状态顺序,对“孩子们先聚集还是先散开？”，核心要求识别开合、弯曲、组装、分离、破坏或状态转变，直接考查 C5 形变与状态变化。；同时还需跟踪相关空间关系或轨迹的时间变化。
scope-0526,无人机从湖面哪一侧进入清晰画面？,directly_in_scope,C6_reference_frame,directly_in_scope,C1_occlusion_permanence,both_direct,DISAGREEMENT,询问无人机从湖面哪侧进入清晰画面,对“无人机从湖面哪一侧进入清晰画面？”，核心要求跨遮挡、离开视野或可见性变化持续追踪对象及其再现，直接考查 C1 遮挡与客体持续性。；同时还需处理相机、行动者或对象参照。
scope-0527,鱼被举起时相对船边位于哪一侧？,directly_in_scope,C6_reference_frame,supporting_operation,C2_dynamic_spatial,both_covered_with_support,DISAGREEMENT,以船边为参考判断被举起鱼的位置,对“鱼被举起时相对船边位于哪一侧？”，表层只问运动终点、局部动态关系或空间事件顺序；在该具体运动过程中它是 C2 的必要基础操作，但未直接要求建模完整关系变化。
scope-0528,冲线前马群是否逐渐拉开距离？,directly_in_scope,C2_dynamic_spatial,directly_in_scope,C2_dynamic_spatial,both_direct,C2_dynamic_spatial,询问冲线前马群之间距离是否逐渐拉开,对“冲线前马群是否逐渐拉开距离？”，核心要求跟踪对象间位置、方向、距离或轨迹随时间的变化，直接考查 C2 动态空间关系。
scope-0529,鱼竿的弯曲程度如何变化？,directly_in_scope,C5_deformation_state,directly_in_scope,C5_deformation_state,both_direct,C5_deformation_state,询问鱼竿弯曲程度的变化,对“鱼竿的弯曲程度如何变化？”，核心要求识别开合、弯曲、组装、分离、破坏或状态转变，直接考查 C5 形变与状态变化。
scope-0530,绿色甜点相对玻璃柜台位于哪一侧？,supporting_operation,C2_dynamic_spatial,outside_scope,NONE,binary_coverage_contested,DISAGREEMENT,询问甜点与玻璃柜台的静态侧向关系,对“绿色甜点相对玻璃柜台位于哪一侧？”，只需读取单点静态位置或方位，且没有明确动态过程或视角转换；不能仅因含空间词就归入六维。
scope-0531,镜头沿山路移动时近处护栏如何掠过画面？,directly_in_scope,C6_reference_frame,directly_in_scope,C6_reference_frame,both_direct,C6_reference_frame,询问镜头沿山路移动时护栏在画面中的运动,对“镜头沿山路移动时近处护栏如何掠过画面？”，核心要求在明确的相机、行动者或对象视角下表示或转换空间方向，直接考查 C6 参照系。；同时还需跟踪相关空间关系或轨迹的时间变化。
scope-0532,骑手相对岸边向哪个方向移动？,directly_in_scope,C2_dynamic_spatial,directly_in_scope,C2_dynamic_spatial,both_direct,C2_dynamic_spatial,询问骑手相对岸边的运动方向,对“骑手相对岸边向哪个方向移动？”，核心要求跟踪对象间位置、方向、距离或轨迹随时间的变化，直接考查 C2 动态空间关系。
scope-0533,镜头先展示石像还是先展示戴口罩男子？,outside_scope,NONE,outside_scope,NONE,both_outside_scope,NONE,只比较石像与人物的镜头展示顺序,对“镜头先展示石像还是先展示戴口罩男子？”，核心只是一般事件或镜头展示顺序；题面未表明该顺序是六维高层推理的必要组成，因此判为范围外。
scope-0534,虾在水草上的朝向是否发生改变？,directly_in_scope,C2_dynamic_spatial,directly_in_scope,C2_dynamic_spatial,both_direct,C2_dynamic_spatial,询问虾在水草上的朝向是否变化,对“虾在水草上的朝向是否发生改变？”，核心要求跟踪对象间位置、方向、距离或轨迹随时间的变化，直接考查 C2 动态空间关系。；同时还需处理相机、行动者或对象参照。
scope-0535,冲浪者抬起前脚的直接目标是保持平衡吗？,directly_in_scope,C3_action_intent,directly_in_scope,C3_action_intent,both_direct,C3_action_intent,直接询问冲浪者抬前脚是否为了保持平衡,对“冲浪者抬起前脚的直接目标是保持平衡吗？”，核心要求把可见空间行动与其目标、去向或即时结果绑定，直接考查 C3 行动与意图。
scope-0536,车门数量在侧面镜头中可见为多少？,outside_scope,NONE,outside_scope,NONE,both_outside_scope,NONE,核心是对侧面可见车门进行数量统计,对“车门数量在侧面镜头中可见为多少？”，核心只是数量、身份、外观属性或普通实体识别；不要求六维中的持续追踪、动态关系、空间目标、预测、状态转变或参照转换。
scope-0537,冲浪板相对浪峰的位置如何变化？,directly_in_scope,C2_dynamic_spatial,directly_in_scope,C2_dynamic_spatial,both_direct,C2_dynamic_spatial,询问冲浪板相对浪峰的位置变化,对“冲浪板相对浪峰的位置如何变化？”，核心要求跟踪对象间位置、方向、距离或轨迹随时间的变化，直接考查 C2 动态空间关系。
scope-0538,从后座视角看驾驶员位于车辆哪一侧？,directly_in_scope,C6_reference_frame,directly_in_scope,C6_reference_frame,both_direct,C6_reference_frame,明确从后座视角判断驾驶员方位,对“从后座视角看驾驶员位于车辆哪一侧？”，核心要求在明确的相机、行动者或对象视角下表示或转换空间方向，直接考查 C6 参照系。
scope-0539,鱼竿弯曲程度随时间如何变化？,directly_in_scope,C5_deformation_state,directly_in_scope,C5_deformation_state,both_direct,C5_deformation_state,询问鱼竿弯曲程度随时间变化,对“鱼竿弯曲程度随时间如何变化？”，核心要求识别开合、弯曲、组装、分离、破坏或状态转变，直接考查 C5 形变与状态变化。
scope-0540,红色虾停在水草的什么位置？,supporting_operation,C2_dynamic_spatial,outside_scope,NONE,binary_coverage_contested,DISAGREEMENT,询问红虾相对水草的静态位置,对“红色虾停在水草的什么位置？”，只需读取单点静态位置或方位，且没有明确动态过程或视角转换；不能仅因含空间词就归入六维。
scope-0541,前景车顶是否遮挡过马匹？,directly_in_scope,C1_occlusion_permanence,directly_in_scope,C1_occlusion_permanence,both_direct,C1_occlusion_permanence,需要判断前景车顶是否遮挡马匹,对“前景车顶是否遮挡过马匹？”，核心要求跨遮挡、离开视野或可见性变化持续追踪对象及其再现，直接考查 C1 遮挡与客体持续性。
scope-0542,浪峰朝岸边推进时形状如何变化？,directly_in_scope,C5_deformation_state,directly_in_scope,C5_deformation_state,both_direct,C5_deformation_state,询问浪峰向岸推进时的形状变化,对“浪峰朝岸边推进时形状如何变化？”，核心要求识别开合、弯曲、组装、分离、破坏或状态转变，直接考查 C5 形变与状态变化。；同时还需跟踪相关空间关系或轨迹的时间变化。
scope-0543,男子用绳索固定了什么物体？,directly_in_scope,C3_action_intent,directly_in_scope,C3_action_intent,both_direct,C3_action_intent,询问男子系绳固定的目标物体,对“男子用绳索固定了什么物体？”，核心要求把可见空间行动与其目标、去向或即时结果绑定，直接考查 C3 行动与意图。
scope-0544,车辆先通过急弯还是先进入较直路段？,directly_in_scope,C2_dynamic_spatial,supporting_operation,C2_dynamic_spatial,both_covered_with_support,C2_dynamic_spatial,询问车辆沿路径通过急弯与进入直路的顺序,对“车辆先通过急弯还是先进入较直路段？”，表层只问运动终点、局部动态关系或空间事件顺序；在该具体运动过程中它是 C2 的必要基础操作，但未直接要求建模完整关系变化。
scope-0545,女子通过门洞前后是否短暂被石墙遮挡？,directly_in_scope,C1_occlusion_permanence,directly_in_scope,C1_occlusion_permanence,both_direct,C1_occlusion_permanence,需要追踪女子穿门前后是否被石墙短暂遮挡,对“女子通过门洞前后是否短暂被石墙遮挡？”，核心要求跨遮挡、离开视野或可见性变化持续追踪对象及其再现，直接考查 C1 遮挡与客体持续性。
scope-0546,鱼竿明显弯曲后鱼是否出现在岸边？,supporting_operation,C3_action_intent,supporting_operation,C2_dynamic_spatial,both_covered_with_support,DISAGREEMENT,询问鱼竿弯曲与鱼到岸两个捕鱼阶段的关系,对“鱼竿明显弯曲后鱼是否出现在岸边？”，表层只问运动终点、局部动态关系或空间事件顺序；在该具体运动过程中它是 C2 的必要基础操作，但未直接要求建模完整关系变化。
scope-0547,狗先远离相机还是先返回相机附近？,directly_in_scope,C6_reference_frame,directly_in_scope,C2_dynamic_spatial,both_direct,DISAGREEMENT,相对相机追踪狗先远离后返回的运动,对“狗先远离相机还是先返回相机附近？”，核心要求跟踪对象间位置、方向、距离或轨迹随时间的变化，直接考查 C2 动态空间关系。
scope-0548,金属条经过工具后是否弯曲？,directly_in_scope,C5_deformation_state,directly_in_scope,C5_deformation_state,both_direct,C5_deformation_state,询问工具处理后金属条是否弯曲变形,对“金属条经过工具后是否弯曲？”，核心要求识别开合、弯曲、组装、分离、破坏或状态转变，直接考查 C5 形变与状态变化。
scope-0549,两名男子交谈时主要面向彼此还是面向车辆？,supporting_operation,C3_action_intent,supporting_operation,C6_reference_frame,both_covered_with_support,DISAGREEMENT,识别交谈人物面向彼此或车辆的行动朝向,对“两名男子交谈时主要面向彼此还是面向车辆？”，表层只读取固定时刻的方向、朝向或哪一侧，是 C6 的参照表达基础操作，但未要求显式视角转换。
scope-0550,冲浪者相对浪峰的位置如何变化？,directly_in_scope,C2_dynamic_spatial,directly_in_scope,C2_dynamic_spatial,both_direct,C2_dynamic_spatial,询问冲浪者相对浪峰的位置变化,对“冲浪者相对浪峰的位置如何变化？”，核心要求跟踪对象间位置、方向、距离或轨迹随时间的变化，直接考查 C2 动态空间关系。
scope-0551,长形座垫位于中央台面的哪一侧？,supporting_operation,C2_dynamic_spatial,outside_scope,NONE,binary_coverage_contested,DISAGREEMENT,询问座垫与中央台面的静态侧向关系,对“长形座垫位于中央台面的哪一侧？”，只需读取单点静态位置或方位，且没有明确动态过程或视角转换；不能仅因含空间词就归入六维。
scope-0552,飞机相对地面的高度先升高还是降低？,directly_in_scope,C2_dynamic_spatial,directly_in_scope,C2_dynamic_spatial,both_direct,C2_dynamic_spatial,询问飞机相对地面的高度变化顺序,对“飞机相对地面的高度先升高还是降低？”，核心要求跟踪对象间位置、方向、距离或轨迹随时间的变化，直接考查 C2 动态空间关系。
scope-0553,他先整理鞋带还是先站起来？,supporting_operation,C3_action_intent,outside_scope,NONE,binary_coverage_contested,DISAGREEMENT,询问整理鞋带与站起两个行动阶段的顺序,对“他先整理鞋带还是先站起来？”，核心只是一般事件或镜头展示顺序；题面未表明该顺序是六维高层推理的必要组成，因此判为范围外。
scope-0554,蓝色汽车相对拍摄车辆的距离如何变化？,directly_in_scope,C6_reference_frame,directly_in_scope,C2_dynamic_spatial,both_direct,DISAGREEMENT,询问蓝车相对拍摄车辆的距离变化,对“蓝色汽车相对拍摄车辆的距离如何变化？”，核心要求跟踪对象间位置、方向、距离或轨迹随时间的变化，直接考查 C2 动态空间关系。
scope-0555,女子第一次进食发生在展示餐盘之前吗？,outside_scope,NONE,outside_scope,NONE,both_outside_scope,NONE,只比较进食与展示餐盘的一般事件顺序,对“女子第一次进食发生在展示餐盘之前吗？”，核心只是一般事件或镜头展示顺序；题面未表明该顺序是六维高层推理的必要组成，因此判为范围外。
scope-0556,设备上橙色束带是否保持固定？,directly_in_scope,C5_deformation_state,directly_in_scope,C5_deformation_state,both_direct,C5_deformation_state,需要跨片段判断橙色束带是否保持固定状态,对“设备上橙色束带是否保持固定？”，核心要求识别开合、弯曲、组装、分离、破坏或状态转变，直接考查 C5 形变与状态变化。
scope-0557,男子指向石像时面向哪里？,directly_in_scope,C3_action_intent,supporting_operation,C6_reference_frame,both_covered_with_support,DISAGREEMENT,询问男子指向石像时的主体朝向与目标,对“男子指向石像时面向哪里？”，表层只读取固定时刻的方向、朝向或哪一侧，是 C6 的参照表达基础操作，但未要求显式视角转换。
scope-0558,橙衣男子是否在持续处理手中物品？,supporting_operation,C3_action_intent,outside_scope,NONE,binary_coverage_contested,DISAGREEMENT,识别人物是否持续操作手中物品但未直接询问目标,对“橙衣男子是否在持续处理手中物品？”，核心是一般动作、表情、属性或可见事实识别，未要求六维定义中的高层时空能力。
scope-0559,她穿门时身体朝向与门洞方向是否一致？,supporting_operation,C6_reference_frame,directly_in_scope,C6_reference_frame,both_covered_with_support,C6_reference_frame,判断穿门时身体朝向与门洞方向是否一致,对“她穿门时身体朝向与门洞方向是否一致？”，核心要求在明确的相机、行动者或对象视角下表示或转换空间方向，直接考查 C6 参照系。
scope-0560,车辆转弯时车头朝向如何变化？,directly_in_scope,C2_dynamic_spatial,directly_in_scope,C2_dynamic_spatial,both_direct,C2_dynamic_spatial,询问车辆转弯时车头朝向变化,对“车辆转弯时车头朝向如何变化？”，核心要求跟踪对象间位置、方向、距离或轨迹随时间的变化，直接考查 C2 动态空间关系。；同时还需处理相机、行动者或对象参照。
scope-0561,路边邮箱从骑手视角位于哪一侧？,directly_in_scope,C6_reference_frame,directly_in_scope,C6_reference_frame,both_direct,C6_reference_frame,明确从骑手视角判断路边邮箱方位,对“路边邮箱从骑手视角位于哪一侧？”，核心要求在明确的相机、行动者或对象视角下表示或转换空间方向，直接考查 C6 参照系。
scope-0562,室外有几人共同处理鸟？,outside_scope,NONE,outside_scope,NONE,both_outside_scope,NONE,核心是对共同处理鸟的人数进行统计,对“室外有几人共同处理鸟？”，核心只是数量、身份、外观属性或普通实体识别；不要求六维中的持续追踪、动态关系、空间目标、预测、状态转变或参照转换。
scope-0563,成品木杆与对照木杆长度是否相近？,supporting_operation,C5_deformation_state,supporting_operation,C5_deformation_state,both_covered_with_support,C5_deformation_state,比较成品与对照木杆的静态长度状态,对“成品木杆与对照木杆长度是否相近？”，表层只问加工/组装步骤、成品位置或局部状态，是 C5 的明确基础操作，但未直接要求解释完整状态转变。
scope-0564,遥控飞行器相对操作者如何移动？,directly_in_scope,C6_reference_frame,directly_in_scope,C2_dynamic_spatial,both_direct,DISAGREEMENT,以操作者为参考判断飞行器的运动,对“遥控飞行器相对操作者如何移动？”，核心要求跟踪对象间位置、方向、距离或轨迹随时间的变化，直接考查 C2 动态空间关系。
scope-0565,电动自行车的电池位于车架什么位置？,supporting_operation,C5_deformation_state,outside_scope,NONE,binary_coverage_contested,DISAGREEMENT,询问电池在自行车车架结构中的安装位置,对“电动自行车的电池位于车架什么位置？”，只需读取单点静态位置或方位，且没有明确动态过程或视角转换；不能仅因含空间词就归入六维。
scope-0566,冲浪者何时被浪花完全遮挡？,directly_in_scope,C1_occlusion_permanence,directly_in_scope,C1_occlusion_permanence,both_direct,C1_occlusion_permanence,询问冲浪者何时被浪花完全遮挡,对“冲浪者何时被浪花完全遮挡？”，核心要求跨遮挡、离开视野或可见性变化持续追踪对象及其再现，直接考查 C1 遮挡与客体持续性。
scope-0567,他低头操作与抬头观察的顺序如何交替？,supporting_operation,C3_action_intent,outside_scope,NONE,binary_coverage_contested,DISAGREEMENT,询问低头操作与抬头观察两个行动阶段的交替顺序,对“他低头操作与抬头观察的顺序如何交替？”，核心只是一般事件或镜头展示顺序；题面未表明该顺序是六维高层推理的必要组成，因此判为范围外。
scope-0568,后货架与后轮在垂直方向上是什么关系？,supporting_operation,C5_deformation_state,outside_scope,NONE,binary_coverage_contested,DISAGREEMENT,询问后货架与后轮在车辆结构中的垂直关系,对“后货架与后轮在垂直方向上是什么关系？”，核心是一般动作、表情、属性或可见事实识别，未要求六维定义中的高层时空能力。
scope-0569,海鸟接近船时与相机距离如何变化？,directly_in_scope,C6_reference_frame,directly_in_scope,C2_dynamic_spatial,both_direct,DISAGREEMENT,询问海鸟接近船时相对相机的距离变化,对“海鸟接近船时与相机距离如何变化？”，核心要求跟踪对象间位置、方向、距离或轨迹随时间的变化，直接考查 C2 动态空间关系。
scope-0570,工具接触肉块发生在男子展示肉块之前还是之后？,supporting_operation,C3_action_intent,supporting_operation,C3_action_intent,both_covered_with_support,C3_action_intent,询问工具接触肉块与展示肉块的操作顺序,对“工具接触肉块发生在男子展示肉块之前还是之后？”，表层只问动作识别或操作先后；该具体操作围绕空间目标、受体或结果展开，是 C3 的必要基础操作，但未直接询问意图本身。
scope-0571,驶出桥下后桥体是否离开视野？,directly_in_scope,C1_occlusion_permanence,directly_in_scope,C1_occlusion_permanence,both_direct,C1_occlusion_permanence,需要追踪驶出桥下后桥体是否离开视野,对“驶出桥下后桥体是否离开视野？”，核心要求跨遮挡、离开视野或可见性变化持续追踪对象及其再现，直接考查 C1 遮挡与客体持续性。
scope-0572,球在门前混战中是否改变方向？,directly_in_scope,C2_dynamic_spatial,directly_in_scope,C2_dynamic_spatial,both_direct,C2_dynamic_spatial,询问球在门前运动中的方向变化,对“球在门前混战中是否改变方向？”，核心要求跟踪对象间位置、方向、距离或轨迹随时间的变化，直接考查 C2 动态空间关系。
scope-0573,机器操作后金属条从直线变成什么形状？,directly_in_scope,C5_deformation_state,directly_in_scope,C5_deformation_state,both_direct,C5_deformation_state,询问机器操作后金属条由直线变为其他形状,对“机器操作后金属条从直线变成什么形状？”，核心要求识别开合、弯曲、组装、分离、破坏或状态转变，直接考查 C5 形变与状态变化。
scope-0574,男子系绳的直接目标是什么？,directly_in_scope,C3_action_intent,directly_in_scope,C3_action_intent,both_direct,C3_action_intent,直接询问男子系绳的目标,对“男子系绳的直接目标是什么？”，核心要求把可见空间行动与其目标、去向或即时结果绑定，直接考查 C3 行动与意图。
scope-0575,深红汽车先正对镜头还是先侧向经过？,directly_in_scope,C6_reference_frame,directly_in_scope,C2_dynamic_spatial,both_direct,DISAGREEMENT,追踪汽车相对镜头由正面到侧向经过的姿态,对“深红汽车先正对镜头还是先侧向经过？”，核心要求跟踪对象间位置、方向、距离或轨迹随时间的变化，直接考查 C2 动态空间关系。；同时还需处理相机、行动者或对象参照。
scope-0576,滑雪者落地后是否继续保持平衡？,supporting_operation,C3_action_intent,directly_in_scope,C5_deformation_state,both_covered_with_support,DISAGREEMENT,追踪滑雪者落地后是否继续保持平衡,对“滑雪者落地后是否继续保持平衡？”，核心要求识别开合、弯曲、组装、分离、破坏或状态转变，直接考查 C5 形变与状态变化。
scope-0577,她先再次取食还是先表现出明显反应？,outside_scope,NONE,outside_scope,NONE,both_outside_scope,NONE,只比较再次取食与面部反应的一般事件顺序,对“她先再次取食还是先表现出明显反应？”，核心只是一般事件或镜头展示顺序；题面未表明该顺序是六维高层推理的必要组成，因此判为范围外。
scope-0578,镜头先经过拖车还是先展示远处马匹？,directly_in_scope,C2_dynamic_spatial,supporting_operation,C2_dynamic_spatial,both_covered_with_support,C2_dynamic_spatial,询问镜头移动路径中经过拖车与看到马匹的顺序,对“镜头先经过拖车还是先展示远处马匹？”，表层只问运动终点、局部动态关系或空间事件顺序；在该具体运动过程中它是 C2 的必要基础操作，但未直接要求建模完整关系变化。
scope-0579,弯曲后的金属条是否仍完整连续？,directly_in_scope,C5_deformation_state,directly_in_scope,C5_deformation_state,both_direct,C5_deformation_state,询问弯曲后金属条是否保持结构连续,对“弯曲后的金属条是否仍完整连续？”，核心要求识别开合、弯曲、组装、分离、破坏或状态转变，直接考查 C5 形变与状态变化。
scope-0580,马在视频中是否改变了行进方向？,directly_in_scope,C2_dynamic_spatial,directly_in_scope,C2_dynamic_spatial,both_direct,C2_dynamic_spatial,询问马在片段中的行进方向是否改变,对“马在视频中是否改变了行进方向？”，核心要求跟踪对象间位置、方向、距离或轨迹随时间的变化，直接考查 C2 动态空间关系。
scope-0581,水面先被树木部分遮挡还是后被完整展示？,directly_in_scope,C1_occlusion_permanence,directly_in_scope,C1_occlusion_permanence,both_direct,C1_occlusion_permanence,追踪水面由树木部分遮挡到完整可见的变化,对“水面先被树木部分遮挡还是后被完整展示？”，核心要求跨遮挡、离开视野或可见性变化持续追踪对象及其再现，直接考查 C1 遮挡与客体持续性。
scope-0582,男子抱着设备走向厨房哪个方向？,directly_in_scope,C3_action_intent,directly_in_scope,C3_action_intent,both_direct,C3_action_intent,询问男子携带设备走向厨房的空间方向,对“男子抱着设备走向厨房哪个方向？”，核心要求把可见空间行动与其目标、去向或即时结果绑定，直接考查 C3 行动与意图。；同时还需处理相机、行动者或对象参照。
scope-0583,镜头是在经过牛群之前还是之后进入较直的路段？,directly_in_scope,C2_dynamic_spatial,supporting_operation,C2_dynamic_spatial,both_covered_with_support,C2_dynamic_spatial,询问沿道路经过牛群与进入直路的路径顺序,对“镜头是在经过牛群之前还是之后进入较直的路段？”，表层只问运动终点、局部动态关系或空间事件顺序；在该具体运动过程中它是 C2 的必要基础操作，但未直接要求建模完整关系变化。
scope-0584,海边住宅相对水面位于高处还是低处？,supporting_operation,C2_dynamic_spatial,outside_scope,NONE,binary_coverage_contested,DISAGREEMENT,询问住宅相对水面的静态高低关系,对“海边住宅相对水面位于高处还是低处？”，只需读取单点静态位置或方位，且没有明确动态过程或视角转换；不能仅因含空间词就归入六维。
scope-0585,人群在广场中的密度随镜头移动如何变化？,directly_in_scope,C6_reference_frame,directly_in_scope,C2_dynamic_spatial,both_direct,DISAGREEMENT,询问镜头移动时人群在画面中的密度变化,对“人群在广场中的密度随镜头移动如何变化？”，核心要求跟踪对象间位置、方向、距离或轨迹随时间的变化，直接考查 C2 动态空间关系。；同时还需处理相机、行动者或对象参照。
scope-0586,绿色招牌先出现还是大型红色招牌先出现？,supporting_operation,C2_dynamic_spatial,outside_scope,NONE,binary_coverage_contested,DISAGREEMENT,询问移动路径中两个招牌出现的顺序,对“绿色招牌先出现还是大型红色招牌先出现？”，核心只是一般事件或镜头展示顺序；题面未表明该顺序是六维高层推理的必要组成，因此判为范围外。
scope-0587,男子打开了旧车的哪扇门？,directly_in_scope,C3_action_intent,outside_scope,NONE,binary_coverage_contested,DISAGREEMENT,询问男子开门行动所作用的具体车门,对“男子打开了旧车的哪扇门？”，核心只是数量、身份、外观属性或普通实体识别；不要求六维中的持续追踪、动态关系、空间目标、预测、状态转变或参照转换。
scope-0588,肉块在处理过程中是否被分成更小部分？,directly_in_scope,C5_deformation_state,directly_in_scope,C5_deformation_state,both_direct,C5_deformation_state,询问肉块在处理过程中是否分裂为更小部分,对“肉块在处理过程中是否被分成更小部分？”，核心要求识别开合、弯曲、组装、分离、破坏或状态转变，直接考查 C5 形变与状态变化。
scope-0589,无人机短暂变小时是否仍保持在画面中央附近？,directly_in_scope,C6_reference_frame,supporting_operation,C1_occlusion_permanence,both_covered_with_support,DISAGREEMENT,询问无人机远离变小时是否仍保持画面中央位置,对“无人机短暂变小时是否仍保持在画面中央附近？”，表层只判断进入/离开视野、遮挡时点或持续可见性；在该具体语境中它是 C1 的明确追踪操作，但未直接询问隐藏后的持续存在。；同时还需处理相机、行动者或对象参照。
scope-0590,镜头移动时住宅群在画面中向哪侧移动？,directly_in_scope,C6_reference_frame,directly_in_scope,C2_dynamic_spatial,both_direct,DISAGREEMENT,询问镜头移动时住宅群在画面中的运动方向,对“镜头移动时住宅群在画面中向哪侧移动？”，核心要求跟踪对象间位置、方向、距离或轨迹随时间的变化，直接考查 C2 动态空间关系。；同时还需处理相机、行动者或对象参照。
scope-0591,黑衣男子手指向岩石的哪个部位？,directly_in_scope,C3_action_intent,directly_in_scope,C3_action_intent,both_direct,C3_action_intent,询问男子手指指向的岩石具体部位,对“黑衣男子手指向岩石的哪个部位？”，核心要求把可见空间行动与其目标、去向或即时结果绑定，直接考查 C3 行动与意图。
scope-0592,镜头从高尔夫球员转向果岭旗杆的顺序是什么？,outside_scope,NONE,outside_scope,NONE,both_outside_scope,NONE,只询问镜头从球员转向旗杆的展示顺序,对“镜头从高尔夫球员转向果岭旗杆的顺序是什么？”，核心只是一般事件或镜头展示顺序；题面未表明该顺序是六维高层推理的必要组成，因此判为范围外。
scope-0593,说明书相对鼠标和电池放在桌面的哪一侧？,supporting_operation,C2_dynamic_spatial,outside_scope,NONE,binary_coverage_contested,DISAGREEMENT,询问桌面三件物体的静态相对位置,对“说明书相对鼠标和电池放在桌面的哪一侧？”，只需读取单点静态位置或方位，且没有明确动态过程或视角转换；不能仅因含空间词就归入六维。
scope-0594,镜头移动时三脚架相对沙发的位置如何变化？,directly_in_scope,C6_reference_frame,directly_in_scope,C6_reference_frame,both_direct,C6_reference_frame,询问镜头移动时三脚架相对沙发的位置变化,对“镜头移动时三脚架相对沙发的位置如何变化？”，核心要求在明确的相机、行动者或对象视角下表示或转换空间方向，直接考查 C6 参照系。；同时还需跟踪相关空间关系或轨迹的时间变化。
scope-0595,路牌先出现还是大片针叶树先出现？,supporting_operation,C2_dynamic_spatial,outside_scope,NONE,binary_coverage_contested,DISAGREEMENT,询问移动路径中路牌与树林出现的顺序,对“路牌先出现还是大片针叶树先出现？”，核心只是一般事件或镜头展示顺序；题面未表明该顺序是六维高层推理的必要组成，因此判为范围外。
scope-0596,汽车经过近处后车头朝向如何改变？,directly_in_scope,C6_reference_frame,directly_in_scope,C2_dynamic_spatial,both_direct,DISAGREEMENT,询问汽车经过相机附近后车头朝向变化,对“汽车经过近处后车头朝向如何改变？”，核心要求跟踪对象间位置、方向、距离或轨迹随时间的变化，直接考查 C2 动态空间关系。；同时还需处理相机、行动者或对象参照。
scope-0597,白队球员突破后射门是否得分？,directly_in_scope,C3_action_intent,directly_in_scope,C3_action_intent,both_direct,C3_action_intent,询问球员突破后射门行动是否实现得分目标,对“白队球员突破后射门是否得分？”，核心要求把可见空间行动与其目标、去向或即时结果绑定，直接考查 C3 行动与意图。
scope-0598,工具始终位于瓷砖孔洞的右侧吗？,supporting_operation,C2_dynamic_spatial,directly_in_scope,C2_dynamic_spatial,both_covered_with_support,C2_dynamic_spatial,询问工具与瓷砖孔洞的静态侧向关系,对“工具始终位于瓷砖孔洞的右侧吗？”，核心要求跟踪对象间位置、方向、距离或轨迹随时间的变化，直接考查 C2 动态空间关系。
scope-0599,右手先穿绳还是先拉紧绳端？,supporting_operation,C5_deformation_state,supporting_operation,C3_action_intent,both_covered_with_support,DISAGREEMENT,询问穿绳与拉紧绳端两个结构操作的顺序,对“右手先穿绳还是先拉紧绳端？”，表层只问动作识别或操作先后；该具体操作围绕空间目标、受体或结果展开，是 C3 的必要基础操作，但未直接询问意图本身。
scope-0600,冲浪者接近岩石后是否离开冲浪板？,directly_in_scope,C2_dynamic_spatial,directly_in_scope,C5_deformation_state,both_direct,DISAGREEMENT,询问接近岩石后人与冲浪板是否发生分离,对“冲浪者接近岩石后是否离开冲浪板？”，核心要求识别开合、弯曲、组装、分离、破坏或状态转变，直接考查 C5 形变与状态变化。；同时还需跟踪相关空间关系或轨迹的时间变化。
scope-0601,男子先取下悬挂物还是先走向室外？,supporting_operation,C3_action_intent,supporting_operation,C3_action_intent,both_covered_with_support,C3_action_intent,询问取下悬挂物与走向室外两个行动阶段的顺序,对“男子先取下悬挂物还是先走向室外？”，表层只问动作识别或操作先后；该具体操作围绕空间目标、受体或结果展开，是 C3 的必要基础操作，但未直接询问意图本身。
scope-0602,桌面物品在拆包过程中如何重新排列？,directly_in_scope,C2_dynamic_spatial,directly_in_scope,C2_dynamic_spatial,both_direct,C2_dynamic_spatial,询问拆包过程中桌面物品空间排列的变化,对“桌面物品在拆包过程中如何重新排列？”，核心要求跟踪对象间位置、方向、距离或轨迹随时间的变化，直接考查 C2 动态空间关系。；同时还需识别形变、开合或组装状态。
scope-0603,无人机是先远离相机还是先靠近相机？,directly_in_scope,C6_reference_frame,directly_in_scope,C2_dynamic_spatial,both_direct,DISAGREEMENT,相对相机追踪无人机远离与靠近的运动顺序,对“无人机是先远离相机还是先靠近相机？”，核心要求跟踪对象间位置、方向、距离或轨迹随时间的变化，直接考查 C2 动态空间关系。
scope-0604,两名男子先讨论发动机舱还是先展示驾驶室？,outside_scope,NONE,outside_scope,NONE,both_outside_scope,NONE,只比较讨论发动机舱与展示驾驶室的讲解顺序,对“两名男子先讨论发动机舱还是先展示驾驶室？”，核心只是一般事件或镜头展示顺序；题面未表明该顺序是六维高层推理的必要组成，因此判为范围外。
scope-0605,镜头先展示墙上镜子还是桌面灯具？,outside_scope,NONE,outside_scope,NONE,both_outside_scope,NONE,只比较镜子与灯具的镜头展示顺序,对“镜头先展示墙上镜子还是桌面灯具？”，核心只是一般事件或镜头展示顺序；题面未表明该顺序是六维高层推理的必要组成，因此判为范围外。
scope-0606,狗与右侧栏杆的距离如何变化？,directly_in_scope,C2_dynamic_spatial,directly_in_scope,C2_dynamic_spatial,both_direct,C2_dynamic_spatial,询问狗与栏杆之间距离的变化,对“狗与右侧栏杆的距离如何变化？”，核心要求跟踪对象间位置、方向、距离或轨迹随时间的变化，直接考查 C2 动态空间关系。
scope-0607,镜头先展示花园石像还是先展示戴口罩男子？,outside_scope,NONE,outside_scope,NONE,both_outside_scope,NONE,只比较石像与人物的镜头展示顺序,对“镜头先展示花园石像还是先展示戴口罩男子？”，核心只是一般事件或镜头展示顺序；题面未表明该顺序是六维高层推理的必要组成，因此判为范围外。
scope-0608,白车绕障碍物时行驶轨迹呈什么形状？,directly_in_scope,C2_dynamic_spatial,directly_in_scope,C2_dynamic_spatial,both_direct,C2_dynamic_spatial,询问白车绕障碍物时的行驶轨迹形状,对“白车绕障碍物时行驶轨迹呈什么形状？”，核心要求跟踪对象间位置、方向、距离或轨迹随时间的变化，直接考查 C2 动态空间关系。
scope-0609,车辆最终停在道路上吗？,supporting_operation,C2_dynamic_spatial,supporting_operation,C2_dynamic_spatial,both_covered_with_support,C2_dynamic_spatial,询问车辆最终是否停在道路上的空间终态,对“车辆最终停在道路上吗？”，表层只问运动终点、局部动态关系或空间事件顺序；在该具体运动过程中它是 C2 的必要基础操作，但未直接要求建模完整关系变化。
scope-0610,男子从远处走近后主要朝哪个方向手势示意？,directly_in_scope,C3_action_intent,directly_in_scope,C3_action_intent,both_direct,C3_action_intent,询问男子走近后的手势指示方向,对“男子从远处走近后主要朝哪个方向手势示意？”，核心要求把可见空间行动与其目标、去向或即时结果绑定，直接考查 C3 行动与意图。；同时还需处理相机、行动者或对象参照。
scope-0611,大型银色鱼与红色虾哪一个先出现？,outside_scope,NONE,outside_scope,NONE,both_outside_scope,NONE,核心是两类水生动物的出现顺序,对“大型银色鱼与红色虾哪一个先出现？”，核心只是一般事件或镜头展示顺序；题面未表明该顺序是六维高层推理的必要组成，因此判为范围外。
scope-0612,冲浪者跌入浪花后是否再次露出水面？,directly_in_scope,C1_occlusion_permanence,directly_in_scope,C1_occlusion_permanence,both_direct,C1_occlusion_permanence,需要追踪冲浪者跌入浪花遮挡后是否重新出现,对“冲浪者跌入浪花后是否再次露出水面？”，核心要求跨遮挡、离开视野或可见性变化持续追踪对象及其再现，直接考查 C1 遮挡与客体持续性。
scope-0613,镜头移动后哪栋房屋进入画面中央？,directly_in_scope,C6_reference_frame,directly_in_scope,C6_reference_frame,both_direct,C6_reference_frame,询问镜头移动后哪栋房屋进入画面中央,对“镜头移动后哪栋房屋进入画面中央？”，核心要求在明确的相机、行动者或对象视角下表示或转换空间方向，直接考查 C6 参照系。；同时还需跟踪相关空间关系或轨迹的时间变化。
scope-0614,航拍镜头从空地向居民区靠近时距离如何变化？,directly_in_scope,C6_reference_frame,directly_in_scope,C2_dynamic_spatial,both_direct,DISAGREEMENT,询问航拍相机靠近居民区时的距离变化,对“航拍镜头从空地向居民区靠近时距离如何变化？”，核心要求跟踪对象间位置、方向、距离或轨迹随时间的变化，直接考查 C2 动态空间关系。
scope-0615,包装从封闭到展开经历了什么状态变化？,directly_in_scope,C5_deformation_state,directly_in_scope,C5_deformation_state,both_direct,C5_deformation_state,询问包装由封闭到展开的状态变化,对“包装从封闭到展开经历了什么状态变化？”，核心要求识别开合、弯曲、组装、分离、破坏或状态转变，直接考查 C5 形变与状态变化。
scope-0616,飞机经过航站楼上空时是否已经离地？,directly_in_scope,C2_dynamic_spatial,supporting_operation,C2_dynamic_spatial,both_covered_with_support,C2_dynamic_spatial,询问飞机经过航站楼时与地面的高度关系,对“飞机经过航站楼上空时是否已经离地？”，表层只问运动终点、局部动态关系或空间事件顺序；在该具体运动过程中它是 C2 的必要基础操作，但未直接要求建模完整关系变化。
scope-0617,狗在远处变小后是否仍可被持续追踪？,directly_in_scope,C1_occlusion_permanence,directly_in_scope,C1_occlusion_permanence,both_direct,C1_occlusion_permanence,追踪狗远离变小后是否仍能保持视觉连续性,对“狗在远处变小后是否仍可被持续追踪？”，核心要求跨遮挡、离开视野或可见性变化持续追踪对象及其再现，直接考查 C1 遮挡与客体持续性。
scope-0618,水面相对远岸树木的位置是否保持稳定？,directly_in_scope,C2_dynamic_spatial,directly_in_scope,C2_dynamic_spatial,both_direct,C2_dynamic_spatial,需要跨镜头判断水面与远岸树木的位置关系是否稳定,对“水面相对远岸树木的位置是否保持稳定？”，核心要求跟踪对象间位置、方向、距离或轨迹随时间的变化，直接考查 C2 动态空间关系。
scope-0619,球员与球洞之间的距离随镜头推进如何变化？,directly_in_scope,C6_reference_frame,directly_in_scope,C6_reference_frame,both_direct,C6_reference_frame,询问镜头推进时球员与球洞的距离变化,对“球员与球洞之间的距离随镜头推进如何变化？”，核心要求在明确的相机、行动者或对象视角下表示或转换空间方向，直接考查 C6 参照系。；同时还需跟踪相关空间关系或轨迹的时间变化。
scope-0620,白车在空地中是否完成转弯？,directly_in_scope,C2_dynamic_spatial,directly_in_scope,C2_dynamic_spatial,both_direct,C2_dynamic_spatial,询问白车在空地中的转弯轨迹,对“白车在空地中是否完成转弯？”，核心要求跟踪对象间位置、方向、距离或轨迹随时间的变化，直接考查 C2 动态空间关系。
scope-0621,女子是否完整穿过狭窄石门？,directly_in_scope,C2_dynamic_spatial,supporting_operation,C2_dynamic_spatial,both_covered_with_support,C2_dynamic_spatial,询问女子是否完成穿过狭窄石门的运动过程,对“女子是否完整穿过狭窄石门？”，表层只问运动终点、局部动态关系或空间事件顺序；在该具体运动过程中它是 C2 的必要基础操作，但未直接要求建模完整关系变化。
scope-0622,镜头移动时海滨住宅何时进入中央？,directly_in_scope,C6_reference_frame,directly_in_scope,C6_reference_frame,both_direct,C6_reference_frame,询问镜头移动时住宅进入画面中央的时点,对“镜头移动时海滨住宅何时进入中央？”，核心要求在明确的相机、行动者或对象视角下表示或转换空间方向，直接考查 C6 参照系。；同时还需跟踪相关空间关系或轨迹的时间变化。
scope-0623,两人主要查看车辆的侧面还是尾部？,directly_in_scope,C3_action_intent,directly_in_scope,C3_action_intent,both_direct,C3_action_intent,询问两人查看车辆时选择的空间目标区域,对“两人主要查看车辆的侧面还是尾部？”，核心要求把可见空间行动与其目标、去向或即时结果绑定，直接考查 C3 行动与意图。
scope-0624,折叠机构位于后轮的哪一侧？,supporting_operation,C5_deformation_state,outside_scope,NONE,binary_coverage_contested,DISAGREEMENT,询问折叠机构在后轮组件中的静态位置,对“折叠机构位于后轮的哪一侧？”，只需读取单点静态位置或方位，且没有明确动态过程或视角转换；不能仅因含空间词就归入六维。
scope-0625,鳐鱼相对岸边的位置如何变化？,directly_in_scope,C2_dynamic_spatial,directly_in_scope,C2_dynamic_spatial,both_direct,C2_dynamic_spatial,询问鳐鱼相对岸边的位置变化,对“鳐鱼相对岸边的位置如何变化？”，核心要求跟踪对象间位置、方向、距离或轨迹随时间的变化，直接考查 C2 动态空间关系。
scope-0626,男子是否一直保持面向水面？,supporting_operation,C6_reference_frame,directly_in_scope,C2_dynamic_spatial,both_covered_with_support,DISAGREEMENT,追踪男子操作时相对水面的主体朝向,对“男子是否一直保持面向水面？”，核心要求跟踪对象间位置、方向、距离或轨迹随时间的变化，直接考查 C2 动态空间关系。；同时还需处理相机、行动者或对象参照。
scope-0627,黄色车道结束标志出现于匝道分离之前吗？,supporting_operation,C2_dynamic_spatial,supporting_operation,C2_dynamic_spatial,both_covered_with_support,C2_dynamic_spatial,询问出口标志与匝道分离两个路径线索的顺序,对“黄色车道结束标志出现于匝道分离之前吗？”，表层只问运动终点、局部动态关系或空间事件顺序；在该具体运动过程中它是 C2 的必要基础操作，但未直接要求建模完整关系变化。
scope-0628,黄色工具相对编织板位于哪一侧？,supporting_operation,C2_dynamic_spatial,outside_scope,NONE,binary_coverage_contested,DISAGREEMENT,询问工具与编织板的静态侧向关系,对“黄色工具相对编织板位于哪一侧？”，只需读取单点静态位置或方位，且没有明确动态过程或视角转换；不能仅因含空间词就归入六维。
scope-0629,冲浪者下板的直接目标是避免什么？,directly_in_scope,C3_action_intent,directly_in_scope,C3_action_intent,both_direct,C3_action_intent,直接询问冲浪者下板行动所要避免的结果,对“冲浪者下板的直接目标是避免什么？”，核心要求把可见空间行动与其目标、去向或即时结果绑定，直接考查 C3 行动与意图。
scope-0630,马接近镜头后从哪一侧经过？,directly_in_scope,C6_reference_frame,directly_in_scope,C2_dynamic_spatial,both_direct,DISAGREEMENT,询问马接近相机后从哪一侧经过,对“马接近镜头后从哪一侧经过？”，核心要求跟踪对象间位置、方向、距离或轨迹随时间的变化，直接考查 C2 动态空间关系。；同时还需处理相机、行动者或对象参照。
scope-0631,点亮的圆柱灯位于白色花瓶哪一侧？,supporting_operation,C2_dynamic_spatial,outside_scope,NONE,binary_coverage_contested,DISAGREEMENT,询问灯与花瓶的静态侧向关系,对“点亮的圆柱灯位于白色花瓶哪一侧？”，只需读取单点静态位置或方位，且没有明确动态过程或视角转换；不能仅因含空间词就归入六维。
scope-0632,桥墩相对小船从哪侧经过？,directly_in_scope,C6_reference_frame,directly_in_scope,C2_dynamic_spatial,both_direct,DISAGREEMENT,询问小船通过时桥墩相对相机从哪侧经过,对“桥墩相对小船从哪侧经过？”，核心要求跟踪对象间位置、方向、距离或轨迹随时间的变化，直接考查 C2 动态空间关系。
scope-0633,冲浪者失去平衡前是否完成转向？,directly_in_scope,C2_dynamic_spatial,supporting_operation,C2_dynamic_spatial,both_covered_with_support,C2_dynamic_spatial,询问冲浪者失去平衡前是否完成转向,对“冲浪者失去平衡前是否完成转向？”，表层只问运动终点、局部动态关系或空间事件顺序；在该具体运动过程中它是 C2 的必要基础操作，但未直接要求建模完整关系变化。
scope-0634,手中物品相对栏杆位于哪一侧？,supporting_operation,C2_dynamic_spatial,supporting_operation,C6_reference_frame,both_covered_with_support,DISAGREEMENT,询问手中物品与栏杆的静态侧向关系,对“手中物品相对栏杆位于哪一侧？”，表层只读取固定时刻的方向、朝向或哪一侧，是 C6 的参照表达基础操作，但未要求显式视角转换。
scope-0635,海浪涌来时人群先后退还是先伸手？,directly_in_scope,C3_action_intent,supporting_operation,C3_action_intent,both_covered_with_support,C3_action_intent,需要理解人群对涌来海浪作出的后退或伸手反应,对“海浪涌来时人群先后退还是先伸手？”，表层只问动作识别或操作先后；该具体操作围绕空间目标、受体或结果展开，是 C3 的必要基础操作，但未直接询问意图本身。
scope-0636,火箭在片段中是否发生真实位移？,directly_in_scope,C2_dynamic_spatial,directly_in_scope,C2_dynamic_spatial,both_direct,C2_dynamic_spatial,询问火箭在片段中是否发生真实空间位移,对“火箭在片段中是否发生真实位移？”，核心要求跟踪对象间位置、方向、距离或轨迹随时间的变化，直接考查 C2 动态空间关系。
scope-0637,行驶车辆在出口分岔处选择了哪条车道？,directly_in_scope,C2_dynamic_spatial,directly_in_scope,C3_action_intent,both_direct,DISAGREEMENT,询问车辆在出口分岔处选择的行驶轨迹,对“行驶车辆在出口分岔处选择了哪条车道？”，核心要求把可见空间行动与其目标、去向或即时结果绑定，直接考查 C3 行动与意图。
scope-0638,直升机相对树篱高度如何变化？,directly_in_scope,C2_dynamic_spatial,directly_in_scope,C2_dynamic_spatial,both_direct,C2_dynamic_spatial,询问直升机相对树篱的高度变化,对“直升机相对树篱高度如何变化？”，核心要求跟踪对象间位置、方向、距离或轨迹随时间的变化，直接考查 C2 动态空间关系。
scope-0639,翻滚后他相对相机向哪个方向移动？,directly_in_scope,C6_reference_frame,supporting_operation,C6_reference_frame,both_covered_with_support,C6_reference_frame,询问翻滚后人物相对相机的运动方向,对“翻滚后他相对相机向哪个方向移动？”，表层只读取固定时刻的方向、朝向或哪一侧，是 C6 的参照表达基础操作，但未要求显式视角转换。
scope-0640,鱼钩从鱼口取出后鱼的状态如何变化？,directly_in_scope,C5_deformation_state,directly_in_scope,C5_deformation_state,both_direct,C5_deformation_state,询问取出鱼钩后鱼的状态变化,对“鱼钩从鱼口取出后鱼的状态如何变化？”，核心要求识别开合、弯曲、组装、分离、破坏或状态转变，直接考查 C5 形变与状态变化。
scope-0641,游泳者从远处接近相机时是否一直面向相机？,directly_in_scope,C6_reference_frame,directly_in_scope,C2_dynamic_spatial,both_direct,DISAGREEMENT,追踪游泳者靠近相机时是否持续面向相机,对“游泳者从远处接近相机时是否一直面向相机？”，核心要求跟踪对象间位置、方向、距离或轨迹随时间的变化，直接考查 C2 动态空间关系。；同时还需处理相机、行动者或对象参照。
scope-0642,镜头先展示海岸还是先展示男子面部？,outside_scope,NONE,outside_scope,NONE,both_outside_scope,NONE,只比较海岸与男子面部的镜头展示顺序,对“镜头先展示海岸还是先展示男子面部？”，核心只是一般事件或镜头展示顺序；题面未表明该顺序是六维高层推理的必要组成，因此判为范围外。
scope-0643,马群通过终点区域前是否逐渐拉开距离？,directly_in_scope,C2_dynamic_spatial,directly_in_scope,C2_dynamic_spatial,both_direct,C2_dynamic_spatial,询问马群通过终点前成员距离是否拉开,对“马群通过终点区域前是否逐渐拉开距离？”，核心要求跟踪对象间位置、方向、距离或轨迹随时间的变化，直接考查 C2 动态空间关系。
scope-0644,镜头先展示圣诞树还是蛋糕柜台？,outside_scope,NONE,outside_scope,NONE,both_outside_scope,NONE,只比较圣诞树与蛋糕柜台的镜头展示顺序,对“镜头先展示圣诞树还是蛋糕柜台？”，核心只是一般事件或镜头展示顺序；题面未表明该顺序是六维高层推理的必要组成，因此判为范围外。
scope-0645,甜点出现发生在顾客到达柜台之前还是之后？,outside_scope,NONE,outside_scope,NONE,both_outside_scope,NONE,只比较甜点出现与顾客到达的一般事件顺序,对“甜点出现发生在顾客到达柜台之前还是之后？”，核心只是一般事件或镜头展示顺序；题面未表明该顺序是六维高层推理的必要组成，因此判为范围外。
scope-0646,他先绕绳还是先拉紧绳结？,supporting_operation,C5_deformation_state,supporting_operation,C5_deformation_state,both_covered_with_support,C5_deformation_state,询问绕绳与拉紧绳结两个结构操作的顺序,对“他先绕绳还是先拉紧绳结？”，表层只问加工/组装步骤、成品位置或局部状态，是 C5 的明确基础操作，但未直接要求解释完整状态转变。
scope-0647,前半段可见的大型银色鱼有几条？,outside_scope,NONE,outside_scope,NONE,both_outside_scope,NONE,核心是对大型银色鱼进行数量统计,对“前半段可见的大型银色鱼有几条？”，核心只是数量、身份、外观属性或普通实体识别；不要求六维中的持续追踪、动态关系、空间目标、预测、状态转变或参照转换。
scope-0648,相机转向自拍时地平线在画面中如何移动？,directly_in_scope,C6_reference_frame,directly_in_scope,C6_reference_frame,both_direct,C6_reference_frame,询问相机转向自拍时地平线在画面中的运动,对“相机转向自拍时地平线在画面中如何移动？”，核心要求在明确的相机、行动者或对象视角下表示或转换空间方向，直接考查 C6 参照系。；同时还需跟踪相关空间关系或轨迹的时间变化。
scope-0649,展开后的踏板位于保险杠上方还是下方？,supporting_operation,C5_deformation_state,supporting_operation,C5_deformation_state,both_covered_with_support,C5_deformation_state,询问展开踏板与保险杠的结构位置关系,对“展开后的踏板位于保险杠上方还是下方？”，表层只问加工/组装步骤、成品位置或局部状态，是 C5 的明确基础操作，但未直接要求解释完整状态转变。；同时还需跟踪相关空间关系或轨迹的时间变化。
scope-0650,男子操作时肉块相对其身体位于哪一侧？,directly_in_scope,C6_reference_frame,supporting_operation,C6_reference_frame,both_covered_with_support,C6_reference_frame,以男子身体为参考判断肉块方位,对“男子操作时肉块相对其身体位于哪一侧？”，表层只读取固定时刻的方向、朝向或哪一侧，是 C6 的参照表达基础操作，但未要求显式视角转换。
scope-0651,白车先出现在画面右侧还是左侧？,directly_in_scope,C6_reference_frame,supporting_operation,C6_reference_frame,both_covered_with_support,C6_reference_frame,询问白车从画面哪一侧先出现,对“白车先出现在画面右侧还是左侧？”，表层只读取固定时刻的方向、朝向或哪一侧，是 C6 的参照表达基础操作，但未要求显式视角转换。
scope-0652,大象与随行步行者的前后关系如何变化？,directly_in_scope,C2_dynamic_spatial,directly_in_scope,C2_dynamic_spatial,both_direct,C2_dynamic_spatial,询问大象与步行者的前后关系变化,对“大象与随行步行者的前后关系如何变化？”，核心要求跟踪对象间位置、方向、距离或轨迹随时间的变化，直接考查 C2 动态空间关系。
scope-0653,板与人分离发生在浪花遮挡之前还是之后？,directly_in_scope,C1_occlusion_permanence,supporting_operation,C1_occlusion_permanence,both_covered_with_support,C1_occlusion_permanence,询问板与人分离及浪花遮挡的时间关系,对“板与人分离发生在浪花遮挡之前还是之后？”，表层只判断进入/离开视野、遮挡时点或持续可见性；在该具体语境中它是 C1 的明确追踪操作，但未直接询问隐藏后的持续存在。；同时还需识别形变、开合或组装状态。
scope-0654,男子先启动车床还是先用工具接触木杆？,supporting_operation,C5_deformation_state,supporting_operation,C3_action_intent,both_covered_with_support,DISAGREEMENT,询问启动车床与工具接触木杆的加工顺序,对“男子先启动车床还是先用工具接触木杆？”，表层只问动作识别或操作先后；该具体操作围绕空间目标、受体或结果展开，是 C3 的必要基础操作，但未直接询问意图本身。；同时还需识别形变、开合或组装状态。
scope-0655,冲浪者在浪上是否多次改变朝向？,directly_in_scope,C2_dynamic_spatial,directly_in_scope,C2_dynamic_spatial,both_direct,C2_dynamic_spatial,需要跨片段追踪冲浪者多次朝向变化,对“冲浪者在浪上是否多次改变朝向？”，核心要求跟踪对象间位置、方向、距离或轨迹随时间的变化，直接考查 C2 动态空间关系。；同时还需处理相机、行动者或对象参照。
scope-0656,升降桥的桥面处于抬起状态吗？,directly_in_scope,C5_deformation_state,directly_in_scope,C5_deformation_state,both_direct,C5_deformation_state,询问升降桥桥面是否处于抬起状态,对“升降桥的桥面处于抬起状态吗？”，核心要求识别开合、弯曲、组装、分离、破坏或状态转变，直接考查 C5 形变与状态变化。
scope-0657,车辆最终朝向画面哪一侧？,directly_in_scope,C6_reference_frame,supporting_operation,C6_reference_frame,both_covered_with_support,C6_reference_frame,询问车辆最终在画面参考系中的朝向,对“车辆最终朝向画面哪一侧？”，表层只读取固定时刻的方向、朝向或哪一侧，是 C6 的参照表达基础操作，但未要求显式视角转换。
scope-0658,男子抛动橙色绳索后绳圈落在身体哪一侧？,directly_in_scope,C6_reference_frame,directly_in_scope,C3_action_intent,both_direct,DISAGREEMENT,以男子身体为参考判断抛绳后绳圈落点,对“男子抛动橙色绳索后绳圈落在身体哪一侧？”，核心要求把可见空间行动与其目标、去向或即时结果绑定，直接考查 C3 行动与意图。；同时还需处理相机、行动者或对象参照。
scope-0659,无人机何时从湖对岸进入画面？,directly_in_scope,C6_reference_frame,directly_in_scope,C1_occlusion_permanence,both_direct,DISAGREEMENT,询问无人机何时从湖对岸进入画面,对“无人机何时从湖对岸进入画面？”，核心要求跨遮挡、离开视野或可见性变化持续追踪对象及其再现，直接考查 C1 遮挡与客体持续性。
scope-0660,驶向红灯停车队列时，本车是从黑色汽车左侧还是右侧接近？,directly_in_scope,C6_reference_frame,directly_in_scope,C6_reference_frame,both_direct,C6_reference_frame,从本车视角判断接近停车队列时相对黑车的侧向路径,对“驶向红灯停车队列时，本车是从黑色汽车左侧还是右侧接近？”，核心要求在明确的相机、行动者或对象视角下表示或转换空间方向，直接考查 C6 参照系。；同时还需跟踪相关空间关系或轨迹的时间变化。
scope-0661,道路位于陡坡上方还是下方？,supporting_operation,C2_dynamic_spatial,outside_scope,NONE,binary_coverage_contested,DISAGREEMENT,询问道路与陡坡的静态上下关系,对“道路位于陡坡上方还是下方？”，只需读取单点静态位置或方位，且没有明确动态过程或视角转换；不能仅因含空间词就归入六维。
scope-0662,讲解者反复指向车辆的哪个区域？,directly_in_scope,C3_action_intent,directly_in_scope,C3_action_intent,both_direct,C3_action_intent,询问讲解者反复指向的车辆目标区域,对“讲解者反复指向车辆的哪个区域？”，核心要求把可见空间行动与其目标、去向或即时结果绑定，直接考查 C3 行动与意图。
scope-0663,骑手与相机之间的距离如何变化？,directly_in_scope,C6_reference_frame,directly_in_scope,C2_dynamic_spatial,both_direct,DISAGREEMENT,询问骑手与相机之间距离的变化,对“骑手与相机之间的距离如何变化？”，核心要求跟踪对象间位置、方向、距离或轨迹随时间的变化，直接考查 C2 动态空间关系。
scope-0664,镜头是否从悍马车头移动到车尾？,directly_in_scope,C6_reference_frame,directly_in_scope,C2_dynamic_spatial,both_direct,DISAGREEMENT,询问镜头是否沿悍马由车头移动到车尾,对“镜头是否从悍马车头移动到车尾？”，核心要求跟踪对象间位置、方向、距离或轨迹随时间的变化，直接考查 C2 动态空间关系。；同时还需处理相机、行动者或对象参照。
scope-0665,鱼竿在末段是否明显弯曲？,directly_in_scope,C5_deformation_state,directly_in_scope,C5_deformation_state,both_direct,C5_deformation_state,询问鱼竿末段是否出现明显弯曲状态,对“鱼竿在末段是否明显弯曲？”，核心要求识别开合、弯曲、组装、分离、破坏或状态转变，直接考查 C5 形变与状态变化。
scope-0666,远处树木相对观察者向哪个方向移动？,directly_in_scope,C6_reference_frame,directly_in_scope,C6_reference_frame,both_direct,C6_reference_frame,以观察者为参考判断远处树木的相对运动方向,对“远处树木相对观察者向哪个方向移动？”，核心要求在明确的相机、行动者或对象视角下表示或转换空间方向，直接考查 C6 参照系。；同时还需跟踪相关空间关系或轨迹的时间变化。
