probe_sample_id,source_sample_id,benchmark_index,video,original_question,original_ground_truth,category_id,category,scene_type,question_type,assigned_probe_type,assigned_probe_subtype,target_answer_position,source_sample_sha256,selection_sha256
probe-0001,pc-0225,1429,cCzDa3zWdjo_39_0_09_15_933_to_0_09_26_600.mp4,"[Single-Choice] At the end of the video, the rider points with her left hand across her body. Based on this gesture and the layout of the field, what is she most likely indicating to the person filming? [Options] A) The direction she and the horse will go next. B) The location of an obstacle off-screen to the camera's left. C) An obstacle located to the right from the camera's perspective. D) That she is finished with the exercise.",C,3,Action and Intent-Driven Spatial Reasoning,Human-Centric,Single-Choice,action_event,action_recognition,A,391316aaa5c76df3a88d72a47056add2f371ac7b6b9db98340c4a0843acbc855,2afc1ff69ab3c269fe8cf3aac482c00ccb0dc547d05af87cd18a990d6a2c5ecc
probe-0002,pc-0325,2284,cvHz5JgkzlM_41_0_06_01_094_to_0_06_15_742.mp4,"[Single-Choice] If the car had continued its trajectory and rotation from the point seen at the 0:07 mark without the driver correcting its path, which object would it have most likely collided with? [Options] A) The parked semi-trailer on the right. B) The green dumpsters. C) The white truck that briefly enters from the left. D) The loading dock doors of the main building.",D,4,Predictive and Counterfactual Spatial Reasoning,Human-Centric,Single-Choice,entity,object_actor_presence,B,5ffb229dd0ab7795f7c87f65fdd68bf9f9a298d6803edfe5700118256b33cc61,725049f3c019dadf3816dc1cc780625e9594ddc8031bd86720fe77ea4f8275f3
probe-0003,pc-0435,4561,TZckze5qCeY_24_0_03_32_812_to_0_03_51_664.mp4,"[True/False] When the person opens the device, the top lid moves away from the camera to reveal the interior.",False,5,Object Deformation and State Transition,Human-Centric,True/False,simple_relation,orientation,A,3dfb572631ea0c974134af4bdcdb7efec22eee191de7af56f7ce01d3b3fcc8f9,a527c7032df12c501c4c3a1ddd0539d55a46cced2ae08bb27fa9de14f7d8cdf4
probe-0004,pc-0107,287,4K8-QImEpk0_7_0_00_50_479_to_0_01_04_120.mp4,[True/False] The piece that breaks off the fishing rod travels in a high arc before landing in the water.,False,2,Dynamic Spatial Relationships,Human-Centric,True/False,action_event,action_recognition,B,bb17935f6f94d0bf892640845e51d21d96bab0d49d9fea9b96b120eecbe80899,87ec37fd808b8887412096b1e168e677924121ba586694cae5fafbfc91a270fb
probe-0005,pc-0060,4749,VpbGt1S2_MA_15_0_01_26_553_to_0_01_39_399.mp4,"[True/False] During the moment the white boat (sail number 3412) overtakes the yellow boat, the person steering the yellow boat is completely hidden from the camera's view by the white boat's sail.",False,1,Object Permanence and Occlusion Tracking,Human-Centric,True/False,simple_relation,simple_spatial_relation,C,7f95413b03f10d745272601caf1ff1b781e9aea36dea40c25d4e5abd20c2dbea,7247142d2dbe4bd15b2644a913a67f7bcaa8c632da0057b6aa9a46e2b63d90b3
probe-0006,pc-0267,5952,sdQGcOEbh3Y_25_0_02_45_333_to_0_02_57_900.mp4,"[Multiple-Select] Based on the puma's body language (lowered head, tentative paw extensions, focused gaze), which of the following spatial intentions can be inferred? (Select all that apply) [Options] A) An intention to immediately consume the crayfish. B) An intention to investigate the crayfish from a safe distance. C) An intention to herd all the crayfish into a single group. D) An intention to cautiously test the crayfish's reaction to being touched.","B,D",3,Action and Intent-Driven Spatial Reasoning,Object-Centric,Multiple-Select,simple_relation,simple_spatial_relation,B,fd868a1f1adf7ce4425f8259ba5bd8f8e24eafa7d347ce8d8ca56898a3f2e7c9,b92b0e6e8be87242514e00f98d2b95df7008a3b4677f82a399414a184ba0b76f
probe-0007,pc-0406,481,RBwH2FC5NkQ_41_0_08_33_339_to_0_08_44_358.mp4,[True/False] The fishing rod transitions from a relatively straight state to a significantly curved state.,False,5,Object Deformation and State Transition,Human-Centric,True/False,entity,object_actor_presence,D,14907035102bad16654dbba539ae686236a649e4f2081aea11affe3a091e9967,0730c1a40442bb6e54a008c95b4843f27f3d08f35e7e3bec24b5d1b38289e36b
probe-0008,pc-0296,8864,iiK9RCnBQKs_3_0_00_21_054_to_0_00_47_046.mp4,"[True/False] At the beginning of the video (0:00-0:02), the player with the orange headband moves in a direction intended to intercept a ball hit toward the center of the court.",True,3,Action and Intent-Driven Spatial Reasoning,Human-Centric,True/False,simple_relation,simple_spatial_relation,A,9eabe588fd150b408238398fab3facc43a25ab6e8ca4d4cdb54cab4d7ee5abe4,04948dbe1733b7dd681c44b299ef24e3b7f5d88e3a8b56fb12d332ea4f7018cb
probe-0009,pc-0318,1940,FDMxA941dVE_64_0_08_46_292_to_0_08_56_869.mp4,"[Single-Choice] If the kitesurfer were to immediately make a sharp 90-degree turn to their left, what would be their new direction of travel relative to the landmarks? [Options] A) Directly towards the beach with palm trees. B) Parallel to the line of wooden posts, but moving away from the pier. C) Directly towards the large white dome. D) Towards the open sea, away from the shoreline.",D,4,Predictive and Counterfactual Spatial Reasoning,Human-Centric,Single-Choice,simple_relation,simple_spatial_relation,D,277baa0301903de1bce2838444afb4e07ff557c9946921fee96acf6be622c209,33975d68c3d2908af36d72196f4f33f7b773f45bffd6728ac20e1f2989af48ec
probe-0010,pc-0518,1119,NLFdDYG79lc_64_0_11_17_277_to_0_11_39_232.mp4,"[True/False] Throughout the entire video, the fish remains to the right side of the boat from the fisherman's point of view.",True,6,Egocentric vs. Allocentric Reference Frames,Human-Centric,True/False,simple_relation,orientation,B,0ce91bc04a36df6d45affab924983a383b94eb1ccfabbce161b4c193755a059c,0e8ed574365f7ffbd53f2abd53217ee33edc132e788d75fd9aac7c73b31fd965
probe-0011,pc-0255,5491,v0C5551Yh0k_11_0_01_18_745_to_0_01_31_491.mp4,[Single-Choice] What action does the shirtless surfer take that significantly lowers their body's center of gravity relative to the board? [Options] A) They jump off the board. B) They crouch low while remaining on their feet. C) They lie down on their stomach. D) They fall backward into the water.,C,3,Action and Intent-Driven Spatial Reasoning,Human-Centric,Single-Choice,entity,object_actor_presence,C,5b788c7d4b2c893992ccef318000a4ba6f0e5ddad60bb203087313cb8f396d50,fc747a949d9e1aea6509a174deaef8b8a2648f6f52e47561e5f4e72b03bc44b6
probe-0012,pc-0568,5592,l5gnnZXoDK0_18_0_02_11_360_to_0_02_21_400.mp4,"[True/False] During the skier's final turn (from 5-8 seconds), the shadow cast by the skier is consistently on their left side.",False,6,Egocentric vs. Allocentric Reference Frames,Human-Centric,True/False,action_event,action_recognition,C,cee10649341ab7239305dd5b3568f241315af64b5ecf7bc98ea61d08a5c5ab7f,b59931b0113e0d47aa11940614c8a184a23010b27aad5104fccb351d3ecffa4a
probe-0013,pc-0342,3608,Ul4Hy1EfPNQ_41_0_07_41_628_to_0_07_54_607.mp4,"[Single-Choice] If the girl had pushed off with her feet with the same force but without first turning the handlebars, what would have been the tricycle's most likely initial path? [Options] A) It would have moved directly toward the camera. B) It would have moved backward away from the camera. C) It would have moved to the left, as it did in the video. D) It would have spun in a circle without moving forward.",C,4,Predictive and Counterfactual Spatial Reasoning,Human-Centric,Single-Choice,simple_relation,orientation,B,4ac757726974ee97e702822eaa9b5b26356d5d771b6a19996cc98f28056f15cb,40c1d7c8f6b757a0ec31583e08986123be307aeeae7d1bc5bb6166841f3b8613
probe-0014,pc-0442,5806,j7XGRgoCYo0_75_0_10_05_372_to_0_10_27_827.mp4,"[Multiple-Select] Based on the visual evidence of the skull's transformation, which of the following physical changes occur? (Select all that apply) [Options] A) The material transitions from a rigid solid to a viscous semi-liquid. B) The object's volume significantly increases. C) The defined anatomical features collapse into an undefined shape. D) The material changes color from white to clear.","A,C",5,Object Deformation and State Transition,Object-Centric,Multiple-Select,simple_relation,orientation,B,12050db5d4b5f8a1ea1af63937b7c207dc93e424e977d0939f4d1fd4f8c38251,01ab0ab7b04c73609bcaa3f0c3fa0ed2d028415a9d9a4e9dba9721d80cd255f8
probe-0015,pc-0486,8885,iYrcXfBRJ2c_48_0_09_24_297_to_0_09_36_909.mp4,[True/False] The video depicts a continuous action of a person organizing the drawer from empty to full.,False,5,Object Deformation and State Transition,Object-Centric,True/False,entity,object_actor_presence,D,8736b09ad290512f28872ecc18e646b91d9fa30484c6ed06b5e0265b54fa01df,6a53cfe81983c1a832fc0dda2400974962c48a42f9e4fa7e56239f4b1e808efa
probe-0016,pc-0242,3686,Vhq-OykV6nQ_16_0_02_19_535_to_0_02_30_647.mp4,"[Single-Choice] At the beginning of the video, the person on the right points their finger. What is the most likely target of their gesture, based on their line of sight and the direction they are pointing? [Options] A) The group of people standing to their right. B) The row of cars far in the distance directly ahead. C) The red food truck on the far left. D) The orange cone on the ground.",B,3,Action and Intent-Driven Spatial Reasoning,Human-Centric,Single-Choice,action_event,temporal_order,A,7c852d2001b01737c48bf0b75a9d11dd220edc13a7bddb2c6f6497b991cf428d,a5165c3127da1996eb20d27e78dcf9274227641a2ca3fee58c3e67b1a3040d3b
probe-0017,pc-0022,1853,MUbr53dyrak_22_0_07_02_639_to_0_07_28_079.mp4,"[True/False] The wooden pier with the thatched roof moves from the left side of the frame to the right, and as it does, it continuously occludes a new portion of the beach behind it.",True,1,Object Permanence and Occlusion Tracking,Object-Centric,True/False,simple_relation,orientation,C,7e2d82d2adc464e6914de86463f062a7cd0a45a4e4e9420182c6363b167e1994,4de0143f3dd06709db6dca45ac003c47e93284745bbee086ff5ec9677d46bab2
probe-0018,pc-0359,4563,Ta_LUM-rOJc_18_0_02_16_336_to_0_02_31_151.mp4,"[Single-Choice] At the 8-second mark, the rider is moving on a trajectory toward the right side of the road. If they had continued on this exact path without correcting their course, which object would they have most likely collided with first? [Options] A) The large tree on the left embankment. B) The oncoming traffic. C) The blue Mini Cooper parked on the right side. D) The large white RV parked further down the road.",B,4,Predictive and Counterfactual Spatial Reasoning,Human-Centric,Single-Choice,action_event,temporal_order,A,f6e1cb75ed98c22d4786e7f6f56aeceaa53cb62d8d693ceabc5f2237940c11d4,d4392701183ead9ef70ebb308cf1ced6ea8be60f8467234ae0e14ed4ba9eb9c9
probe-0019,pc-0040,3327,Q_KgiEB6bYc_157_0_37_26_212_to_0_37_37_590.mp4,"[True/False] As the camera moves forward, the second mannequin in the red dress partially blocks the view of the fourth mannequin wearing the yellow 'RADIANT' sweatshirt.",False,1,Object Permanence and Occlusion Tracking,Human-Centric,True/False,action_event,temporal_order,B,8de341f03cea2490dc7ecccac8be429b4f7c4a3dde0449a5d997c103cc4fe01c,5d254c98d6420981860124fae99939ffbdad50dd911dc128f891a9e60303e42e
probe-0020,pc-0184,7173,jr2s_4Fvf80_58_0_05_29_862_to_0_05_43_476.mp4,"[Single-Choice] During the drift, the car travels along a curved path around the prominent orange cone. Relative to the center of this curve, where is the cone located? [Options] A) On the inside of the curve. B) On the outside of the curve. C) The car's path goes directly over the cone. D) The cone is located exactly at the center of the curve.",A,2,Dynamic Spatial Relationships,Object-Centric,Single-Choice,entity,object_actor_presence,D,112e06952d0e8de3a992af62301813964116b7ec5ba9b2250d49c7246f39c1b4,f31d1aef3decb4360fe56f04e62d4e9204e8308c54daae82cefb5af5fb1516c2
probe-0021,pc-0119,1448,cTYPnXXcYp4_14_0_02_57_110_to_0_03_13_026.mp4,"[Single-Choice] Considering the camera's entire path of movement, which landmark ends up closest to the camera's final position? [Options] A) The yellow bus. B) The large tree on the far left of the scene. C) The tall, dark wooden structure behind the bus. D) The mountains in the far background.",A,2,Dynamic Spatial Relationships,Human-Centric,Single-Choice,action_event,temporal_order,A,20df5346257f25f8659683f096c5d8a73294e57bc2a115811ffc567bc1de26f4,bb98bb3d2ed074ca67dea4018459d9b18b3c5f424b4a608172b7dce1d3757586
probe-0022,pc-0315,1466,coriwTyx1Os_26_0_04_32_890_to_0_04_45_408.mp4,"[True/False] Assuming the flying object's path relative to the road remained the same, if the camera vehicle had been traveling in the left lane at the same speed, the object would have most likely passed harmlessly behind it.",False,4,Predictive and Counterfactual Spatial Reasoning,Object-Centric,True/False,action_event,action_recognition,B,baa8a5ec5f5c80aef786e3f94c53c85cc09bfa9b1089a4cfdfc2677aa454e908,3907e320fc135deff8e40f63e6898552c5035f42e2c0fe5586f33c1588f73349
probe-0023,pc-0543,3481,SjaUzHILZ8Y_56_0_09_01_474_to_0_09_23_229.mp4,"[Single-Choice] From the camera's perspective, the shoreline appears to be moving from right to left. What is the boat's actual direction of travel relative to the distant dam visible at the start of the video? [Options] A) Towards the dam. B) Away from the dam. C) Parallel to the dam. D) The boat is stationary.",D,6,Egocentric vs. Allocentric Reference Frames,Human-Centric,Single-Choice,simple_relation,orientation,D,02efe2586ea5d0d5574c83656c5de6108c6828c64bbc23f93855f32c70b9e452,cd863a6135846b47d920fd0e81ef7b8806bc00695e7779c80a5d2628e393e87a
probe-0024,pc-0115,1158,NmImpLawyDg_4_0_02_41_340_to_0_02_52_717.mp4,"[Single-Choice] During the camera's upward pan, what is the apparent change in the position of the blue star-shaped light in the foreground relative to the red and white star-shaped light behind it? [Options] A) The blue light moves from being below the red light to being above it. B) The blue light appears to move further down and to the left relative to the red light. C) The two lights maintain a fixed spatial relationship to each other in the frame. D) The blue light moves from being to the left of the red light to its right.",C,2,Dynamic Spatial Relationships,Object-Centric,Single-Choice,simple_relation,orientation,D,848fbdfb280cb82d38729685fdb7328c62ec1741ccc32eedfa4e1c00ac7202d8,89517063f246c35f78432651d8f29602fba4702e05648bb16bbd6615395aed3f
probe-0025,pc-0309,917,KvUAU9EwQAo_53_0_09_51_240_to_0_10_47_960.mp4,"[True/False] Given the ball's trajectory as it passes the hole, the ball would have struck the flagstick if it had been left inside the hole.",False,4,Predictive and Counterfactual Spatial Reasoning,Human-Centric,True/False,action_event,action_recognition,D,8709d1c9089b07cde687d1a0f301adbeab3b374540176ad801fdec4489c910a4,597f8b14a801ef993267b0fc5bf8cfa4266f82f1356aaa31ffb1faa7bc5fe418
probe-0026,pc-0111,654,_vyGEgNbx7c_37_0_05_37_003_to_0_06_13_873.mp4,[Single-Choice] What is the consistent spatial relationship between the snowboarder and their shadow throughout the video? [Options] A) The shadow is always directly behind them. B) The shadow is cast to their right and slightly behind them. C) The shadow is cast to their left and slightly in front of them. D) The shadow is not visible.,C,2,Dynamic Spatial Relationships,Human-Centric,Single-Choice,action_event,temporal_order,D,c0a3e8a790452f09c8d52948ab0aef648e034a53d5cb36a6b76167f14de4aa81,90edae1d87368576423c265c280ea19af8c6d9438242ab1d41fc753729b806f3
probe-0027,pc-0332,3051,HjDY6bjj5Ic_33_0_06_07_567_to_0_06_25_384.mp4,"[True/False] At the 15-second mark, the car is turning. If it were to continue moving along this exact curved trajectory, it would eventually collide with the large dirt mound located at the top of the screen at the start of the video.",True,4,Predictive and Counterfactual Spatial Reasoning,Object-Centric,True/False,simple_relation,simple_spatial_relation,A,b9e10826796ae456b1ad399711df9a98a49037391ea717b981661c47908320e6,8a335641ff46835a2509742d704f8439a4e63750fecf75f1aec119cf2aba74db
probe-0028,pc-0165,5641,lkF5Q42T8Rg_6_0_14_53_433_to_0_15_07_033.mp4,"[Single-Choice] When the woman crosses her arms, which of her arms is positioned on top of the other from the viewer's perspective? [Options] A) Her right arm is on top of her left arm. B) Her left arm is on top of her right arm. C) Her arms are held side-by-side and do not cross. D) Her hands are clasped together in the center.",A,2,Dynamic Spatial Relationships,Human-Centric,Single-Choice,simple_relation,simple_spatial_relation,A,6d8cef345d0246c3247d0e2b8aafa69e406f13077d4e282f01fc5987e794661f,f44db1f627b60e14036ba8709e45fdec759d7e79982220ec13768dbd8a272f3f
probe-0029,pc-0387,7221,jhcqv4tPIRQ_15_0_03_49_400_to_0_04_01_300.mp4,"[Single-Choice] Based on its final position, if the bird were to continue climbing straight down the wall, what is the first object it would physically contact? [Options] A) The floor. B) The decorative window on the door. C) The light switch. D) The door frame.",C,4,Predictive and Counterfactual Spatial Reasoning,Human-Centric,Single-Choice,entity,object_actor_presence,C,0aeaa9b415e77ac778f24780abf2e448b9f92a7baeeb23338aea7b9963d0072f,9518ddef32ac8b840bb3358e66ff9d6ae4fa8860691dfa51511468b69c9c25c9
probe-0030,pc-0469,6454,fRmaPWqByGw_25_0_05_06_560_to_0_05_41_199.mp4,"[Fill-in-the-Blank] After the helicopter lands, the visual state of the main rotor blades transitions from a continuous transparent blur to ______, as they slow to a stop.",distinct individual blades,5,Object Deformation and State Transition,Object-Centric,Fill-in-the-Blank,entity,object_actor_presence,D,c6bce11d231fcfe534cad13103027eb26dce8ff7296d51b514dcb5712c5a26e7,df6b465511fbceaee50343db330c7418d8834923044c2d0901989f2ac60941a9
probe-0031,pc-0183,7109,k-IbB7jAw9g_114_0_32_35_720_to_0_33_11_089.mp4,"[Single-Choice] Observing the final moments, what is the primary mechanism that moves the fish from the water onto the sand? [Options] A) The fish is lifted clear of the water by the tension of the line. B) An incoming wave washes the fish up onto the beach. C) The person quickly walks backward, dragging the fish out. D) The fish swims onto the sand by itself.",B,2,Dynamic Spatial Relationships,Human-Centric,Single-Choice,entity,object_actor_presence,D,3916796214ba2d9d721f6493d2e4d4206d263185a3dca71cb6e90a0877a6c5b7,53aafc6ff9172401a5ccacaddcba2b149d5f7ddf1e91932e6957d3320808a8e9
probe-0032,pc-0414,1117,NIZ_SpWGs3M_14_0_03_59_466_to_0_04_11_266.mp4,"[Multiple-Select] After the button is pressed, which of these components visually transition from an inactive state to an active, illuminated state? (Select all that apply) [Options] A) The central display screen. B) The dials behind the steering wheel. C) The buttons on the steering wheel spokes. D) The ring around the start button itself.","A,B",5,Object Deformation and State Transition,Human-Centric,Multiple-Select,simple_relation,orientation,D,cc6cdf66bebf46a756ab1589f9ba2a5fa1252906b5b2febda6d79975b2d6d86e,1a64dc3e5e3615dcaec9a0786f687ebb42884c1da0557272131e75550f848faa
probe-0033,pc-0116,1262,P_AssbIRFbI_60_0_12_14_039_to_0_13_12_480.mp4,"[True/False] As the car drives past the animals, all of them scatter in the same direction, moving towards the right side of the frame.",False,2,Dynamic Spatial Relationships,Human-Centric,True/False,action_event,temporal_order,D,f1d84b34ceff1dbf2634b6a921a57987610b005774af49c53f51c0e05fb93f53,b2f1b09ba3fdce96bb7066aad53c25026573c964725fc33a086e177bdd92fd44
probe-0034,pc-0170,5840,gNf7G6PrLv8_20_0_02_28_300_to_0_02_47_599.mp4,"[Multiple-Select] Throughout its visible flight, what are the jet's spatial relationships with the clouds? (Select all that apply) [Options] A) The jet flies exclusively in front of all clouds. B) The jet flies exclusively behind all clouds. C) The jet emerges from behind a cloud at the start. D) The jet passes in front of a large cloud formation in the middle of the video.","C, D",2,Dynamic Spatial Relationships,Object-Centric,Multiple-Select,entity,object_actor_presence,C,f6c912f0abb957e265640dbf1bd80639cd9af1d94e80242b183d1db871075ebc,a6bb36293f5871a285cfdd309e380e743b550c1b37deca1e0ed0dd5bcee79218
probe-0035,pc-0475,7398,j62217PE6CU_37_0_05_35_702_to_0_05_51_985.mp4,"[Single-Choice] What is the primary cause for the significant change in the fishing rod's shape, from nearly straight to a pronounced curve? [Options] A) The person is pushing the rod down into the water. B) The motion of the waves is lifting the front of the kayak. C) A strong force is pulling downward on the end of the fishing line. D) The camera mounted on the kayak is weighing the rod down.",C,5,Object Deformation and State Transition,Human-Centric,Single-Choice,entity,object_actor_presence,B,dccd5b2b01e0b81b6709ade044178c090c53ab9749883a321b1ff05392518253,cd66b529e6b9ca7551bdbc4facb7301e0a1aeb1d808eb23ff981dde739b67908
probe-0036,pc-0200,9853,vIm1Ave5FVw_44_0_11_04_797_to_0_11_20_346.mp4,[True/False] The person's head goes below the surface of the water as the wave passes over them.,True,2,Dynamic Spatial Relationships,Human-Centric,True/False,entity,object_actor_presence,D,0dbd58b35996b550cf1e134296b0ebcabe60cba78eddb6e3b39a94c8da2cb862,03d889a7b821745ecc3dc64ed74f6940f29c71918e7da2fe2cf39c8d545aa96e
probe-0037,pc-0288,8190,g9jDgXHane4_52_0_12_07_527_to_0_12_18_004.mp4,"[Single-Choice] Based on the boy's struggle to hold the loose pile of shoes as he stands and turns, what is the most immediate and likely spatial event to occur if he tries to walk further?
[Options]
A) The shoes will arrange themselves more neatly in his arms.
B) He will successfully carry all the shoes to his destination without issue.
C) At least one shoe will fall from his arms onto the floor.
D) The shoes will fuse into a single, easy-to-carry object.",C,3,Action and Intent-Driven Spatial Reasoning,Human-Centric,Single-Choice,simple_relation,simple_spatial_relation,B,93764524b57e5cd96e8d70d6c88329e58813cf088ee07d1e373c4a0a6af7caf8,dcbe9f3de3bba9b43c2824b26db85e50bfb1ddf48310d62fd101a9bd26d7ab18
probe-0038,pc-0369,5128,q9GoU1HN4FQ_1_0_00_15_181_to_0_00_29_129.mp4,"[Single-Choice] If the surfer had continued in a straight line toward the shore after landing the initial aerial maneuver, instead of turning along the wave's face, what would have been the most likely immediate outcome? [Options] A) They would have outrun the breaking section and ended up on the flat, less powerful part of the wave. B) They would have been immediately engulfed by the breaking crest behind them. C) They would have exited through the back of the wave. D) Their board would have submerged nose-first into the water.",A,4,Predictive and Counterfactual Spatial Reasoning,Human-Centric,Single-Choice,action_event,temporal_order,D,938d70f5172072ab50e006131cde4b580fe6116c50e5dacd61edd9d237b9156f,93c388fa61cc29d5ccd3401ecae480c51d43fc6e7c23ea5db197f471a32cf799
probe-0039,pc-0597,9375,olfO0rPYVX0_27_0_05_19_886_to_0_05_43_976.mp4,"[True/False] From the perspective of a person sitting in the driver's seat, the radio controls are located to the right of the steering wheel.",True,6,Egocentric vs. Allocentric Reference Frames,Object-Centric,True/False,simple_relation,simple_spatial_relation,C,a327f2396e9fbb4e5f03cf07be721320feebbfa08ae065e79a6e84dae220d3f2,af9049920e3b627fb256e253f189c0a2ea247e0f44d8a0a95ce53a9c4556009d
probe-0040,pc-0122,1787,HlPI1M9yYgM_27_0_04_48_766_to_0_05_05_233.mp4,"[Single-Choice] As the camera pans from looking at the passenger seat toward the dashboard, which object appears to move from the right side of the visual field to the left? [Options] A) The passenger-side door handle. B) The gear shift. C) The rearview mirror. D) The passenger headrest.",C,2,Dynamic Spatial Relationships,Human-Centric,Single-Choice,entity,object_actor_presence,A,41144d4104652e18e397d3921752a907e8cdffe7364ef74d89ebeec989ee511b,87b623dfb12a2006bad4e187013a57335aea0d30151c3845bd874489aaa413d5
probe-0041,pc-0192,8825,j8Gic59heRg_73_0_16_58_350_to_0_17_12_631.mp4,"[True/False] The person in the light-colored top and face mask, who is walking towards the camera on the right side of the street, remains to the right of the camera's central line of sight for the entire duration they are visible.",True,2,Dynamic Spatial Relationships,Human-Centric,True/False,simple_relation,orientation,C,9aaa3c9517ebe60ac84b5a930981ca67cac0ede80962e76bedc38653538abd47,12fcf2126f532af5c081fe1a92548479b9650592bdde40551a1b08bc8d142952
probe-0042,pc-0148,4260,Iucf3U0Ldwc_24_0_04_56_240_to_0_05_13_279.mp4,"[True/False] During the pan across the line of Corvettes, the red Corvette is completely hidden by a tree trunk before the white, older-model Corvette near the fountain is fully revealed.",False,2,Dynamic Spatial Relationships,Object-Centric,True/False,action_event,action_recognition,D,79727972d689c27c12ef1d788461b562a5f1d8dae25e3ec0bcf1f0ab118ddf3f,637a68eddca42ed115efacca9a05d365a2bf170ab78ab7a608924837fcdb073d
probe-0043,pc-0010,783,JbFNrcII6Eo_11_0_09_32_291_to_0_09_43_125.mp4,"[True/False] At the moment the police car becomes fully visible, the white 'Cougar' trailer is occluding the green-roofed gazebo from the camera's perspective.",True,1,Object Permanence and Occlusion Tracking,Object-Centric,True/False,simple_relation,simple_spatial_relation,A,de8344a118aa4bbcba09e35698efe3684fded01b6bac0bb93a061efb7ce8dfd7,8a838542f2a2657efd7aaae382d4426c92b7a5942e40eba5a7e34beeabef6bd4
probe-0044,pc-0135,3137,U6Gzd0m7g1Y_2_0_00_34_401_to_0_00_45_945.mp4,"[Single-Choice] As the camera pans to the right, what is the apparent motion of the large white boat in the background relative to the foreground seat backrest? [Options] A) The background boat appears to move from the right side of the seat backrest to its left side. B) The background boat appears to move from the left side of the seat backrest to its right side. C) The background boat remains stationary directly behind the seat backrest. D) The background boat is always visible to the right of the seat backrest.",A,2,Dynamic Spatial Relationships,Object-Centric,Single-Choice,action_event,action_recognition,C,19dedf43083dbcb4384f02f845013d03671263e4bcf14dd5507f0e8abd70693f,2f3a8973c2d7d10fee84c30a4cfcdad56bbddb0a5941ece1a976aed3b842de46
probe-0045,pc-0596,9364,owFY8o68sDk_32_0_05_29_666_to_0_05_39_800.mp4,"[True/False] Throughout the video, the hand holding the receiver assembly remains on the left side of the visual frame from the camera's perspective.",True,6,Egocentric vs. Allocentric Reference Frames,Human-Centric,True/False,entity,object_actor_presence,B,b7b54701b65a4bbbd5b6f6b2d4226e3606bd403c5dea9b4d9bd386dc63a49b5d,a90138ed952b70baa00fa40b71912426aa626973159d28d4c5ccda76f6f08192
probe-0046,pc-0598,9564,mrgxon0Wf_g_47_0_10_15_000_to_0_10_30_100.mp4,"[True/False] From the man's own perspective, the finger-pointing gesture he makes early in the video is directed towards his right.",True,6,Egocentric vs. Allocentric Reference Frames,Human-Centric,True/False,entity,object_actor_presence,C,24cbc9b8312b1a9b83983a542f4985e6953a619873a9f7679d8dd06175a370db,e38e56758ff52b9b48f4364f0a99306f793190e8e4edce041e2ffaf53f703fd3
probe-0047,pc-0589,7658,i0F4379JRnw_95_0_17_13_933_to_0_17_24_310.mp4,"[Single-Choice] Which statement accurately describes the woman's movement relative to both the camera and the blue structure in the background?
[Options]
A) She moves away from the blue structure and away from the camera.
B) She moves towards the blue structure and towards the camera.
C) She moves towards the camera but her distance from the blue structure remains constant.
D) She moves towards the camera while moving away from the blue structure.",D,6,Egocentric vs. Allocentric Reference Frames,Human-Centric,Single-Choice,entity,object_actor_presence,A,25e577bfb1955972e623ade0341f07b10beeb39f7c35ad62a00ba405978df31a,40ae0875ba5aa38f8c174b89b6ded17f1266fbc42bdf84f4bdfa49311e352521
probe-0048,pc-0055,4444,RoKJc6eScrA_2_0_01_08_866_to_0_01_48_533.mp4,"[True/False] Between 0:26 and 0:28, a person in a yellow shirt is walking on the right sidewalk. They are temporarily occluded by the car's right A-pillar. After they reappear, they have already walked past the red and orange ""Pet Hyper"" sign.",False,1,Object Permanence and Occlusion Tracking,Object-Centric,True/False,action_event,action_recognition,B,ab10a5cdc3eaa5648f1458aafc90adbedea8366a172d45ff862a24c344e452ca,ec7d542840c8ba15acdf399783e88836e2d2f8396ef2be673869769815ead0e8
probe-0049,pc-0511,588,WrTTfmkKQsM_46_0_08_03_524_to_0_08_15_119.mp4,"[Single-Choice] As the motorcycle accelerates through the intersection, what is the final position of the red car relative to the motorcycle's camera? [Options] A) Directly in front of the motorcycle. B) To the right and behind the motorcycle. C) To the left and behind the motorcycle. D) It is no longer visible.",A,6,Egocentric vs. Allocentric Reference Frames,Human-Centric,Single-Choice,action_event,temporal_order,C,9b93c7e28c057fdbb56a03b7e935688e580d0158cd79a2045bff0271f753f77e,d1348715be36f19535876b395dcc3fa10eb2ae33a9b2f7905ea0c6463cc67c9f
probe-0050,pc-0021,1819,EfzJ8XHu5Mo_14_0_03_32_579_to_0_05_31_564.mp4,"[True/False] After emerging from under the bench, the fox's path takes it behind the black and white gaming chair before it moves towards the center of the room.",True,1,Object Permanence and Occlusion Tracking,Human-Centric,True/False,simple_relation,orientation,C,a5eb6ab0696281431edc36903e308e3e00251522f7b10356f2803fd09ea6c5fb,7444498c5c05cc4a0a15c677da0e6ac52bc71d1ae4a69fe3dcf54c4c66d537a2
probe-0051,pc-0515,1095,N1rs6Sf2x3Y_37_0_17_12_990_to_0_17_43_353.mp4,"[True/False] From the moment the group of four pedestrians becomes fully visible, they are always positioned to the allocentric left of the yellow car.",False,6,Egocentric vs. Allocentric Reference Frames,Human-Centric,True/False,action_event,action_recognition,C,f026e50895c87e1bca7f4c18fd847c0be424fabb58162fc4476eb213f1e101e5,d247e28483b8ed3f82d125622b95d0c659db9ecc9a9be3e45310aa500ec16f4a
probe-0052,pc-0562,4940,YZSZwejs058_1_0_00_05_271_to_0_00_21_688.mp4,"[Single-Choice] The man walks forward and then makes a single turn. From a fixed (allocentric) viewpoint looking down the first hallway from his starting position, how would his final path be described? [Options] A) He continued straight ahead. B) He turned around and walked back. C) He turned to his left. D) He turned to his right.",C,6,Egocentric vs. Allocentric Reference Frames,Human-Centric,Single-Choice,simple_relation,orientation,D,a555bcd46739a28868f5db977d601705df2a0ced1bdbd481f9966374fa9f9fcb,ccfc30a6e909b73c6b8681f50a9373a9db082b4fb3d834dbd30e739dec70f0ec
probe-0053,pc-0228,1843,EneKMFjJBRI_24_0_04_11_699_to_0_04_26_233.mp4,"[Single-Choice] At the beginning of the video, the operator pushes the right joystick forward and then immediately pulls it back. What is the corresponding spatial maneuver performed by the drone in the air? [Options] A) It hovers in place. B) It performs a forward flip. C) It spins 360 degrees horizontally. D) It flies straight backwards.",B,3,Action and Intent-Driven Spatial Reasoning,Human-Centric,Single-Choice,entity,object_actor_presence,A,f5b91a0f80d3b612f1efc9d736b3570d691f326e35ccbf6c21cfc2f9b5157ce0,655e2113d46304cd5708953c3f1b03c9f4ed47f4f5c205e21f0268fd262b95e7
probe-0054,pc-0159,5037,Zj70SP5RI7U_11_0_01_16_376_to_0_01_31_157.mp4,"[True/False] During the trick, the skateboard completes a full 360-degree horizontal rotation before the person's feet land back on it.",True,2,Dynamic Spatial Relationships,Human-Centric,True/False,simple_relation,simple_spatial_relation,A,784e2f97185efacabcdc5bf6862173a775aaac8e812f33692bf6fa242a95ebf1,ea7d05f8382a3fa3bfb88fdea80ba973476b0f203a4afb725caee03aba519785
probe-0055,pc-0057,4585,TyUnJy4z5Mw_305_0_45_56_440_to_0_46_07_519.mp4,"[Single-Choice] A woman wearing a white shirt and a pink scarf is initially on the right side of the frame and walks left. By the end of the clip, which person is primarily occluding her from view? [Options] A) The man in the black jacket. B) The monk in the brown robe. C) A person in a purple shirt. D) She is not occluded and is visible on the far left.",A,1,Object Permanence and Occlusion Tracking,Human-Centric,Single-Choice,simple_relation,simple_spatial_relation,D,13eabdeb4c38283839cc2d08624a8c12986fe440df6222e718fa28afca91cce9,876d6eb565c7384d6803fef8bd021c4f72af5300938cdd1e1d04c7b56ba8b360
probe-0056,pc-0112,686,sPcffDKFKWc_52_0_14_02_107_to_0_14_15_688.mp4,"[Single-Choice] At the beginning of the video, from the camera's viewpoint, the boy in the blue hat is on the right side of the girl in the light green shirt. What is their relative side-by-side position just before the camera pans away from them? [Options] A) The boy is now on the left side of the girl. B) The boy is directly behind the girl. C) Their side-by-side position has not changed. D) The girl is now on the left side of the boy.",A,2,Dynamic Spatial Relationships,Human-Centric,Single-Choice,entity,object_actor_presence,B,3683d690fdb635597845361ce4b5d5b599172dc21b73834b0b080f7ea7cba538,cc3d29135acae8fffadc78523cce0de481836815f1e81a8859b28c425ad2f6cb
probe-0057,pc-0355,4319,QD-b4M7nnYo_102_0_15_34_652_to_0_15_47_334.mp4,"[Single-Choice] Imagine the camera's pan from left to right is immediately reversed at the same speed. Which distant object, visible at the end of the video, would be the first to become completely hidden again by the foreground bamboo poles? [Options] A) The bridge. B) The white boat. C) The left edge of the distant island. D) The floating structure on the far left.",D,4,Predictive and Counterfactual Spatial Reasoning,Object-Centric,Single-Choice,simple_relation,simple_spatial_relation,D,4feca616426fa18703e2b9e23f3f061d1e3844c53998c263da8a1a0e3ab76f08,c2750de9321137544a1c9ce089e7774f17762bc449a92f91b4f3d010bbe69c77
probe-0058,pc-0377,5413,u5olx9qLE5A_20_0_03_34_633_to_0_03_46_866.mp4,"[Single-Choice] Assuming the vehicle continues at the same speed and on the same path, which prominent background feature will the next passing lamppost be the first to visually align with and begin to occlude? [Options] A) The large red brick building on the far left. B) The tall, dark church steeple. C) The cluster of white buildings on the distant right hill. D) The parking lot on the left side of the river.",A,4,Predictive and Counterfactual Spatial Reasoning,Object-Centric,Single-Choice,simple_relation,simple_spatial_relation,B,bcec7df1e21074504906203d53225f1dc148112dfb834734b718746c188b83fd,20eb6175c40d677d9251227c4a1be22bdfcebf448f4fb3878f5354b8369b569a
probe-0059,pc-0187,8179,gC8KTWFCY44_0_0_00_04_280_to_0_00_16_280.mp4,"[Single-Choice] At the start of the video, a small, distant, cone-shaped island is visible. As the camera pans left, what is the final relationship between this cone-shaped island and the large, tree-covered mountain that dominates the left side of the frame at the end? [Options] A) The cone-shaped island is now to the left of the large mountain. B) The large mountain completely occludes the cone-shaped island. C) The cone-shaped island is now to the right of the large mountain. D) The cone-shaped island is visible above the peak of the large mountain.",C,2,Dynamic Spatial Relationships,Object-Centric,Single-Choice,action_event,action_recognition,A,0335e2cac76b7a63b4d51b657e8c0c755fe1525bbd3f1d72e3c1a9fb7b56e1cd,e1a92bb0a2d3276bf31ee631443ef388ef1eb9065d53d1ba2899d3abc8ae3de5
probe-0060,pc-0420,2285,GvaFtmAzxNk_11_0_01_15_909_to_0_01_34_360.mp4,"[True/False] After being processed by the machine, the central section of the metal strip has been compressed, making it wider.",False,5,Object Deformation and State Transition,Human-Centric,True/False,action_event,action_recognition,B,9625c0f3cce33b1e66dca9b3afd7a7b481af829a1800a4fed623b31566193a2e,919a4cc5f87f3663a7db189e7f83d866a13aca03493a6ab1e2f462e829639439
probe-0061,pc-0092,9235,f1YWduf7KqQ_26_0_05_12_445_to_0_05_25_224.mp4,"[True/False] At the moment the surfer is most obscured by the wave's curl, the tip of their surfboard is the only part of the surfer/board combination that is visible.",True,1,Object Permanence and Occlusion Tracking,Human-Centric,True/False,entity,object_actor_presence,A,dfd32c7ae6dbec3e9180943739d07fa7fa6c879fc4ff898a8c43bd3d635c2b52,ac9d7aa42db6ef5f92ecc7c466c93daf1c367770a7201e2c89c882e6a32104e9
probe-0062,pc-0464,6056,UfsgoajgaA4_4_0_00_29_559_to_0_00_44_880.mp4,[Multiple-Select] The prominent ripples seen on the water's surface are primarily generated by which of the man's movements? (Select all that apply) [Options] A) The downward and circular push of his feet. B) The side-to-side sculling motion of his hands. C) The movement of his head as he looks around. D) The passive displacement of his torso.,"A, B",5,Object Deformation and State Transition,Human-Centric,Multiple-Select,simple_relation,orientation,B,01adde88b4ce7c70d721dc341bd5811c98abe3087b7b93109697a370d0400d53,02f0ae8e35140201313848bc46ac5357bd44ae98f4b63ebcfd8cfd4c702e9c8d
probe-0063,pc-0581,7036,kDLnyAaXO8g_49_0_11_37_263_to_0_11_55_815.mp4,"[Single-Choice] After the camera pans from the blue van towards the wooden fence, what is the position of the black lamppost relative to the blue van in the overall scene? [Options] A) The lamppost is directly behind the blue van. B) The lamppost is on the opposite side of the road from the blue van. C) The lamppost is on the same side of the road as the van, but further down the path to the right. D) The lamppost is located to the left of the blue van.",C,6,Egocentric vs. Allocentric Reference Frames,Object-Centric,Single-Choice,entity,object_actor_presence,D,8cd0c1a7dabe5ae7c28a27c2e00511c5d06d1d6cdd4238d62cd0b6db4c485871,e8bc38b32fb7018b33970ed65cdf64bb2ffce8a302a54540bcb46e6681147412
probe-0064,pc-0181,6782,myJ2l-o5rYQ_73_0_09_40_480_to_0_09_58_960.mp4,"[Fill-in-the-Blank] In the final shot of the video taken by the man in the blue shirt, the puck travels across the floor, passing in front of the ______.",seated person,2,Dynamic Spatial Relationships,Human-Centric,Fill-in-the-Blank,simple_relation,simple_spatial_relation,D,56f0a5305b9757f9a621c298249cb81e1900d43ddadf178c6468bec21d364662,f78130c26f7b80ecc37088810d530de4d85586b661a37f9c248fd593415f1396
probe-0065,pc-0413,911,KpjKUF2yYiU_38_0_05_45_144_to_0_05_55_855.mp4,[True/False] The fishing rod's bend is most pronounced at the very end of the video.,True,5,Object Deformation and State Transition,Human-Centric,True/False,action_event,temporal_order,B,6e781dcd932cc45b3a8dfb3fac231892aa110c65f40a3c66591ab729f05869dc,6a8e798142b0fc7261c166f3f53500386422e2a58d1572548c4b487177c6c383
probe-0066,pc-0525,2125,WNQBYA5gC5c_1_0_00_05_171_to_0_00_16_383.mp4,[True/False] The solid white door is located further toward the rear of the vehicle than the main entrance door with the screen.,True,6,Egocentric vs. Allocentric Reference Frames,Object-Centric,True/False,action_event,action_recognition,C,cc8bdeb622b28cd183a067dcd2fcd8ea9984e27dc697ff0f06633d0a2065b52c,6c4b000217100e21c8223eb452a309359d96dfce20e5afad4ec789760f9628a9
probe-0067,pc-0454,5976,qRtxlEZpev0_31_0_07_11_699_to_0_07_26_366.mp4,[Multiple-Select] Which physical states describe the single blue band while it is being manipulated by the hook? (Select all that apply) [Options] A) Under tension. B) Rigid. C) Twisted. D) Compressed.,"A, C",5,Object Deformation and State Transition,Human-Centric,Multiple-Select,action_event,action_recognition,B,51c4d887050776d8f34908c4c190fe9d44d54fef02ba71978e046c4d5519493e,5a4cf34b692971452b381fce955dd79504c591ee593bace25bf57eaa715b0f20
probe-0068,pc-0411,667,r-jQ8zjtMuQ_9_0_01_24_818_to_0_01_41_768.mp4,[True/False] The plane's landing gear is still visible and fully extended when the aircraft passes over the distant treeline.,True,5,Object Deformation and State Transition,Object-Centric,True/False,entity,object_actor_presence,C,761dfb051b40e14e19184c286995956f83bdf0cf3a9abbde166adfa7dbc76251,460ef392b5060149fb9ed717e305a37cdfe020a7f644c0ba4dfac7e7e22cd2de
probe-0069,pc-0471,6605,p-b5mQgWPO4_7_0_02_49_202_to_0_03_01_981.mp4,[Fill-in-the-Blank] The procedure shown transforms a single large horizontal loop into two smaller vertical loops by pulling them through the ________ of the knot.,center,5,Object Deformation and State Transition,Human-Centric,Fill-in-the-Blank,simple_relation,orientation,B,67619d7ba0115debeb80d53fdf30664fde3e9142574dfade5ce3a1d318dff8e4,913434cf166aada9b79a6f5ae400e644a7d32e79b288a6d88e5b4f3518efbffc
probe-0070,pc-0001,17,O21Zy3-o9MI_13_0_01_25_385_to_0_01_36_196.mp4,"[True/False] During the first scene, the intercom panel on the wall is briefly but completely hidden from view by the man's body.",True,1,Object Permanence and Occlusion Tracking,Human-Centric,True/False,simple_relation,orientation,A,4a78bdd1cf36b457821ebf0d058496e6a28bbbfc2a9eee89fbe54146431b9930,0c7f0f990d51e10ecee9aea9182ecf78f497678c76dfc6f1e07fb1c4d6cd2630
probe-0071,pc-0462,6035,WPTAA4RdksE_40_0_08_53_499_to_0_09_10_483.mp4,[Multiple-Select] Which of the following spatial properties of the large green fabric are visibly changed by the person's folding action? (Select all that apply) [Options] A) Its total surface area. B) Its thickness in the folded region. C) The number of layers presented to the pattern. D) Its overall shape from a top-down view.,"B, C, D",5,Object Deformation and State Transition,Human-Centric,Multiple-Select,entity,object_actor_presence,D,f7dc07e214f1275ed75dba0668b6605bbb97bbd5f7927a3db216b466ec881423,d419759feb83dfc1d3461ee54947b30bd8cb7b517370a4f2ceaa815733aaa3ae
probe-0072,pc-0128,2630,JXeuauaocHE_113_0_10_36_080_to_0_10_49_759.mp4,"[Single-Choice] Observing the white line on the road during the last three seconds of the video, what is its direction of movement relative to the car's body? [Options] A) It moves towards the left side of the screen. B) It moves closer to the car, towards the bottom-right of the screen. C) It remains in a static position relative to the car. D) It moves directly away from the car.",B,2,Dynamic Spatial Relationships,Object-Centric,Single-Choice,action_event,temporal_order,A,6bfd4c61f47b811c3a85e407a772f99ed0b5ad9a1fd098e257555ede531a6047,97440ff186192ba21f5fae014b8ed7747f12c7664581ccbdce48d8f65574fd9d
probe-0073,pc-0540,3370,QuNcS5RWDGk_22_0_03_48_375_to_0_04_04_958.mp4,"[Single-Choice] From the perspective of the man on the left holding the phone, in which direction is the city shoreline located? [Options] A) Directly in front of him. B) To his immediate right. C) Directly behind him. D) To his immediate left.",C,6,Egocentric vs. Allocentric Reference Frames,Human-Centric,Single-Choice,simple_relation,simple_spatial_relation,C,bb4a33467f477844482c7050a0cfaa185d24506ee3b4ac4ee346989ef26e1970,ab2f0749cea69d9692e6fbee6e858fa0e522529b765c2ac68909142e9f820158
probe-0074,pc-0573,6017,XfovVgI3gsY_18_0_03_29_719_to_0_03_49_800.mp4,"[Multiple-Select] The camera pans right, changing the view. Which statements correctly describe the motion from the camera's (egocentric) and the world's (allocentric) reference frames? (Select all that apply)
[Options]
A) Egocentrically, the city skyline appears to move from right to left across the frame.
B) Allocentrically, the boat is moving and the city is stationary.
C) Egocentrically, the flagpole moves from the right side of the frame to the left side.
D) Allocentrically, the city is moving from left to right.","A, B, C",6,Egocentric vs. Allocentric Reference Frames,Object-Centric,Multiple-Select,action_event,action_recognition,C,34647ea0968a206f31c095c226b3a5f0b836ab7a471b702eb1e4016a60cc409a,d3acedffa8a32720e8d2e7a9c5e166b1ed813b19c7e9ad9a5295ef2cd3057697
probe-0075,pc-0126,2065,U_77ItXKYDs_29_0_05_43_933_to_0_05_54_033.mp4,"[Multiple-Select] At the end of the video, the woman brings both hands down to adjust the bottom of the shirt. Which of the following spatial relationships change during this specific action? (Select all that apply) [Options] A) The distance between her right hand and her left hand. B) The distance between her left hand and the red mug. C) The orientation of the paintbrush relative to the table surface. D) The position of the green foam sheet relative to the table.","A,B,C",2,Dynamic Spatial Relationships,Human-Centric,Multiple-Select,simple_relation,simple_spatial_relation,A,27741b2d57fb8610a3ea7a41cdc1af19d0bed33a59e44e2b5cfc6da5eb5409f9,67aa7c44bb7b83ed90510a4a5620bcfddd0abbb719850bec54f4ec54f0dd435d
probe-0076,pc-0492,9397,oTFtM3YMAlA_55_0_08_55_117_to_0_09_07_171.mp4,"[True/False] The primary way the vehicle's rear wheels alter the sand's surface is by compacting it into a smooth, flat track.",False,5,Object Deformation and State Transition,Human-Centric,True/False,simple_relation,orientation,A,66d79c2fe47c9a234e379dd236b5e86de824e675ef86d3d5c559231f98018555,b49d64c2bddae749e60c8eda508b4871644e5c1defb2a94095852c791ad4d755
probe-0077,pc-0408,613,YjM0K5_4FHU_124_0_16_17_679_to_0_16_28_240.mp4,[True/False] The car's front bumper becomes detached from the vehicle during the attempt to climb the hill.,False,5,Object Deformation and State Transition,Human-Centric,True/False,action_event,temporal_order,A,8a2380e2f8d594b8738a12c4a340a02524aa32fb2f344e9c306cf8eea7df8854,bb34a22560f7eb4677f5b094484b2301376d75ae5ec0481f18cd845f6f485270
probe-0078,pc-0276,7086,k2GjZH0EdTE_20_0_06_19_245_to_0_06_37_230.mp4,"[Single-Choice] Based on the horse's trajectory across the field, what is the rider's immediate goal? [Options] A) To head towards the parked vehicles. B) To navigate towards the line of trees in the background. C) To jump over the wooden table-like obstacle. D) To circle back to the top of the hill.",C,3,Action and Intent-Driven Spatial Reasoning,Human-Centric,Single-Choice,action_event,action_recognition,C,dff998ef815d773bf490d4bfb8646807fef4f2d88163d0d371bb85442249e4da,ecf4eb3311f6d1b61de1c73d94349751a5f909386cef9196d9f770430ae09757
probe-0079,pc-0412,673,rBFpc0p64JE_37_0_08_12_279_to_0_08_23_959.mp4,[True/False] The process shown results in a permanent spatial change to the client's arm by adding a new material onto the outer surface of the skin.,True,5,Object Deformation and State Transition,Human-Centric,True/False,action_event,temporal_order,D,96002a967f970225066c33e706a2771bda395cd757f603bfd5ca0e9f6b639578,dd5d40332e8e67a0ea83afc230f2b086540cd9d36f22790c254a73039dac774b
probe-0080,pc-0169,5835,gmpJmdKiZQ8_33_0_06_51_311_to_0_07_16_202.mp4,"[Multiple-Select] At the moment the woman in the blue shirt first interacts with the person in the wheelchair, which of these spatial statements are correct from the camera's perspective? (Select all that apply) [Options] A) A yellow, partially collapsed beach umbrella is visible behind the man in the black shirt. B) A large, blue inflatable slide is visible in the background to the left. C) The ocean is completely out of the frame. D) A pair of shoes is visible on the sand directly beside the blue lounge chair.","A,B",2,Dynamic Spatial Relationships,Human-Centric,Multiple-Select,entity,object_actor_presence,C,d259c3f034146e6ca0ba72b47c1b8a0e66c53f83d728af745f8ead44ba34df27,3822d8196e6eac763cbb74a700951d1d8ac1370bfa8fb28a7c04b62763251c03
probe-0081,pc-0053,4293,JH6vsa0twcA_41_0_08_54_133_to_0_09_04_533.mp4,"[Single-Choice] As the car moves up the curved ramp, which background element is the last to be completely hidden behind the solid white wall on the left? [Options] A) The white sedan parked on the far left of the distant lot. B) The dark SUV parked in the middle of the distant lot. C) The trees on the far right of the distant lot. D) The building behind the distant lot.",A,1,Object Permanence and Occlusion Tracking,Human-Centric,Single-Choice,action_event,action_recognition,A,63685322112d6bac3e7e41128632918aa41624e73650508dbcc7bcc2534ea052,218f82f16dfeedd4f1849d6ba668e4bfe7a91687e55cbfc16ad5370a046f34b0
probe-0082,pc-0497,9737,lJ98a0Owtuo_34_0_06_48_174_to_0_06_59_652.mp4,[True/False] The peak height of the wave's crest remains consistent as it travels from the left side of the frame to the right.,False,5,Object Deformation and State Transition,Object-Centric,True/False,entity,object_actor_presence,D,ff2257a7af258868f686bd597e9b48b0803c9ff2fb3c099e987ec9a127e5bf4d,2b3ce98c4ed796414f29c9ee9098a15ae848e948479c88347c3ed1b5729e15b6
probe-0083,pc-0066,5072,_Bk5JLlP6iw_11_0_01_21_681_to_0_01_32_492.mp4,"[True/False] At the moment the white car is first fully hidden by the large bush on the left, the dark red car that passed at the beginning is no longer visible on the road.",False,1,Object Permanence and Occlusion Tracking,Object-Centric,True/False,action_event,temporal_order,D,75a7aaca6491c46997cbee488fe1d8146b7fef20c864bd1e2d9f5a935c83be8c,1585e7866c51680550b97a11431b59bea8016d178ca1dab5831ed0889934fd8c
probe-0084,pc-0417,1544,dtSKBM4UMy8_17_0_05_08_808_to_0_05_19_385.mp4,[True/False] The action of the person's fingers pulling the skin upward causes the eyelid surface to become more convex (curved outward).,True,5,Object Deformation and State Transition,Human-Centric,True/False,simple_relation,simple_spatial_relation,C,e6dc089df95e8633608e8af33f1d5ad06512395c4a00438b5b956e9f89efa143,d884c8ecf546914faea1d046d0ad3562982ab31d245273f97831dfdefd5723c5
probe-0085,pc-0016,1347,amXzenmYYlw_12_0_03_47_400_to_0_03_57_680.mp4,"[Fill-in-the-Blank] A utility pole temporarily occludes the man. Immediately after he reappears, he is on the ______ side of the white parked car.",left,1,Object Permanence and Occlusion Tracking,Human-Centric,Fill-in-the-Blank,simple_relation,simple_spatial_relation,A,cfbc6806a17af6cd3a9764414f69728955be577612ed3ab18ad992476ff5d381,d49e26004d2e9469996c095d0bca6b10da8ac2065fd66b3a871d06bf25102dcc
probe-0086,pc-0550,3768,Xg9VRoWYh0E_60_0_12_29_782_to_0_12_48_033.mp4,"[True/False] From the initial forward-facing viewpoint, the trolling motor is in front of the camera, but from the final viewpoint focused on the driver, the trolling motor is behind the camera.",False,6,Egocentric vs. Allocentric Reference Frames,Human-Centric,True/False,action_event,temporal_order,C,3bd90f8be389eaee6dfa03fe9292e4ee2094e1ad32662d5dfa7adabfe583bd63,2876e018a9983b400a922f44564f9637d037f9938a7545854465540813db3e15
probe-0087,pc-0298,9601,mWF9aH2BeZ0_29_0_06_13_940_to_0_06_25_885.mp4,"[True/False] Based on the position of the sun shown during the pan and the man's shadow at the end of the video, the man is facing away from the sun.",False,3,Action and Intent-Driven Spatial Reasoning,Human-Centric,True/False,action_event,temporal_order,C,1efcfaccfbe25a734d49a49dab4225120f680801134141de8636ac41290890e4,632830d3812095501581c8c1ba39a9006d904334edef5c7e8b65e1e6fc0c4390
probe-0088,pc-0233,2309,H4AAXWDxHdI_3_0_00_36_002_to_0_00_46_413.mp4,"[Single-Choice] Based on the person's turn and final orientation at the 6-second mark, which direction are they preparing to walk? [Options] A) Towards the green dumpster. B) Back in the direction they originally came from. C) Down the road towards the low buildings. D) Across the grassy area to their right.",B,3,Action and Intent-Driven Spatial Reasoning,Human-Centric,Single-Choice,simple_relation,simple_spatial_relation,C,4704baa78a076b3048733f35fedc58079a26122a3b843a1fa49b79b93cd40435,c4f162e46f7d610e8e233d1f65942c4b6a0924d4402cfd840b1dfa27af577891
probe-0089,pc-0098,9617,mKa-dlKrt_Q_24_0_05_55_154_to_0_06_06_265.mp4,"[True/False] The blue object on the shoreline, visible at the start, is completely occluded from view by the island's landscape before the video ends.",True,1,Object Permanence and Occlusion Tracking,Object-Centric,True/False,entity,object_actor_presence,C,1fccf6c0d7f6510dbb4f62b8ac8e5862d6f94f290801fcb42878a7e1b9d6e938,0d75669ff2b5c25c919eb98ea8522778979dfa01962f20c2d73fea1cd638e192
probe-0090,pc-0224,1071,Me-ow0kXHfI_11_0_01_58_718_to_0_02_36_456.mp4,"[True/False] Judging by the speed at which the scenery begins to move past the car in the first five seconds, the driver is performing a cautious and slow acceleration.",True,3,Action and Intent-Driven Spatial Reasoning,Human-Centric,True/False,entity,object_actor_presence,B,510864d941d702e34e176a20e76fa88e0d5cb3d261701a6fe46ee6a2fc680d35,7d70d58f8a5c377b748c2325e62af7544227157002b3d8d014ac8cda0f29dc1a
probe-0091,pc-0232,2281,GvWldUGLkVM_53_0_07_40_793_to_0_08_00_279.mp4,"[True/False] As the second car slides through the turn, the driver is steering the front wheels in the opposite direction of the turn itself.",True,3,Action and Intent-Driven Spatial Reasoning,Human-Centric,True/False,entity,object_actor_presence,C,0a0fe0b2afb76f94049967f800e159fba9e87cba4f4d57ac3d84a1c0894335d6,cb274221e7be50ac9fbde8ef9a2e3f4cfb41abd58cfc7f5e65fefe61e2b1daf3
probe-0092,pc-0156,4639,UbOevcbnLLY_0_0_00_00_133_to_0_00_14_714.mp4,"[Single-Choice] As the camera pans to the left, what is the apparent motion of the small puff of smoke on the distant hillside relative to the dock's corner post in the foreground? [Options] A) The smoke appears to move from the right side of the post to the left side of it. B) The smoke remains stationary directly behind the post. C) The smoke appears to move from the left side of the post to the right side of it. D) The smoke is never visible at the same time as the corner post.",B,2,Dynamic Spatial Relationships,Object-Centric,Single-Choice,action_event,temporal_order,B,58747256424b60db9a5696fcb1b38c83430fdd41a897fc6266212087dd098005,07966257f3214bd36d0adbcacfb348fed78032b21f12d36d631968952bc253f3
probe-0093,pc-0268,5972,qkEhTI25974_20_0_03_08_388_to_0_03_24_137.mp4,"[Multiple-Select] At the moment the motorcycle is on the white-striped crosswalk (0:10), what are the immediate, spatially-relevant intentions governing the rider's actions? (Select all that apply) [Options] A) To yield right-of-way to the white car parked on the right. B) To maintain a consistent following distance behind the silver car ahead. C) To be prepared to stop for any potential pedestrians using the crosswalk. D) To begin accelerating to overtake the silver car.","B, C",3,Action and Intent-Driven Spatial Reasoning,Human-Centric,Multiple-Select,entity,object_actor_presence,A,02080468aaff68822bbc951affbaeaaffb5a737abd70662276eab76ef8c774e4,6467e1d0bad99099c935df06d5c44aba160cd36ed38256455b1fbb401bd7d189
probe-0094,pc-0011,989,Lt2mVbsy8G4_7_0_00_47_213_to_0_01_00_994.mp4,"[Fill-in-the-Blank] A third, less illuminated jellyfish starts below the main jellyfish on the left. As the main jellyfish moves down, it briefly occludes the third one. From the viewer's perspective, the third jellyfish re-emerges to the ________ of the main jellyfish's bell.",below,1,Object Permanence and Occlusion Tracking,Object-Centric,Fill-in-the-Blank,action_event,temporal_order,D,2729d194b6856fd66a30a89195e4445dc90012c750a04d5585038e775e96af98,aca2a28cef8a6c43fc4bbdda4ab49284de770348bafde20fd35a6905e7537ce8
probe-0095,pc-0069,5315,srbQrg_NF5E_56_0_09_33_703_to_0_09_45_432.mp4,"[Single-Choice] Between 00:08 and 00:10, the branches of the bare tree in the foreground pass in front of and briefly hide which feature? [Options] A) The highest mountain peak in the distance. B) A section of the road deep in the valley. C) A cluster of houses on the opposite hillside. D) The group of pine trees on the far right.",A,1,Object Permanence and Occlusion Tracking,Object-Centric,Single-Choice,entity,object_actor_presence,D,cc6f769ed6d3155cdb43ab3ac1b31194a34cff16fcc53f06d9eed97e6f1bc662,a6985eab3968884a2a6f3c5f9595a649eb08f9f83b58598a46441fc92bad7ba2
probe-0096,pc-0215,693,sbxC6BKxZRg_9_0_01_29_799_to_0_01_40_760.mp4,[True/False] The horse on the far right of the screen (with the jockey in the yellow shirt) maintains a path separate from the main cluster of horses for the entire duration of the clip.,False,3,Action and Intent-Driven Spatial Reasoning,Human-Centric,True/False,entity,object_actor_presence,B,d98a5ff1b3a26500b805891d06594644e9a55446337a41bf7e36de37b15d23f2,c625ef6ea30154a4a22f1f63fa4f00b2b2ddc6abbdd8d9ce56be779669e04a05
probe-0097,pc-0476,7402,j4jcztT_3O0_30_0_06_10_966_to_0_06_24_133.mp4,[Single-Choice] How does the spatial arrangement of the red leash change from the beginning to the end of the video? [Options] A) It starts stretched out and becomes coiled near the husky. B) It remains coiled in the same spot throughout the video. C) It starts partially coiled and ends up stretched out towards the right side of the scene. D) It starts partially coiled and ends up stretched out towards the left side of the scene.,D,5,Object Deformation and State Transition,Human-Centric,Single-Choice,action_event,action_recognition,C,26fee88b74cbb3b6bed9c5bdfa19d5b3f668851a4c9b38d662f9f56ddfe2b6e7,41916e76d44cec19c3a3dd241ddff614703bbf9354f6146b8a2e2774847fb70b
probe-0098,pc-0054,4371,QnBZWeo5H28_14_0_02_09_996_to_0_02_31_384.mp4,"[True/False] During the camera's pan to the right, the covered structure on the pier moves in front of the small, white chapel-like building from the camera's viewpoint, but the chapel remains at least partially visible throughout this transit.",True,1,Object Permanence and Occlusion Tracking,Human-Centric,True/False,action_event,action_recognition,A,f31b7ce0e83f97d734198189e0f183534ad178cd1080b708d0176aa53b2b38bb,1852c42f69efd53d76b30876bb812d407a45d34441a9c6c880faeba43ac081fe
probe-0099,pc-0070,5396,tx46Qks27fQ_40_0_07_29_582_to_0_07_48_668.mp4,"[Single-Choice] As the camera pans from right to left, which object is the last one to be fully revealed from behind the building with the white pergola? [Options] A) The long swimming pool. B) A white circular sofa. C) A single lounge chair next to a tree. D) A row of orange umbrellas.",C,1,Object Permanence and Occlusion Tracking,Object-Centric,Single-Choice,action_event,temporal_order,C,7a1f43384f1f5d50ddcc4f6daf7bf2e2bb007d2bacaf21cba4d1002e963f92c9,cab1b7678536cc7812216178a3a19ece8a4704638d7535393a79dea73c1b0ae9
probe-0100,pc-0451,5949,suiKjKdBLto_71_0_13_35_047_to_0_13_49_828.mp4,[Multiple-Select] Which of the following spatial transformations describe the change in the customer's hair from its initial state to its styled state at the end of the clip? (Select all that apply) [Options] A) The overall volume of the hair on top is increased. B) The hair is reoriented to flow primarily forward towards the face. C) The hair transitions from an undefined shape to one swept upwards and back. D) The hair is parted and combed flat to the sides.,"A,C",5,Object Deformation and State Transition,Human-Centric,Multiple-Select,action_event,action_recognition,B,20650d7ee4200ccc167b9fb3b50227fbfdb2f509ca9cf009522fa26e2d78ed4c,2bd1ea755510c4449942d03cc73130d0b3dedf50891b28eb7799cff1e680db12
probe-0101,pc-0428,3805,Y8-_4EQS6QI_63_0_10_39_773_to_0_11_05_965.mp4,[True/False] The Volkswagen hubcap lying on the ground at the start of the video is compatible with the design of the wheels installed on the car at the end of the video.,True,5,Object Deformation and State Transition,Human-Centric,True/False,simple_relation,orientation,B,2472b17f6e01601a2efe42e559552150f550c0a1bfbdd50c017357c5c1d16020,46e5bec9164e769385f1f9d1a9a279b470f883366b38b6ab9ac23f4359226d34
probe-0102,pc-0474,6901,lVoflPzlZRU_27_0_09_08_514_to_0_09_35_675.mp4,"[Fill-in-the-Blank] To transition the wheel from a locked to an unlocked state, the man must pivot the three red levers ______ from the face of the wheel's hub.",outward,5,Object Deformation and State Transition,Human-Centric,Fill-in-the-Blank,action_event,temporal_order,B,4c06cf2d41a5d08f52a881f5238ee49dbb38d88d6004e5e973188fc39c71c385,27226407c82a4474a7ea0fd2c3e011c0e73b8c4e546c2484334ebe02ab5309da
probe-0103,pc-0416,1255,PR7PqA5EisY_16_0_02_27_547_to_0_03_22_068.mp4,"[True/False] When the car drives away from the camera down the road between 0:29 and 0:34, its pop-up headlights are retracted into the hood.",True,5,Object Deformation and State Transition,Object-Centric,True/False,action_event,temporal_order,D,55056943ae12aacf45ac1b80caa0fc2261b0a0a7f7192cd53b9a17bcff914f36,04ce21b732fdafa5b72d1f9654041fba5e17a8400ff2d8c33ffa7767916797ec
probe-0104,pc-0248,4761,VzdulWcJ9ho_25_0_02_36_360_to_0_02_47_000.mp4,[True/False] The man in the glasses gestures toward the shelves on his left just before the group begins to walk forward.,False,3,Action and Intent-Driven Spatial Reasoning,Human-Centric,True/False,simple_relation,simple_spatial_relation,A,3c01cbc70d867a31525d49c6bd009fbdea361b256ca5408d9a7fee6b65282ab9,b1d567b632c8cce051416da133f574751c07aa97e2d6a48ead5d2e27f1c81f7d
probe-0105,pc-0277,7130,jwKfeEUCG-k_11_0_06_51_444_to_0_08_55_201.mp4,"[Single-Choice] At 1:38, after lathering the guinea pig, the person lifts it and then immediately pours the soapy water out of the plastic tub. What is the most immediate purpose of this spatial rearrangement? [Options] A) To let the guinea pig drink from the faucet. B) To prepare the tub for a clean water rinse. C) To move the bathing operation to a different sink. D) To check if the guinea pig has an injury on its underside.",B,3,Action and Intent-Driven Spatial Reasoning,Human-Centric,Single-Choice,action_event,temporal_order,B,47205cbc893da42932557c10c41ca012535db00b8e782e4ccd86959dc1800cf0,aa22581ec83e3e135b4e8917dfc255e7581cbc1d6cfc5ae6426fc1cef4dd407c
probe-0106,pc-0013,1084,MnE3cI7sR6U_54_0_12_31_766_to_0_12_47_200.mp4,"[Single-Choice] A red sedan is parked on the right at the start of the turn. As the driver's car moves forward and left, which part of the red sedan is the last to be occluded from the driver's direct forward view by the car's A-pillar? [Options] A) The front headlight. B) The rear taillight. C) The side mirror. D) The front wheel.",B,1,Object Permanence and Occlusion Tracking,Human-Centric,Single-Choice,simple_relation,orientation,A,67d5271c570bf91eb75939a0fbee0ce2379116c4c2d32d750395597c45df0b6c,6a69900ea2f4132f9cefccea55fcc68afdd02ab3be8806fbd2953e17ed2541af
probe-0107,pc-0529,2641,F_Y2Kg1_W3Q_58_0_09_44_684_to_0_09_54_994.mp4,"[True/False] Relative to the scooter's deck, the person initiates the handlebar spin by pushing their right hand forward and pulling their left hand backward.",True,6,Egocentric vs. Allocentric Reference Frames,Human-Centric,True/False,action_event,action_recognition,C,fca7cb858853feb00a5d0bf6c0a0a0f1f4c5123cc1028e96d11e67d8ec1f1543,cb1c8f5595f9a39dc108e9fc667c56f441561c74b229e2e82dccaa368e968069
probe-0108,pc-0018,1602,eeJWtwV5OzA_28_0_05_18_100_to_0_05_28_800.mp4,"[Multiple-Select] As the man walks from the doorway to the red car, which vehicle in the background is temporarily hidden from view by his body? [Options] A) The grey Land Rover. B) The small black Smart car. C) The blue sedan. D) The white convertible.",B.C.D,1,Object Permanence and Occlusion Tracking,Human-Centric,Multiple-Select,entity,object_actor_presence,A,e55afaff9bc32821c5db23e8306ff68217c34576186b53bbfed800cfe9f097e6,5b36d6a8631e101d15333e7e7f90b3ae43ff61b203ffff9540d83e8a7e9e53b1
probe-0109,pc-0050,4104,H3NlWOY-eaU_16_0_05_34_801_to_0_06_27_887.mp4,"[True/False] As the ferry moves forward, the view of the small white building on the distant point of land is eventually occluded by the white life raft canisters.",False,1,Object Permanence and Occlusion Tracking,Object-Centric,True/False,entity,object_actor_presence,D,452ddaaa02e67f6765ddd4b56ae09422caff26a68e9dc0287f7e1a1c47c10d43,b5f6b762c35e92e5c7ce8cbb2e82897cb01e014cb86c6e8bb752c200195ec5fc
probe-0110,pc-0520,1588,eVTd0Q43YQY_60_0_06_07_408_to_0_06_19_170.mp4,"[True/False] From the perspective of the man wearing the cap, the man in the blue shirt moves from his right side to his left side as he approaches and opens the car door.",False,6,Egocentric vs. Allocentric Reference Frames,Human-Centric,True/False,entity,object_actor_presence,B,43a431fd5dc12d0a84c7f29bd4f7a11021dedb41235ce82a15ad2ad32b68551b,b8a87e0097f6e43cc04ede2a90af3d87c416931263b44cb17a6ab870a66e7d55
probe-0111,pc-0229,1864,Ew8Rt71csAw_7_0_01_43_369_to_0_03_05_318.mp4,"[True/False] In the looping maneuver shown between 0:15 and 0:25, the horse's path creates a semi-circle that reaches the opposite long side of the arena before returning.",False,3,Action and Intent-Driven Spatial Reasoning,Human-Centric,True/False,entity,object_actor_presence,B,706d94e2390aeb0484e28b73dc81295be920cc91dcb5a13ba6c0cdda6ebb43f8,8db099a8a93cc11951e29ca553d768a761b771f4db65513fba23f58bd4387dc7
probe-0112,pc-0329,2904,S9IFUxQyu6U_19_0_03_28_374_to_0_04_07_347.mp4,"[Single-Choice] At 0:26, the husky is running at speed across the background. If it had continued moving in that same straight line, which of the following would it have passed closest to? [Options] A) The group of people sitting on the far-left bench. B) The other dogs playing in the center of the field. C) The person standing near the gazebo structure. D) The yellow labrador standing near the two people.",B,4,Predictive and Counterfactual Spatial Reasoning,Human-Centric,Single-Choice,entity,object_actor_presence,C,e4d335a5b04868aa71e9df250504adb67e54d0ee76073311841463dc93ad5128,a2aa71d9471c5eaa49a04d181aa673c369b55d664e37d00c312f7ca348ccecb5
probe-0113,pc-0246,4396,R5lA1ZQzauM_12_0_07_29_399_to_0_08_49_533.mp4,[Multiple-Select] The operator's intent is to test the drone's 'follow me' capability. Which of the following spatial behaviors are observed in the drone's attempt to follow the operator? (Select all that apply) [Options] A) The drone initially drifts without tracking the operator's movement. B) The drone successfully matches the operator's forward speed perfectly. C) The drone adjusts its position laterally to keep the operator in the camera's view. D) The drone loses significant altitude while attempting to move towards the operator.,"B, C, D",3,Action and Intent-Driven Spatial Reasoning,Human-Centric,Multiple-Select,entity,object_actor_presence,B,091502252a3ae77f06caff61e94f7827ccef5905382fbab063c2c2934f6777a1,aa42f305fde59ad9e1e2896cbdd45156468de1c916d4b352df59bf3886d2fef1
probe-0114,pc-0494,9555,mw-2yWO6WLY_1_0_00_04_366_to_0_00_38_333.mp4,"[True/False] When the orange and white clownfish pushes into the green anemone, the tentacles it directly contacts remain rigid and unmoving.",False,5,Object Deformation and State Transition,Human-Centric,True/False,entity,object_actor_presence,A,74f55aedad653fbbe837908370a661df4463931a7ab011aeb3d46d55fea50cb1,262197b501ee7a406428526458daf9ab71254e4c6ec3c90fe17639389718904d
probe-0115,pc-0094,9339,pFawXXbi7oY_4_0_00_36_302_to_0_00_47_747.mp4,"[True/False] After the camera finishes panning to the right, the silver SUV that was initially parked beside a white horse trailer is completely occluded by the trailer in the foreground.",True,1,Object Permanence and Occlusion Tracking,Object-Centric,True/False,entity,object_actor_presence,B,826855ed8476cdeeda390088c5c08b724c49d7a3ff853f49ed2614c9559600bd,946a1e0ed431bc8d1c0f53ea294aff6a41b591dfe89462d9e4248a3b5e8fd192
probe-0116,pc-0556,4575,Tp8jsRr4uU0_18_0_03_31_511_to_0_03_50_597.mp4,"[True/False] During the final major turn at 00:09, from the surfer's own perspective, their body rotates towards the shore.",True,6,Egocentric vs. Allocentric Reference Frames,Human-Centric,True/False,action_event,temporal_order,B,0c894aec2f28198ab1b3c71f1200266bb28bd0dc11ba1f13df6659b327db924a,447452d91add7d09a830858556132a45f7819ecece8ce55ad144c4a2ad452820
probe-0117,pc-0227,1840,LSlhkLImq8U_2_0_01_22_449_to_0_02_30_283.mp4,"[True/False] In the first minute of the video, every time the person walking the dog comes to a complete stop, the dog sits.",True,3,Action and Intent-Driven Spatial Reasoning,Human-Centric,True/False,action_event,temporal_order,D,5f86e1958a87749a29c30d2e5e93186a0709efb82ff677e0b0926f84b41da009,0baa94a8f516ac3b71d17efd090e18c6ed51cbe48a0eecfe51087b1d5d8ccf68
probe-0118,pc-0154,4579,Tsl-R5qsDK4_12_0_02_42_028_to_0_03_05_485.mp4,"[Fill-in-the-Blank] Immediately after the fish bites the line, causing a large splash, its subsequent movement creates ripples that travel primarily toward the ______ of the frame.",left,2,Dynamic Spatial Relationships,Human-Centric,Fill-in-the-Blank,simple_relation,orientation,C,a923161bf8de2b299932d5a318b75d9320805eb9ff0b94db5f785ea51c9acfd8,2c6bfb8eb7d548f4ffabfa03279a52b92494a534696387335ce33ef228eff613
probe-0119,pc-0237,2824,RSIVPn1jnBw_20_0_03_04_617_to_0_03_14_661.mp4,"[Single-Choice] After the person in the grey shirt throws the white jersey over his shoulder, where does the jersey ultimately come to rest? [Options] A) On the floor in front of the thrower. B) On the head of the person in the yellow #3 jersey. C) Draped over the basketball rim and through the net. D) On the floor behind the thrower.",D,3,Action and Intent-Driven Spatial Reasoning,Human-Centric,Single-Choice,simple_relation,orientation,C,0c7c3cd5ba2ec4aa914c7f218a010e177daa6fdbf73b4d444ee7fc2324a4da83,576906ab1ed50801930a9472b2cfeb794696691babf8944349f0311d639d30af
probe-0120,pc-0249,4993,Z0lkr3AQ8Xk_21_0_02_21_820_to_0_02_33_070.mp4,"[Single-Choice] Based on the silver car's final trajectory after swerving across the lane divider, what was its immediate spatial objective?
[Options]
A) To make a U-turn.
B) To pull over on the left shoulder.
C) To turn right at the upcoming intersection.
D) To overtake the black car.",A,3,Action and Intent-Driven Spatial Reasoning,Human-Centric,Single-Choice,action_event,action_recognition,C,7cb2e015b599f113a30525b93ea3ade4122b2548c554a22fa9e7be527d3b3f5e,b9788153074dda042886669cfb338f315956abf36b376dd1590c37e405659f3d
probe-0121,pc-0334,3264,JCDFMUawpsY_31_0_13_29_141_to_0_13_57_836.mp4,"[Single-Choice] Just before entering the paved area, the rider passes a yellow 'CAUTION' sign on their right. If the rider had instead turned sharply right immediately after this sign, what would they have ridden onto? [Options] A) A set of metal crowd-control barriers. B) A gravel road leading up a hill. C) A raised wooden deck next to a building. D) Another dirt bike path.",D,4,Predictive and Counterfactual Spatial Reasoning,Human-Centric,Single-Choice,action_event,temporal_order,C,9a09e10ccae56feffa48bbc8275aa317a032140d8fd7d69de85885fd42fea165,9f03f99ca5d1a865415f74f5a6e4913525e5aef7b35c90accadac984c82d49b1
probe-0122,pc-0026,2056,Fh9NSGL42aU_27_0_04_54_500_to_0_05_12_566.mp4,"[True/False] During the camera's pan towards the group of people, the man wearing a black shirt and sunglasses is, at one point, completely hidden from view behind the man in the grey t-shirt.",False,1,Object Permanence and Occlusion Tracking,Human-Centric,True/False,entity,object_actor_presence,D,2d6ba6e1b6a2368ce922b0cc6f44bd96e0dbbc43da4d4c79704bdff508681f0e,97d5fa3ad2411986d3afa3be2b1d349201dededfa86ba8ad9305318725f7a05d
probe-0123,pc-0477,7439,iwOF8NbK0s8_5_0_01_20_180_to_0_01_37_464.mp4,[Single-Choice] What is the final orientation of the surfboard after it reappears in the whitewater? [Options] A) Floating horizontally on the surface. B) Floating upside-down. C) Floating nearly vertically with its nose pointed out of the water. D) The board is completely submerged.,C,5,Object Deformation and State Transition,Human-Centric,Single-Choice,simple_relation,simple_spatial_relation,A,c2214b51d95a37bbe2d9c3f276ccede6edc1ecd0d12c7fcec5a9acf6b9ed5cec,1487a35b48aa2208f26dd7d94bd7b7fc5fba6ac7b5269c72429cb1ed96bbc067
probe-0124,pc-0265,5933,uV3lJhGek10_20_0_02_56_876_to_0_03_09_489.mp4,"[Multiple-Select] Assuming the man uses the blind as intended, which locations are within his primary field of view for observation? (Select all that apply) [Options] A) The near edge of the pond. B) The far edge of the pond. C) The area where the truck is parked. D) The base of the wind turbines on the hill.","A, B",3,Action and Intent-Driven Spatial Reasoning,Human-Centric,Multiple-Select,simple_relation,simple_spatial_relation,C,bfce9f08a88fa22405b754cff9564f01db16712dbf550f96e01cebaa43460f75,7ebd29530fc407359404c1ec9e045d8ee87a4fc32380fbb4342862d1968a736a
probe-0125,pc-0308,781,JaOVlghcZtM_58_0_18_10_433_to_0_18_21_833.mp4,"[Single-Choice] At the 8-second mark, if the rider were to turn sharply to their right and continue downhill instead of following the main path, which object would they most directly approach? [Options] A) The red building. B) The yellow excavator. C) The cluster of parked cars. D) A small wooden shelter on the far right.",D,4,Predictive and Counterfactual Spatial Reasoning,Human-Centric,Single-Choice,simple_relation,simple_spatial_relation,D,ead384b589bd35f27566a94e20700fb4ee456f5a55e6222485b713d5e82d39d3,3a125020a52681178610f6a9e50415e97719f7390c99d15ec0cbce134e8c5e21
probe-0126,pc-0547,3597,Ud7XHwfD6ls_94_0_12_11_230_to_0_12_21_907.mp4,"[Single-Choice] As the camera moves backward, it reveals a main building and a smaller, dark-roofed shed to its left. From a bird's-eye perspective, what is located directly between these two structures? [Options] A) A wooden fence . B) Two children skating in a circle. C) A large snowbank with a trash can on top. D) A black metal fire pit.",A,6,Egocentric vs. Allocentric Reference Frames,Human-Centric,Single-Choice,entity,object_actor_presence,A,e91fdf9a359fac55b3d74fa41c10f996856950e8ff6071dd809af3e142504ad3,00b2ed60e099767386dd3850a3654ca75c320f063e08351cd5f019184f703cc1
probe-0127,pc-0527,2515,IhCQUucY59I_5_0_02_40_639_to_0_03_00_680.mp4,"[Single-Choice] From the perspective of the rower seated at the very front of the boat, in which direction is the chase boat that is following them located? [Options] A) Directly in front of her. B) Directly behind her. C) To her left. D) To her right.",C,6,Egocentric vs. Allocentric Reference Frames,Human-Centric,Single-Choice,entity,object_actor_presence,B,77be94803672a7c5b936c995733234466bd1a0bc6f6f5c4568b407180315ae83,2af4d637b104ddc6c578814e8bde98c3d5aa9ebda92fdf2852eaecdc8a9d9891
probe-0128,pc-0262,5926,v9lTwOyEhd8_31_0_09_28_559_to_0_09_41_480.mp4,"[Multiple-Select] In the second scene, the person wraps the rope around the silver winch. What is the spatial and mechanical purpose of this preparatory action? (Select all that apply)
[Options]
A) To use the friction between the rope and the winch drum to hold tension.
B) To engage the rope with a rotating mechanism that provides a mechanical advantage.
C) To guide the rope in a straight line toward the front of the boat.
D) To prepare to tie a knot, securing the rope to the winch.","A, B",3,Action and Intent-Driven Spatial Reasoning,Human-Centric,Multiple-Select,action_event,temporal_order,C,3bcbcd1d3e4e21c3403f9986e154bf140df8dcde0061ef4baeff0bf63d73e030,12be25f98f4f1a60b6db535859b0310bbdcc2fa0871b28f2863bcd64455a4964
probe-0129,pc-0174,6271,iHJC3g4RC64_23_0_03_25_538_to_0_03_42_589.mp4,"[Fill-in-the-Blank] During the camera's pan to the right, the two orange lighters on the dark brown pegboard move from the right side of the frame towards the ______.",center,2,Dynamic Spatial Relationships,Object-Centric,Fill-in-the-Blank,entity,object_actor_presence,B,df4b07bcba46bc951aeca9f87af516edfcc2552a26dd2f05069bebe5cca5372d,33682c32a4ee361aeb5b78074678b85f56c8a85326c4f7e35950119c52c0d6b3
probe-0130,pc-0391,7554,iVYhnFOgiUI_4_0_01_01_066_to_0_01_15_933.mp4,"[Single-Choice] If the rider had continued straight on their initial path without turning, what would have been the immediate consequence? [Options] A) They would have ridden up the grassy hill. B) They would have collided with the closed white gate. C) They would have entered an open field. D) They would have fallen into a ditch.",B,4,Predictive and Counterfactual Spatial Reasoning,Human-Centric,Single-Choice,simple_relation,simple_spatial_relation,B,9f499b7a94dd2f8b983158c9ee7e3a065a16b218565158efbc60acc3abc475a6,8faadaaafece050125805dffde90da524e474ac416b59fd0ee3b84ac9b04309a
probe-0131,pc-0087,8902,iOFJq-ylyT4_4_0_01_12_439_to_0_01_27_353.mp4,"[True/False] From the camera's final viewpoint showing the side of the car, the driver's side front wheel is completely occluded.",True,1,Object Permanence and Occlusion Tracking,Human-Centric,True/False,action_event,temporal_order,D,40dcc68e314bba4017b535701137107f9c15d3099b7ed71f62bd232483a294a1,e03811741edf39384d6c5fe32ca7b919463c1b5c413935f35931c5e167411b57
probe-0132,pc-0366,5063,_4dgPq-hqQY_38_0_05_11_133_to_0_05_21_800.mp4,"[Single-Choice] If the SUV had continued on its initial trajectory without turning right, what would it have moved towards? [Options] A) The white mailbox post on the right side of the road. B) The house with the brown roof visible in the background. C) The driveway of the house on the immediate left. D) The curb directly in front of the camera's viewpoint.",C,4,Predictive and Counterfactual Spatial Reasoning,Object-Centric,Single-Choice,entity,object_actor_presence,D,0cc28a2b16a1414a7aaf6888301e6ff854f6e9c5a012c98272e0bb2e202699b5,6728912ed8daaee69b4cb039e284f8cef0d888e4b218c5cd2915f6f9b06e182d
probe-0133,pc-0005,445,J1rJ0AP4RPg_12_0_02_02_789_to_0_02_24_410.mp4,"[True/False] During the camera's movement towards the dining area, the passenger seat's headrest momentarily fully occludes the wine bottle on the table.",False,1,Object Permanence and Occlusion Tracking,Object-Centric,True/False,action_event,action_recognition,C,b0475448df2f3855b77487c74992a7879cf57925491175aa5161289a7b80478d,34ab035297aaf1455e67a3cdea7cbc77721599e1e1da232b7dcc66c523b77c38
probe-0134,pc-0230,2080,VO_W9H4ReyM_8_0_02_11_731_to_0_02_23_143.mp4,"[Single-Choice] Based on the rider's control and the horse's path, what is the primary spatial objective of the maneuver shown? [Options] A) To approach the jump on the right side of the screen. B) To move the horse sideways across the arena while maintaining a forward direction. C) To make the horse back up towards the building. D) To circle around the jump on the left.",B,3,Action and Intent-Driven Spatial Reasoning,Human-Centric,Single-Choice,action_event,temporal_order,A,890d24cc5467bdd626b6db016b6cafcacb5c12a86bb8d6d36652f0307c41f37a,618331d7ccab87fb1998cf30e8d81b3b9026c0f80a5ef245afdd37153c3652ed
probe-0135,pc-0314,1425,c9K7ZNmuLtY_32_0_05_05_338_to_0_05_24_991.mp4,"[True/False] If the fish had maintained its initial straight-line trajectory without turning, it would have passed behind the grey pontoon visible on the right.",False,4,Predictive and Counterfactual Spatial Reasoning,Object-Centric,True/False,action_event,action_recognition,B,f4d4f7d0d3947ba32c5b1e49f99b6f7ce24835824458d4c228320af7eb0080c3,d8056e542b6166bd55a2ba9834953b41a0281a349f4547dd63877a084dc8326b
probe-0136,pc-0357,4417,RNIf6N7JeLo_95_0_11_28_320_to_0_11_39_632.mp4,"[Single-Choice] Imagine that at the 2-second mark, the car's steering locked and it continued forward in a perfectly straight line. Based on the road's curvature, where would the car have first left the paved surface? [Options] A) Off the left shoulder of the road. B) Off the right shoulder of the road. C) It would have remained on the road for the duration of the clip. D) It would have hit the guardrail on the right.",A,4,Predictive and Counterfactual Spatial Reasoning,Object-Centric,Single-Choice,entity,object_actor_presence,B,e764e370e63b2d2c7b95208ae27574ada5349b94a4f183f4626748611d943c3b,d6fd96c62acc55d35b209074c72da63ba50c35878475012c065e24362722ab53
probe-0137,pc-0283,7472,ikx-L45Gqmw_66_0_09_18_224_to_0_09_36_842.mp4,"[Single-Choice] Based on the woman's path of movement from the sidewalk and the sudden appearance of a light source from above and behind her around the 5-second mark, what spatial interaction most likely occurred? [Options] A) She walked under a street lamp that turned on. B) She opened the rear trunk of the vehicle. C) She turned around to face the sunset. D) Another car turned its headlights on her.",B,3,Action and Intent-Driven Spatial Reasoning,Human-Centric,Single-Choice,simple_relation,simple_spatial_relation,D,71ca6cf520104009d6a381816153845becbd9f8b489bb0177782d741157b755a,a385400c60b711a2b37d7d38b33d0d72692a4167c593b350805c757a0bbdf6db
probe-0138,pc-0041,3621,Uz_Fmus7BgA_10_0_03_43_189_to_0_03_53_466.mp4,"[True/False] After the surfer is completely occluded by the whitewater at the end of the ride, they have ended up in front of the breaking part of the wave.",False,1,Object Permanence and Occlusion Tracking,Human-Centric,True/False,simple_relation,orientation,A,5d430f9f2bb553e3a4624d4122d3bf80694c1b540404814df3b65e203531a7e5,f563334844090aec754fd80aba043d430ce23a6767e0d7237b3f5edc8a448c0a
probe-0139,pc-0457,6011,Y2NywKtqQdI_2_0_00_13_533_to_0_01_05_700.mp4,"[Multiple-Select] During the man's transition from a seated to a standing position, which of these spatial changes occur? (Select all that apply) [Options] A) The vertical distance between the man's head and the kayak's floor increases. B) The selfie stick moves from a position angled upwards from his lap to a position held vertically in front of his torso. C) The paddle, resting on his left, is moved to the back of the kayak. D) His feet are repositioned from the angled footrests to the flat central floor.","A,B,D",5,Object Deformation and State Transition,Human-Centric,Multiple-Select,action_event,temporal_order,A,d493b871f22029c2e4323362e4ffa7db80ec6d424337e1cb8840e61d87a3aafb,110bd7238e6497746b867fe89bbbc1b05b5cfa7f51abfae6b2f599d2ff536190
probe-0140,pc-0160,5038,ZkJgqKAYywE_22_0_04_13_439_to_0_04_23_800.mp4,"[Single-Choice] As the camera pans right, how does the perceived spatial relationship between the small arched section of the track and the large white-tarped structure change? [Options] A) The arched section moves from being below the white structure to being above it. B) The arched section moves from being to the right of the white structure to being directly in front of it. C) The white structure moves from being behind the arched section to being beside it. D) The arched section and the white structure maintain a fixed side-by-side position.",A,2,Dynamic Spatial Relationships,Object-Centric,Single-Choice,action_event,action_recognition,B,5da48d9615be8fc00b9c6540096b5288c9af293832179cab03460f03fb284b51,06371ed5698defbc4c3c073ee19a22aa7578c39f390a7045bbf3dce5237a8193
probe-0141,pc-0328,2584,FN2ABL7CkJA_11_0_05_28_861_to_0_06_16_876.mp4,"[Single-Choice] At 0:31, a black car approaches from the opposite direction. If the driver of the classic car had continued to drive straight instead of following the curve, what would have been the most immediate spatial outcome? [Options] A) A collision with the oncoming black car. B) Driving onto the grass on the left side of the road. C) Driving onto the grass on the right side of the road. D) A collision with the mailboxes on the left.",C,4,Predictive and Counterfactual Spatial Reasoning,Human-Centric,Single-Choice,simple_relation,orientation,D,e53f4dcbe4702797e18e6e972320e40df02b27f32f248f5eaa620d57ca42afeb,53a9b8cdf05f7eb7c5faef11ea50075a1a3a719a941bcbe7521477bdc28e94bd
probe-0142,pc-0592,9115,g4LGbQmbEvs_58_0_08_41_520_to_0_08_53_933.mp4,"[True/False] From the woman's perspective, the hand guiding the hook is positioned on her left side.",True,6,Egocentric vs. Allocentric Reference Frames,Human-Centric,True/False,action_event,action_recognition,D,ea336f680828cb4602e7ce44700969d554a3d37f31caa04070b83ec703b68018,6131091c694b086a9bc240902abb5ff3e1bdf0c64f497991ea242d8ae0213472
probe-0143,pc-0252,5200,r8iANn9nlOY_8_0_01_22_519_to_0_01_45_920.mp4,"[Single-Choice] At 0:17, the player in the blue vest passes the ball off-screen to the right. Based on the on-field positions and the drill's context, who is the most likely intended recipient? [Options] A) The player in the yellow vest moving towards the center. B) The stationary player in the black jacket and neon yellow shoes. C) A player in a red jersey further downfield. D) The player in a blue vest who is now behind the passer.",B,3,Action and Intent-Driven Spatial Reasoning,Human-Centric,Single-Choice,simple_relation,simple_spatial_relation,C,14a2bdfabb2d7ad855fbf8b0e56e068cbf8805a8f45df81a0c0887b52730647b,ee10b6780db28f9bc1332600f59f03ceb3de72b6e99c9571d0a9964a83c2c0cb
probe-0144,pc-0330,2921,H1JCjHLZlP8_14_0_03_15_360_to_0_03_35_159.mp4,"[True/False] Based on their positions and speed at the 12-second mark, the runner in the red top is on a trajectory to overtake the runner in the outermost lane before they complete the next straight section of the track.",False,4,Predictive and Counterfactual Spatial Reasoning,Human-Centric,True/False,action_event,temporal_order,A,b663edabdbb3d94bdf9c7c39277080d40909ae535c9d3d96ae404fe035d7bfc3,f824169cc27c9953638574d238884c0106d51ae8bb50c715d862672b051fad3c
probe-0145,pc-0452,5955,sSy9TvBC92o_15_0_01_39_519_to_0_01_58_920.mp4,"[Multiple-Select] The snake actively deforms its body to grip the man's arm. Which of the following spatial configurations are created by this deformation? (Select all that apply) [Options] A) Multiple circular coils wrapped around the forearm. B) A single loop running lengthwise along the other coils. C) A complex, overlapping mass where the body crosses over itself multiple times. D) A straight, rigid line along the top of the man's arm.","A,B,C",5,Object Deformation and State Transition,Human-Centric,Multiple-Select,simple_relation,orientation,A,235dd2218fc251a2498c898a2b5b0ec1d9dcca15d18adc5c3fb267a3df7ba0fa,86b4cc1654fc33ae4233004c76e27b1e2b2ee3715f165567f6b9df014d188da3
probe-0146,pc-0072,5436,uS1JBZRPNjk_38_0_07_53_306_to_0_08_03_316.mp4,"[True/False] During the camera's pan to the left, the rock and bush in the immediate right foreground move to eventually hide the part of the river that was visible on the far right at the start.",False,1,Object Permanence and Occlusion Tracking,Object-Centric,True/False,entity,object_actor_presence,D,a7a1f25c55b6799f0faf32f0cc01c58f26fca688dce29790d43c05d60a40e735,fa5c3695a4f3671a930addd111003ac411139fb2335c307b83fd485aaf290e5e
probe-0147,pc-0567,5563,kneXuHEHE4A_3_0_00_26_726_to_0_00_53_019.mp4,"[Fill-in-the-Blank] From the perspective of the player sitting on the bench in the background, the green team's celebration huddle occurs on the ______ side of the soccer field.",right,6,Egocentric vs. Allocentric Reference Frames,Human-Centric,Fill-in-the-Blank,simple_relation,orientation,B,80c6abe6a59f514dcc0a921537854a5477e8b40605346d80d94db332fee0817e,15cb844ab771a38f16f1de0a9b587cfd03d4a589c61504e27410595e454377b0
probe-0148,pc-0038,3267,UrABBEA_R0Y_25_0_07_05_124_to_0_07_27_380.mp4,"[Single-Choice] Immediately after the surfer emerges from the large splash of water at 0:14, what is the orientation of the surfboard relative to the overall direction of the wave's movement towards the shore? [Options] A) It is mostly perpendicular, pointing towards the shore. B) It is parallel, pointing along the wave's face. C) It is angled backwards, away from the shore. D) The board is completely submerged and not visible.",D,1,Object Permanence and Occlusion Tracking,Human-Centric,Single-Choice,simple_relation,simple_spatial_relation,D,000f140cfa91ca29639c88a451018a9559f201f9effa0ec10d79d0a76111f7e5,c2a6619fe3b5550aee92d38f27dc4459f930535842037eb4325c1207356acfbc
probe-0149,pc-0247,4554,TVPLbXI1fR8_10_0_02_28_982_to_0_03_03_182.mp4,"[Single-Choice] To open the transom door, what is the correct sequence of spatial operations performed on the latch and door? [Options] A) The handle is pushed up, then the door is pulled outward. B) The handle is rotated clockwise, then the door is pushed outward. C) The handle is pulled downward, then the door is pushed inward. D) The door is pushed inward first, which releases the handle.",A,3,Action and Intent-Driven Spatial Reasoning,Human-Centric,Single-Choice,entity,object_actor_presence,A,5120f96f0a71e1526ed0b0bbdff2febed1d9c2bd57eedbb1cf93642cfc1f41a7,8e70618053ab0e8341d64d4b23effc173533d6276362d80eb6c8bcb503d2b8df
probe-0150,pc-0580,7010,kIlbv3hRGb4_17_0_03_06_719_to_0_03_24_070.mp4,"[Single-Choice] From the motorcycle's egocentric perspective, which spatial relationship remains constant for the entire duration of the drive? [Options] A) The white shoulder line is on the left, and the double yellow line is on the right. B) The double yellow line is on the left, and the white shoulder line is on the right. C) The motorcycle is positioned directly between the two yellow lines. D) The motorcycle is positioned directly on the white shoulder line.",B,6,Egocentric vs. Allocentric Reference Frames,Human-Centric,Single-Choice,entity,object_actor_presence,D,9b2a388b1a9b6b1e1e69a57edf0ca9dbe7e693b771041c27ad60c3b39acb1d12,41a7fe7342e2b0bad19d21bb3c5a499764633cd055ff93a288dbf6a4c9d73411
probe-0151,pc-0191,8757,jrrAZ0wM0bM_1_0_00_05_438_to_0_00_45_211.mp4,"[True/False] At 0:11, from the camera's direct line of sight, the white horse is positioned horizontally between the two brown horses.",True,2,Dynamic Spatial Relationships,Human-Centric,True/False,action_event,action_recognition,D,c65428147a72826508ae71a3223017a3301499026f622181a46cdb51efeba7f9,239c52d0ce9adc08158fd50ff910354363005ce81b267b6f749b069786e6a475
probe-0152,pc-0078,6200,j8Gic59heRg_65_0_15_52_084_to_0_16_08_233.mp4,"[Fill-in-the-Blank] Between 0:04 and 0:06, the white paper lantern hanging on the left side of the street is temporarily hidden from view by the corner of the ______ building.",brick,1,Object Permanence and Occlusion Tracking,Human-Centric,Fill-in-the-Blank,entity,object_actor_presence,B,69886ad4592febe3c23f25af9d734ecb38e6c72fc1ca9fc230d5f65006f1d439,f1f73964e7ccf877750a48580da3eb6f8476a18d78759eee9c508b9f541e6e37
probe-0153,pc-0089,9012,h8riuf39Bio_21_0_02_40_733_to_0_02_52_733.mp4,"[True/False] At the moment the brown-headed duck turns its head towards the red-headed duck, its body is partially occluding the red-headed duck from the camera's perspective.",True,1,Object Permanence and Occlusion Tracking,Object-Centric,True/False,entity,object_actor_presence,B,0490e07608f878ab4abbce56a382e5d39d540b226e56749643e03050140bb940,b68be118a68ca9d39cb67f10fc69088d646b585a0bdee9e6c183ddd080971b20
probe-0154,pc-0109,403,D39Xmg7PEew_28_0_05_27_360_to_0_05_43_443.mp4,"[True/False] The trajectory of the fish, as it is being pulled through the water before being lifted, is primarily from a distant point toward the camera's location.",False,2,Dynamic Spatial Relationships,Human-Centric,True/False,simple_relation,orientation,B,1633f505e16bc1283ddc1c2d202b1b4ec9827f0303fd6eac47912ade429497d7,af7201a028f533a558c3c23bc813cb0383e1cfedb43fb16462131fbb12b71b2e
probe-0155,pc-0326,2387,EOswWepObDw_28_0_03_27_975_to_0_03_54_329.mp4,"[Single-Choice] Based on the visible arc of motion, what object is located behind the ride's path when it reaches its highest point on the left side of the screen? [Options] A) A tall, glass-paneled building. B) The sun. C) A parking lot full of cars. D) A small, single-story shop.",A,4,Predictive and Counterfactual Spatial Reasoning,Object-Centric,Single-Choice,entity,object_actor_presence,C,4d2d93b04a578f4dfc1581fb69d0d6835e9edca02dc332b86786d6e089fc7677,df3a5d542e2f1e1e04cc3bbfa6ee768ff38a14f4c80574ca5fc9660fa95e5b27
probe-0156,pc-0372,5307,smpHs3qH_dE_40_0_07_17_854_to_0_07_29_532.mp4,"[Single-Choice] Based on the white van's consistent speed and trajectory, which object would its front bumper be aligned with approximately one second after the video ends? [Options] A) The front of the parked dark-colored SUV. B) The rear of the parked silver sedan. C) The storefront with the red sign in the distance. D) The second light pole on the sidewalk.",D,4,Predictive and Counterfactual Spatial Reasoning,Object-Centric,Single-Choice,action_event,action_recognition,A,0eb6131220b64362fa7dd61ddbd6a0066b34516c42541863984010484475a69e,3b1ae908e29fe67a14853cf217d67bcf384342eab55b0091404a08ed4fff03fe
probe-0157,pc-0205,176,Xdn4-pqGD6A_53_0_13_48_285_to_0_14_30_327.mp4,"[Single-Choice] After the second golfer (in the black shirt) putts, what is the final spatial relationship between his ball and the hole compared to its starting position? [Options] A) The ball is closer to the hole. B) The ball is further from the hole. C) The ball is in the same location relative to the hole. D) The ball has moved to the right of the hole.",A,3,Action and Intent-Driven Spatial Reasoning,Human-Centric,Single-Choice,entity,object_actor_presence,A,146da1cd4f3c88dd9a84191f7d5f90a7e21a5fa85c3983366efc617726d9b94c,e3196cc1a46d6f69fb4dce35c7d3de0194ad430bee91561a5be57f2a891cbe17
probe-0158,pc-0015,1267,PbiwvryfH94_27_0_10_50_999_to_0_12_30_624.mp4,[True/False] The person in the purple shirt who walks past the woman in the grey vest is completely hidden from view by her at some point before exiting the frame.,True,1,Object Permanence and Occlusion Tracking,Human-Centric,True/False,entity,object_actor_presence,B,78838c3ceff92a53430f0e9e58fef2265a8e3d4714d579c2c3970f8606cc0ffb,cc4c7546b9988d7e0951c5a045d5bd904936abb304fd28c26f47fa2a28990794
probe-0159,pc-0397,8746,jxs9pxgjm8c_5_0_01_53_733_to_0_02_25_333.mp4,"[True/False] Based on the visible volume of the plant's root ball, it appears it would fit back into the green pot with significant empty space remaining around it.",False,4,Predictive and Counterfactual Spatial Reasoning,Human-Centric,True/False,entity,object_actor_presence,C,946142a0de9f26c19ebc06b41ea65fa35f238411c9d91c9bd0a35d79d95898df,fe0a9ae84306fbb68cee116223d466a2003e2064be7a184ab2bccba18c0796c6
probe-0160,pc-0014,1156,NkFI7LBA8N4_22_0_03_36_382_to_0_03_48_127.mp4,"[True/False] The dark sedan that drives from left to right passes in front of the yellow car, temporarily occluding it from view.",False,1,Object Permanence and Occlusion Tracking,Object-Centric,True/False,action_event,action_recognition,D,155bda53acb21d02349c976a13ed2bc749439853d8277023f2ab323dd9d4cdff,bc895eb9c2e5fe16859e0ea998e46dc1df32c57a7acb5462bd1e314b4b4ed4eb
probe-0161,pc-0030,2566,FHea6tOnSYY_27_0_03_34_881_to_0_03_49_295.mp4,"[Single-Choice] At the very beginning of the video, as the silver Corvette drives past, which object in the background does it temporarily and completely occlude from the camera's view? [Options] A) The red Porsche. B) A white SUV. C) A distant building. D) The blue Subaru.",B,1,Object Permanence and Occlusion Tracking,Object-Centric,Single-Choice,entity,object_actor_presence,B,8ef463815080de4129ed23ee8d8431c9e202df032a534f09f5875b9fe7c099f4,07aa2ac79ce481812c6b5cd62c0d76ce9fbac69afd3cb869c806a40d47de648d
probe-0162,pc-0373,5325,svE6_cYXDXA_31_0_03_25_505_to_0_03_41_554.mp4,"[Single-Choice] If the rider failed to navigate the first significant curve and continued in a straight line, what would be the immediate spatial consequence? [Options] A) They would travel off the steep edge to the left of the road. B) They would ride directly into the uphill embankment. C) They would enter the patch of green trees on the right. D) They would safely continue onto a different path.",B,4,Predictive and Counterfactual Spatial Reasoning,Human-Centric,Single-Choice,action_event,action_recognition,B,58e13a09d604ba659c227600c8341ebd452d2599a9fb176496648ec5a7ba6390,480eae4b0e7c2db3a324bb90dd720d53fa0bc7aa9a23442accebf2c908a20b21
probe-0163,pc-0157,4870,Xe8SxWrViU0_91_0_17_15_240_to_0_17_27_599.mp4,"[Single-Choice] From the camera's point of view, what is the apparent overall directional motion of the Eiffel Tower across the frame as the car drives forward? [Options] A) From the center of the frame towards the right edge. B) From the right side of the frame towards the left edge. C) It remains stationary relative to the car. D) From the left side of the frame towards the right edge.",A,2,Dynamic Spatial Relationships,Object-Centric,Single-Choice,simple_relation,orientation,B,718f2592e80cc9d6cd17c19412c9826ecb4bab0df203d5f4a2f760eaab16fe61,5f475ac25ec3a384943fc75485dcad1001fb2c748aab489f7b4fddde75d8d4c0
probe-0164,pc-0541,3410,RTzP1HAsg0w_61_0_10_21_854_to_0_10_34_166.mp4,"[True/False] Based on the visible background traffic, the red car is parked parallel to the direction of the moving cars on the street.",False,6,Egocentric vs. Allocentric Reference Frames,Object-Centric,True/False,simple_relation,simple_spatial_relation,C,8fbe15f2fb415ec43f1e6597551fa117bb84997c0b322085a298d6b2f3a915df,1612a03634f804dfae932d737835636d9aee33932e469c2ac8a7a92a5f26fef7
probe-0165,pc-0422,2400,ERekgrM-aaA_46_0_11_59_996_to_0_12_34_577.mp4,"[Single-Choice] Around the 17-second mark, what change in the green kite's movement indicates its transition from a controlled to an uncontrolled state? [Options] A) It begins to move horizontally from right to left. B) It abruptly starts tumbling downwards instead of gliding. C) It rapidly ascends towards the top of the frame. D) It stops moving completely.",B,5,Object Deformation and State Transition,Object-Centric,Single-Choice,entity,object_actor_presence,B,035934587887e6ed72255e52927cdfade70ccf4feeaf5d219f54f2a21aaaa308,fc2938c27cb7d250f1433ab9ac6ab02f65368d78e9c097297789190e84b36f90
probe-0166,pc-0367,5066,_5VclaucSpc_9_0_01_01_186_to_0_01_11_446.mp4,"[Fill-in-the-Blank] If the camera's panning motion were perfectly reversed, the small white building visible on the distant peak at 00:05 would be one of the first major features to exit the frame on the ______ side.",right,4,Predictive and Counterfactual Spatial Reasoning,Object-Centric,Fill-in-the-Blank,entity,object_actor_presence,D,f90ff2e09f7de9c20633b9f344c21140d9506b283db4aff3eb55d92fc1e0318b,1aa5edd108f50157e044c6f05a5591841924c6862af73fe5a405316b39d115da
probe-0167,pc-0591,8958,hekzmOGY4jo_14_0_01_46_940_to_0_01_59_385.mp4,"[True/False] For most of the ride, the surfer is moving along the face of the wave, causing the surfboard to travel in a direction roughly parallel to the shoreline.",True,6,Egocentric vs. Allocentric Reference Frames,Human-Centric,True/False,simple_relation,orientation,A,06d4acf7782df10111b2b99f6b7e8afbc722f975c088af9c75a617cc1580991b,98d9e1ba8a2ebcd2a79d118f61bb56a30022e53f65643517659f231c70c3dcfb
probe-0168,pc-0121,1724,EEDc5gDPPdE_10_0_01_11_538_to_0_01_22_449.mp4,"[True/False] As the two individuals walk along the shoreline, the tall, multi-story building in the background appears to move from the right side of the camera's view towards the center.",False,2,Dynamic Spatial Relationships,Human-Centric,True/False,simple_relation,simple_spatial_relation,A,b4707add267a8d0d41cb7f1a8e52c407b1a36998a743e09cbff44d2db5290d8c,208b692341226e246cf22e3ee530d2594ed2e70646ed8165a52db1fd2d3cb492
probe-0169,pc-0418,1841,EneKMFjJBRI_17_0_03_00_900_to_0_03_12_333.mp4,"[Single-Choice] At the highest point of its flip maneuver, when the airplane is inverted, which part of the aircraft is oriented towards the ground? [Options] A) The bottom of the fuselage. B) The top of the wings and canopy. C) The left wing tip. D) The nose of the airplane.",B,5,Object Deformation and State Transition,Object-Centric,Single-Choice,action_event,temporal_order,C,b03d49666f409598ece4f92fcdf258d841331549fefe78174f115c8d1285fcd6,2bda43bf4243334832a5f732f1ed830b25028c37da0364898692b050596d77b4
probe-0170,pc-0261,5865,p7F4YA37mbQ_6_0_02_17_704_to_0_03_26_072.mp4,[Multiple-Select] The primary function of the crochet hook's tip in this video is to perform which spatial actions on the yarn? (Select all that apply) [Options] A) To cut the yarn into smaller pieces. B) To pull one segment of yarn through an existing loop. C) To tighten the initial knot. D) To hook and guide the working yarn.,"B,D",3,Action and Intent-Driven Spatial Reasoning,Human-Centric,Multiple-Select,simple_relation,orientation,C,ad4e4b087283b3c95758746329820a1ad6fd045f20bfdb75f1d62e923797468b,17e3d48cb31554f08685a435ce61791c63af70c83edea2e0db80b34e188cfd19
probe-0171,pc-0566,5411,u5bdvLkN9pI_11_0_01_44_479_to_0_02_02_622.mp4,"[Fill-in-the-Blank] In the final arrangement shown on the table, the four tall stacks in clear tubes are located to the ______ of the main group of stacks in white tubes.",before,6,Egocentric vs. Allocentric Reference Frames,Object-Centric,Fill-in-the-Blank,simple_relation,orientation,C,ceeb95bf477e98ff90e4323f60781cbdf742d17a204d9e5817a2d1b7983167bd,395e9539e0a29d3c376503dbab52a4d8cb344792ebfc1ea7d238707e23fb1023
probe-0172,pc-0538,3320,QXeQYoMkZVQ_40_0_05_26_726_to_0_05_38_104.mp4,"[True/False] From the driver's perspective, the turn they execute is a turn to their right.",False,6,Egocentric vs. Allocentric Reference Frames,Human-Centric,True/False,entity,object_actor_presence,B,f9b502612009c279cd3940988db59cabe46c902e5c08e6d8ba152d2e7d638600,4197a3ccfc70361fb11da854fe9b5199c5d87ff7b278cd9c2f3887440182dc5e
probe-0173,pc-0446,5919,kPxokEIaItg_30_0_03_30_240_to_0_03_41_280.mp4,"[Multiple-Select] As the brush moves across the eyebrow, which of the following visual state transitions occur? (Select all that apply) [Options] A) The gaps between the hairs become more prominent. B) The overall shape becomes more defined against the skin. C) The color of the eyebrow becomes darker and more uniform. D) The eyebrow appears to decrease in length.","B,C",5,Object Deformation and State Transition,Human-Centric,Multiple-Select,entity,object_actor_presence,A,a44d579e2e2233f62531a5322cc86f681bf7e7e3702557a411fe643cc5bf58f4,f858399812b74f67c0c5f4af7e160b9dbd5b4abdffca01ca52df7b95911f2d43
probe-0174,pc-0533,3015,HWw84p9DkGU_21_0_02_39_058_to_0_02_50_270.mp4,"[True/False] From the man's perspective, the hydraulic strut holding the hood open is on his right side.",False,6,Egocentric vs. Allocentric Reference Frames,Human-Centric,True/False,simple_relation,simple_spatial_relation,A,f0cc9b39ba95b14f40852c1c2dd45e2aec055a01b90950c37ddcb4ca9e8010ca,35f6b400ac2944cbfc5e596923e6cfb0c9985e935b64596c949e2cf372bf6e12
probe-0175,pc-0534,3033,TD27Rs6mTes_1_0_00_06_519_to_0_00_16_920.mp4,"[Single-Choice] If the woman in the black dress were to turn 180 degrees, what would be directly in her line of sight? [Options] A) The man carrying a basket on his shoulder. B) A stone fountain. C) The large arched doorway. D) The woman with her back to the camera.",C,6,Egocentric vs. Allocentric Reference Frames,Human-Centric,Single-Choice,simple_relation,orientation,A,3213c755b4c277baa421c26adfcbb2b49bd0112941016ab8d2e8e6bc697bd4e8,2c0f737afca5d8d7df4267acad2ed5380f8933634a1c646146d4d856c7543757
probe-0176,pc-0316,1598,ecgPZ4yevss_16_0_05_24_857_to_0_05_37_637.mp4,"[Single-Choice] Based on the camera's final position and direction of movement, if it continued to pan forward along the kayak's centerline, what would be the next major feature to come into view? [Options] A) The gray seat. B) The very front tip (bow) of the kayak. C) The teal storage box. D) The side carrying handle.",B,4,Predictive and Counterfactual Spatial Reasoning,Object-Centric,Single-Choice,entity,object_actor_presence,A,52508356244f6db485ec8cfd6a6b6b9cd45cdd254b10ce815201416bec0879b3,75706e4462a278e9c600450107e85af4dcd73c347938e450b4908aac4385b4a5
probe-0177,pc-0341,3563,UEvDE_9rlSY_18_0_03_30_233_to_0_03_42_533.mp4,"[Single-Choice] Assuming the watercraft continues on its current path without turning, what will its position be relative to the group of trees on the land in the next few seconds? [Options] A) It will be directly in front of the trees, having landed on the shore. B) It will have passed the trees, with the trees now on its right side. C) It will have turned away, with the trees getting smaller in the distance. D) It will be stationary in its current position.",A,4,Predictive and Counterfactual Spatial Reasoning,Human-Centric,Single-Choice,simple_relation,orientation,A,d610b4ba323ff01e7d126f6e955416645ddb4353cd7ee6aec8b4b443b7672bc5,6881e4d0bb3926441263b5cbc86d63306e5eaf3bcc8bf2944f70a9214dd156f3
probe-0178,pc-0273,6855,mB8Ya4rSxck_89_0_13_02_348_to_0_13_15_594.mp4,"[Fill-in-the-Blank] The person's hand first points to the lit candle, then pans left and points to the jar of shells, and finally moves the ______.",tissue box,3,Action and Intent-Driven Spatial Reasoning,Human-Centric,Fill-in-the-Blank,action_event,action_recognition,B,5ffe31ebbdaf58a0997027ee8cbdd60c1dcb94115da437f6384553af3b5e630f,7bce4ee19885cbeb333834f0d7a67847beba1ff42f0752afd42a8cae83bd07f0
probe-0179,pc-0029,2524,IoY82fJFfGk_24_0_05_54_040_to_0_06_04_279.mp4,"[True/False] During the upward camera movement, the top of the large pillar on the left of the frame passes in front of and momentarily occludes the circular painting to its right.",False,1,Object Permanence and Occlusion Tracking,Object-Centric,True/False,action_event,action_recognition,A,12aa06c2cf42b5232f956b14a6392f92b6d13da0d6a1c68a3e86958c35be2369,6f3db7ab64f768cb490db9c83a30f4f4d1d2e5ae21dfb4160be05bcc84e134f1
probe-0180,pc-0504,104,0j-sCYYgupA_31_0_04_30_637_to_0_04_52_458.mp4,"[True/False] From the perspective of the man kneeling on the ice, the ice pick is initially positioned to his right.",True,6,Egocentric vs. Allocentric Reference Frames,Human-Centric,True/False,entity,object_actor_presence,D,9c6a31c1fecd50e3a7ca4f590f469cb7c737acb8ab22a8051465bad8ca45067a,64d7b0f05db741c59c18ad35345a6d01437b74a0d134c11298e5d4e3bef98ffc
probe-0181,pc-0266,5940,tfADOMbJYlU_54_0_11_29_556_to_0_11_46_539.mp4,"[Multiple-Select] Throughout the video, the driver's hands make minor adjustments to the steering wheel. What is the spatial intent of these small movements, as confirmed by the car's trajectory on the road? (Select all that apply) [Options] A) To prepare to change lanes to the left. B) To correct the car's path and keep it centered within the lane markings. C) To navigate a slight curve in the road. D) To initiate a sudden stop.","B,C",3,Action and Intent-Driven Spatial Reasoning,Human-Centric,Multiple-Select,action_event,action_recognition,B,9de86c34249fe7575716790d9b796e20e3d1feeed52d9d71e79539f51c0d4e03,3c0c393b4c8bf552c1ec6e51cca61fa776a75a7f3fd475d1d6194c57613ca092
probe-0182,pc-0384,6321,hTxS5J_ZaKQ_80_0_13_52_499_to_0_14_04_110.mp4,"[Fill-in-the-Blank] If the car had continued driving straight on its initial path instead of turning, the 'Baraka' entrance sign would have passed by on the car's ______ side.",left,4,Predictive and Counterfactual Spatial Reasoning,Human-Centric,Fill-in-the-Blank,action_event,action_recognition,C,f0176a375a8d1709ccd65fdaaf1759cdc13ecbacbe24b7b4a413b58ec3c397f8,304bbaf769bbb1a65d72e08757088471facd94ea7804acba63a25b8dce99b516
probe-0183,pc-0164,5582,kymf00Kmy1w_85_0_10_01_500_to_0_10_12_845.mp4,"[Single-Choice] After the woman in blue scrubs places the first medicine bottle back on the shelf, what is the position of the next bottle she selects relative to the first one? [Options] A) It is on the shelf directly above. B) It is on the same shelf, to the left. C) It is on the same shelf, to the right. D) It is on the shelf directly below.",B,2,Dynamic Spatial Relationships,Human-Centric,Single-Choice,simple_relation,simple_spatial_relation,A,13c20bf6d29865dcb3d4dd6938a254f2f0af0ec7cf35c61568005433a26f08b0,5778376a07b2b6e478881b8a1d7d41f540fdd191d781bfe643483f7fd9a6a549
probe-0184,pc-0421,2358,EC6xdTpJOo8_17_0_05_25_799_to_0_05_36_675.mp4,"[Single-Choice] How does the state of the fish's mouth change from the moment it is first displayed horizontally to the final moment of the video?
[Options]
A) It remains shut the entire time.
B) It goes from mostly closed to wide open.
C) It remains wide open the entire time.
D) It goes from wide open to mostly closed.",C,5,Object Deformation and State Transition,Human-Centric,Single-Choice,simple_relation,simple_spatial_relation,D,a99e314c6ca18d57ba7d486037e8553b8b6ec12a3969b4e81cd1cb00eead7a8d,b307161b6b9b7eeb6dccb9ec1271d8cabc6a889b62c183d799ccc4d1c98bc1eb
probe-0185,pc-0147,4073,GdCdu6KH5ak_18_0_02_32_960_to_0_02_43_199.mp4,[True/False] The soccer ball passes over the crossbar of the goal only once during the entire visible sequence.,False,2,Dynamic Spatial Relationships,Human-Centric,True/False,entity,object_actor_presence,D,773766c123b52ba5e15868dd212e750faacf9e2130f82ddcc500af062a86baf8,e9f43ae1dce294887ccd07124d9f877d1b40c9f73baa4b3344eda232597251d7
probe-0186,pc-0463,6052,V32cqjzdvq4_3_0_00_28_561_to_0_00_40_073.mp4,"[Multiple-Select] The video shows a long, thin, white cushion positioned as a backrest on the left side of the boat. What spatial changes would occur if this cushion were moved to the empty slot visible on the right side? (Select all that apply) [Options] A) The total available seating space would decrease. B) The right side would gain a backrest, creating a symmetrical seating arrangement with the left side. C) The table would be blocked from swinging to the left. D) A gap would be created between the corner cushion and the side cushion on the left.","B, D",5,Object Deformation and State Transition,Object-Centric,Multiple-Select,entity,object_actor_presence,A,cf55d193536714ee5498a2d1c4c0a1f20fb9f715f937a9fea0621b1477ade238,8c4ca9869a4228796dfe39f5c49621141a1a6822c34fcfeda48df923a830e18b
probe-0187,pc-0587,7607,iIpRKgC-9pw_42_0_08_15_662_to_0_08_32_312.mp4,"[Single-Choice] Relative to the car's frame of reference, which description best captures the initial motion of the armrest as it moves from its stowed to its deployed position? [Options] A) It pivots downwards and towards the front of the car. B) It slides horizontally forward from the seatback. C) It pivots downwards and towards the rear of the car. D) It rotates sideways from the seat cushion.",A,6,Egocentric vs. Allocentric Reference Frames,Human-Centric,Single-Choice,entity,object_actor_presence,D,7856d0189f1faf412f7657fb85b7890f6f2c3340ef80abc5e45bb7e17f9df22f,ab92abe81be1beed7b9c9631c53eaf3688857339f3ff504b2f879e8a33eedb9b
probe-0188,pc-0198,9369,orlTzRHVfPI_19_0_02_07_193_to_0_02_18_571.mp4,"[True/False] To begin tying the final knot around the napkin, the ribbon end held in the person's right hand is initially crossed over the ribbon end held in their left hand.",True,2,Dynamic Spatial Relationships,Human-Centric,True/False,action_event,temporal_order,A,92aff81c1b6df98ea9c8caa9544b71f541e42fe499efacde96b91496ae373b56,b0dbca883f42a3974be1534e9785d758c2aa5c70b7ba9556b8f4b9725978c036
probe-0189,pc-0364,4886,XrwHnGrObHA_29_0_06_33_460_to_0_06_50_176.mp4,"[Single-Choice] At 0:03, a fish is swimming from the upper right towards the lower left. Given its trajectory at that moment, if it had continued in a perfectly straight line, where would it have most likely exited the frame? [Options] A) The bottom edge of the frame. B) The left edge of the frame. C) The top edge of the frame. D) It would have remained in the center.",A,4,Predictive and Counterfactual Spatial Reasoning,Object-Centric,Single-Choice,action_event,temporal_order,C,d8cedf8beda7a98ff856ec50032f8d6bb3a3693d67a60a5c8662fcb6fe527a3e,4786d4444979cf5697b72b00d3cdd223bbf7420fc142ad0585f448c693c19d97
probe-0190,pc-0052,4240,Ig723HvaFYQ_14_0_02_04_374_to_0_02_15_426.mp4,"[Single-Choice] As the camera pans left, which portion of the black-and-white pot is the first to become visible from behind the colorful pot? [Options] A) The top rim. B) The right side. C) The left side. D) The base.",B,1,Object Permanence and Occlusion Tracking,Object-Centric,Single-Choice,simple_relation,orientation,B,4d25349d2c9dde3b2ac77aee40ea1bf7d62df04b6385f81d74af5fe54778939f,f4c079667f5d93bb8a864ddbdbce489353b09035e5f1c352e96d241facfa99cd
probe-0191,pc-0137,3247,Uiuiu3FBLZw_25_0_07_02_622_to_0_07_23_609.mp4,"[Fill-in-the-Blank] At the moment the surfer begins their final turn (0:16), the person in the blue swim cap is positioned directly ______ them, relative to the direction of the wave's travel.",behind,2,Dynamic Spatial Relationships,Human-Centric,Fill-in-the-Blank,entity,object_actor_presence,A,31d2a277cd82d647e8f53a872e61940195991f28a35c814d567bdf81a8168615,be55f902654d390855f657a16c32403dea8b4f309376a12a83320b69eac3092b
probe-0192,pc-0395,8386,fTqaOmRG-xc_79_0_11_34_260_to_0_11_46_730.mp4,"[Single-Choice] Based on the car's initial trajectory as it moves forward and turns, what is its most likely action? [Options] A) Making a sharp U-turn. B) Following the curve of the road. C) Pulling over to the right-hand curb. D) Reversing into the driveway.",B,4,Predictive and Counterfactual Spatial Reasoning,Object-Centric,Single-Choice,entity,object_actor_presence,D,1dd6320e1fef3f8d677b3517cc57379824201957e73ae06058dc4e0b870efba3,862e7773e8ad3e46763f26973eb442782deb9ca9a838eb3c2e88465ad8d17e43
probe-0193,pc-0153,4553,TUOAKfFlRK0_10_0_00_54_533_to_0_01_05_780.mp4,"[Fill-in-the-Blank] As the camera pans to the left, the white building on the distant hill appears to move toward the ______ edge of the video frame.",right,2,Dynamic Spatial Relationships,Human-Centric,Fill-in-the-Blank,entity,object_actor_presence,C,bc208dd64861e379f6c6ce1256569ae32d059e6cd7d856764696757675a86795,30c536fd3d41552b1beae14c2ee710f04c89657177b525ad66f3e7bc2d17dad7
probe-0194,pc-0304,405,DDlrlxASBOI_30_0_06_03_963_to_0_06_15_475.mp4,"[True/False] If the surfer had continued moving in a straight line from their starting position in the video, their path would have led them directly into the rocks.",True,4,Predictive and Counterfactual Spatial Reasoning,Human-Centric,True/False,simple_relation,simple_spatial_relation,C,afdac23616d3c66c6c5e34ff82a500d5c3445ec9158ec7d981eb0b11eb7306c7,479280397cfe03cdde8fe72c025d8cd6ce1322a7b6be2c8cc0b66bfa1e146687
probe-0195,pc-0572,5998,ZHamsk3qcvM_2_0_01_47_541_to_0_03_16_708.mp4,"[Multiple-Select] The camera moves along with the boats. From the camera's moving perspective, which of these appear to move from the right side of the screen towards the left side? (Select all that apply) [Options] A) The rowers in the white foreground boat. B) The white tents on the riverbank. C) The yellow competing boat. D) The trees on the riverbank.","B, D",6,Egocentric vs. Allocentric Reference Frames,Human-Centric,Multiple-Select,action_event,temporal_order,D,8c802f7867bf2c4ef9d7b7a2c406bf5c743cb74516380f4166f6cd480b6603c5,3d6669723150e5c107ba9bb602384709ee70f73fb2632101237fe9292b001f2b
probe-0196,pc-0274,7013,kHgrH-zFTIY_3_0_00_42_675_to_0_01_03_029.mp4,"[Single-Choice] To execute the sharp turn on the wave's face (around 0:10-0:12), what is the primary spatial function of the surfer extending their back arm away from their body? [Options] A) To slow down by dragging their hand in the water. B) To act as a pivot point and counterbalance, allowing the board to rotate tightly. C) To signal to other surfers in the water. D) To protect their head from the breaking wave.",B,3,Action and Intent-Driven Spatial Reasoning,Human-Centric,Single-Choice,entity,object_actor_presence,D,24583c31484c20a9b2f064783d39df4801bb9bf1eeb7ec149313f348f853b2aa,265b07e035372fc1f17e4c0d8143cb7b4512921ef90c721cdd31eda3b57ef5de
probe-0197,pc-0209,463,QVsjGCT8Dyk_12_0_02_14_834_to_0_02_27_313.mp4,"[Single-Choice] According to the numbered diagrams, what is the correct sequence of movements for the lower orange handle to launch the missile after it has been loaded? [Options] A) Pull back, then push forward. B) Push forward, then pull back. C) Push forward only. D) Pull back only.",B,3,Action and Intent-Driven Spatial Reasoning,Human-Centric,Single-Choice,simple_relation,orientation,D,61e2ff1e59b8531084e4226c0041cd9b42c0d24865c454f95468fae53108f10a,5f06d87a86944b97fd3ee680399f650f797292709c62c5c5d2ade4ec097ead43
probe-0198,pc-0577,6632,odcmK3Int58_6_0_01_22_282_to_0_01_50_877.mp4,"[Fill-in-the-Blank] From the person's own point of view, when they place the two batteries on the table, the batteries are positioned to the ______ of the mouse.",right,6,Egocentric vs. Allocentric Reference Frames,Human-Centric,Fill-in-the-Blank,action_event,action_recognition,C,0419f9c12db7506bf350cafc8d80de65d7e691c974bec2b761d986545ac9cbd5,67434208ba61d1e094484dcef49fc88a8abc5f0efd27dcc1c8417513bddf7293
probe-0199,pc-0338,3485,SlYOIchzbAA_22_0_05_39_672_to_0_09_56_495.mp4,"[Single-Choice] At 2:28, the lead cyclist approaches an intersection of paths and chooses to go left. If they had instead turned right, where would that path have led them? [Options] A) Directly into the dense forest. B) Back along the path they just came from, creating a loop. C) Towards the small wooden structure visible in the distance. D) Onto a path that runs parallel to their original path.",C,4,Predictive and Counterfactual Spatial Reasoning,Human-Centric,Single-Choice,entity,object_actor_presence,C,da0a14623e583bb023e37b3893022b3719db711527ba185c51b5203af89f78b8,b8c9ff49a1d6caf0d64d295f52a6db1bf16d90cb6bc838eec26d11d7a3bea246
probe-0200,pc-0350,4042,GIZXp3foP9g_22_0_04_56_896_to_0_05_11_477.mp4,"[True/False] Based entirely on the difference in acceleration between the two motorcycles within the first two seconds of the race, it is predictable that the motorcycle in the right lane will maintain its lead.",False,4,Predictive and Counterfactual Spatial Reasoning,Human-Centric,True/False,simple_relation,orientation,C,c8e7d7e364f310919f80becd2aa665ba32daf02fd2a77c3fa7fd565152f22477,0000e33b141b350d8ca697b987ae39b8846cace6b47eb871e1c2ed1a3b8f8b93
