blind_proposal_id,audit_item_id,reference_question,generated_questions_json,judge_1_status,judge_1_closest,judge_1_reason_cn,judge_2_status,judge_2_closest,judge_2_reason_cn
judgment-0001,audit-0001,滑雪者是否完整滑过栏杆后落回雪面？,"[{""generated_id"": ""audit-0001-g01"", ""question"": ""[True/False] At the end of the video, after the fall, the snowboarder is positioned uphill and to the left of the blue rail they slid on at the beginning.""}]",partial,audit-0001-g01,生成题提到先滑蓝色栏杆且之后摔倒的位置，但未判断是否完整滑过并落回雪面。,absent,audit-0001-g01,"生成题 audit-0001-g01 询问：“[True/False] At the end of the video, after the fall, the snowboarder is positioned uphill and to the left of the blue rail they slid on at the beginning.”；参考题询问：“滑雪者是否完整滑过栏杆后落回雪面？”。生成题的核心事实与参考题不同；同一视频、同一对象或相邻事件本身不足以构成覆盖。"
judgment-0002,audit-0001,滑雪板相对栏杆的高度和方向如何变化？,"[{""generated_id"": ""audit-0001-g01"", ""question"": ""[True/False] At the end of the video, after the fall, the snowboarder is positioned uphill and to the left of the blue rail they slid on at the beginning.""}]",partial,audit-0001-g01,生成题涉及滑行后人与栏杆的最终相对位置，但没有追问滑雪板的高度和方向变化。,absent,audit-0001-g01,"生成题 audit-0001-g01 询问：“[True/False] At the end of the video, after the fall, the snowboarder is positioned uphill and to the left of the blue rail they slid on at the beginning.”；参考题询问：“滑雪板相对栏杆的高度和方向如何变化？”。生成题的核心事实与参考题不同；同一视频、同一对象或相邻事件本身不足以构成覆盖。"
judgment-0003,audit-0001,摔倒发生在越过栏杆之前还是之后？,"[{""generated_id"": ""audit-0001-g01"", ""question"": ""[True/False] At the end of the video, after the fall, the snowboarder is positioned uphill and to the left of the blue rail they slid on at the beginning.""}]",partial,audit-0001-g01,生成题交代栏杆滑行动作在开头且结尾已摔倒，能关联先后关系，但任务本身是判断摔倒后的空间位置。,absent,audit-0001-g01,"生成题 audit-0001-g01 询问：“[True/False] At the end of the video, after the fall, the snowboarder is positioned uphill and to the left of the blue rail they slid on at the beginning.”；参考题询问：“摔倒发生在越过栏杆之前还是之后？”。生成题的核心事实与参考题不同；同一视频、同一对象或相邻事件本身不足以构成覆盖。"
judgment-0004,audit-0001,滑雪者接近金属杆后做了什么？,"[{""generated_id"": ""audit-0001-g01"", ""question"": ""[True/False] At the end of the video, after the fall, the snowboarder is positioned uphill and to the left of the blue rail they slid on at the beginning.""}]",partial,audit-0001-g01,生成题说明接触蓝色栏杆后发生摔倒，却未完整询问接近栏杆后的动作序列。,absent,audit-0001-g01,"生成题 audit-0001-g01 询问：“[True/False] At the end of the video, after the fall, the snowboarder is positioned uphill and to the left of the blue rail they slid on at the beginning.”；参考题询问：“滑雪者接近金属杆后做了什么？”。生成题的核心事实与参考题不同；同一视频、同一对象或相邻事件本身不足以构成覆盖。"
judgment-0005,audit-0001,滑雪者越过杆后是否保持站立？,"[{""generated_id"": ""audit-0001-g01"", ""question"": ""[True/False] At the end of the video, after the fall, the snowboarder is positioned uphill and to the left of the blue rail they slid on at the beginning.""}]",direct,audit-0001-g01,生成题明确把栏杆滑行置于开头并说明随后摔倒，直接覆盖越杆后未保持站立这一核心事实。,partial,audit-0001-g01,"生成题 audit-0001-g01 询问：“[True/False] At the end of the video, after the fall, the snowboarder is positioned uphill and to the left of the blue rail they slid on at the beginning.”；参考题询问：“滑雪者越过杆后是否保持站立？”。二者有明确语义重合，但生成题只覆盖参考事实的一部分，或改问了不同参照、时间点、条件或细节，不能直接回答参考题。"
judgment-0007,audit-0002,男子的枪口主要朝向水面还是天空？,"[{""generated_id"": ""audit-0002-g01"", ""question"": ""[True/False] The single duck floating near the shore at the beginning of the video is located to the right of the main flock of ducks seen in the water later in the video.""}, {""generated_id"": ""audit-0002-g02"", ""question"": ""[Single-Choice] From the shooter's perspective, what is the spatial relationship between the targeted flying bird and the main flock of floating ducks at the exact moment the shot is fired? [Options] A) The flying bird is between the shooter and the flock. B) The flock is between the shooter and the flying bird. C) The flying bird is directly above the flock. D) The flying bird is to the far right of the flock.""}]",partial,audit-0002-g02,生成题涉及开枪瞬间被瞄准的飞鸟，间接对应枪口朝天，但没有直接比较枪口朝水面还是天空。,absent,audit-0002-g02,"生成题 audit-0002-g02 询问：“[Single-Choice] From the shooter's perspective, what is the spatial relationship between the targeted flying bird and the main flock of floating ducks at the exact moment the shot is fired? [Options] A) The flying bird is between the shooter and the flock. B) The flock is between the shooter and the flying bird. C) The flying bird is directly above the flock. D) The flying bird is to the far right of the flock.”；参考题询问：“男子的枪口主要朝向水面还是天空？”。生成题的核心事实与参考题不同；同一视频、同一对象或相邻事件本身不足以构成覆盖。"
judgment-0008,audit-0002,湖面上有几只水鸟同时可见？,"[{""generated_id"": ""audit-0002-g01"", ""question"": ""[True/False] The single duck floating near the shore at the beginning of the video is located to the right of the main flock of ducks seen in the water later in the video.""}, {""generated_id"": ""audit-0002-g02"", ""question"": ""[Single-Choice] From the shooter's perspective, what is the spatial relationship between the targeted flying bird and the main flock of floating ducks at the exact moment the shot is fired? [Options] A) The flying bird is between the shooter and the flock. B) The flock is between the shooter and the flying bird. C) The flying bird is directly above the flock. D) The flying bird is to the far right of the flock.""}]",partial,audit-0002-g01,生成题区分一只近岸鸭和后续主鸭群，触及数量结构但没有要求统计同时可见总数。,absent,audit-0002-g01,生成题 audit-0002-g01 询问：“[True/False] The single duck floating near the shore at the beginning of the video is located to the right of the main flock of ducks seen in the water later in the video.”；参考题询问：“湖面上有几只水鸟同时可见？”。生成题的核心事实与参考题不同；同一视频、同一对象或相邻事件本身不足以构成覆盖。
judgment-0009,audit-0002,水鸟群相对岸边如何移动？,"[{""generated_id"": ""audit-0002-g01"", ""question"": ""[True/False] The single duck floating near the shore at the beginning of the video is located to the right of the main flock of ducks seen in the water later in the video.""}, {""generated_id"": ""audit-0002-g02"", ""question"": ""[Single-Choice] From the shooter's perspective, what is the spatial relationship between the targeted flying bird and the main flock of floating ducks at the exact moment the shot is fired? [Options] A) The flying bird is between the shooter and the flock. B) The flock is between the shooter and the flying bird. C) The flying bird is directly above the flock. D) The flying bird is to the far right of the flock.""}]",partial,audit-0002-g01,生成题比较开头近岸单鸭与后来水中鸭群的位置，但没有判断鸭群相对岸边的移动方式。,absent,audit-0002-g01,生成题 audit-0002-g01 询问：“[True/False] The single duck floating near the shore at the beginning of the video is located to the right of the main flock of ducks seen in the water later in the video.”；参考题询问：“水鸟群相对岸边如何移动？”。生成题的核心事实与参考题不同；同一视频、同一对象或相邻事件本身不足以构成覆盖。
judgment-0013,audit-0003,镜头移动后哪栋房屋进入画面中央？,"[{""generated_id"": ""audit-0003-g01"", ""question"": ""[Single-Choice] Observing the general direction of the cloud movement across the sky, which area is most likely to be impacted by the rain curtain next? [Options] A) The mountain visible on the left side of the frame. B) The houses located to the far right of the yellow house. C) The yellow house in the center of the frame. D) The area from which the video is being filmed.""}, {""generated_id"": ""audit-0003-g02"", ""question"": ""[Single-Choice] Observing the general direction of the cloud movement across the sky, which area is most likely to be impacted by the rain curtain next? [Options] A) The mountain visible on the left side of the frame. B) The houses located to the far right of the yellow house. C) The yellow house in the center of the frame. D) The area from which the video is being filmed.""}, {""generated_id"": ""audit-0003-g03"", ""question"": ""[Single-Choice] Observing the general direction of the cloud movement across the sky, which area is most likely to be impacted by the rain curtain next? [Options] A) The mountain visible on the left side of the frame. B) The houses located to the far right of the yellow house. C) The yellow house in the center of the frame. D) The area from which the video is being filmed.""}]",partial,audit-0003-g01,生成题把黄色房屋描述为画面中央，触及中心房屋，但未覆盖镜头移动后进入中央的动态过程。,absent,audit-0003-g01,"生成题 audit-0003-g01 询问：“[Single-Choice] Observing the general direction of the cloud movement across the sky, which area is most likely to be impacted by the rain curtain next? [Options] A) The mountain visible on the left side of the frame. B) The houses located to the far right of the yellow house. C) The yellow house in the center of the frame. D) The area from which the video is being filmed.”；参考题询问：“镜头移动后哪栋房屋进入画面中央？”。生成题的核心事实与参考题不同；同一视频、同一对象或相邻事件本身不足以构成覆盖。"
judgment-0018,audit-0004,人先展示鱼还是先处理鱼钩？,"[{""generated_id"": ""audit-0004-g01"", ""question"": ""[Fill-in-the-Blank] As the person lifts the fish from the water into the kayak, the distance between the yellow bobber and the fish's mouth steadily ____.""}, {""generated_id"": ""audit-0004-g02"", ""question"": ""[Single-Choice] After bringing the fish into the kayak and steadying it, what is the person's most immediate action-oriented goal based on the spatial arrangement of their hands, the fish, and the fishing line? [Options] A) To take a photo of the fish. B) To release the fish back into the water. C) To remove the hook from the fish's mouth. D) To put the fish into a storage compartment.""}, {""generated_id"": ""audit-0004-g03"", ""question"": ""[True/False] From the camera's first-person perspective, the fishing rod remains positioned entirely on the left side of the kayak.""}]",partial,audit-0004-g02,生成题说明鱼入艇并稳住后目标是取下鱼钩，覆盖处理鱼钩阶段但没有比较展示鱼与处理鱼钩的先后。,absent,audit-0004-g02,"生成题 audit-0004-g02 询问：“[Single-Choice] After bringing the fish into the kayak and steadying it, what is the person's most immediate action-oriented goal based on the spatial arrangement of their hands, the fish, and the fishing line? [Options] A) To take a photo of the fish. B) To release the fish back into the water. C) To remove the hook from the fish's mouth. D) To put the fish into a storage compartment.”；参考题询问：“人先展示鱼还是先处理鱼钩？”。生成题的核心事实与参考题不同；同一视频、同一对象或相邻事件本身不足以构成覆盖。"
judgment-0019,audit-0004,钓鱼者先拿着浮漂还是先展示鱼？,"[{""generated_id"": ""audit-0004-g01"", ""question"": ""[Fill-in-the-Blank] As the person lifts the fish from the water into the kayak, the distance between the yellow bobber and the fish's mouth steadily ____.""}, {""generated_id"": ""audit-0004-g02"", ""question"": ""[Single-Choice] After bringing the fish into the kayak and steadying it, what is the person's most immediate action-oriented goal based on the spatial arrangement of their hands, the fish, and the fishing line? [Options] A) To take a photo of the fish. B) To release the fish back into the water. C) To remove the hook from the fish's mouth. D) To put the fish into a storage compartment.""}, {""generated_id"": ""audit-0004-g03"", ""question"": ""[True/False] From the camera's first-person perspective, the fishing rod remains positioned entirely on the left side of the kayak.""}]",partial,audit-0004-g01,生成题同时涉及浮标和被提起的鱼，但没有比较拿浮漂与展示鱼的动作次序。,absent,audit-0004-g01,"生成题 audit-0004-g01 询问：“[Fill-in-the-Blank] As the person lifts the fish from the water into the kayak, the distance between the yellow bobber and the fish's mouth steadily ____.”；参考题询问：“钓鱼者先拿着浮漂还是先展示鱼？”。生成题的核心事实与参考题不同；同一视频、同一对象或相邻事件本身不足以构成覆盖。"
judgment-0021,audit-0004,鱼被举起后其身体朝向如何变化？,"[{""generated_id"": ""audit-0004-g01"", ""question"": ""[Fill-in-the-Blank] As the person lifts the fish from the water into the kayak, the distance between the yellow bobber and the fish's mouth steadily ____.""}, {""generated_id"": ""audit-0004-g02"", ""question"": ""[Single-Choice] After bringing the fish into the kayak and steadying it, what is the person's most immediate action-oriented goal based on the spatial arrangement of their hands, the fish, and the fishing line? [Options] A) To take a photo of the fish. B) To release the fish back into the water. C) To remove the hook from the fish's mouth. D) To put the fish into a storage compartment.""}, {""generated_id"": ""audit-0004-g03"", ""question"": ""[True/False] From the camera's first-person perspective, the fishing rod remains positioned entirely on the left side of the kayak.""}]",partial,audit-0004-g01,生成题覆盖鱼被从水中举入艇内的同一过程，但完全缺少鱼身朝向变化这一关键要求。,absent,audit-0004-g01,"生成题 audit-0004-g01 询问：“[Fill-in-the-Blank] As the person lifts the fish from the water into the kayak, the distance between the yellow bobber and the fish's mouth steadily ____.”；参考题询问：“鱼被举起后其身体朝向如何变化？”。生成题的核心事实与参考题不同；同一视频、同一对象或相邻事件本身不足以构成覆盖。"
judgment-0029,audit-0006,戴蓝帽的人在戴宽檐帽的人之前还是之后出现？,"[{""generated_id"": ""audit-0006-g01"", ""question"": ""[True/False] In the final few seconds, the man in the checkered shirt and blue beanie partially occludes the man in the grey shirt and brown kufi cap from the camera's viewpoint.""}, {""generated_id"": ""audit-0006-g02"", ""question"": ""[True/False] In the final few seconds, the man in the checkered shirt and blue beanie partially occludes the man in the grey shirt and brown kufi cap from the camera's viewpoint.""}, {""generated_id"": ""audit-0006-g03"", ""question"": ""[Multiple-Select] The video pans from left to right across a line of seated men. If the camera had instead panned from right to left at the same speed, which two individuals would have been the first to appear fully in the frame? (Select two) [Options] A) The man in the black cowboy hat. B) The man in the brown kufi cap. C) The man in the patterned cap. D) The man in the blue beanie.""}]",direct,audit-0006-g03,逆向平移时谁先完整入画的题依赖同一排人物的左右顺序，可直接决定蓝帽人与宽檐帽人的实际出现先后。,partial,audit-0006-g03,"生成题 audit-0006-g03 询问：“[Multiple-Select] The video pans from left to right across a line of seated men. If the camera had instead panned from right to left at the same speed, which two individuals would have been the first to appear fully in the frame? (Select two) [Options] A) The man in the black cowboy hat. B) The man in the brown kufi cap. C) The man in the patterned cap. D) The man in the blue beanie.”；参考题询问：“戴蓝帽的人在戴宽檐帽的人之前还是之后出现？”。二者有明确语义重合，但生成题只覆盖参考事实的一部分，或改问了不同参照、时间点、条件或细节，不能直接回答参考题。"
judgment-0031,audit-0006,戴帽男子坐在最初出现的老人哪一侧？,"[{""generated_id"": ""audit-0006-g01"", ""question"": ""[True/False] In the final few seconds, the man in the checkered shirt and blue beanie partially occludes the man in the grey shirt and brown kufi cap from the camera's viewpoint.""}, {""generated_id"": ""audit-0006-g02"", ""question"": ""[True/False] In the final few seconds, the man in the checkered shirt and blue beanie partially occludes the man in the grey shirt and brown kufi cap from the camera's viewpoint.""}, {""generated_id"": ""audit-0006-g03"", ""question"": ""[Multiple-Select] The video pans from left to right across a line of seated men. If the camera had instead panned from right to left at the same speed, which two individuals would have been the first to appear fully in the frame? (Select two) [Options] A) The man in the black cowboy hat. B) The man in the brown kufi cap. C) The man in the patterned cap. D) The man in the blue beanie.""}]",uncertain,audit-0006-g03,参考中的“戴帽男子”无法从文字稳定对应牛仔帽、库菲帽、花纹帽或蓝帽中的哪一人，因而不能可靠比较左右关系。,partial,audit-0006-g03,"生成题 audit-0006-g03 询问：“[Multiple-Select] The video pans from left to right across a line of seated men. If the camera had instead panned from right to left at the same speed, which two individuals would have been the first to appear fully in the frame? (Select two) [Options] A) The man in the black cowboy hat. B) The man in the brown kufi cap. C) The man in the patterned cap. D) The man in the blue beanie.”；参考题询问：“戴帽男子坐在最初出现的老人哪一侧？”。二者有明确语义重合，但生成题只覆盖参考事实的一部分，或改问了不同参照、时间点、条件或细节，不能直接回答参考题。"
judgment-0039,audit-0008,浪峰朝岸边推进时形状如何变化？,"[{""generated_id"": ""audit-0008-g01"", ""question"": ""[True/False] The peak height of the wave's crest remains consistent as it travels from the left side of the frame to the right.""}]",partial,audit-0008-g01,生成题判断浪峰从左向右传播时峰高是否一致，覆盖形状变化的一个维度但不是整体形态变化。,direct,audit-0008-g01,生成题 audit-0008-g01 询问：“[True/False] The peak height of the wave's crest remains consistent as it travels from the left side of the frame to the right.”；参考题询问：“浪峰朝岸边推进时形状如何变化？”。二者都要求判断同一个核心可视事实，且需要的空间、时间或状态推理操作基本一致。
judgment-0047,audit-0009,第一视角所在载具在水面上是否持续前进？,"[{""generated_id"": ""audit-0009-g01"", ""question"": ""[Single-Choice] Assuming the watercraft continues on its current path without turning, what will its position be relative to the group of trees on the land in the next few seconds? [Options] A) It will be directly in front of the trees, having landed on the shore. B) It will have passed the trees, with the trees now on its right side. C) It will have turned away, with the trees getting smaller in the distance. D) It will be stationary in its current position.""}, {""generated_id"": ""audit-0009-g02"", ""question"": ""[Single-Choice] Assuming the watercraft continues on its current path without turning, what will its position be relative to the group of trees on the land in the next few seconds? [Options] A) It will be directly in front of the trees, having landed on the shore. B) It will have passed the trees, with the trees now on its right side. C) It will have turned away, with the trees getting smaller in the distance. D) It will be stationary in its current position.""}, {""generated_id"": ""audit-0009-g03"", ""question"": ""[Single-Choice] Assuming the watercraft continues on its current path without turning, what will its position be relative to the group of trees on the land in the next few seconds? [Options] A) It will be directly in front of the trees, having landed on the shore. B) It will have passed the trees, with the trees now on its right side. C) It will have turned away, with the trees getting smaller in the distance. D) It will be stationary in its current position.""}]",direct,audit-0009-g01,生成题明确以载具保持当前路径继续行进为条件预测其未来位置，实质覆盖载具是否持续前进。,partial,audit-0009-g01,"生成题 audit-0009-g01 询问：“[Single-Choice] Assuming the watercraft continues on its current path without turning, what will its position be relative to the group of trees on the land in the next few seconds? [Options] A) It will be directly in front of the trees, having landed on the shore. B) It will have passed the trees, with the trees now on its right side. C) It will have turned away, with the trees getting smaller in the distance. D) It will be stationary in its current position.”；参考题询问：“第一视角所在载具在水面上是否持续前进？”。二者有明确语义重合，但生成题只覆盖参考事实的一部分，或改问了不同参照、时间点、条件或细节，不能直接回答参考题。"
judgment-0049,audit-0009,远处树木相对观察者向哪个方向移动？,"[{""generated_id"": ""audit-0009-g01"", ""question"": ""[Single-Choice] Assuming the watercraft continues on its current path without turning, what will its position be relative to the group of trees on the land in the next few seconds? [Options] A) It will be directly in front of the trees, having landed on the shore. B) It will have passed the trees, with the trees now on its right side. C) It will have turned away, with the trees getting smaller in the distance. D) It will be stationary in its current position.""}, {""generated_id"": ""audit-0009-g02"", ""question"": ""[Single-Choice] Assuming the watercraft continues on its current path without turning, what will its position be relative to the group of trees on the land in the next few seconds? [Options] A) It will be directly in front of the trees, having landed on the shore. B) It will have passed the trees, with the trees now on its right side. C) It will have turned away, with the trees getting smaller in the distance. D) It will be stationary in its current position.""}, {""generated_id"": ""audit-0009-g03"", ""question"": ""[Single-Choice] Assuming the watercraft continues on its current path without turning, what will its position be relative to the group of trees on the land in the next few seconds? [Options] A) It will be directly in front of the trees, having landed on the shore. B) It will have passed the trees, with the trees now on its right side. C) It will have turned away, with the trees getting smaller in the distance. D) It will be stationary in its current position.""}]",direct,audit-0009-g01,生成题预测载具相对树木继续通过后的方位，采用相反参照即可得到远处树木相对观察者的移动方向。,partial,audit-0009-g01,"生成题 audit-0009-g01 询问：“[Single-Choice] Assuming the watercraft continues on its current path without turning, what will its position be relative to the group of trees on the land in the next few seconds? [Options] A) It will be directly in front of the trees, having landed on the shore. B) It will have passed the trees, with the trees now on its right side. C) It will have turned away, with the trees getting smaller in the distance. D) It will be stationary in its current position.”；参考题询问：“远处树木相对观察者向哪个方向移动？”。二者有明确语义重合，但生成题只覆盖参考事实的一部分，或改问了不同参照、时间点、条件或细节，不能直接回答参考题。"
judgment-0056,audit-0011,无人机是先远离相机还是先靠近相机？,"[{""generated_id"": ""audit-0011-g01"", ""question"": ""[Single-Choice] As the drone flies away from the camera, what is its position relative to the utility pole at the moment it is horizontally aligned with the green dumpster? [Options] A) It has already passed to the left of the utility pole. B) It is directly in front of the utility pole. C) It has not yet reached the utility pole. D) It is flying at the same height as the top of the utility pole.""}, {""generated_id"": ""audit-0011-g02"", ""question"": ""[True/False] The drone's landing gear is in the same state (either extended or retracted) immediately before it passes behind the utility pole as it is immediately after it re-emerges.""}, {""generated_id"": ""audit-0011-g03"", ""question"": ""[Single-Choice] As the drone flies away from the camera, what is its position relative to the utility pole at the moment it is horizontally aligned with the green dumpster? [Options] A) It has already passed to the left of the utility pole. B) It is directly in front of the utility pole. C) It has not yet reached the utility pole. D) It is flying at the same height as the top of the utility pole.""}, {""generated_id"": ""audit-0011-g04"", ""question"": ""[True/False] The drone's landing gear is in the same state (either extended or retracted) immediately before it passes behind the utility pole as it is immediately after it re-emerges.""}, {""generated_id"": ""audit-0011-g05"", ""question"": ""[Single-Choice] As the drone flies away from the camera, what is its position relative to the utility pole at the moment it is horizontally aligned with the green dumpster? [Options] A) It has already passed to the left of the utility pole. B) It is directly in front of the utility pole. C) It has not yet reached the utility pole. D) It is flying at the same height as the top of the utility pole.""}, {""generated_id"": ""audit-0011-g06"", ""question"": ""[True/False] The drone's landing gear is in the same state (either extended or retracted) immediately before it passes behind the utility pole as it is immediately after it re-emerges.""}]",partial,audit-0011-g01,生成题明确描述无人机正远离相机飞行，但没有比较远离与随后或先前靠近的先后次序。,absent,audit-0011-g01,"生成题 audit-0011-g01 询问：“[Single-Choice] As the drone flies away from the camera, what is its position relative to the utility pole at the moment it is horizontally aligned with the green dumpster? [Options] A) It has already passed to the left of the utility pole. B) It is directly in front of the utility pole. C) It has not yet reached the utility pole. D) It is flying at the same height as the top of the utility pole.”；参考题询问：“无人机是先远离相机还是先靠近相机？”。生成题的核心事实与参考题不同；同一视频、同一对象或相邻事件本身不足以构成覆盖。"
judgment-0057,audit-0011,无人机相对地面的高度如何变化？,"[{""generated_id"": ""audit-0011-g01"", ""question"": ""[Single-Choice] As the drone flies away from the camera, what is its position relative to the utility pole at the moment it is horizontally aligned with the green dumpster? [Options] A) It has already passed to the left of the utility pole. B) It is directly in front of the utility pole. C) It has not yet reached the utility pole. D) It is flying at the same height as the top of the utility pole.""}, {""generated_id"": ""audit-0011-g02"", ""question"": ""[True/False] The drone's landing gear is in the same state (either extended or retracted) immediately before it passes behind the utility pole as it is immediately after it re-emerges.""}, {""generated_id"": ""audit-0011-g03"", ""question"": ""[Single-Choice] As the drone flies away from the camera, what is its position relative to the utility pole at the moment it is horizontally aligned with the green dumpster? [Options] A) It has already passed to the left of the utility pole. B) It is directly in front of the utility pole. C) It has not yet reached the utility pole. D) It is flying at the same height as the top of the utility pole.""}, {""generated_id"": ""audit-0011-g04"", ""question"": ""[True/False] The drone's landing gear is in the same state (either extended or retracted) immediately before it passes behind the utility pole as it is immediately after it re-emerges.""}, {""generated_id"": ""audit-0011-g05"", ""question"": ""[Single-Choice] As the drone flies away from the camera, what is its position relative to the utility pole at the moment it is horizontally aligned with the green dumpster? [Options] A) It has already passed to the left of the utility pole. B) It is directly in front of the utility pole. C) It has not yet reached the utility pole. D) It is flying at the same height as the top of the utility pole.""}, {""generated_id"": ""audit-0011-g06"", ""question"": ""[True/False] The drone's landing gear is in the same state (either extended or retracted) immediately before it passes behind the utility pole as it is immediately after it re-emerges.""}]",partial,audit-0011-g01,生成题在与垃圾箱水平对齐时比较无人机和电线杆的位置及高度选项，但没有追踪它相对地面的高度变化。,absent,audit-0011-g01,"生成题 audit-0011-g01 询问：“[Single-Choice] As the drone flies away from the camera, what is its position relative to the utility pole at the moment it is horizontally aligned with the green dumpster? [Options] A) It has already passed to the left of the utility pole. B) It is directly in front of the utility pole. C) It has not yet reached the utility pole. D) It is flying at the same height as the top of the utility pole.”；参考题询问：“无人机相对地面的高度如何变化？”。生成题的核心事实与参考题不同；同一视频、同一对象或相邻事件本身不足以构成覆盖。"
judgment-0059,audit-0011,无人机先远离还是先接近相机？,"[{""generated_id"": ""audit-0011-g01"", ""question"": ""[Single-Choice] As the drone flies away from the camera, what is its position relative to the utility pole at the moment it is horizontally aligned with the green dumpster? [Options] A) It has already passed to the left of the utility pole. B) It is directly in front of the utility pole. C) It has not yet reached the utility pole. D) It is flying at the same height as the top of the utility pole.""}, {""generated_id"": ""audit-0011-g02"", ""question"": ""[True/False] The drone's landing gear is in the same state (either extended or retracted) immediately before it passes behind the utility pole as it is immediately after it re-emerges.""}, {""generated_id"": ""audit-0011-g03"", ""question"": ""[Single-Choice] As the drone flies away from the camera, what is its position relative to the utility pole at the moment it is horizontally aligned with the green dumpster? [Options] A) It has already passed to the left of the utility pole. B) It is directly in front of the utility pole. C) It has not yet reached the utility pole. D) It is flying at the same height as the top of the utility pole.""}, {""generated_id"": ""audit-0011-g04"", ""question"": ""[True/False] The drone's landing gear is in the same state (either extended or retracted) immediately before it passes behind the utility pole as it is immediately after it re-emerges.""}, {""generated_id"": ""audit-0011-g05"", ""question"": ""[Single-Choice] As the drone flies away from the camera, what is its position relative to the utility pole at the moment it is horizontally aligned with the green dumpster? [Options] A) It has already passed to the left of the utility pole. B) It is directly in front of the utility pole. C) It has not yet reached the utility pole. D) It is flying at the same height as the top of the utility pole.""}, {""generated_id"": ""audit-0011-g06"", ""question"": ""[True/False] The drone's landing gear is in the same state (either extended or retracted) immediately before it passes behind the utility pole as it is immediately after it re-emerges.""}]",partial,audit-0011-g01,生成题确认无人机处于远离相机的阶段，但未比较其远离和接近阶段的时间顺序。,absent,audit-0011-g01,"生成题 audit-0011-g01 询问：“[Single-Choice] As the drone flies away from the camera, what is its position relative to the utility pole at the moment it is horizontally aligned with the green dumpster? [Options] A) It has already passed to the left of the utility pole. B) It is directly in front of the utility pole. C) It has not yet reached the utility pole. D) It is flying at the same height as the top of the utility pole.”；参考题询问：“无人机先远离还是先接近相机？”。生成题的核心事实与参考题不同；同一视频、同一对象或相邻事件本身不足以构成覆盖。"
judgment-0061,audit-0011,无人机短暂变小时是否仍保持在画面中央附近？,"[{""generated_id"": ""audit-0011-g01"", ""question"": ""[Single-Choice] As the drone flies away from the camera, what is its position relative to the utility pole at the moment it is horizontally aligned with the green dumpster? [Options] A) It has already passed to the left of the utility pole. B) It is directly in front of the utility pole. C) It has not yet reached the utility pole. D) It is flying at the same height as the top of the utility pole.""}, {""generated_id"": ""audit-0011-g02"", ""question"": ""[True/False] The drone's landing gear is in the same state (either extended or retracted) immediately before it passes behind the utility pole as it is immediately after it re-emerges.""}, {""generated_id"": ""audit-0011-g03"", ""question"": ""[Single-Choice] As the drone flies away from the camera, what is its position relative to the utility pole at the moment it is horizontally aligned with the green dumpster? [Options] A) It has already passed to the left of the utility pole. B) It is directly in front of the utility pole. C) It has not yet reached the utility pole. D) It is flying at the same height as the top of the utility pole.""}, {""generated_id"": ""audit-0011-g04"", ""question"": ""[True/False] The drone's landing gear is in the same state (either extended or retracted) immediately before it passes behind the utility pole as it is immediately after it re-emerges.""}, {""generated_id"": ""audit-0011-g05"", ""question"": ""[Single-Choice] As the drone flies away from the camera, what is its position relative to the utility pole at the moment it is horizontally aligned with the green dumpster? [Options] A) It has already passed to the left of the utility pole. B) It is directly in front of the utility pole. C) It has not yet reached the utility pole. D) It is flying at the same height as the top of the utility pole.""}, {""generated_id"": ""audit-0011-g06"", ""question"": ""[True/False] The drone's landing gear is in the same state (either extended or retracted) immediately before it passes behind the utility pole as it is immediately after it re-emerges.""}]",partial,audit-0011-g01,生成题的无人机远离相机与变小有关且追踪其画面位置，但没有判断其是否保持在画面中央附近。,absent,audit-0011-g01,"生成题 audit-0011-g01 询问：“[Single-Choice] As the drone flies away from the camera, what is its position relative to the utility pole at the moment it is horizontally aligned with the green dumpster? [Options] A) It has already passed to the left of the utility pole. B) It is directly in front of the utility pole. C) It has not yet reached the utility pole. D) It is flying at the same height as the top of the utility pole.”；参考题询问：“无人机短暂变小时是否仍保持在画面中央附近？”。生成题的核心事实与参考题不同；同一视频、同一对象或相邻事件本身不足以构成覆盖。"
judgment-0063,audit-0012,球员先击球还是另一人走近洞口？,"[{""generated_id"": ""audit-0012-g01"", ""question"": ""[Single-Choice] From the perspective of the man standing still near the flagstick, the golf ball comes to a stop on his ______. [Options] A) left side. B) right side. C) directly in front. D) directly behind.""}, {""generated_id"": ""audit-0012-g02"", ""question"": ""[Single-Choice] After the golfer hits the ball, where does it come to rest in relation to the flagstick from the camera's point of view? [Options] A) Between the golfer who hit the ball and the flagstick. B) To the right of and slightly beyond the flagstick. C) To the left of and short of the flagstick. D) Directly in the hole.""}, {""generated_id"": ""audit-0012-g03"", ""question"": ""[True/False] When the video ends, the two people are closer to each other than they are at any other moment when both are visible on screen.""}]",absent,audit-0012-g03,生成题涉及击球后球的位置及两人最终距离，却没有描述另一人走近洞口或比较其与击球的先后。,partial,audit-0012-g03,"生成题 audit-0012-g03 询问：“[True/False] When the video ends, the two people are closer to each other than they are at any other moment when both are visible on screen.”；参考题询问：“球员先击球还是另一人走近洞口？”。二者有明确语义重合，但生成题只覆盖参考事实的一部分，或改问了不同参照、时间点、条件或细节，不能直接回答参考题。"
judgment-0072,audit-0014,黑马从侧向行进转为朝相机靠近了吗？,"[{""generated_id"": ""audit-0014-g01"", ""question"": ""[Single-Choice] In the first three seconds, the horse begins a wide turn to its left. If it had maintained that initial turning radius, what path would it have followed? [Options] A) It would have run into the fence on the left side of the arena. B) It would have completed a tight circle in the center of the arena. C) It would have continued along the fence at the far end of the arena. D) It would have reversed direction and run towards the camera.""}, {""generated_id"": ""audit-0014-g02"", ""question"": ""[Single-Choice] In the first three seconds, the horse begins a wide turn to its left. If it had maintained that initial turning radius, what path would it have followed? [Options] A) It would have run into the fence on the left side of the arena. B) It would have completed a tight circle in the center of the arena. C) It would have continued along the fence at the far end of the arena. D) It would have reversed direction and run towards the camera.""}, {""generated_id"": ""audit-0014-g03"", ""question"": ""[Single-Choice] In the first three seconds, the horse begins a wide turn to its left. If it had maintained that initial turning radius, what path would it have followed? [Options] A) It would have run into the fence on the left side of the arena. B) It would have completed a tight circle in the center of the arena. C) It would have continued along the fence at the far end of the arena. D) It would have reversed direction and run towards the camera.""}]",partial,audit-0014-g01,生成题明确马在开头向左作大幅转弯并列出朝相机的可能路径，但没有直接判断实际是否由侧向转为靠近相机。,absent,audit-0014-g01,"生成题 audit-0014-g01 询问：“[Single-Choice] In the first three seconds, the horse begins a wide turn to its left. If it had maintained that initial turning radius, what path would it have followed? [Options] A) It would have run into the fence on the left side of the arena. B) It would have completed a tight circle in the center of the arena. C) It would have continued along the fence at the far end of the arena. D) It would have reversed direction and run towards the camera.”；参考题询问：“黑马从侧向行进转为朝相机靠近了吗？”。生成题的核心事实与参考题不同；同一视频、同一对象或相邻事件本身不足以构成覆盖。"
judgment-0073,audit-0014,骑手与相机之间的距离如何变化？,"[{""generated_id"": ""audit-0014-g01"", ""question"": ""[Single-Choice] In the first three seconds, the horse begins a wide turn to its left. If it had maintained that initial turning radius, what path would it have followed? [Options] A) It would have run into the fence on the left side of the arena. B) It would have completed a tight circle in the center of the arena. C) It would have continued along the fence at the far end of the arena. D) It would have reversed direction and run towards the camera.""}, {""generated_id"": ""audit-0014-g02"", ""question"": ""[Single-Choice] In the first three seconds, the horse begins a wide turn to its left. If it had maintained that initial turning radius, what path would it have followed? [Options] A) It would have run into the fence on the left side of the arena. B) It would have completed a tight circle in the center of the arena. C) It would have continued along the fence at the far end of the arena. D) It would have reversed direction and run towards the camera.""}, {""generated_id"": ""audit-0014-g03"", ""question"": ""[Single-Choice] In the first three seconds, the horse begins a wide turn to its left. If it had maintained that initial turning radius, what path would it have followed? [Options] A) It would have run into the fence on the left side of the arena. B) It would have completed a tight circle in the center of the arena. C) It would have continued along the fence at the far end of the arena. D) It would have reversed direction and run towards the camera.""}]",partial,audit-0014-g01,生成题基于马的转弯预测路径，间接涉及与相机的接近关系，但没有追踪骑手到相机的距离变化。,absent,audit-0014-g01,"生成题 audit-0014-g01 询问：“[Single-Choice] In the first three seconds, the horse begins a wide turn to its left. If it had maintained that initial turning radius, what path would it have followed? [Options] A) It would have run into the fence on the left side of the arena. B) It would have completed a tight circle in the center of the arena. C) It would have continued along the fence at the far end of the arena. D) It would have reversed direction and run towards the camera.”；参考题询问：“骑手与相机之间的距离如何变化？”。生成题的核心事实与参考题不同；同一视频、同一对象或相邻事件本身不足以构成覆盖。"
judgment-0074,audit-0014,马在视频中是否改变了行进方向？,"[{""generated_id"": ""audit-0014-g01"", ""question"": ""[Single-Choice] In the first three seconds, the horse begins a wide turn to its left. If it had maintained that initial turning radius, what path would it have followed? [Options] A) It would have run into the fence on the left side of the arena. B) It would have completed a tight circle in the center of the arena. C) It would have continued along the fence at the far end of the arena. D) It would have reversed direction and run towards the camera.""}, {""generated_id"": ""audit-0014-g02"", ""question"": ""[Single-Choice] In the first three seconds, the horse begins a wide turn to its left. If it had maintained that initial turning radius, what path would it have followed? [Options] A) It would have run into the fence on the left side of the arena. B) It would have completed a tight circle in the center of the arena. C) It would have continued along the fence at the far end of the arena. D) It would have reversed direction and run towards the camera.""}, {""generated_id"": ""audit-0014-g03"", ""question"": ""[Single-Choice] In the first three seconds, the horse begins a wide turn to its left. If it had maintained that initial turning radius, what path would it have followed? [Options] A) It would have run into the fence on the left side of the arena. B) It would have completed a tight circle in the center of the arena. C) It would have continued along the fence at the far end of the arena. D) It would have reversed direction and run towards the camera.""}]",direct,audit-0014-g01,生成题明确马在前三秒开始向左大幅转弯，直接覆盖马是否改变行进方向。,partial,audit-0014-g01,"生成题 audit-0014-g01 询问：“[Single-Choice] In the first three seconds, the horse begins a wide turn to its left. If it had maintained that initial turning radius, what path would it have followed? [Options] A) It would have run into the fence on the left side of the arena. B) It would have completed a tight circle in the center of the arena. C) It would have continued along the fence at the far end of the arena. D) It would have reversed direction and run towards the camera.”；参考题询问：“马在视频中是否改变了行进方向？”。二者有明确语义重合，但生成题只覆盖参考事实的一部分，或改问了不同参照、时间点、条件或细节，不能直接回答参考题。"
judgment-0075,audit-0014,骑手靠近镜头时马位于围栏哪一侧？,"[{""generated_id"": ""audit-0014-g01"", ""question"": ""[Single-Choice] In the first three seconds, the horse begins a wide turn to its left. If it had maintained that initial turning radius, what path would it have followed? [Options] A) It would have run into the fence on the left side of the arena. B) It would have completed a tight circle in the center of the arena. C) It would have continued along the fence at the far end of the arena. D) It would have reversed direction and run towards the camera.""}, {""generated_id"": ""audit-0014-g02"", ""question"": ""[Single-Choice] In the first three seconds, the horse begins a wide turn to its left. If it had maintained that initial turning radius, what path would it have followed? [Options] A) It would have run into the fence on the left side of the arena. B) It would have completed a tight circle in the center of the arena. C) It would have continued along the fence at the far end of the arena. D) It would have reversed direction and run towards the camera.""}, {""generated_id"": ""audit-0014-g03"", ""question"": ""[Single-Choice] In the first three seconds, the horse begins a wide turn to its left. If it had maintained that initial turning radius, what path would it have followed? [Options] A) It would have run into the fence on the left side of the arena. B) It would have completed a tight circle in the center of the arena. C) It would have continued along the fence at the far end of the arena. D) It would have reversed direction and run towards the camera.""}]",partial,audit-0014-g01,生成题涉及马的转弯轨迹与场地围栏的关系，但没有给出骑手靠近镜头时马位于围栏哪一侧。,absent,audit-0014-g01,"生成题 audit-0014-g01 询问：“[Single-Choice] In the first three seconds, the horse begins a wide turn to its left. If it had maintained that initial turning radius, what path would it have followed? [Options] A) It would have run into the fence on the left side of the arena. B) It would have completed a tight circle in the center of the arena. C) It would have continued along the fence at the far end of the arena. D) It would have reversed direction and run towards the camera.”；参考题询问：“骑手靠近镜头时马位于围栏哪一侧？”。生成题的核心事实与参考题不同；同一视频、同一对象或相邻事件本身不足以构成覆盖。"
judgment-0084,audit-0016,工具接触肉块发生在男子展示肉块之前还是之后？,"[{""generated_id"": ""audit-0016-g01"", ""question"": ""[Multiple-Select] Which of the following statements accurately describe a physical interaction or state change shown in the video? (Select all that apply) [Options] A) The knife is used to create a new hole in the meat. B) The person's gloved hand causes visible compression on the surface of the meat. C) The knife passes through a pre-existing channel within the meat and bone. D) The meat is sliced into two separate pieces by the end of the video.""}, {""generated_id"": ""audit-0016-g02"", ""question"": ""[True/False] From the person's own perspective, the hand holding the knife is their right hand.""}]",partial,audit-0016-g01,生成题细问工具与肉接触造成的物理变化，却没有出现展示肉块动作或比较二者先后。,absent,audit-0016-g01,生成题 audit-0016-g01 询问：“[Multiple-Select] Which of the following statements accurately describe a physical interaction or state change shown in the video? (Select all that apply) [Options] A) The knife is used to create a new hole in the meat. B) The person's gloved hand causes visible compression on the surface of the meat. C) The knife passes through a pre-existing channel within the meat and bone. D) The meat is sliced into two separate pieces by the end of the video.”；参考题询问：“工具接触肉块发生在男子展示肉块之前还是之后？”。生成题的核心事实与参考题不同；同一视频、同一对象或相邻事件本身不足以构成覆盖。
judgment-0087,audit-0016,男子用工具处理肉块的直接目标是什么？,"[{""generated_id"": ""audit-0016-g01"", ""question"": ""[Multiple-Select] Which of the following statements accurately describe a physical interaction or state change shown in the video? (Select all that apply) [Options] A) The knife is used to create a new hole in the meat. B) The person's gloved hand causes visible compression on the surface of the meat. C) The knife passes through a pre-existing channel within the meat and bone. D) The meat is sliced into two separate pieces by the end of the video.""}, {""generated_id"": ""audit-0016-g02"", ""question"": ""[True/False] From the person's own perspective, the hand holding the knife is their right hand.""}]",direct,audit-0016-g01,生成题具体区分造新孔、穿过既有通道和切开肉块等工具作用，直接覆盖处理肉块的动作目标。,partial,audit-0016-g01,生成题 audit-0016-g01 询问：“[Multiple-Select] Which of the following statements accurately describe a physical interaction or state change shown in the video? (Select all that apply) [Options] A) The knife is used to create a new hole in the meat. B) The person's gloved hand causes visible compression on the surface of the meat. C) The knife passes through a pre-existing channel within the meat and bone. D) The meat is sliced into two separate pieces by the end of the video.”；参考题询问：“男子用工具处理肉块的直接目标是什么？”。二者有明确语义重合，但生成题只覆盖参考事实的一部分，或改问了不同参照、时间点、条件或细节，不能直接回答参考题。
judgment-0090,audit-0017,男子的手主要指向发动机舱的哪个区域？,"[{""generated_id"": ""audit-0017-g01"", ""question"": ""[True/False] If the black convertible were lowered completely to the ground from its current position on the lift, it would come to rest parallel to and beside the red tool cabinet.""}, {""generated_id"": ""audit-0017-g02"", ""question"": ""[True/False] Because the car's hood is fully open, its highest point is above the roofline of the silver car parked next to it.""}]",absent,audit-0017-g02,生成题没有男子手势或其指向发动机舱的区域。,partial,audit-0017-g02,"生成题 audit-0017-g02 询问：“[True/False] Because the car's hood is fully open, its highest point is above the roofline of the silver car parked next to it.”；参考题询问：“男子的手主要指向发动机舱的哪个区域？”。二者有明确语义重合，但生成题只覆盖参考事实的一部分，或改问了不同参照、时间点、条件或细节，不能直接回答参考题。"
judgment-0093,audit-0017,讲解者反复指向车辆的哪个区域？,"[{""generated_id"": ""audit-0017-g01"", ""question"": ""[True/False] If the black convertible were lowered completely to the ground from its current position on the lift, it would come to rest parallel to and beside the red tool cabinet.""}, {""generated_id"": ""audit-0017-g02"", ""question"": ""[True/False] Because the car's hood is fully open, its highest point is above the roofline of the silver car parked next to it.""}]",absent,audit-0017-g02,生成题未提讲解者的反复指向动作或车辆区域。,partial,audit-0017-g02,"生成题 audit-0017-g02 询问：“[True/False] Because the car's hood is fully open, its highest point is above the roofline of the silver car parked next to it.”；参考题询问：“讲解者反复指向车辆的哪个区域？”。二者有明确语义重合，但生成题只覆盖参考事实的一部分，或改问了不同参照、时间点、条件或细节，不能直接回答参考题。"
judgment-0104,audit-0019,海浪涌来时人群先后退还是先伸手？,"[{""generated_id"": ""audit-0019-g01"", ""question"": ""[Multiple-Select] Around the 8-second mark, a stingray briefly shows its white underside before being occluded by a wave and another stingray. Which statements accurately describe its spatial properties when it becomes clearly visible again? (Select all that apply) [Options] A) It is now located between the person in striped shorts and the person in the patterned dress. B) It has moved significantly closer to the yellow container on the sand. C) Its body is now oriented parallel to the shoreline. D) It is now the stingray furthest from the man in the dark blue shirt.""}, {""generated_id"": ""audit-0019-g02"", ""question"": ""[Single-Choice] The man in the dark blue shirt gestures with his right arm towards the water. What is the most likely immediate spatial purpose of this gesture? [Options] A) To warn the other people to back away from the water. B) To indicate the specific location where the stingrays are most concentrated for the others to see. C) To signal a boat that is out of the camera's view. D) To point out the yellow container on the sand.""}, {""generated_id"": ""audit-0019-g03"", ""question"": ""[Single-Choice] From the perspective of the man in the dark blue shirt and black shorts, which person is to his immediate left for the majority of the video? [Options] A) The woman running on the sand. B) The person in the white shirt. C) The person in the striped shorts. D) The woman in the white and black patterned dress.""}]",partial,audit-0019-g02,生成题出现男子向水面伸臂的动作且另一题出现海浪遮挡，但没有比较浪涌时人群后退和伸手的先后。,absent,audit-0019-g02,生成题 audit-0019-g02 询问：“[Single-Choice] The man in the dark blue shirt gestures with his right arm towards the water. What is the most likely immediate spatial purpose of this gesture? [Options] A) To warn the other people to back away from the water. B) To indicate the specific location where the stingrays are most concentrated for the others to see. C) To signal a boat that is out of the camera's view. D) To point out the yellow container on the sand.”；参考题询问：“海浪涌来时人群先后退还是先伸手？”。生成题的核心事实与参考题不同；同一视频、同一对象或相邻事件本身不足以构成覆盖。
judgment-0121,audit-0022,男子反复转动渔轮的直接目标是什么？,"[{""generated_id"": ""audit-0022-g01"", ""question"": ""[True/False] The fishing rod's bend is most pronounced when the man is actively turning the reel handle.""}, {""generated_id"": ""audit-0022-g02"", ""question"": ""[True/False] The fishing rod's bend is most pronounced when the man is actively turning the reel handle.""}]",partial,audit-0022-g01,生成题明确男子反复转动渔轮及其导致的竿弯状态，却没有追问收线动作的直接目标。,absent,audit-0022-g01,生成题 audit-0022-g01 询问：“[True/False] The fishing rod's bend is most pronounced when the man is actively turning the reel handle.”；参考题询问：“男子反复转动渔轮的直接目标是什么？”。生成题的核心事实与参考题不同；同一视频、同一对象或相邻事件本身不足以构成覆盖。
judgment-0129,audit-0024,男子抛动橙色绳索后绳圈落在身体哪一侧？,"[{""generated_id"": ""audit-0024-g01"", ""question"": ""[True/False] From the person's egocentric perspective, the wrapping motion of the rope around their left forearm is clockwise.""}, {""generated_id"": ""audit-0024-g02"", ""question"": ""[True/False] From the person's egocentric perspective, the wrapping motion of the rope around their left forearm is clockwise.""}, {""generated_id"": ""audit-0024-g03"", ""question"": ""[True/False] From the person's egocentric perspective, the wrapping motion of the rope around their left forearm is clockwise.""}]",partial,audit-0024-g01,生成题明确绳索绕在左前臂并判断绕动方向，触及身体侧别，但没有抛绳后绳圈落点。,absent,audit-0024-g01,"生成题 audit-0024-g01 询问：“[True/False] From the person's egocentric perspective, the wrapping motion of the rope around their left forearm is clockwise.”；参考题询问：“男子抛动橙色绳索后绳圈落在身体哪一侧？”。生成题的核心事实与参考题不同；同一视频、同一对象或相邻事件本身不足以构成覆盖。"
judgment-0132,audit-0024,男子手中的橙色绳索是否逐渐展开？,"[{""generated_id"": ""audit-0024-g01"", ""question"": ""[True/False] From the person's egocentric perspective, the wrapping motion of the rope around their left forearm is clockwise.""}, {""generated_id"": ""audit-0024-g02"", ""question"": ""[True/False] From the person's egocentric perspective, the wrapping motion of the rope around their left forearm is clockwise.""}, {""generated_id"": ""audit-0024-g03"", ""question"": ""[True/False] From the person's egocentric perspective, the wrapping motion of the rope around their left forearm is clockwise.""}]",partial,audit-0024-g01,生成题追踪绳索的环绕操作，属于绳索形态变化，但没有判断是否随过程逐渐展开。,absent,audit-0024-g01,"生成题 audit-0024-g01 询问：“[True/False] From the person's egocentric perspective, the wrapping motion of the rope around their left forearm is clockwise.”；参考题询问：“男子手中的橙色绳索是否逐渐展开？”。生成题的核心事实与参考题不同；同一视频、同一对象或相邻事件本身不足以构成覆盖。"
judgment-0134,audit-0025,车辆下坡进入停车区后是否改变行驶方向？,"[{""generated_id"": ""audit-0025-g01"", ""question"": ""[Single-Choice] As the car moves up the curved ramp, which background element is the last to be completely hidden behind the solid white wall on the left? [Options] A) The white sedan parked on the far left of the distant lot. B) The dark SUV parked in the middle of the distant lot. C) The trees on the far right of the distant lot. D) The building behind the distant lot.""}, {""generated_id"": ""audit-0025-g02"", ""question"": ""[Single-Choice] As the car moves up the curved ramp, which background element is the last to be completely hidden behind the solid white wall on the left? [Options] A) The white sedan parked on the far left of the distant lot. B) The dark SUV parked in the middle of the distant lot. C) The trees on the far right of the distant lot. D) The building behind the distant lot.""}]",partial,audit-0025-g01,生成题描述车辆沿弯曲坡道上行，涉及车辆在坡道上的方向变化，但未覆盖下坡进入停车区后的实际改向。,absent,audit-0025-g01,"生成题 audit-0025-g01 询问：“[Single-Choice] As the car moves up the curved ramp, which background element is the last to be completely hidden behind the solid white wall on the left? [Options] A) The white sedan parked on the far left of the distant lot. B) The dark SUV parked in the middle of the distant lot. C) The trees on the far right of the distant lot. D) The building behind the distant lot.”；参考题询问：“车辆下坡进入停车区后是否改变行驶方向？”。生成题的核心事实与参考题不同；同一视频、同一对象或相邻事件本身不足以构成覆盖。"
judgment-0138,audit-0025,白色围墙在转弯前位于车辆哪一侧？,"[{""generated_id"": ""audit-0025-g01"", ""question"": ""[Single-Choice] As the car moves up the curved ramp, which background element is the last to be completely hidden behind the solid white wall on the left? [Options] A) The white sedan parked on the far left of the distant lot. B) The dark SUV parked in the middle of the distant lot. C) The trees on the far right of the distant lot. D) The building behind the distant lot.""}, {""generated_id"": ""audit-0025-g02"", ""question"": ""[Single-Choice] As the car moves up the curved ramp, which background element is the last to be completely hidden behind the solid white wall on the left? [Options] A) The white sedan parked on the far left of the distant lot. B) The dark SUV parked in the middle of the distant lot. C) The trees on the far right of the distant lot. D) The building behind the distant lot.""}]",direct,audit-0025-g01,生成题明确车辆沿弯曲坡道行驶时实心白墙位于画面左侧，覆盖转弯前白墙相对车辆的侧向位置。,partial,audit-0025-g01,"生成题 audit-0025-g01 询问：“[Single-Choice] As the car moves up the curved ramp, which background element is the last to be completely hidden behind the solid white wall on the left? [Options] A) The white sedan parked on the far left of the distant lot. B) The dark SUV parked in the middle of the distant lot. C) The trees on the far right of the distant lot. D) The building behind the distant lot.”；参考题询问：“白色围墙在转弯前位于车辆哪一侧？”。二者有明确语义重合，但生成题只覆盖参考事实的一部分，或改问了不同参照、时间点、条件或细节，不能直接回答参考题。"
judgment-0139,audit-0026,游泳者朝相机靠近时距离如何变化？,"[{""generated_id"": ""audit-0026-g01"", ""question"": ""[Single-Choice] Which statement accurately describes the woman's movement relative to both the camera and the blue structure in the background?\n[Options]\nA) She moves away from the blue structure and away from the camera.\nB) She moves towards the blue structure and towards the camera.\nC) She moves towards the camera but her distance from the blue structure remains constant.\nD) She moves towards the camera while moving away from the blue structure.""}, {""generated_id"": ""audit-0026-g02"", ""question"": ""[Single-Choice] Based on the woman's continuous forward swimming trajectory and her final action, what is her immediate spatial goal? \n[Options]\nA) To swim to the edge of the pool on the right.\nB) To reach the hands of the person holding the camera.\nC) To turn around and swim back to where she started.\nD) To dive under the person holding the camera.""}, {""generated_id"": ""audit-0026-g03"", ""question"": ""[True/False] Throughout the woman's approach towards the camera, the other two people in the pool remain on the right side of the video frame.""}]",direct,audit-0026-g01,生成题直接判断女子运动是靠近还是远离相机，覆盖游泳者靠近相机时距离减小的核心关系。,partial,audit-0026-g01,生成题 audit-0026-g01 询问：“[Single-Choice] Which statement accurately describes the woman's movement relative to both the camera and the blue structure in the background? [Options] A) She moves away from the blue structure and away from the camera. B) She moves towards the blue structure and towards the camera. C) She moves towards the camera but her distance from the blue structure remains constant. D) She moves towards the camera while moving away from the blue structure.”；参考题询问：“游泳者朝相机靠近时距离如何变化？”。二者有明确语义重合，但生成题只覆盖参考事实的一部分，或改问了不同参照、时间点、条件或细节，不能直接回答参考题。
judgment-0140,audit-0026,游泳者主要面向相机还是背向相机？,"[{""generated_id"": ""audit-0026-g01"", ""question"": ""[Single-Choice] Which statement accurately describes the woman's movement relative to both the camera and the blue structure in the background?\n[Options]\nA) She moves away from the blue structure and away from the camera.\nB) She moves towards the blue structure and towards the camera.\nC) She moves towards the camera but her distance from the blue structure remains constant.\nD) She moves towards the camera while moving away from the blue structure.""}, {""generated_id"": ""audit-0026-g02"", ""question"": ""[Single-Choice] Based on the woman's continuous forward swimming trajectory and her final action, what is her immediate spatial goal? \n[Options]\nA) To swim to the edge of the pool on the right.\nB) To reach the hands of the person holding the camera.\nC) To turn around and swim back to where she started.\nD) To dive under the person holding the camera.""}, {""generated_id"": ""audit-0026-g03"", ""question"": ""[True/False] Throughout the woman's approach towards the camera, the other two people in the pool remain on the right side of the video frame.""}]",partial,audit-0026-g02,生成题描述女子持续向相机前游并以接触持相机者双手为目标，但没有直接判断身体主要面向还是背向相机。,absent,audit-0026-g01,生成题 audit-0026-g01 询问：“[Single-Choice] Which statement accurately describes the woman's movement relative to both the camera and the blue structure in the background? [Options] A) She moves away from the blue structure and away from the camera. B) She moves towards the blue structure and towards the camera. C) She moves towards the camera but her distance from the blue structure remains constant. D) She moves towards the camera while moving away from the blue structure.”；参考题询问：“游泳者主要面向相机还是背向相机？”。生成题的核心事实与参考题不同；同一视频、同一对象或相邻事件本身不足以构成覆盖。
judgment-0141,audit-0026,伸手动作发生在游到近处之前还是之后？,"[{""generated_id"": ""audit-0026-g01"", ""question"": ""[Single-Choice] Which statement accurately describes the woman's movement relative to both the camera and the blue structure in the background?\n[Options]\nA) She moves away from the blue structure and away from the camera.\nB) She moves towards the blue structure and towards the camera.\nC) She moves towards the camera but her distance from the blue structure remains constant.\nD) She moves towards the camera while moving away from the blue structure.""}, {""generated_id"": ""audit-0026-g02"", ""question"": ""[Single-Choice] Based on the woman's continuous forward swimming trajectory and her final action, what is her immediate spatial goal? \n[Options]\nA) To swim to the edge of the pool on the right.\nB) To reach the hands of the person holding the camera.\nC) To turn around and swim back to where she started.\nD) To dive under the person holding the camera.""}, {""generated_id"": ""audit-0026-g03"", ""question"": ""[True/False] Throughout the woman's approach towards the camera, the other two people in the pool remain on the right side of the video frame.""}]",direct,audit-0026-g02,生成题把伸向持相机者双手的最终动作置于持续向前游近之后，实质覆盖伸手与到达近处的时间关系。,partial,audit-0026-g02,"生成题 audit-0026-g02 询问：“[Single-Choice] Based on the woman's continuous forward swimming trajectory and her final action, what is her immediate spatial goal? [Options] A) To swim to the edge of the pool on the right. B) To reach the hands of the person holding the camera. C) To turn around and swim back to where she started. D) To dive under the person holding the camera.”；参考题询问：“伸手动作发生在游到近处之前还是之后？”。二者有明确语义重合，但生成题只覆盖参考事实的一部分，或改问了不同参照、时间点、条件或细节，不能直接回答参考题。"
judgment-0142,audit-0026,游泳者从远处接近相机时是否一直面向相机？,"[{""generated_id"": ""audit-0026-g01"", ""question"": ""[Single-Choice] Which statement accurately describes the woman's movement relative to both the camera and the blue structure in the background?\n[Options]\nA) She moves away from the blue structure and away from the camera.\nB) She moves towards the blue structure and towards the camera.\nC) She moves towards the camera but her distance from the blue structure remains constant.\nD) She moves towards the camera while moving away from the blue structure.""}, {""generated_id"": ""audit-0026-g02"", ""question"": ""[Single-Choice] Based on the woman's continuous forward swimming trajectory and her final action, what is her immediate spatial goal? \n[Options]\nA) To swim to the edge of the pool on the right.\nB) To reach the hands of the person holding the camera.\nC) To turn around and swim back to where she started.\nD) To dive under the person holding the camera.""}, {""generated_id"": ""audit-0026-g03"", ""question"": ""[True/False] Throughout the woman's approach towards the camera, the other two people in the pool remain on the right side of the video frame.""}]",partial,audit-0026-g01,生成题全程追踪女子向相机靠近，但没有判断她在这段期间是否始终保持面向相机。,absent,audit-0026-g01,生成题 audit-0026-g01 询问：“[Single-Choice] Which statement accurately describes the woman's movement relative to both the camera and the blue structure in the background? [Options] A) She moves away from the blue structure and away from the camera. B) She moves towards the blue structure and towards the camera. C) She moves towards the camera but her distance from the blue structure remains constant. D) She moves towards the camera while moving away from the blue structure.”；参考题询问：“游泳者从远处接近相机时是否一直面向相机？”。生成题的核心事实与参考题不同；同一视频、同一对象或相邻事件本身不足以构成覆盖。
judgment-0143,audit-0026,游泳者与相机之间的距离如何变化？,"[{""generated_id"": ""audit-0026-g01"", ""question"": ""[Single-Choice] Which statement accurately describes the woman's movement relative to both the camera and the blue structure in the background?\n[Options]\nA) She moves away from the blue structure and away from the camera.\nB) She moves towards the blue structure and towards the camera.\nC) She moves towards the camera but her distance from the blue structure remains constant.\nD) She moves towards the camera while moving away from the blue structure.""}, {""generated_id"": ""audit-0026-g02"", ""question"": ""[Single-Choice] Based on the woman's continuous forward swimming trajectory and her final action, what is her immediate spatial goal? \n[Options]\nA) To swim to the edge of the pool on the right.\nB) To reach the hands of the person holding the camera.\nC) To turn around and swim back to where she started.\nD) To dive under the person holding the camera.""}, {""generated_id"": ""audit-0026-g03"", ""question"": ""[True/False] Throughout the woman's approach towards the camera, the other two people in the pool remain on the right side of the video frame.""}]",direct,audit-0026-g01,生成题明确要求比较女子运动时与相机的距离，直接覆盖二者距离随接近而减小。,partial,audit-0026-g01,生成题 audit-0026-g01 询问：“[Single-Choice] Which statement accurately describes the woman's movement relative to both the camera and the blue structure in the background? [Options] A) She moves away from the blue structure and away from the camera. B) She moves towards the blue structure and towards the camera. C) She moves towards the camera but her distance from the blue structure remains constant. D) She moves towards the camera while moving away from the blue structure.”；参考题询问：“游泳者与相机之间的距离如何变化？”。二者有明确语义重合，但生成题只覆盖参考事实的一部分，或改问了不同参照、时间点、条件或细节，不能直接回答参考题。
judgment-0156,audit-0028,男子的手势是面向相机还是面向海面？,"[{""generated_id"": ""audit-0028-g01"", ""question"": ""[Single-Choice] The man performs three distinct hand gestures to explain different concepts. What is the primary direction of motion of his hand(s) during the second gesture? [Options] A) Both hands move towards each other horizontally. B) One hand moves horizontally across his body. C) One hand moves forward and away from his body. D) Both hands move upwards.""}, {""generated_id"": ""audit-0028-g02"", ""question"": ""[Single-Choice] The man performs three distinct hand gestures to explain different concepts. What is the primary direction of motion of his hand(s) during the second gesture? [Options] A) Both hands move towards each other horizontally. B) One hand moves horizontally across his body. C) One hand moves forward and away from his body. D) Both hands move upwards.""}]",partial,audit-0028-g01,生成题判断手部相对身体的运动方向，却没有确定手势总体朝相机还是朝海面。,absent,audit-0028-g01,生成题 audit-0028-g01 询问：“[Single-Choice] The man performs three distinct hand gestures to explain different concepts. What is the primary direction of motion of his hand(s) during the second gesture? [Options] A) Both hands move towards each other horizontally. B) One hand moves horizontally across his body. C) One hand moves forward and away from his body. D) Both hands move upwards.”；参考题询问：“男子的手势是面向相机还是面向海面？”。生成题的核心事实与参考题不同；同一视频、同一对象或相邻事件本身不足以构成覆盖。
judgment-0161,audit-0029,道路两侧主要分布着什么？,"[{""generated_id"": ""audit-0029-g01"", ""question"": ""[Fill-in-the-Blank] As the camera moves forward along the road after 0:30, the group of trees on the left begins to block the view of the ______ in the background.""}, {""generated_id"": ""audit-0029-g02"", ""question"": ""[Single-Choice] The camera first pans across the landscape from left to right, then pans back left before moving forward along the road. What is the most likely spatial goal of this sequence of actions? [Options] A) To get a closer view of the brown horse by the fence. B) To establish the surrounding environment before proceeding on the path. C) To turn around and leave the area. D) To locate a gate to enter the field on the left.""}, {""generated_id"": ""audit-0029-g03"", ""question"": ""[Single-Choice] As the camera moves forward along the road (0:24-0:36), from the camera's perspective, how does the apparent position of the brown horse grazing by the fence change relative to the distant buildings behind the cornfield? [Options] A) It appears to move from left to right across the background buildings. B) It remains stationary in front of the same background building. C) It appears to move from right to left across the background buildings. D) It disappears behind the green field on the left.""}, {""generated_id"": ""audit-0029-g04"", ""question"": ""[True/False] At 0:11, from the camera's direct line of sight, the white horse is positioned horizontally between the two brown horses.""}]",partial,audit-0029-g01,生成题具体提到道路左侧树木、围栏边马、玉米地和远处建筑，覆盖道路两侧环境但没有概括主要分布物。,absent,audit-0029-g01,"生成题 audit-0029-g01 询问：“[Fill-in-the-Blank] As the camera moves forward along the road after 0:30, the group of trees on the left begins to block the view of the ______ in the background.”；参考题询问：“道路两侧主要分布着什么？”。生成题的核心事实与参考题不同；同一视频、同一对象或相邻事件本身不足以构成覆盖。"
judgment-0164,audit-0030,狗与右侧栏杆的距离如何变化？,"[{""generated_id"": ""audit-0030-g01"", ""question"": ""[Single-Choice] Between 0:08 and 0:13, the dog crosses from the camera's right to the camera's left. During this same period, how does the dog's position change relative to the pier's fixed features? [Options] A) It moves from being closer to the right-side railing to being closer to the left-side fence. B) It moves from being closer to the left-side fence to being closer to the right-side railing. C) It remains closer to the right-side railing for the entire duration. D) It remains closer to the left-side fence for the entire duration.""}, {""generated_id"": ""audit-0030-g02"", ""question"": ""[Single-Choice] Between 0:08 and 0:13, the dog crosses from the camera's right to the camera's left. During this same period, how does the dog's position change relative to the pier's fixed features? [Options] A) It moves from being closer to the right-side railing to being closer to the left-side fence. B) It moves from being closer to the left-side fence to being closer to the right-side railing. C) It remains closer to the right-side railing for the entire duration. D) It remains closer to the left-side fence for the entire duration.""}]",direct,audit-0030-g01,生成题直接比较狗由靠近右侧栏杆移动到靠近左侧围栏的过程，覆盖其与右栏杆距离增大的变化。,partial,audit-0030-g01,"生成题 audit-0030-g01 询问：“[Single-Choice] Between 0:08 and 0:13, the dog crosses from the camera's right to the camera's left. During this same period, how does the dog's position change relative to the pier's fixed features? [Options] A) It moves from being closer to the right-side railing to being closer to the left-side fence. B) It moves from being closer to the left-side fence to being closer to the right-side railing. C) It remains closer to the right-side railing for the entire duration. D) It remains closer to the left-side fence for the entire duration.”；参考题询问：“狗与右侧栏杆的距离如何变化？”。二者有明确语义重合，但生成题只覆盖参考事实的一部分，或改问了不同参照、时间点、条件或细节，不能直接回答参考题。"
judgment-0167,audit-0030,狗与右侧栏杆的距离如何变化？,"[{""generated_id"": ""audit-0030-g01"", ""question"": ""[Single-Choice] Between 0:08 and 0:13, the dog crosses from the camera's right to the camera's left. During this same period, how does the dog's position change relative to the pier's fixed features? [Options] A) It moves from being closer to the right-side railing to being closer to the left-side fence. B) It moves from being closer to the left-side fence to being closer to the right-side railing. C) It remains closer to the right-side railing for the entire duration. D) It remains closer to the left-side fence for the entire duration.""}, {""generated_id"": ""audit-0030-g02"", ""question"": ""[Single-Choice] Between 0:08 and 0:13, the dog crosses from the camera's right to the camera's left. During this same period, how does the dog's position change relative to the pier's fixed features? [Options] A) It moves from being closer to the right-side railing to being closer to the left-side fence. B) It moves from being closer to the left-side fence to being closer to the right-side railing. C) It remains closer to the right-side railing for the entire duration. D) It remains closer to the left-side fence for the entire duration.""}]",direct,audit-0030-g01,生成题明确狗从靠近右栏杆的一侧横移到左侧围栏，直接给出与右栏杆距离如何变化。,partial,audit-0030-g01,"生成题 audit-0030-g01 询问：“[Single-Choice] Between 0:08 and 0:13, the dog crosses from the camera's right to the camera's left. During this same period, how does the dog's position change relative to the pier's fixed features? [Options] A) It moves from being closer to the right-side railing to being closer to the left-side fence. B) It moves from being closer to the left-side fence to being closer to the right-side railing. C) It remains closer to the right-side railing for the entire duration. D) It remains closer to the left-side fence for the entire duration.”；参考题询问：“狗与右侧栏杆的距离如何变化？”。二者有明确语义重合，但生成题只覆盖参考事实的一部分，或改问了不同参照、时间点、条件或细节，不能直接回答参考题。"
judgment-0170,audit-0031,人与岸线之间的距离如何变化？,"[{""generated_id"": ""audit-0031-g01"", ""question"": ""[Single-Choice] If the kitesurfer were to immediately make a sharp 90-degree turn to their left, what would be their new direction of travel relative to the landmarks? [Options] A) Directly towards the beach with palm trees. B) Parallel to the line of wooden posts, but moving away from the pier. C) Directly towards the large white dome. D) Towards the open sea, away from the shoreline.""}, {""generated_id"": ""audit-0031-g02"", ""question"": ""[Single-Choice] If the kitesurfer were to immediately make a sharp 90-degree turn to their left, what would be their new direction of travel relative to the landmarks? [Options] A) Directly towards the beach with palm trees. B) Parallel to the line of wooden posts, but moving away from the pier. C) Directly towards the large white dome. D) Towards the open sea, away from the shoreline.""}]",partial,audit-0031-g01,生成题以海岸和海滩为地标判断转向后的行进方向，触及岸线距离关系但没有追踪实际距离变化。,absent,audit-0031-g01,"生成题 audit-0031-g01 询问：“[Single-Choice] If the kitesurfer were to immediately make a sharp 90-degree turn to their left, what would be their new direction of travel relative to the landmarks? [Options] A) Directly towards the beach with palm trees. B) Parallel to the line of wooden posts, but moving away from the pier. C) Directly towards the large white dome. D) Towards the open sea, away from the shoreline.”；参考题询问：“人与岸线之间的距离如何变化？”。生成题的核心事实与参考题不同；同一视频、同一对象或相邻事件本身不足以构成覆盖。"
judgment-0174,audit-0031,骑手通过调整身体姿势达到什么即时目标？,"[{""generated_id"": ""audit-0031-g01"", ""question"": ""[Single-Choice] If the kitesurfer were to immediately make a sharp 90-degree turn to their left, what would be their new direction of travel relative to the landmarks? [Options] A) Directly towards the beach with palm trees. B) Parallel to the line of wooden posts, but moving away from the pier. C) Directly towards the large white dome. D) Towards the open sea, away from the shoreline.""}, {""generated_id"": ""audit-0031-g02"", ""question"": ""[Single-Choice] If the kitesurfer were to immediately make a sharp 90-degree turn to their left, what would be their new direction of travel relative to the landmarks? [Options] A) Directly towards the beach with palm trees. B) Parallel to the line of wooden posts, but moving away from the pier. C) Directly towards the large white dome. D) Towards the open sea, away from the shoreline.""}]",absent,audit-0031-g01,生成题没有身体姿势调整或其即时目标。,partial,audit-0031-g01,"生成题 audit-0031-g01 询问：“[Single-Choice] If the kitesurfer were to immediately make a sharp 90-degree turn to their left, what would be their new direction of travel relative to the landmarks? [Options] A) Directly towards the beach with palm trees. B) Parallel to the line of wooden posts, but moving away from the pier. C) Directly towards the large white dome. D) Towards the open sea, away from the shoreline.”；参考题询问：“骑手通过调整身体姿势达到什么即时目标？”。二者有明确语义重合，但生成题只覆盖参考事实的一部分，或改问了不同参照、时间点、条件或细节，不能直接回答参考题。"
judgment-0176,audit-0032,蓝队传中后球先到绿队球员还是守门员附近？,"[{""generated_id"": ""audit-0032-g01"", ""question"": ""[Fill-in-the-Blank] From the goalkeeper's point of view, the final shot on goal travels wide to his ____ side.""}, {""generated_id"": ""audit-0032-g02"", ""question"": ""[Single-Choice] If the green defender had not intercepted the high ball at 0:03, which blue player's path put them in the best position to receive it directly? [Options] A) The player wearing number 6, who was running towards the goal. B) The player who eventually took the final shot from the edge of the box. C) The player who made the initial long kick from midfield. D) The player standing furthest to the left from the camera's perspective.""}]",partial,audit-0032-g02,生成题明确高球先被绿队防守者截下，覆盖球先到绿队一方的事实，但未直接与守门员附近作二选一比较。,direct,audit-0032-g02,"生成题 audit-0032-g02 询问：“[Single-Choice] If the green defender had not intercepted the high ball at 0:03, which blue player's path put them in the best position to receive it directly? [Options] A) The player wearing number 6, who was running towards the goal. B) The player who eventually took the final shot from the edge of the box. C) The player who made the initial long kick from midfield. D) The player standing furthest to the left from the camera's perspective.”；参考题询问：“蓝队传中后球先到绿队球员还是守门员附近？”。二者都要求判断同一个核心可视事实，且需要的空间、时间或状态推理操作基本一致。"
judgment-0187,audit-0034,方向盘位于驾驶室画面的哪一侧？,"[{""generated_id"": ""audit-0034-g01"", ""question"": ""[Fill-in-the-Blank] During the pan across the dashboard, the top rim of the steering wheel temporarily occludes the view of the ________.""}, {""generated_id"": ""audit-0034-g02"", ""question"": ""[True/False] From the perspective of a person sitting in the driver's seat, the radio controls are located to the right of the steering wheel.""}]",partial,audit-0034-g02,生成题以驾驶者视角判断收音机在方向盘右侧，覆盖方向盘的舱内参照关系，但没有直接问它位于画面哪侧。,direct,audit-0034-g02,"生成题 audit-0034-g02 询问：“[True/False] From the perspective of a person sitting in the driver's seat, the radio controls are located to the right of the steering wheel.”；参考题询问：“方向盘位于驾驶室画面的哪一侧？”。二者都要求判断同一个核心可视事实，且需要的空间、时间或状态推理操作基本一致。"
judgment-0191,audit-0035,传中球到达门前后哪队球员先触球？,"[{""generated_id"": ""audit-0035-g01"", ""question"": ""[True/False] At the exact moment the second shot is taken by the player in yellow (around 0:11), the goalkeeper is positioned on the ground between the shooter and the goal line.""}, {""generated_id"": ""audit-0035-g02"", ""question"": ""[True/False] At the exact moment the final goal is scored, there are more players in white jerseys than players in yellow jerseys positioned inside the 6-yard box (the smaller rectangle).""}, {""generated_id"": ""audit-0035-g03"", ""question"": ""[Single-Choice] From the perspective of the player in yellow who initiates the attack by crossing the ball from the right, which teammate is positioned furthest to his left inside the penalty area at the moment he kicks the ball? [Options] A) The teammate who takes the first shot that is blocked. B) The teammate who is closest to the goalkeeper. C) The teammate who ultimately scores the goal. D) The teammate standing nearest to the penalty spot.""}, {""generated_id"": ""audit-0035-g04"", ""question"": ""[Single-Choice] From the perspective of the player in yellow who initiates the attack by crossing the ball from the right, which teammate is positioned furthest to his left inside the penalty area at the moment he kicks the ball? [Options] A) The teammate who takes the first shot that is blocked. B) The teammate who is closest to the goalkeeper. C) The teammate who ultimately scores the goal. D) The teammate standing nearest to the penalty spot.""}, {""generated_id"": ""audit-0035-g05"", ""question"": ""[True/False] At the exact moment the final goal is scored, there are more players in white jerseys than players in yellow jerseys positioned inside the 6-yard box (the smaller rectangle).""}, {""generated_id"": ""audit-0035-g06"", ""question"": ""[Single-Choice] From the perspective of the player in yellow who initiates the attack by crossing the ball from the right, which teammate is positioned furthest to his left inside the penalty area at the moment he kicks the ball? [Options] A) The teammate who takes the first shot that is blocked. B) The teammate who is closest to the goalkeeper. C) The teammate who ultimately scores the goal. D) The teammate standing nearest to the penalty spot.""}]",partial,audit-0035-g03,生成题追踪黄队从右路传中时队友位置及之后首射和进球者角色，但未明确传中到门前后哪队先触球。,absent,audit-0035-g03,"生成题 audit-0035-g03 询问：“[Single-Choice] From the perspective of the player in yellow who initiates the attack by crossing the ball from the right, which teammate is positioned furthest to his left inside the penalty area at the moment he kicks the ball? [Options] A) The teammate who takes the first shot that is blocked. B) The teammate who is closest to the goalkeeper. C) The teammate who ultimately scores the goal. D) The teammate standing nearest to the penalty spot.”；参考题询问：“传中球到达门前后哪队球员先触球？”。生成题的核心事实与参考题不同；同一视频、同一对象或相邻事件本身不足以构成覆盖。"
judgment-0192,audit-0035,球在门前混战中是否改变方向？,"[{""generated_id"": ""audit-0035-g01"", ""question"": ""[True/False] At the exact moment the second shot is taken by the player in yellow (around 0:11), the goalkeeper is positioned on the ground between the shooter and the goal line.""}, {""generated_id"": ""audit-0035-g02"", ""question"": ""[True/False] At the exact moment the final goal is scored, there are more players in white jerseys than players in yellow jerseys positioned inside the 6-yard box (the smaller rectangle).""}, {""generated_id"": ""audit-0035-g03"", ""question"": ""[Single-Choice] From the perspective of the player in yellow who initiates the attack by crossing the ball from the right, which teammate is positioned furthest to his left inside the penalty area at the moment he kicks the ball? [Options] A) The teammate who takes the first shot that is blocked. B) The teammate who is closest to the goalkeeper. C) The teammate who ultimately scores the goal. D) The teammate standing nearest to the penalty spot.""}, {""generated_id"": ""audit-0035-g04"", ""question"": ""[Single-Choice] From the perspective of the player in yellow who initiates the attack by crossing the ball from the right, which teammate is positioned furthest to his left inside the penalty area at the moment he kicks the ball? [Options] A) The teammate who takes the first shot that is blocked. B) The teammate who is closest to the goalkeeper. C) The teammate who ultimately scores the goal. D) The teammate standing nearest to the penalty spot.""}, {""generated_id"": ""audit-0035-g05"", ""question"": ""[True/False] At the exact moment the final goal is scored, there are more players in white jerseys than players in yellow jerseys positioned inside the 6-yard box (the smaller rectangle).""}, {""generated_id"": ""audit-0035-g06"", ""question"": ""[Single-Choice] From the perspective of the player in yellow who initiates the attack by crossing the ball from the right, which teammate is positioned furthest to his left inside the penalty area at the moment he kicks the ball? [Options] A) The teammate who takes the first shot that is blocked. B) The teammate who is closest to the goalkeeper. C) The teammate who ultimately scores the goal. D) The teammate standing nearest to the penalty spot.""}]",partial,audit-0035-g01,生成题区分第二次射门与最终进球并定位门前球员，涉及多阶段门前进攻，但没有判断球是否在混战中改变方向。,absent,audit-0035-g01,"生成题 audit-0035-g01 询问：“[True/False] At the exact moment the second shot is taken by the player in yellow (around 0:11), the goalkeeper is positioned on the ground between the shooter and the goal line.”；参考题询问：“球在门前混战中是否改变方向？”。生成题的核心事实与参考题不同；同一视频、同一对象或相邻事件本身不足以构成覆盖。"
judgment-0205,audit-0038,镜头转动时远山在画面中的相对位置如何变化？,"[{""generated_id"": ""audit-0038-g01"", ""question"": ""[Fill-in-the-Blank] As the camera pans from right to left, the amount of the large mountain peak visible to the right of the overlapping, closer mountain range gradually ____.""}, {""generated_id"": ""audit-0038-g02"", ""question"": ""[Single-Choice] Observing the person's equipment, posture, and the surrounding environment, what is their primary intended action? [Options] A) To set up a picnic in the lavender field. B) To photograph the sunrise over the mountains and lavender field. C) To plant more lavender in the empty rows. D) To study the geology of the distant mountains.""}, {""generated_id"": ""audit-0038-g03"", ""question"": ""[Single-Choice] When the camera pans to show the photographer, what is the position of the distant stone building relative to him, from the camera's viewpoint? [Options] A) The building is to the photographer's left. B) The building is to the photographer's right. C) The building is directly behind the photographer, occluded by him. D) The building is no longer in the frame.""}]",direct,audit-0038-g01,生成题直接追踪相机从右向左平移时远处大山峰在近山右侧的可见量变化，覆盖远山相对画面位置的变化。,partial,audit-0038-g01,"生成题 audit-0038-g01 询问：“[Fill-in-the-Blank] As the camera pans from right to left, the amount of the large mountain peak visible to the right of the overlapping, closer mountain range gradually ____.”；参考题询问：“镜头转动时远山在画面中的相对位置如何变化？”。二者有明确语义重合，但生成题只覆盖参考事实的一部分，或改问了不同参照、时间点、条件或细节，不能直接回答参考题。"
judgment-0220,audit-0040,讲解者移动手势的直接目标是展示哪个船内区域？,"[{""generated_id"": ""audit-0040-g01"", ""question"": ""[Single-Choice] How does the white panel that the man lifts change its configuration to open the compartment? [Options] A) It rotates 180 degrees on a central pivot. B) It lifts up as a single, solid piece on a rear hinge. C) It slides directly forward into a slot under the adjacent seat. D) It folds in half, with the outer section tucking underneath the inner section.""}, {""generated_id"": ""audit-0040-g02"", ""question"": ""[True/False] The action of lifting the panel reveals that the space directly beneath the visible floorboards is empty.""}, {""generated_id"": ""audit-0040-g03"", ""question"": ""[Fill-in-the-Blank] During the closing motion, the hinged crease of the white panel moves ______ from the man's left leg.""}]",direct,audit-0040-g02,生成题表明讲解者抬起盖板是为了展示可开启的地板下空舱，实质覆盖手势要展示的船内区域。,partial,audit-0040-g01,"生成题 audit-0040-g01 询问：“[Single-Choice] How does the white panel that the man lifts change its configuration to open the compartment? [Options] A) It rotates 180 degrees on a central pivot. B) It lifts up as a single, solid piece on a rear hinge. C) It slides directly forward into a slot under the adjacent seat. D) It folds in half, with the outer section tucking underneath the inner section.”；参考题询问：“讲解者移动手势的直接目标是展示哪个船内区域？”。二者有明确语义重合，但生成题只覆盖参考事实的一部分，或改问了不同参照、时间点、条件或细节，不能直接回答参考题。"
judgment-0226,audit-0041,冲浪者下板的直接目标是避免什么？,"[{""generated_id"": ""audit-0041-g01"", ""question"": ""[True/False] If the surfer had continued moving in a straight line from their starting position in the video, their path would have led them directly into the rocks.""}]",partial,audit-0041-g01,生成题明确直行会撞上岩石，因而触及规避岩石这一目标，但未出现下板动作或其实际动机。,direct,audit-0041-g01,"生成题 audit-0041-g01 询问：“[True/False] If the surfer had continued moving in a straight line from their starting position in the video, their path would have led them directly into the rocks.”；参考题询问：“冲浪者下板的直接目标是避免什么？”。二者都要求判断同一个核心可视事实，且需要的空间、时间或状态推理操作基本一致。"
judgment-0227,audit-0042,镜头先展示港口小船还是大型起重桥？,"[{""generated_id"": ""audit-0042-g01"", ""question"": ""[Single-Choice] Based on the visible arc of motion, what object is located behind the ride's path when it reaches its highest point on the left side of the screen? [Options] A) A tall, glass-paneled building. B) The sun. C) A parking lot full of cars. D) A small, single-story shop.""}, {""generated_id"": ""audit-0042-g02"", ""question"": ""[Multiple-Select] As the camera pans right from 0:01 to 0:04, which of these objects are at any point visually blocked by the silver pickup truck in the foreground? (Select all that apply) [Options] A) The silver scooter parked on the pier. B) The small boat with a blue hull docked at the pier. C) The large white coast guard vessel further in the harbor. D) The yellow and black striped curb of the pier.""}, {""generated_id"": ""audit-0042-g03"", ""question"": ""[Single-Choice] Based on the visible arc of motion, what object is located behind the ride's path when it reaches its highest point on the left side of the screen? [Options] A) A tall, glass-paneled building. B) The sun. C) A parking lot full of cars. D) A small, single-story shop.""}, {""generated_id"": ""audit-0042-g04"", ""question"": ""[Multiple-Select] As the camera pans right from 0:01 to 0:04, which of these objects are at any point visually blocked by the silver pickup truck in the foreground? (Select all that apply) [Options] A) The silver scooter parked on the pier. B) The small boat with a blue hull docked at the pier. C) The large white coast guard vessel further in the harbor. D) The yellow and black striped curb of the pier.""}]",partial,audit-0042-g02,生成题出现港口码头的小船并限定早段平移，却没有大型起重桥或两者展示顺序。,absent,audit-0042-g01,"生成题 audit-0042-g01 询问：“[Single-Choice] Based on the visible arc of motion, what object is located behind the ride's path when it reaches its highest point on the left side of the screen? [Options] A) A tall, glass-paneled building. B) The sun. C) A parking lot full of cars. D) A small, single-story shop.”；参考题询问：“镜头先展示港口小船还是大型起重桥？”。生成题的核心事实与参考题不同；同一视频、同一对象或相邻事件本身不足以构成覆盖。"
judgment-0233,audit-0043,鱼竿明显弯曲后鱼是否出现在岸边？,"[{""generated_id"": ""audit-0043-g01"", ""question"": ""[Fill-in-the-Blank] To track the fish as it is reeled in, the camera's perspective, which represents the person's viewpoint, tilts primarily ______.""}, {""generated_id"": ""audit-0043-g02"", ""question"": ""[Single-Choice] Observing the final moments, what is the primary mechanism that moves the fish from the water onto the sand? [Options] A) The fish is lifted clear of the water by the tension of the line. B) An incoming wave washes the fish up onto the beach. C) The person quickly walks backward, dragging the fish out. D) The fish swims onto the sand by itself.""}, {""generated_id"": ""audit-0043-g03"", ""question"": ""[Single-Choice] Based on the change in the rod's shape and the subsequent camera movement, what is the person's immediate spatial goal? [Options] A) To cast the line further out. B) To secure the rod in a holder on the beach. C) To bring an object from the water to the shore. D) To observe the distant breakwater.""}]",direct,audit-0043-g03,生成题把鱼竿形状变化后的相机运动解释为把物体从水中带到岸边，另一题明确最终鱼上沙滩，覆盖弯竿后鱼到岸。,partial,audit-0043-g03,"生成题 audit-0043-g03 询问：“[Single-Choice] Based on the change in the rod's shape and the subsequent camera movement, what is the person's immediate spatial goal? [Options] A) To cast the line further out. B) To secure the rod in a holder on the beach. C) To bring an object from the water to the shore. D) To observe the distant breakwater.”；参考题询问：“鱼竿明显弯曲后鱼是否出现在岸边？”。二者有明确语义重合，但生成题只覆盖参考事实的一部分，或改问了不同参照、时间点、条件或细节，不能直接回答参考题。"
judgment-0235,audit-0043,鱼竿弯曲方向相对海面如何变化？,"[{""generated_id"": ""audit-0043-g01"", ""question"": ""[Fill-in-the-Blank] To track the fish as it is reeled in, the camera's perspective, which represents the person's viewpoint, tilts primarily ______.""}, {""generated_id"": ""audit-0043-g02"", ""question"": ""[Single-Choice] Observing the final moments, what is the primary mechanism that moves the fish from the water onto the sand? [Options] A) The fish is lifted clear of the water by the tension of the line. B) An incoming wave washes the fish up onto the beach. C) The person quickly walks backward, dragging the fish out. D) The fish swims onto the sand by itself.""}, {""generated_id"": ""audit-0043-g03"", ""question"": ""[Single-Choice] Based on the change in the rod's shape and the subsequent camera movement, what is the person's immediate spatial goal? [Options] A) To cast the line further out. B) To secure the rod in a holder on the beach. C) To bring an object from the water to the shore. D) To observe the distant breakwater.""}]",partial,audit-0043-g03,生成题提到鱼竿形状变化和随后的镜头移动，但没有给出弯曲方向相对海面的变化。,absent,audit-0043-g01,"生成题 audit-0043-g01 询问：“[Fill-in-the-Blank] To track the fish as it is reeled in, the camera's perspective, which represents the person's viewpoint, tilts primarily ______.”；参考题询问：“鱼竿弯曲方向相对海面如何变化？”。生成题的核心事实与参考题不同；同一视频、同一对象或相邻事件本身不足以构成覆盖。"
judgment-0236,audit-0043,鱼竿弯曲后鱼何时出现在岸边？,"[{""generated_id"": ""audit-0043-g01"", ""question"": ""[Fill-in-the-Blank] To track the fish as it is reeled in, the camera's perspective, which represents the person's viewpoint, tilts primarily ______.""}, {""generated_id"": ""audit-0043-g02"", ""question"": ""[Single-Choice] Observing the final moments, what is the primary mechanism that moves the fish from the water onto the sand? [Options] A) The fish is lifted clear of the water by the tension of the line. B) An incoming wave washes the fish up onto the beach. C) The person quickly walks backward, dragging the fish out. D) The fish swims onto the sand by itself.""}, {""generated_id"": ""audit-0043-g03"", ""question"": ""[Single-Choice] Based on the change in the rod's shape and the subsequent camera movement, what is the person's immediate spatial goal? [Options] A) To cast the line further out. B) To secure the rod in a holder on the beach. C) To bring an object from the water to the shore. D) To observe the distant breakwater.""}]",direct,audit-0043-g03,生成题明确鱼竿形状改变后随即移动镜头以把水中物体带到岸边，并由另一题确认最终鱼上沙，覆盖所问时序。,partial,audit-0043-g03,"生成题 audit-0043-g03 询问：“[Single-Choice] Based on the change in the rod's shape and the subsequent camera movement, what is the person's immediate spatial goal? [Options] A) To cast the line further out. B) To secure the rod in a holder on the beach. C) To bring an object from the water to the shore. D) To observe the distant breakwater.”；参考题询问：“鱼竿弯曲后鱼何时出现在岸边？”。二者有明确语义重合，但生成题只覆盖参考事实的一部分，或改问了不同参照、时间点、条件或细节，不能直接回答参考题。"
judgment-0240,audit-0044,航站楼先位于机翼前方还是随后移到后方？,"[{""generated_id"": ""audit-0044-g01"", ""question"": ""[Single-Choice] As the viewing airplane moves, how does the perceived position of the green-and-white control tower change relative to the first large terminal building? [Options] A) It moves from being to the left of the terminal to being to the right of it. B) It moves from being to the right of the terminal to being to the left of it. C) It remains in a fixed position to the right of the terminal. D) It is initially behind the terminal and then moves in front of it.""}, {""generated_id"": ""audit-0044-g02"", ""question"": ""[Fill-in-the-Blank] Judging by the curve of the airplane's movement, if it were to continue on this trajectory, it would pass the control tower, leaving the tower on the airplane's ______ side.""}, {""generated_id"": ""audit-0044-g03"", ""question"": ""[True/False] The group of parked planes with red and yellow tails, seen at the beginning of the video, is completely occluded by the engine and the plane's movement and does not reappear later in the video.""}]",absent,audit-0044-g01,生成题比较控制塔与航站楼，而非航站楼相对机翼从前到后的变化。,partial,audit-0044-g01,"生成题 audit-0044-g01 询问：“[Single-Choice] As the viewing airplane moves, how does the perceived position of the green-and-white control tower change relative to the first large terminal building? [Options] A) It moves from being to the left of the terminal to being to the right of it. B) It moves from being to the right of the terminal to being to the left of it. C) It remains in a fixed position to the right of the terminal. D) It is initially behind the terminal and then moves in front of it.”；参考题询问：“航站楼先位于机翼前方还是随后移到后方？”。二者有明确语义重合，但生成题只覆盖参考事实的一部分，或改问了不同参照、时间点、条件或细节，不能直接回答参考题。"
judgment-0241,audit-0044,飞机起飞后地面停机坪在画面中如何移动？,"[{""generated_id"": ""audit-0044-g01"", ""question"": ""[Single-Choice] As the viewing airplane moves, how does the perceived position of the green-and-white control tower change relative to the first large terminal building? [Options] A) It moves from being to the left of the terminal to being to the right of it. B) It moves from being to the right of the terminal to being to the left of it. C) It remains in a fixed position to the right of the terminal. D) It is initially behind the terminal and then moves in front of it.""}, {""generated_id"": ""audit-0044-g02"", ""question"": ""[Fill-in-the-Blank] Judging by the curve of the airplane's movement, if it were to continue on this trajectory, it would pass the control tower, leaving the tower on the airplane's ______ side.""}, {""generated_id"": ""audit-0044-g03"", ""question"": ""[True/False] The group of parked planes with red and yellow tails, seen at the beginning of the video, is completely occluded by the engine and the plane's movement and does not reappear later in the video.""}]",partial,audit-0044-g03,生成题追踪起初停放的飞机群被发动机和飞机运动遮住且不再出现，涉及停机坪背景的画面变化但没有给出其移动方向。,absent,audit-0044-g01,"生成题 audit-0044-g01 询问：“[Single-Choice] As the viewing airplane moves, how does the perceived position of the green-and-white control tower change relative to the first large terminal building? [Options] A) It moves from being to the left of the terminal to being to the right of it. B) It moves from being to the right of the terminal to being to the left of it. C) It remains in a fixed position to the right of the terminal. D) It is initially behind the terminal and then moves in front of it.”；参考题询问：“飞机起飞后地面停机坪在画面中如何移动？”。生成题的核心事实与参考题不同；同一视频、同一对象或相邻事件本身不足以构成覆盖。"
judgment-0243,audit-0044,飞机经过航站楼上空时是否已经离地？,"[{""generated_id"": ""audit-0044-g01"", ""question"": ""[Single-Choice] As the viewing airplane moves, how does the perceived position of the green-and-white control tower change relative to the first large terminal building? [Options] A) It moves from being to the left of the terminal to being to the right of it. B) It moves from being to the right of the terminal to being to the left of it. C) It remains in a fixed position to the right of the terminal. D) It is initially behind the terminal and then moves in front of it.""}, {""generated_id"": ""audit-0044-g02"", ""question"": ""[Fill-in-the-Blank] Judging by the curve of the airplane's movement, if it were to continue on this trajectory, it would pass the control tower, leaving the tower on the airplane's ______ side.""}, {""generated_id"": ""audit-0044-g03"", ""question"": ""[True/False] The group of parked planes with red and yellow tails, seen at the beginning of the video, is completely occluded by the engine and the plane's movement and does not reappear later in the video.""}]",partial,audit-0044-g01,生成题说明观察飞机正在相对航站楼和控制塔移动，但没有判断经过航站楼上空时是否已经离地。,absent,audit-0044-g01,"生成题 audit-0044-g01 询问：“[Single-Choice] As the viewing airplane moves, how does the perceived position of the green-and-white control tower change relative to the first large terminal building? [Options] A) It moves from being to the left of the terminal to being to the right of it. B) It moves from being to the right of the terminal to being to the left of it. C) It remains in a fixed position to the right of the terminal. D) It is initially behind the terminal and then moves in front of it.”；参考题询问：“飞机经过航站楼上空时是否已经离地？”。生成题的核心事实与参考题不同；同一视频、同一对象或相邻事件本身不足以构成覆盖。"
judgment-0244,audit-0045,男子打开旧车车门是在走近车辆之前还是之后？,"[{""generated_id"": ""audit-0045-g01"", ""question"": ""[Single-Choice] When the driver's side door is fully opened, which background object becomes partially occluded by the door from the camera's perspective? [Options] A) The leafless bush on the right. B) The orange truck. C) The fence post in the far distance. D) The other old car visible at the start.""}, {""generated_id"": ""audit-0045-g02"", ""question"": ""[True/False] From the perspective of the man wearing the cap, the man in the blue shirt moves from his right side to his left side as he approaches and opens the car door.""}]",direct,audit-0045-g02,生成题明确蓝衣男子先靠近旧车并打开车门，直接覆盖开门发生在走近车辆之后。,partial,audit-0045-g02,"生成题 audit-0045-g02 询问：“[True/False] From the perspective of the man wearing the cap, the man in the blue shirt moves from his right side to his left side as he approaches and opens the car door.”；参考题询问：“男子打开旧车车门是在走近车辆之前还是之后？”。二者有明确语义重合，但生成题只覆盖参考事实的一部分，或改问了不同参照、时间点、条件或细节，不能直接回答参考题。"
judgment-0246,audit-0045,两人主要查看车辆的侧面还是尾部？,"[{""generated_id"": ""audit-0045-g01"", ""question"": ""[Single-Choice] When the driver's side door is fully opened, which background object becomes partially occluded by the door from the camera's perspective? [Options] A) The leafless bush on the right. B) The orange truck. C) The fence post in the far distance. D) The other old car visible at the start.""}, {""generated_id"": ""audit-0045-g02"", ""question"": ""[True/False] From the perspective of the man wearing the cap, the man in the blue shirt moves from his right side to his left side as he approaches and opens the car door.""}]",partial,audit-0045-g01,生成题聚焦驾驶侧车门并定位两人靠近车侧，相关于查看车辆侧面，但没有与尾部作直接比较。,absent,audit-0045-g01,"生成题 audit-0045-g01 询问：“[Single-Choice] When the driver's side door is fully opened, which background object becomes partially occluded by the door from the camera's perspective? [Options] A) The leafless bush on the right. B) The orange truck. C) The fence post in the far distance. D) The other old car visible at the start.”；参考题询问：“两人主要查看车辆的侧面还是尾部？”。生成题的核心事实与参考题不同；同一视频、同一对象或相邻事件本身不足以构成覆盖。"
judgment-0257,audit-0047,操作者把工具接触旋转木杆的直接目标是什么？,"[{""generated_id"": ""audit-0047-g01"", ""question"": ""[Fill-in-the-Blank] In the final arrangement on the pink surface, the reddish-brown cylinder is positioned ______ the dark cylinder, relative to the camera's viewpoint.""}, {""generated_id"": ""audit-0047-g02"", ""question"": ""[True/False] The process shown in the first part of the video makes the surface of the dark wooden cylinder more reflective.""}]",direct,audit-0047-g02,生成题把加工过程与提高木柱表面反光性直接关联，实质覆盖工具接触旋转木杆的表面处理目标。,partial,audit-0047-g02,生成题 audit-0047-g02 询问：“[True/False] The process shown in the first part of the video makes the surface of the dark wooden cylinder more reflective.”；参考题询问：“操作者把工具接触旋转木杆的直接目标是什么？”。二者有明确语义重合，但生成题只覆盖参考事实的一部分，或改问了不同参照、时间点、条件或细节，不能直接回答参考题。
judgment-0258,audit-0047,加工后的木杆与旁边未加工木杆形状相同吗？,"[{""generated_id"": ""audit-0047-g01"", ""question"": ""[Fill-in-the-Blank] In the final arrangement on the pink surface, the reddish-brown cylinder is positioned ______ the dark cylinder, relative to the camera's viewpoint.""}, {""generated_id"": ""audit-0047-g02"", ""question"": ""[True/False] The process shown in the first part of the video makes the surface of the dark wooden cylinder more reflective.""}]",absent,audit-0047-g01,生成题虽出现加工后的深浅两根圆柱，却只问它们最终相对位置，没有比较形状是否相同。,partial,audit-0047-g01,"生成题 audit-0047-g01 询问：“[Fill-in-the-Blank] In the final arrangement on the pink surface, the reddish-brown cylinder is positioned ______ the dark cylinder, relative to the camera's viewpoint.”；参考题询问：“加工后的木杆与旁边未加工木杆形状相同吗？”。二者有明确语义重合，但生成题只覆盖参考事实的一部分，或改问了不同参照、时间点、条件或细节，不能直接回答参考题。"
judgment-0259,audit-0048,输电塔相对城市建筑位于前景还是远景？,"[{""generated_id"": ""audit-0048-g01"", ""question"": ""[Single-Choice] At the beginning of the video (0:02), a prominent tall white building is visible to the left of the large electrical pylon. By the time the main rightward pan concludes (0:20), what is the new spatial relationship between them? [Options] A) The pylon is now to the left of the white building. B) The pylon is directly occluding the white building. C) The white building is no longer visible in the frame. D) The pylon remains to the right of the white building.""}]",partial,audit-0048-g01,生成题持续比较输电塔和高层白楼的空间关系，但只问左右及可见性，不判断谁在前景或远景。,absent,audit-0048-g01,"生成题 audit-0048-g01 询问：“[Single-Choice] At the beginning of the video (0:02), a prominent tall white building is visible to the left of the large electrical pylon. By the time the main rightward pan concludes (0:20), what is the new spatial relationship between them? [Options] A) The pylon is now to the left of the white building. B) The pylon is directly occluding the white building. C) The white building is no longer visible in the frame. D) The pylon remains to the right of the white building.”；参考题询问：“输电塔相对城市建筑位于前景还是远景？”。生成题的核心事实与参考题不同；同一视频、同一对象或相邻事件本身不足以构成覆盖。"
judgment-0262,audit-0048,镜头平移时输电塔何时进入画面中央？,"[{""generated_id"": ""audit-0048-g01"", ""question"": ""[Single-Choice] At the beginning of the video (0:02), a prominent tall white building is visible to the left of the large electrical pylon. By the time the main rightward pan concludes (0:20), what is the new spatial relationship between them? [Options] A) The pylon is now to the left of the white building. B) The pylon is directly occluding the white building. C) The white building is no longer visible in the frame. D) The pylon remains to the right of the white building.""}]",absent,audit-0048-g01,生成题只比较平移开始和结束时塔与楼的位置，没有输电塔进入画面中央的时刻。,partial,audit-0048-g01,"生成题 audit-0048-g01 询问：“[Single-Choice] At the beginning of the video (0:02), a prominent tall white building is visible to the left of the large electrical pylon. By the time the main rightward pan concludes (0:20), what is the new spatial relationship between them? [Options] A) The pylon is now to the left of the white building. B) The pylon is directly occluding the white building. C) The white building is no longer visible in the frame. D) The pylon remains to the right of the white building.”；参考题询问：“镜头平移时输电塔何时进入画面中央？”。二者有明确语义重合，但生成题只覆盖参考事实的一部分，或改问了不同参照、时间点、条件或细节，不能直接回答参考题。"
judgment-0266,audit-0049,折叠机构位于后轮的哪一侧？,"[{""generated_id"": ""audit-0049-g01"", ""question"": ""[Fill-in-the-Blank] To transition the wheel from a locked to an unlocked state, the man must pivot the three red levers ______ from the face of the wheel's hub.""}]",partial,audit-0049-g01,生成题定位三个红色拨杆在轮毂正面并描述其转动方向，但没有说明折叠机构位于后轮哪一侧。,absent,audit-0049-g01,"生成题 audit-0049-g01 询问：“[Fill-in-the-Blank] To transition the wheel from a locked to an unlocked state, the man must pivot the three red levers ______ from the face of the wheel's hub.”；参考题询问：“折叠机构位于后轮的哪一侧？”。生成题的核心事实与参考题不同；同一视频、同一对象或相邻事件本身不足以构成覆盖。"
judgment-0271,audit-0050,后货架与后轮在垂直方向上是什么关系？,"[{""generated_id"": ""audit-0050-g01"", ""question"": ""[Fill-in-the-Blank] The camera's path of motion relative to the bicycle is best described as an arc moving from the bike's right side, around its ______, to its left side.""}, {""generated_id"": ""audit-0050-g02"", ""question"": ""[Single-Choice] Based on the person's initial hand placement firmly on the seat post, what is the most likely immediate action they are preparing to perform? [Options] A) Adjust the height of the seat. B) Engage the rear brake. C) Turn the pedals. D) Activate the electronic display on the handlebars.""}, {""generated_id"": ""audit-0050-g03"", ""question"": ""[Single-Choice] As the camera moves from its starting position to its final position, what is the most significant change in the apparent spatial relationship between the handlebars and the rear cargo rack from the camera's perspective? [Options] A) The handlebars move from being above the rack to being below it. B) The handlebars, initially to the left of the rack, end up to the right of the rack. C) The distance between the handlebars and the rack visually remains constant. D) The handlebars and rack switch from being aligned diagonally to being aligned vertically.""}]",absent,audit-0050-g03,生成题比较车把和后货架的视位置，没有后货架与后轮的垂直关系。,partial,audit-0050-g03,"生成题 audit-0050-g03 询问：“[Single-Choice] As the camera moves from its starting position to its final position, what is the most significant change in the apparent spatial relationship between the handlebars and the rear cargo rack from the camera's perspective? [Options] A) The handlebars move from being above the rack to being below it. B) The handlebars, initially to the left of the rack, end up to the right of the rack. C) The distance between the handlebars and the rack visually remains constant. D) The handlebars and rack switch from being aligned diagonally to being aligned vertically.”；参考题询问：“后货架与后轮在垂直方向上是什么关系？”。二者有明确语义重合，但生成题只覆盖参考事实的一部分，或改问了不同参照、时间点、条件或细节，不能直接回答参考题。"
judgment-0272,audit-0050,镜头环绕后摩托车的左右朝向如何变化？,"[{""generated_id"": ""audit-0050-g01"", ""question"": ""[Fill-in-the-Blank] The camera's path of motion relative to the bicycle is best described as an arc moving from the bike's right side, around its ______, to its left side.""}, {""generated_id"": ""audit-0050-g02"", ""question"": ""[Single-Choice] Based on the person's initial hand placement firmly on the seat post, what is the most likely immediate action they are preparing to perform? [Options] A) Adjust the height of the seat. B) Engage the rear brake. C) Turn the pedals. D) Activate the electronic display on the handlebars.""}, {""generated_id"": ""audit-0050-g03"", ""question"": ""[Single-Choice] As the camera moves from its starting position to its final position, what is the most significant change in the apparent spatial relationship between the handlebars and the rear cargo rack from the camera's perspective? [Options] A) The handlebars move from being above the rack to being below it. B) The handlebars, initially to the left of the rack, end up to the right of the rack. C) The distance between the handlebars and the rack visually remains constant. D) The handlebars and rack switch from being aligned diagonally to being aligned vertically.""}]",partial,audit-0050-g01,生成题直接描述相机从车右侧沿弧线绕到左侧，覆盖视角导致的左右朝向变化，但没有直接表述车身朝向如何改变。,direct,audit-0050-g01,"生成题 audit-0050-g01 询问：“[Fill-in-the-Blank] The camera's path of motion relative to the bicycle is best described as an arc moving from the bike's right side, around its ______, to its left side.”；参考题询问：“镜头环绕后摩托车的左右朝向如何变化？”。二者都要求判断同一个核心可视事实，且需要的空间、时间或状态推理操作基本一致。"
judgment-0276,audit-0051,他先整理鞋带还是先站起来？,"[{""generated_id"": ""audit-0051-g01"", ""question"": ""[Multiple-Select] As the boy stands up and begins to move, which of these statements correctly describe the changing spatial properties of the collection of shoes in his arms? (Select all that apply)\n[Options]\nA) The shoes lock together to form a stable, rigid structure.\nB) The entire pile of shoes visibly wobbles and sways as he moves.\nC) Individual shoes can be seen shifting their positions and angles relative to each other within the pile.\nD) The overall size of the pile shrinks as the shoes are compressed together.""}, {""generated_id"": ""audit-0051-g02"", ""question"": ""[Fill-in-the-Blank] After gathering the shoes and standing up, the boy rotates his body to his ______ to face the stainless steel refrigerator.""}, {""generated_id"": ""audit-0051-g03"", ""question"": ""[Single-Choice] Based on the boy's struggle to hold the loose pile of shoes as he stands and turns, what is the most immediate and likely spatial event to occur if he tries to walk further? \n[Options]\nA) The shoes will arrange themselves more neatly in his arms.\nB) He will successfully carry all the shoes to his destination without issue.\nC) At least one shoe will fall from his arms onto the floor.\nD) The shoes will fuse into a single, easy-to-carry object.""}, {""generated_id"": ""audit-0051-g04"", ""question"": ""[True/False] At the moment the boy is fully standing upright but before he takes a step forward, the black sneaker with bright red laces is held at a higher elevation than the blue and white striped flip-flop.""}]",partial,audit-0051-g01,生成题涉及收拢一堆鞋并站起的过程，但没有整理鞋带动作或与站立的先后。,absent,audit-0051-g01,"生成题 audit-0051-g01 询问：“[Multiple-Select] As the boy stands up and begins to move, which of these statements correctly describe the changing spatial properties of the collection of shoes in his arms? (Select all that apply) [Options] A) The shoes lock together to form a stable, rigid structure. B) The entire pile of shoes visibly wobbles and sways as he moves. C) Individual shoes can be seen shifting their positions and angles relative to each other within the pile. D) The overall size of the pile shrinks as the shoes are compressed together.”；参考题询问：“他先整理鞋带还是先站起来？”。生成题的核心事实与参考题不同；同一视频、同一对象或相邻事件本身不足以构成覆盖。"
judgment-0278,audit-0051,男子抱起设备发生在蹲下之后吗？,"[{""generated_id"": ""audit-0051-g01"", ""question"": ""[Multiple-Select] As the boy stands up and begins to move, which of these statements correctly describe the changing spatial properties of the collection of shoes in his arms? (Select all that apply)\n[Options]\nA) The shoes lock together to form a stable, rigid structure.\nB) The entire pile of shoes visibly wobbles and sways as he moves.\nC) Individual shoes can be seen shifting their positions and angles relative to each other within the pile.\nD) The overall size of the pile shrinks as the shoes are compressed together.""}, {""generated_id"": ""audit-0051-g02"", ""question"": ""[Fill-in-the-Blank] After gathering the shoes and standing up, the boy rotates his body to his ______ to face the stainless steel refrigerator.""}, {""generated_id"": ""audit-0051-g03"", ""question"": ""[Single-Choice] Based on the boy's struggle to hold the loose pile of shoes as he stands and turns, what is the most immediate and likely spatial event to occur if he tries to walk further? \n[Options]\nA) The shoes will arrange themselves more neatly in his arms.\nB) He will successfully carry all the shoes to his destination without issue.\nC) At least one shoe will fall from his arms onto the floor.\nD) The shoes will fuse into a single, easy-to-carry object.""}, {""generated_id"": ""audit-0051-g04"", ""question"": ""[True/False] At the moment the boy is fully standing upright but before he takes a step forward, the black sneaker with bright red laces is held at a higher elevation than the blue and white striped flip-flop.""}]",partial,audit-0051-g01,生成题描述收拢鞋子后站起，可能对应蹲下后的抱起过程，但参考中的设备实体与生成题鞋堆不一致。,absent,audit-0051-g01,"生成题 audit-0051-g01 询问：“[Multiple-Select] As the boy stands up and begins to move, which of these statements correctly describe the changing spatial properties of the collection of shoes in his arms? (Select all that apply) [Options] A) The shoes lock together to form a stable, rigid structure. B) The entire pile of shoes visibly wobbles and sways as he moves. C) Individual shoes can be seen shifting their positions and angles relative to each other within the pile. D) The overall size of the pile shrinks as the shoes are compressed together.”；参考题询问：“男子抱起设备发生在蹲下之后吗？”。生成题的核心事实与参考题不同；同一视频、同一对象或相邻事件本身不足以构成覆盖。"
judgment-0280,audit-0051,男子抱着设备走向厨房哪个方向？,"[{""generated_id"": ""audit-0051-g01"", ""question"": ""[Multiple-Select] As the boy stands up and begins to move, which of these statements correctly describe the changing spatial properties of the collection of shoes in his arms? (Select all that apply)\n[Options]\nA) The shoes lock together to form a stable, rigid structure.\nB) The entire pile of shoes visibly wobbles and sways as he moves.\nC) Individual shoes can be seen shifting their positions and angles relative to each other within the pile.\nD) The overall size of the pile shrinks as the shoes are compressed together.""}, {""generated_id"": ""audit-0051-g02"", ""question"": ""[Fill-in-the-Blank] After gathering the shoes and standing up, the boy rotates his body to his ______ to face the stainless steel refrigerator.""}, {""generated_id"": ""audit-0051-g03"", ""question"": ""[Single-Choice] Based on the boy's struggle to hold the loose pile of shoes as he stands and turns, what is the most immediate and likely spatial event to occur if he tries to walk further? \n[Options]\nA) The shoes will arrange themselves more neatly in his arms.\nB) He will successfully carry all the shoes to his destination without issue.\nC) At least one shoe will fall from his arms onto the floor.\nD) The shoes will fuse into a single, easy-to-carry object.""}, {""generated_id"": ""audit-0051-g04"", ""question"": ""[True/False] At the moment the boy is fully standing upright but before he takes a step forward, the black sneaker with bright red laces is held at a higher elevation than the blue and white striped flip-flop.""}]",partial,audit-0051-g02,生成题给出抱鞋者起身后转向厨房冰箱的方向，但参考要求抱着设备且没有明确把转身等同于行走。,absent,audit-0051-g02,"生成题 audit-0051-g02 询问：“[Fill-in-the-Blank] After gathering the shoes and standing up, the boy rotates his body to his ______ to face the stainless steel refrigerator.”；参考题询问：“男子抱着设备走向厨房哪个方向？”。生成题的核心事实与参考题不同；同一视频、同一对象或相邻事件本身不足以构成覆盖。"
judgment-0285,audit-0053,镜头先展示空海滩还是先展示男子面部？,"[{""generated_id"": ""audit-0053-g01"", ""question"": ""[Single-Choice] When the man appears and looks toward the camera, from his point of view, the distant hills are located in which direction? [Options] A) To his right. B) To his left. C) Directly behind him. D) In front of him, across the water.""}]",partial,audit-0053-g01,生成题明确男子出现并看向相机的时刻及远处海景方位，但没有比较空海滩与面部谁先被展示。,absent,audit-0053-g01,"生成题 audit-0053-g01 询问：“[Single-Choice] When the man appears and looks toward the camera, from his point of view, the distant hills are located in which direction? [Options] A) To his right. B) To his left. C) Directly behind him. D) In front of him, across the water.”；参考题询问：“镜头先展示空海滩还是先展示男子面部？”。生成题的核心事实与参考题不同；同一视频、同一对象或相邻事件本身不足以构成覆盖。"
judgment-0288,audit-0053,镜头先展示海岸还是先展示男子面部？,"[{""generated_id"": ""audit-0053-g01"", ""question"": ""[Single-Choice] When the man appears and looks toward the camera, from his point of view, the distant hills are located in which direction? [Options] A) To his right. B) To his left. C) Directly behind him. D) In front of him, across the water.""}]",partial,audit-0053-g01,生成题同时涉及男子面部出现与隔水远山海岸环境，但未建立海岸和面部的镜头顺序。,absent,audit-0053-g01,"生成题 audit-0053-g01 询问：“[Single-Choice] When the man appears and looks toward the camera, from his point of view, the distant hills are located in which direction? [Options] A) To his right. B) To his left. C) Directly behind him. D) In front of him, across the water.”；参考题询问：“镜头先展示海岸还是先展示男子面部？”。生成题的核心事实与参考题不同；同一视频、同一对象或相邻事件本身不足以构成覆盖。"
judgment-0289,audit-0053,男子转头时由面向相机变为面向哪里？,"[{""generated_id"": ""audit-0053-g01"", ""question"": ""[Single-Choice] When the man appears and looks toward the camera, from his point of view, the distant hills are located in which direction? [Options] A) To his right. B) To his left. C) Directly behind him. D) In front of him, across the water.""}]",partial,audit-0053-g01,生成题只给出男子看向相机时远山和海水相对他的方向，没有追踪转头后改为面向哪里。,absent,audit-0053-g01,"生成题 audit-0053-g01 询问：“[Single-Choice] When the man appears and looks toward the camera, from his point of view, the distant hills are located in which direction? [Options] A) To his right. B) To his left. C) Directly behind him. D) In front of him, across the water.”；参考题询问：“男子转头时由面向相机变为面向哪里？”。生成题的核心事实与参考题不同；同一视频、同一对象或相邻事件本身不足以构成覆盖。"
judgment-0294,audit-0054,男子先取下悬挂物还是先走向室外？,"[{""generated_id"": ""audit-0054-g01"", ""question"": ""[True/False] The two ducks the man carries out of the building are the same two he initially takes from the second and third positions from the left on the top rack.""}, {""generated_id"": ""audit-0054-g02"", ""question"": ""[True/False] The two ducks the man carries out of the building are the same two he initially takes from the second and third positions from the left on the top rack.""}, {""generated_id"": ""audit-0054-g03"", ""question"": ""[True/False] The two ducks the man carries out of the building are the same two he initially takes from the second and third positions from the left on the top rack.""}]",direct,audit-0054-g01,生成题明确先从室内顶架取下两只鸟，随后将它们带出建筑，直接覆盖先取下后走向室外。,partial,audit-0054-g01,生成题 audit-0054-g01 询问：“[True/False] The two ducks the man carries out of the building are the same two he initially takes from the second and third positions from the left on the top rack.”；参考题询问：“男子先取下悬挂物还是先走向室外？”。二者有明确语义重合，但生成题只覆盖参考事实的一部分，或改问了不同参照、时间点、条件或细节，不能直接回答参考题。
judgment-0297,audit-0055,白色汽车绕场地行驶时方向如何持续变化？,"[{""generated_id"": ""audit-0055-g01"", ""question"": ""[True/False] From the camera's viewpoint, the white SUV parked in the background remains consistently to the left of the small black car parked next to it throughout the video.""}, {""generated_id"": ""audit-0055-g02"", ""question"": ""[Fill-in-the-Blank] During the camera's movement, the three cars parked in the background are temporarily hidden. The last of these three cars to disappear completely behind the white car is the ______.""}, {""generated_id"": ""audit-0055-g03"", ""question"": ""[True/False] From the camera's viewpoint, the white SUV parked in the background remains consistently to the left of the small black car parked next to it throughout the video.""}, {""generated_id"": ""audit-0055-g04"", ""question"": ""[Fill-in-the-Blank] During the camera's movement, the three cars parked in the background are temporarily hidden. The last of these three cars to disappear completely behind the white car is the ______.""}]",partial,audit-0055-g02,生成题借背景车辆依次被白车遮挡来追踪相对运动，但没有描述白车绕场地时行驶方向持续如何改变。,absent,audit-0055-g01,"生成题 audit-0055-g01 询问：“[True/False] From the camera's viewpoint, the white SUV parked in the background remains consistently to the left of the small black car parked next to it throughout the video.”；参考题询问：“白色汽车绕场地行驶时方向如何持续变化？”。生成题的核心事实与参考题不同；同一视频、同一对象或相邻事件本身不足以构成覆盖。"
judgment-0308,audit-0057,红色越野车相对两侧车辆处于什么位置？,"[{""generated_id"": ""audit-0057-g01"", ""question"": ""[Single-Choice] When the hand first enters the frame, which specific area of the red vehicle is it gesturing towards? \n[Options]\nA) The spare tire\nB) The rear taillight\nC) The driver-side rear window\nD) The roof""}, {""generated_id"": ""audit-0057-g02"", ""question"": ""[Single-Choice] Throughout the entire video, which vehicle is consistently parked directly to the left of the red Jeep from an overhead, map-like perspective? [Options] A) The blue Jeep. B) The black Jeep. C) The silver Jeep. D) No vehicle is parked directly to its left.""}]",partial,audit-0057-g02,生成题直接询问哪辆车始终停在红色越野车左侧，覆盖一侧邻车关系，但没有同时给出红车相对两侧车辆的完整位置。,direct,audit-0057-g02,"生成题 audit-0057-g02 询问：“[Single-Choice] Throughout the entire video, which vehicle is consistently parked directly to the left of the red Jeep from an overhead, map-like perspective? [Options] A) The blue Jeep. B) The black Jeep. C) The silver Jeep. D) No vehicle is parked directly to its left.”；参考题询问：“红色越野车相对两侧车辆处于什么位置？”。二者都要求判断同一个核心可视事实，且需要的空间、时间或状态推理操作基本一致。"
judgment-0315,audit-0058,飞行器最终朝场地哪一侧飞离？,"[{""generated_id"": ""audit-0058-g01"", ""question"": ""[Single-Choice] During the final seconds of the video, as the camera pans to follow the drone's flight, what is the apparent motion of the van from the camera's perspective? [Options] A) It moves toward the right side of the frame. B) It moves toward the left side of the frame. C) It remains in a fixed position within the frame. D) It gets smaller but does not move horizontally.""}]",partial,audit-0058-g01,生成题通过背景面包车的反向视运动反映相机跟随无人机的平移方向，可关联无人机飞离侧，但没有直接给出场地哪侧。,absent,audit-0058-g01,"生成题 audit-0058-g01 询问：“[Single-Choice] During the final seconds of the video, as the camera pans to follow the drone's flight, what is the apparent motion of the van from the camera's perspective? [Options] A) It moves toward the right side of the frame. B) It moves toward the left side of the frame. C) It remains in a fixed position within the frame. D) It gets smaller but does not move horizontally.”；参考题询问：“飞行器最终朝场地哪一侧飞离？”。生成题的核心事实与参考题不同；同一视频、同一对象或相邻事件本身不足以构成覆盖。"
judgment-0320,audit-0059,冲浪者消失在浪后发生在最后一次转向之前还是之后？,"[{""generated_id"": ""audit-0059-g01"", ""question"": ""[Single-Choice] Between 00:09 and 00:11, the surfer performs a maneuver that directs them back toward the breaking part of the wave. What is the primary spatial purpose of this action? [Options] A) To deliberately stop and end the ride on the whitewater. B) To position the board back into the wave's main source of power. C) To move into a position to jump over the wave. D) To avoid a collision with the yellow buoy.""}]",partial,audit-0059-g01,生成题定位末段转回破浪区的动作，但没有描述冲浪者消失在浪后或比较二者先后。,absent,audit-0059-g01,"生成题 audit-0059-g01 询问：“[Single-Choice] Between 00:09 and 00:11, the surfer performs a maneuver that directs them back toward the breaking part of the wave. What is the primary spatial purpose of this action? [Options] A) To deliberately stop and end the ride on the whitewater. B) To position the board back into the wave's main source of power. C) To move into a position to jump over the wave. D) To avoid a collision with the yellow buoy.”；参考题询问：“冲浪者消失在浪后发生在最后一次转向之前还是之后？”。生成题的核心事实与参考题不同；同一视频、同一对象或相邻事件本身不足以构成覆盖。"
judgment-0325,audit-0060,人群是否在车辆靠近时让出行驶空间？,"[{""generated_id"": ""audit-0060-g01"", ""question"": ""[Single-Choice] At the beginning of the video, the person on the right points their finger. What is the most likely target of their gesture, based on their line of sight and the direction they are pointing? [Options] A) The group of people standing to their right. B) The row of cars far in the distance directly ahead. C) The red food truck on the far left. D) The orange cone on the ground.""}, {""generated_id"": ""audit-0060-g02"", ""question"": ""[True/False] The front of the moving black car is first occluded by the person in the black shirt and shorts before it is occluded by the person in the grey shirt.""}, {""generated_id"": ""audit-0060-g03"", ""question"": ""[Single-Choice] At the beginning of the video, the person on the right points their finger. What is the most likely target of their gesture, based on their line of sight and the direction they are pointing? [Options] A) The group of people standing to their right. B) The row of cars far in the distance directly ahead. C) The red food truck on the far left. D) The orange cone on the ground.""}, {""generated_id"": ""audit-0060-g04"", ""question"": ""[True/False] The front of the moving black car is first occluded by the person in the black shirt and shorts before it is occluded by the person in the grey shirt.""}]",absent,audit-0060-g02,生成题没有人群为靠近车辆让出行驶空间的动作。,partial,audit-0060-g02,生成题 audit-0060-g02 询问：“[True/False] The front of the moving black car is first occluded by the person in the black shirt and shorts before it is occluded by the person in the grey shirt.”；参考题询问：“人群是否在车辆靠近时让出行驶空间？”。二者有明确语义重合，但生成题只覆盖参考事实的一部分，或改问了不同参照、时间点、条件或细节，不能直接回答参考题。
judgment-0328,audit-0060,人群在车辆靠近前是否向两侧让开？,"[{""generated_id"": ""audit-0060-g01"", ""question"": ""[Single-Choice] At the beginning of the video, the person on the right points their finger. What is the most likely target of their gesture, based on their line of sight and the direction they are pointing? [Options] A) The group of people standing to their right. B) The row of cars far in the distance directly ahead. C) The red food truck on the far left. D) The orange cone on the ground.""}, {""generated_id"": ""audit-0060-g02"", ""question"": ""[True/False] The front of the moving black car is first occluded by the person in the black shirt and shorts before it is occluded by the person in the grey shirt.""}, {""generated_id"": ""audit-0060-g03"", ""question"": ""[Single-Choice] At the beginning of the video, the person on the right points their finger. What is the most likely target of their gesture, based on their line of sight and the direction they are pointing? [Options] A) The group of people standing to their right. B) The row of cars far in the distance directly ahead. C) The red food truck on the far left. D) The orange cone on the ground.""}, {""generated_id"": ""audit-0060-g04"", ""question"": ""[True/False] The front of the moving black car is first occluded by the person in the black shirt and shorts before it is occluded by the person in the grey shirt.""}]",absent,audit-0060-g02,生成题没有人群在车辆靠近前向两侧让开的事件。,partial,audit-0060-g02,生成题 audit-0060-g02 询问：“[True/False] The front of the moving black car is first occluded by the person in the black shirt and shorts before it is occluded by the person in the grey shirt.”；参考题询问：“人群在车辆靠近前是否向两侧让开？”。二者有明确语义重合，但生成题只覆盖参考事实的一部分，或改问了不同参照、时间点、条件或细节，不能直接回答参考题。
judgment-0330,audit-0061,骑象者沿道路行进时主要面向哪个方向？,"[{""generated_id"": ""audit-0061-g01"", ""question"": ""[Single-Choice] At the 13-second mark, the elephant is walking on the paved road. If it were to make an immediate 90-degree turn to its left, what object would be directly in its path?\n[Options]\nA) The white building with the metal roof.\nB) The large tree with dense leaves.\nC) A different elephant in an enclosure.\nD) The modern wooden tower.""}]",partial,audit-0061-g01,生成题基于十三秒处大象沿铺装路的朝向推断左转后的路径，覆盖行进方向但没有直接判断骑象者面向哪里。,absent,audit-0061-g01,"生成题 audit-0061-g01 询问：“[Single-Choice] At the 13-second mark, the elephant is walking on the paved road. If it were to make an immediate 90-degree turn to its left, what object would be directly in its path? [Options] A) The white building with the metal roof. B) The large tree with dense leaves. C) A different elephant in an enclosure. D) The modern wooden tower.”；参考题询问：“骑象者沿道路行进时主要面向哪个方向？”。生成题的核心事实与参考题不同；同一视频、同一对象或相邻事件本身不足以构成覆盖。"
judgment-0336,audit-0062,镜头先扫过海边果岭还是先出现自拍者？,"[{""generated_id"": ""audit-0062-g01"", ""question"": ""[True/False] Based on the final reveal, the person was standing to the left of the prominent tree (from the camera's initial point of view) throughout the entire video.""}, {""generated_id"": ""audit-0062-g02"", ""question"": ""[Single-Choice] The camera's movement—panning across the landscape and then quickly turning to the person—is structured to achieve what spatial effect? [Options] A) To show that the person is walking from the tree towards the camera. B) To survey the entire length of the coastline from one end to the other. C) To create a surprise reveal, positioning the person as the observer of the scene just presented. D) To hide the location of the ocean relative to the person.""}]",direct,audit-0062-g02,生成题明确相机先横扫景观再迅速转向人物作惊喜揭示，直接覆盖先展示海边果岭后出现自拍者的顺序。,partial,audit-0062-g02,"生成题 audit-0062-g02 询问：“[Single-Choice] The camera's movement—panning across the landscape and then quickly turning to the person—is structured to achieve what spatial effect? [Options] A) To show that the person is walking from the tree towards the camera. B) To survey the entire length of the coastline from one end to the other. C) To create a surprise reveal, positioning the person as the observer of the scene just presented. D) To hide the location of the ocean relative to the person.”；参考题询问：“镜头先扫过海边果岭还是先出现自拍者？”。二者有明确语义重合，但生成题只覆盖参考事实的一部分，或改问了不同参照、时间点、条件或细节，不能直接回答参考题。"
judgment-0339,audit-0062,镜头先展示海岸还是最后出现人物？,"[{""generated_id"": ""audit-0062-g01"", ""question"": ""[True/False] Based on the final reveal, the person was standing to the left of the prominent tree (from the camera's initial point of view) throughout the entire video.""}, {""generated_id"": ""audit-0062-g02"", ""question"": ""[Single-Choice] The camera's movement—panning across the landscape and then quickly turning to the person—is structured to achieve what spatial effect? [Options] A) To show that the person is walking from the tree towards the camera. B) To survey the entire length of the coastline from one end to the other. C) To create a surprise reveal, positioning the person as the observer of the scene just presented. D) To hide the location of the ocean relative to the person.""}]",direct,audit-0062-g02,生成题明确先平移展示海岸景观再快速转向最后出现的人物，直接覆盖展示顺序。,partial,audit-0062-g02,"生成题 audit-0062-g02 询问：“[Single-Choice] The camera's movement—panning across the landscape and then quickly turning to the person—is structured to achieve what spatial effect? [Options] A) To show that the person is walking from the tree towards the camera. B) To survey the entire length of the coastline from one end to the other. C) To create a surprise reveal, positioning the person as the observer of the scene just presented. D) To hide the location of the ocean relative to the person.”；参考题询问：“镜头先展示海岸还是最后出现人物？”。二者有明确语义重合，但生成题只覆盖参考事实的一部分，或改问了不同参照、时间点、条件或细节，不能直接回答参考题。"
judgment-0345,audit-0063,敞篷车驶入弯道后朝向如何改变？,"[{""generated_id"": ""audit-0063-g01"", ""question"": ""[Single-Choice] As the car navigates the curve, what is the spatial relationship between the car's direction of travel and the orientation of its body? [Options] A) The car's body is perfectly aligned with its direction of travel. B) The rear of the car is angled outward, away from the center of the turn. C) The front of the car is pointed directly towards the outside edge of the track. D) The car's body is angled slightly inward, towards the center of the turn, relative to its path.""}, {""generated_id"": ""audit-0063-g02"", ""question"": ""[Single-Choice] As the car navigates the curve, what is the spatial relationship between the car's direction of travel and the orientation of its body? [Options] A) The car's body is perfectly aligned with its direction of travel. B) The rear of the car is angled outward, away from the center of the turn. C) The front of the car is pointed directly towards the outside edge of the track. D) The car's body is angled slightly inward, towards the center of the turn, relative to its path.""}, {""generated_id"": ""audit-0063-g03"", ""question"": ""[Single-Choice] As the car navigates the curve, what is the spatial relationship between the car's direction of travel and the orientation of its body? [Options] A) The car's body is perfectly aligned with its direction of travel. B) The rear of the car is angled outward, away from the center of the turn. C) The front of the car is pointed directly towards the outside edge of the track. D) The car's body is angled slightly inward, towards the center of the turn, relative to its path.""}]",direct,audit-0063-g01,生成题直接判断车辆过弯时车身朝向相对行进方向是外甩、内倾还是对齐，覆盖驶入弯道后的朝向改变。,partial,audit-0063-g01,"生成题 audit-0063-g01 询问：“[Single-Choice] As the car navigates the curve, what is the spatial relationship between the car's direction of travel and the orientation of its body? [Options] A) The car's body is perfectly aligned with its direction of travel. B) The rear of the car is angled outward, away from the center of the turn. C) The front of the car is pointed directly towards the outside edge of the track. D) The car's body is angled slightly inward, towards the center of the turn, relative to its path.”；参考题询问：“敞篷车驶入弯道后朝向如何改变？”。二者有明确语义重合，但生成题只覆盖参考事实的一部分，或改问了不同参照、时间点、条件或细节，不能直接回答参考题。"
judgment-0350,audit-0064,手拿起小零件发生在松开钳子之前还是之后？,"[{""generated_id"": ""audit-0064-g01"", ""question"": ""[True/False] The object held in the hand at the end of the video was originally a separate piece that was meant to be attached to the front of the fixture in the wall.""}]",absent,audit-0064-g01,生成题没有钳子松开或手拿零件的动作先后。,partial,audit-0064-g01,生成题 audit-0064-g01 询问：“[True/False] The object held in the hand at the end of the video was originally a separate piece that was meant to be attached to the front of the fixture in the wall.”；参考题询问：“手拿起小零件发生在松开钳子之前还是之后？”。二者有明确语义重合，但生成题只覆盖参考事实的一部分，或改问了不同参照、时间点、条件或细节，不能直接回答参考题。
judgment-0351,audit-0064,钳子夹住墙内零件后零件是否被取出？,"[{""generated_id"": ""audit-0064-g01"", ""question"": ""[True/False] The object held in the hand at the end of the video was originally a separate piece that was meant to be attached to the front of the fixture in the wall.""}]",absent,audit-0064-g01,生成题反而说明手中物原本是用于安装的独立件，没有钳子夹住墙内零件并取出的事实。,partial,audit-0064-g01,生成题 audit-0064-g01 询问：“[True/False] The object held in the hand at the end of the video was originally a separate piece that was meant to be attached to the front of the fixture in the wall.”；参考题询问：“钳子夹住墙内零件后零件是否被取出？”。二者有明确语义重合，但生成题只覆盖参考事实的一部分，或改问了不同参照、时间点、条件或细节，不能直接回答参考题。
judgment-0353,audit-0064,操作者拉动钳子的直接目标是什么？,"[{""generated_id"": ""audit-0064-g01"", ""question"": ""[True/False] The object held in the hand at the end of the video was originally a separate piece that was meant to be attached to the front of the fixture in the wall.""}]",absent,audit-0064-g01,生成题没有操作者拉动钳子的动作或其直接目标。,partial,audit-0064-g01,生成题 audit-0064-g01 询问：“[True/False] The object held in the hand at the end of the video was originally a separate piece that was meant to be attached to the front of the fixture in the wall.”；参考题询问：“操作者拉动钳子的直接目标是什么？”。二者有明确语义重合，但生成题只覆盖参考事实的一部分，或改问了不同参照、时间点、条件或细节，不能直接回答参考题。
judgment-0354,audit-0065,步行镜头中行人流主要朝向相机还是远离相机？,"[{""generated_id"": ""audit-0065-g01"", ""question"": ""[Multiple-Select] At the start of the video, a group of three young people are standing near a silver sign. Based on their initial orientation and subsequent movement, what is their immediate group objective? [Options] A) To turn left and enter the shop with the purple awning. B) To wait for someone to approach them from further down the arcade. C) To walk forward, following the path of another person who just left their group. D) To turn around and walk back toward the camera's starting point.""}]",partial,audit-0065-g01,生成题依据三名年轻人的朝向和后续运动判断其向前跟随或转回相机的目标，覆盖一组行人方向但不代表整体人流。,absent,audit-0065-g01,"生成题 audit-0065-g01 询问：“[Multiple-Select] At the start of the video, a group of three young people are standing near a silver sign. Based on their initial orientation and subsequent movement, what is their immediate group objective? [Options] A) To turn left and enter the shop with the purple awning. B) To wait for someone to approach them from further down the arcade. C) To walk forward, following the path of another person who just left their group. D) To turn around and walk back toward the camera's starting point.”；参考题询问：“步行镜头中行人流主要朝向相机还是远离相机？”。生成题的核心事实与参考题不同；同一视频、同一对象或相邻事件本身不足以构成覆盖。"
judgment-0357,audit-0065,观察者沿商场通道主要向前还是向后移动？,"[{""generated_id"": ""audit-0065-g01"", ""question"": ""[Multiple-Select] At the start of the video, a group of three young people are standing near a silver sign. Based on their initial orientation and subsequent movement, what is their immediate group objective? [Options] A) To turn left and enter the shop with the purple awning. B) To wait for someone to approach them from further down the arcade. C) To walk forward, following the path of another person who just left their group. D) To turn around and walk back toward the camera's starting point.""}]",absent,audit-0065-g01,生成题判断三人组的即时移动目标，而非观察者自身沿商场通道前进还是后退。,partial,audit-0065-g01,"生成题 audit-0065-g01 询问：“[Multiple-Select] At the start of the video, a group of three young people are standing near a silver sign. Based on their initial orientation and subsequent movement, what is their immediate group objective? [Options] A) To turn left and enter the shop with the purple awning. B) To wait for someone to approach them from further down the arcade. C) To walk forward, following the path of another person who just left their group. D) To turn around and walk back toward the camera's starting point.”；参考题询问：“观察者沿商场通道主要向前还是向后移动？”。二者有明确语义重合，但生成题只覆盖参考事实的一部分，或改问了不同参照、时间点、条件或细节，不能直接回答参考题。"
judgment-0367,audit-0067,从骑手视角看转弯目标道路位于哪一侧？,"[{""generated_id"": ""audit-0067-g01"", ""question"": ""[True/False] If the driver had turned left instead of right at the intersection, the white van would have been on their left side after the turn.""}]",direct,audit-0067-g01,生成题明确实际转弯方向为右侧，实质覆盖从骑手视角目标道路位于右侧。,partial,audit-0067-g01,"生成题 audit-0067-g01 询问：“[True/False] If the driver had turned left instead of right at the intersection, the white van would have been on their left side after the turn.”；参考题询问：“从骑手视角看转弯目标道路位于哪一侧？”。二者有明确语义重合，但生成题只覆盖参考事实的一部分，或改问了不同参照、时间点、条件或细节，不能直接回答参考题。"
judgment-0374,audit-0068,镜头先展示圣诞树还是蛋糕柜台？,"[{""generated_id"": ""audit-0068-g01"", ""question"": ""[Single-Choice] What spatial action does the employee perform to place the large cookie cake into the display case? [Options] A) She lifts the front glass panel and places the cake inside. B) She opens a sliding door at the back and puts the cake in. C) She slides the cake through an opening between the bottom tray and the front glass. D) She places the cake on a rotating stand that moves into the case.""}, {""generated_id"": ""audit-0068-g02"", ""question"": ""[True/False] The woman places the cookie cake into a space in the display case that is already occupied by another cake.""}, {""generated_id"": ""audit-0068-g03"", ""question"": ""[True/False] From the video's initial wide-shot perspective, the 'Mrs. Fields' kiosk is to the right of the large Christmas tree.""}]",absent,audit-0068-g03,生成题只判断初始广角中店亭位于圣诞树右侧，没有圣诞树与蛋糕柜台的镜头展示顺序。,direct,audit-0068-g03,"生成题 audit-0068-g03 询问：“[True/False] From the video's initial wide-shot perspective, the 'Mrs. Fields' kiosk is to the right of the large Christmas tree.”；参考题询问：“镜头先展示圣诞树还是蛋糕柜台？”。二者都要求判断同一个核心可视事实，且需要的空间、时间或状态推理操作基本一致。"
judgment-0380,audit-0069,镜头平移时山谷先出现在画面哪一侧？,"[{""generated_id"": ""audit-0069-g01"", ""question"": ""[True/False] The winding road seen across the valley at 00:04 is at a higher elevation than the road the camera is traveling on.""}, {""generated_id"": ""audit-0069-g02"", ""question"": ""[Single-Choice] Between 00:08 and 00:10, the branches of the bare tree in the foreground pass in front of and briefly hide which feature? [Options] A) The highest mountain peak in the distance. B) A section of the road deep in the valley. C) A cluster of houses on the opposite hillside. D) The group of pine trees on the far right.""}]",absent,audit-0069-g01,生成题定位跨谷道路的高度，却没有镜头平移时山谷先从画面哪侧出现。,partial,audit-0069-g01,生成题 audit-0069-g01 询问：“[True/False] The winding road seen across the valley at 00:04 is at a higher elevation than the road the camera is traveling on.”；参考题询问：“镜头平移时山谷先出现在画面哪一侧？”。二者有明确语义重合，但生成题只覆盖参考事实的一部分，或改问了不同参照、时间点、条件或细节，不能直接回答参考题。
judgment-0382,audit-0069,树木经过前景时是否短暂遮挡山谷？,"[{""generated_id"": ""audit-0069-g01"", ""question"": ""[True/False] The winding road seen across the valley at 00:04 is at a higher elevation than the road the camera is traveling on.""}, {""generated_id"": ""audit-0069-g02"", ""question"": ""[Single-Choice] Between 00:08 and 00:10, the branches of the bare tree in the foreground pass in front of and briefly hide which feature? [Options] A) The highest mountain peak in the distance. B) A section of the road deep in the valley. C) A cluster of houses on the opposite hillside. D) The group of pine trees on the far right.""}]",direct,audit-0069-g02,生成题直接询问前景裸树枝短暂遮住山谷深处哪一特征，覆盖树木经过前景时短暂遮挡山谷。,partial,audit-0069-g02,"生成题 audit-0069-g02 询问：“[Single-Choice] Between 00:08 and 00:10, the branches of the bare tree in the foreground pass in front of and briefly hide which feature? [Options] A) The highest mountain peak in the distance. B) A section of the road deep in the valley. C) A cluster of houses on the opposite hillside. D) The group of pine trees on the far right.”；参考题询问：“树木经过前景时是否短暂遮挡山谷？”。二者有明确语义重合，但生成题只覆盖参考事实的一部分，或改问了不同参照、时间点、条件或细节，不能直接回答参考题。"
judgment-0383,audit-0070,火箭在发射架上是否逐渐抬升到倾斜位置？,"[{""generated_id"": ""audit-0070-g01"", ""question"": ""[Single-Choice] What is the primary state transition of the rocket shown in the video? [Options] A) From a stationary state to a state of upward acceleration. B) From a horizontal orientation to a vertical orientation. C) From a disassembled state to an assembled state. D) From being attached to a train to being attached to a launch tower.""}, {""generated_id"": ""audit-0070-g02"", ""question"": ""[True/False] During the lift, the large green erector arm moves from being positioned underneath the rocket to temporarily occluding the rocket's side boosters from the camera's point of view.""}]",direct,audit-0070-g01,生成题把火箭的主要状态转换列为由水平到竖直，另一题明确处于抬升过程，实质覆盖逐渐抬到倾斜位置。,partial,audit-0070-g01,生成题 audit-0070-g01 询问：“[Single-Choice] What is the primary state transition of the rocket shown in the video? [Options] A) From a stationary state to a state of upward acceleration. B) From a horizontal orientation to a vertical orientation. C) From a disassembled state to an assembled state. D) From being attached to a train to being attached to a launch tower.”；参考题询问：“火箭在发射架上是否逐渐抬升到倾斜位置？”。二者有明确语义重合，但生成题只覆盖参考事实的一部分，或改问了不同参照、时间点、条件或细节，不能直接回答参考题。
judgment-0384,audit-0070,火箭尖端相对地面的高度如何变化？,"[{""generated_id"": ""audit-0070-g01"", ""question"": ""[Single-Choice] What is the primary state transition of the rocket shown in the video? [Options] A) From a stationary state to a state of upward acceleration. B) From a horizontal orientation to a vertical orientation. C) From a disassembled state to an assembled state. D) From being attached to a train to being attached to a launch tower.""}, {""generated_id"": ""audit-0070-g02"", ""question"": ""[True/False] During the lift, the large green erector arm moves from being positioned underneath the rocket to temporarily occluding the rocket's side boosters from the camera's point of view.""}]",partial,audit-0070-g01,生成题判断火箭是否由静止转为向上加速或由水平转竖直，覆盖高度上升但没有专门追踪尖端高度。,direct,audit-0070-g01,生成题 audit-0070-g01 询问：“[Single-Choice] What is the primary state transition of the rocket shown in the video? [Options] A) From a stationary state to a state of upward acceleration. B) From a horizontal orientation to a vertical orientation. C) From a disassembled state to an assembled state. D) From being attached to a train to being attached to a launch tower.”；参考题询问：“火箭尖端相对地面的高度如何变化？”。二者都要求判断同一个核心可视事实，且需要的空间、时间或状态推理操作基本一致。
judgment-0385,audit-0070,火箭主体抬起发生在支撑结构可见之前还是之后？,"[{""generated_id"": ""audit-0070-g01"", ""question"": ""[Single-Choice] What is the primary state transition of the rocket shown in the video? [Options] A) From a stationary state to a state of upward acceleration. B) From a horizontal orientation to a vertical orientation. C) From a disassembled state to an assembled state. D) From being attached to a train to being attached to a launch tower.""}, {""generated_id"": ""audit-0070-g02"", ""question"": ""[True/False] During the lift, the large green erector arm moves from being positioned underneath the rocket to temporarily occluding the rocket's side boosters from the camera's point of view.""}]",partial,audit-0070-g02,生成题同时描述抬升中的火箭和从下方移动到遮挡助推器的绿色支撑臂，但没有明确主体抬起与支撑结构首次可见的先后。,absent,audit-0070-g01,生成题 audit-0070-g01 询问：“[Single-Choice] What is the primary state transition of the rocket shown in the video? [Options] A) From a stationary state to a state of upward acceleration. B) From a horizontal orientation to a vertical orientation. C) From a disassembled state to an assembled state. D) From being attached to a train to being attached to a launch tower.”；参考题询问：“火箭主体抬起发生在支撑结构可见之前还是之后？”。生成题的核心事实与参考题不同；同一视频、同一对象或相邻事件本身不足以构成覆盖。
judgment-0386,audit-0070,火箭在片段中是否发生真实位移？,"[{""generated_id"": ""audit-0070-g01"", ""question"": ""[Single-Choice] What is the primary state transition of the rocket shown in the video? [Options] A) From a stationary state to a state of upward acceleration. B) From a horizontal orientation to a vertical orientation. C) From a disassembled state to an assembled state. D) From being attached to a train to being attached to a launch tower.""}, {""generated_id"": ""audit-0070-g02"", ""question"": ""[True/False] During the lift, the large green erector arm moves from being positioned underneath the rocket to temporarily occluding the rocket's side boosters from the camera's point of view.""}]",direct,audit-0070-g01,生成题直接区分火箭是实际由静止向上加速还是仅改变方向等状态，覆盖片段中是否发生真实位移。,partial,audit-0070-g01,生成题 audit-0070-g01 询问：“[Single-Choice] What is the primary state transition of the rocket shown in the video? [Options] A) From a stationary state to a state of upward acceleration. B) From a horizontal orientation to a vertical orientation. C) From a disassembled state to an assembled state. D) From being attached to a train to being attached to a launch tower.”；参考题询问：“火箭在片段中是否发生真实位移？”。二者有明确语义重合，但生成题只覆盖参考事实的一部分，或改问了不同参照、时间点、条件或细节，不能直接回答参考题。
judgment-0387,audit-0070,火箭尖端相对发射架位于什么方向？,"[{""generated_id"": ""audit-0070-g01"", ""question"": ""[Single-Choice] What is the primary state transition of the rocket shown in the video? [Options] A) From a stationary state to a state of upward acceleration. B) From a horizontal orientation to a vertical orientation. C) From a disassembled state to an assembled state. D) From being attached to a train to being attached to a launch tower.""}, {""generated_id"": ""audit-0070-g02"", ""question"": ""[True/False] During the lift, the large green erector arm moves from being positioned underneath the rocket to temporarily occluding the rocket's side boosters from the camera's point of view.""}]",absent,audit-0070-g02,生成题定位支撑臂相对助推器，没有火箭尖端相对发射架的方向。,partial,audit-0070-g02,"生成题 audit-0070-g02 询问：“[True/False] During the lift, the large green erector arm moves from being positioned underneath the rocket to temporarily occluding the rocket's side boosters from the camera's point of view.”；参考题询问：“火箭尖端相对发射架位于什么方向？”。二者有明确语义重合，但生成题只覆盖参考事实的一部分，或改问了不同参照、时间点、条件或细节，不能直接回答参考题。"
judgment-0391,audit-0071,方向盘相对中控屏位于驾驶者哪一侧？,"[{""generated_id"": ""audit-0071-g01"", ""question"": ""[Fill-in-the-Blank] The primary visual event in the video is the state transition of the two large screens from an off state to an ______ state.""}, {""generated_id"": ""audit-0071-g02"", ""question"": ""[Single-Choice] Immediately after the person's finger presses the 'POWER' button, where do new, bright graphics first appear? [Options] A) Only on the screen directly behind the steering wheel. B) On the analog clock to the right of the center screen. C) On both the screen behind the steering wheel and the central screen simultaneously. D) Only on the central screen.""}, {""generated_id"": ""audit-0071-g03"", ""question"": ""[True/False] During the system startup sequence shown on the screen behind the steering wheel, the digital speedometer number is displayed inside the circular tachometer gauge.""}]",partial,audit-0071-g02,生成题明确一块屏在方向盘后且另一块是中控屏，覆盖二者结构关系但没有直接给出驾驶者视角的左右侧。,absent,audit-0071-g01,生成题 audit-0071-g01 询问：“[Fill-in-the-Blank] The primary visual event in the video is the state transition of the two large screens from an off state to an ______ state.”；参考题询问：“方向盘相对中控屏位于驾驶者哪一侧？”。生成题的核心事实与参考题不同；同一视频、同一对象或相邻事件本身不足以构成覆盖。
judgment-0397,audit-0072,黄衣人在雪坡上先蹲下还是先翻滚？,"[{""generated_id"": ""audit-0072-g01"", ""question"": ""[Single-Choice] The person in the yellow jacket makes two attempts to move down the hill. What is the spatial difference between their initial attempt and their successful sliding method? [Options] A) They started by lying on their back and ended up sitting. B) They started with a forward roll and ended up sliding while sitting. C) They started sliding on their stomach and rolled onto their back. D) They started by trying to slide standing up and then sat down.""}, {""generated_id"": ""audit-0072-g02"", ""question"": ""[Single-Choice] As the camera pans to follow the person sliding downhill, how does the most prominent snow-covered mountain peak in the background appear to move relative to the camera's frame? [Options] A) It moves from the right side of the frame towards the left. B) It moves from the left side of the frame towards the right. C) It remains fixed in the center of the frame. D) It moves from the top of the frame towards the bottom.""}, {""generated_id"": ""audit-0072-g03"", ""question"": ""[Single-Choice] As the camera pans to follow the person sliding downhill, how does the most prominent snow-covered mountain peak in the background appear to move relative to the camera's frame? [Options] A) It moves from the right side of the frame towards the left. B) It moves from the left side of the frame towards the right. C) It remains fixed in the center of the frame. D) It moves from the top of the frame towards the bottom.""}]",partial,audit-0072-g01,生成题在翻滚和坐姿滑行等动作序列之间作选择，明显涉及所问先后，但没有明确使用“蹲下”并单独比较二者。,absent,audit-0072-g01,生成题 audit-0072-g01 询问：“[Single-Choice] The person in the yellow jacket makes two attempts to move down the hill. What is the spatial difference between their initial attempt and their successful sliding method? [Options] A) They started by lying on their back and ended up sitting. B) They started with a forward roll and ended up sliding while sitting. C) They started sliding on their stomach and rolled onto their back. D) They started by trying to slide standing up and then sat down.”；参考题询问：“黄衣人在雪坡上先蹲下还是先翻滚？”。生成题的核心事实与参考题不同；同一视频、同一对象或相邻事件本身不足以构成覆盖。
judgment-0398,audit-0072,翻滚后他相对相机向哪个方向移动？,"[{""generated_id"": ""audit-0072-g01"", ""question"": ""[Single-Choice] The person in the yellow jacket makes two attempts to move down the hill. What is the spatial difference between their initial attempt and their successful sliding method? [Options] A) They started by lying on their back and ended up sitting. B) They started with a forward roll and ended up sliding while sitting. C) They started sliding on their stomach and rolled onto their back. D) They started by trying to slide standing up and then sat down.""}, {""generated_id"": ""audit-0072-g02"", ""question"": ""[Single-Choice] As the camera pans to follow the person sliding downhill, how does the most prominent snow-covered mountain peak in the background appear to move relative to the camera's frame? [Options] A) It moves from the right side of the frame towards the left. B) It moves from the left side of the frame towards the right. C) It remains fixed in the center of the frame. D) It moves from the top of the frame towards the bottom.""}, {""generated_id"": ""audit-0072-g03"", ""question"": ""[Single-Choice] As the camera pans to follow the person sliding downhill, how does the most prominent snow-covered mountain peak in the background appear to move relative to the camera's frame? [Options] A) It moves from the right side of the frame towards the left. B) It moves from the left side of the frame towards the right. C) It remains fixed in the center of the frame. D) It moves from the top of the frame towards the bottom.""}]",partial,audit-0072-g02,生成题追随人物下坡时判断背景山峰在画面的反向移动，关联人物运动方向但没有以翻滚结束和相机为直接参照。,absent,audit-0072-g02,"生成题 audit-0072-g02 询问：“[Single-Choice] As the camera pans to follow the person sliding downhill, how does the most prominent snow-covered mountain peak in the background appear to move relative to the camera's frame? [Options] A) It moves from the right side of the frame towards the left. B) It moves from the left side of the frame towards the right. C) It remains fixed in the center of the frame. D) It moves from the top of the frame towards the bottom.”；参考题询问：“翻滚后他相对相机向哪个方向移动？”。生成题的核心事实与参考题不同；同一视频、同一对象或相邻事件本身不足以构成覆盖。"
judgment-0406,audit-0074,进入弯道后蓝车车头朝向哪一侧？,"[{""generated_id"": ""audit-0074-g01"", ""question"": ""[Fill-in-the-Blank] As the car completes its left turn towards the end of the video, its shadow, which was initially cast in front of it, is now cast primarily to the car's ______ side.""}, {""generated_id"": ""audit-0074-g02"", ""question"": ""[True/False] As the car enters the left turn between the 0:08 and 0:10 second marks, its right-side tires cross over the solid white line on the track's right edge.""}]",direct,audit-0074-g01,生成题明确汽车在片尾完成向左转弯，直接覆盖入弯后车头朝向左侧。,partial,audit-0074-g02,"生成题 audit-0074-g02 询问：“[True/False] As the car enters the left turn between the 0:08 and 0:10 second marks, its right-side tires cross over the solid white line on the track's right edge.”；参考题询问：“进入弯道后蓝车车头朝向哪一侧？”。二者有明确语义重合，但生成题只覆盖参考事实的一部分，或改问了不同参照、时间点、条件或细节，不能直接回答参考题。"
judgment-0417,audit-0076,男子先展示绳端还是先演示船上固定点？,"[{""generated_id"": ""audit-0076-g01"", ""question"": ""[Multiple-Select] In the second scene, the person wraps the rope around the silver winch. What is the spatial and mechanical purpose of this preparatory action? (Select all that apply)\n[Options]\nA) To use the friction between the rope and the winch drum to hold tension.\nB) To engage the rope with a rotating mechanism that provides a mechanical advantage.\nC) To guide the rope in a straight line toward the front of the boat.\nD) To prepare to tie a knot, securing the rope to the winch.""}, {""generated_id"": ""audit-0076-g02"", ""question"": ""[True/False] From the perspective of the person in the first scene, the yellow rope moves towards their chest. From the perspective of the boat itself, the primary effect of this action is to move the attached horizontal pole sideways.""}]",partial,audit-0076-g01,生成题区分第一场景拉绳和第二场景把绳绕上船用绞盘，但没有明确展示绳端与演示固定点的先后。,absent,audit-0076-g01,"生成题 audit-0076-g01 询问：“[Multiple-Select] In the second scene, the person wraps the rope around the silver winch. What is the spatial and mechanical purpose of this preparatory action? (Select all that apply) [Options] A) To use the friction between the rope and the winch drum to hold tension. B) To engage the rope with a rotating mechanism that provides a mechanical advantage. C) To guide the rope in a straight line toward the front of the boat. D) To prepare to tie a knot, securing the rope to the winch.”；参考题询问：“男子先展示绳端还是先演示船上固定点？”。生成题的核心事实与参考题不同；同一视频、同一对象或相邻事件本身不足以构成覆盖。"
judgment-0418,audit-0076,绳索穿过固定装置后形状如何变化？,"[{""generated_id"": ""audit-0076-g01"", ""question"": ""[Multiple-Select] In the second scene, the person wraps the rope around the silver winch. What is the spatial and mechanical purpose of this preparatory action? (Select all that apply)\n[Options]\nA) To use the friction between the rope and the winch drum to hold tension.\nB) To engage the rope with a rotating mechanism that provides a mechanical advantage.\nC) To guide the rope in a straight line toward the front of the boat.\nD) To prepare to tie a knot, securing the rope to the winch.""}, {""generated_id"": ""audit-0076-g02"", ""question"": ""[True/False] From the perspective of the person in the first scene, the yellow rope moves towards their chest. From the perspective of the boat itself, the primary effect of this action is to move the attached horizontal pole sideways.""}]",direct,audit-0076-g01,生成题直接描述绳索绕在银色绞盘上并利用摩擦和旋转机构保持张力，覆盖穿过固定装置后的缠绕形态。,partial,audit-0076-g01,"生成题 audit-0076-g01 询问：“[Multiple-Select] In the second scene, the person wraps the rope around the silver winch. What is the spatial and mechanical purpose of this preparatory action? (Select all that apply) [Options] A) To use the friction between the rope and the winch drum to hold tension. B) To engage the rope with a rotating mechanism that provides a mechanical advantage. C) To guide the rope in a straight line toward the front of the boat. D) To prepare to tie a knot, securing the rope to the winch.”；参考题询问：“绳索穿过固定装置后形状如何变化？”。二者有明确语义重合，但生成题只覆盖参考事实的一部分，或改问了不同参照、时间点、条件或细节，不能直接回答参考题。"
judgment-0420,audit-0076,男子先演示绳结还是先在船上讲解？,"[{""generated_id"": ""audit-0076-g01"", ""question"": ""[Multiple-Select] In the second scene, the person wraps the rope around the silver winch. What is the spatial and mechanical purpose of this preparatory action? (Select all that apply)\n[Options]\nA) To use the friction between the rope and the winch drum to hold tension.\nB) To engage the rope with a rotating mechanism that provides a mechanical advantage.\nC) To guide the rope in a straight line toward the front of the boat.\nD) To prepare to tie a knot, securing the rope to the winch.""}, {""generated_id"": ""audit-0076-g02"", ""question"": ""[True/False] From the perspective of the person in the first scene, the yellow rope moves towards their chest. From the perspective of the boat itself, the primary effect of this action is to move the attached horizontal pole sideways.""}]",partial,audit-0076-g01,生成题把第二场景的船上绞盘讲解与准备打结列在同一操作中，但没有比较演示绳结与船上讲解的顺序。,absent,audit-0076-g01,"生成题 audit-0076-g01 询问：“[Multiple-Select] In the second scene, the person wraps the rope around the silver winch. What is the spatial and mechanical purpose of this preparatory action? (Select all that apply) [Options] A) To use the friction between the rope and the winch drum to hold tension. B) To engage the rope with a rotating mechanism that provides a mechanical advantage. C) To guide the rope in a straight line toward the front of the boat. D) To prepare to tie a knot, securing the rope to the winch.”；参考题询问：“男子先演示绳结还是先在船上讲解？”。生成题的核心事实与参考题不同；同一视频、同一对象或相邻事件本身不足以构成覆盖。"
judgment-0421,audit-0076,绳索在手中形成了什么结构？,"[{""generated_id"": ""audit-0076-g01"", ""question"": ""[Multiple-Select] In the second scene, the person wraps the rope around the silver winch. What is the spatial and mechanical purpose of this preparatory action? (Select all that apply)\n[Options]\nA) To use the friction between the rope and the winch drum to hold tension.\nB) To engage the rope with a rotating mechanism that provides a mechanical advantage.\nC) To guide the rope in a straight line toward the front of the boat.\nD) To prepare to tie a knot, securing the rope to the winch.""}, {""generated_id"": ""audit-0076-g02"", ""question"": ""[True/False] From the perspective of the person in the first scene, the yellow rope moves towards their chest. From the perspective of the boat itself, the primary effect of this action is to move the attached horizontal pole sideways.""}]",absent,audit-0076-g01,生成题描述绳绕绞盘而非绳索在手中形成的具体结构。,partial,audit-0076-g01,"生成题 audit-0076-g01 询问：“[Multiple-Select] In the second scene, the person wraps the rope around the silver winch. What is the spatial and mechanical purpose of this preparatory action? (Select all that apply) [Options] A) To use the friction between the rope and the winch drum to hold tension. B) To engage the rope with a rotating mechanism that provides a mechanical advantage. C) To guide the rope in a straight line toward the front of the boat. D) To prepare to tie a knot, securing the rope to the winch.”；参考题询问：“绳索在手中形成了什么结构？”。二者有明确语义重合，但生成题只覆盖参考事实的一部分，或改问了不同参照、时间点、条件或细节，不能直接回答参考题。"
judgment-0423,audit-0077,男子踩踏后车尾踏板是否展开？,"[{""generated_id"": ""audit-0077-g01"", ""question"": ""[True/False] The rear step mechanism operates by folding upwards to sit flush against the van's rear doors when not in use.""}, {""generated_id"": ""audit-0077-g02"", ""question"": ""[True/False] The rear step mechanism operates by folding upwards to sit flush against the van's rear doors when not in use.""}]",partial,audit-0077-g01,生成题明确不用时踏板向上折叠贴合后门，反向涵盖使用时展开，但没有说明是男子踩踏触发展开。,direct,audit-0077-g01,生成题 audit-0077-g01 询问：“[True/False] The rear step mechanism operates by folding upwards to sit flush against the van's rear doors when not in use.”；参考题询问：“男子踩踏后车尾踏板是否展开？”。二者都要求判断同一个核心可视事实，且需要的空间、时间或状态推理操作基本一致。
judgment-0424,audit-0077,踏板展开发生在他触碰后门之前还是之后？,"[{""generated_id"": ""audit-0077-g01"", ""question"": ""[True/False] The rear step mechanism operates by folding upwards to sit flush against the van's rear doors when not in use.""}, {""generated_id"": ""audit-0077-g02"", ""question"": ""[True/False] The rear step mechanism operates by folding upwards to sit flush against the van's rear doors when not in use.""}]",absent,audit-0077-g01,生成题没有踏板展开与男子触碰后门的时间顺序。,partial,audit-0077-g01,生成题 audit-0077-g01 询问：“[True/False] The rear step mechanism operates by folding upwards to sit flush against the van's rear doors when not in use.”；参考题询问：“踏板展开发生在他触碰后门之前还是之后？”。二者有明确语义重合，但生成题只覆盖参考事实的一部分，或改问了不同参照、时间点、条件或细节，不能直接回答参考题。
judgment-0425,audit-0077,展开后的踏板位于保险杠上方还是下方？,"[{""generated_id"": ""audit-0077-g01"", ""question"": ""[True/False] The rear step mechanism operates by folding upwards to sit flush against the van's rear doors when not in use.""}, {""generated_id"": ""audit-0077-g02"", ""question"": ""[True/False] The rear step mechanism operates by folding upwards to sit flush against the van's rear doors when not in use.""}]",partial,audit-0077-g01,生成题只给出收起时踏板贴合后门的高位状态，未明确展开后相对保险杠在上还是下。,absent,audit-0077-g01,生成题 audit-0077-g01 询问：“[True/False] The rear step mechanism operates by folding upwards to sit flush against the van's rear doors when not in use.”；参考题询问：“展开后的踏板位于保险杠上方还是下方？”。生成题的核心事实与参考题不同；同一视频、同一对象或相邻事件本身不足以构成覆盖。
judgment-0432,audit-0078,冲浪者在浪壁上的高度如何变化？,"[{""generated_id"": ""audit-0078-g01"", ""question"": ""[Fill-in-the-Blank] At the 25-second mark, the surfer initiates a turn. Based on her body orientation and the angle of the surfboard, her immediate new direction of travel will be toward the ______ of the screen.""}, {""generated_id"": ""audit-0078-g02"", ""question"": ""[Fill-in-the-Blank] At the 25-second mark, the surfer initiates a turn. Based on her body orientation and the angle of the surfboard, her immediate new direction of travel will be toward the ______ of the screen.""}]",absent,audit-0078-g01,生成题没有冲浪者在浪壁上的高度变化。,partial,audit-0078-g01,"生成题 audit-0078-g01 询问：“[Fill-in-the-Blank] At the 25-second mark, the surfer initiates a turn. Based on her body orientation and the angle of the surfboard, her immediate new direction of travel will be toward the ______ of the screen.”；参考题询问：“冲浪者在浪壁上的高度如何变化？”。二者有明确语义重合，但生成题只覆盖参考事实的一部分，或改问了不同参照、时间点、条件或细节，不能直接回答参考题。"
judgment-0433,audit-0078,以画面为参照，浪管闭合前冲浪者最后一次明显转向是朝左还是朝右？,"[{""generated_id"": ""audit-0078-g01"", ""question"": ""[Fill-in-the-Blank] At the 25-second mark, the surfer initiates a turn. Based on her body orientation and the angle of the surfboard, her immediate new direction of travel will be toward the ______ of the screen.""}, {""generated_id"": ""audit-0078-g02"", ""question"": ""[Fill-in-the-Blank] At the 25-second mark, the surfer initiates a turn. Based on her body orientation and the angle of the surfboard, her immediate new direction of travel will be toward the ______ of the screen.""}]",partial,audit-0078-g01,生成题直接判断二十五秒处明显转向朝画面哪侧，但没有确认这是浪管闭合前的最后一次转向。,direct,audit-0078-g01,"生成题 audit-0078-g01 询问：“[Fill-in-the-Blank] At the 25-second mark, the surfer initiates a turn. Based on her body orientation and the angle of the surfboard, her immediate new direction of travel will be toward the ______ of the screen.”；参考题询问：“以画面为参照，浪管闭合前冲浪者最后一次明显转向是朝左还是朝右？”。二者都要求判断同一个核心可视事实，且需要的空间、时间或状态推理操作基本一致。"
judgment-0436,audit-0079,绳索在操作后形成了几个环？,"[{""generated_id"": ""audit-0079-g01"", ""question"": ""[True/False] In the final moments of the video, pulling on the two loose ends of the cord causes the knot to tighten and move closer to the larger woven loop it is attached to.""}, {""generated_id"": ""audit-0079-g02"", ""question"": ""[True/False] In the final moments of the video, pulling on the two loose ends of the cord causes the knot to tighten and move closer to the larger woven loop it is attached to.""}]",partial,audit-0079-g01,生成题明确存在一个较大编织环和附着绳结，但没有统计操作后形成的环数。,absent,audit-0079-g01,"生成题 audit-0079-g01 询问：“[True/False] In the final moments of the video, pulling on the two loose ends of the cord causes the knot to tighten and move closer to the larger woven loop it is attached to.”；参考题询问：“绳索在操作后形成了几个环？”。生成题的核心事实与参考题不同；同一视频、同一对象或相邻事件本身不足以构成覆盖。"
judgment-0437,audit-0079,右手先穿绳还是先拉紧绳端？,"[{""generated_id"": ""audit-0079-g01"", ""question"": ""[True/False] In the final moments of the video, pulling on the two loose ends of the cord causes the knot to tighten and move closer to the larger woven loop it is attached to.""}, {""generated_id"": ""audit-0079-g02"", ""question"": ""[True/False] In the final moments of the video, pulling on the two loose ends of the cord causes the knot to tighten and move closer to the larger woven loop it is attached to.""}]",partial,audit-0079-g01,生成题把拉紧绳端明确放在最终阶段，暗示穿绳在前，但没有直接描述右手穿绳事件。,absent,audit-0079-g01,"生成题 audit-0079-g01 询问：“[True/False] In the final moments of the video, pulling on the two loose ends of the cord causes the knot to tighten and move closer to the larger woven loop it is attached to.”；参考题询问：“右手先穿绳还是先拉紧绳端？”。生成题的核心事实与参考题不同；同一视频、同一对象或相邻事件本身不足以构成覆盖。"
judgment-0438,audit-0079,制作绳结的直接目标是固定上方绳环吗？,"[{""generated_id"": ""audit-0079-g01"", ""question"": ""[True/False] In the final moments of the video, pulling on the two loose ends of the cord causes the knot to tighten and move closer to the larger woven loop it is attached to.""}, {""generated_id"": ""audit-0079-g02"", ""question"": ""[True/False] In the final moments of the video, pulling on the two loose ends of the cord causes the knot to tighten and move closer to the larger woven loop it is attached to.""}]",direct,audit-0079-g01,生成题明确绳结连接较大编织环并通过拉端收紧靠近该环，实质覆盖制作结以固定上方绳环的目标。,partial,audit-0079-g01,"生成题 audit-0079-g01 询问：“[True/False] In the final moments of the video, pulling on the two loose ends of the cord causes the knot to tighten and move closer to the larger woven loop it is attached to.”；参考题询问：“制作绳结的直接目标是固定上方绳环吗？”。二者有明确语义重合，但生成题只覆盖参考事实的一部分，或改问了不同参照、时间点、条件或细节，不能直接回答参考题。"
judgment-0446,audit-0081,弯曲后的金属条是否仍完整连续？,"[{""generated_id"": ""audit-0081-g01"", ""question"": ""[True/False] After being processed by the machine, the central section of the metal strip has been compressed, making it wider.""}, {""generated_id"": ""audit-0081-g02"", ""question"": ""[True/False] After being processed by the machine, the central section of the metal strip has been compressed, making it wider.""}, {""generated_id"": ""audit-0081-g03"", ""question"": ""[True/False] After being processed by the machine, the central section of the metal strip has been compressed, making it wider.""}]",partial,audit-0081-g01,生成题把对象始终描述为中央被压宽的同一金属条，相关于连续性，但未直接判断弯曲后是否断开。,absent,audit-0081-g01,"生成题 audit-0081-g01 询问：“[True/False] After being processed by the machine, the central section of the metal strip has been compressed, making it wider.”；参考题询问：“弯曲后的金属条是否仍完整连续？”。生成题的核心事实与参考题不同；同一视频、同一对象或相邻事件本身不足以构成覆盖。"
judgment-0449,audit-0081,使用工具的直接目标是什么？,"[{""generated_id"": ""audit-0081-g01"", ""question"": ""[True/False] After being processed by the machine, the central section of the metal strip has been compressed, making it wider.""}, {""generated_id"": ""audit-0081-g02"", ""question"": ""[True/False] After being processed by the machine, the central section of the metal strip has been compressed, making it wider.""}, {""generated_id"": ""audit-0081-g03"", ""question"": ""[True/False] After being processed by the machine, the central section of the metal strip has been compressed, making it wider.""}]",direct,audit-0081-g01,生成题明确机器加工的结果是压缩金属条中央并使其变宽，直接覆盖使用工具的加工目标。,partial,audit-0081-g01,"生成题 audit-0081-g01 询问：“[True/False] After being processed by the machine, the central section of the metal strip has been compressed, making it wider.”；参考题询问：“使用工具的直接目标是什么？”。二者有明确语义重合，但生成题只覆盖参考事实的一部分，或改问了不同参照、时间点、条件或细节，不能直接回答参考题。"
judgment-0469,audit-0086,单板滑雪者在下坡中进行了几次明显换刃转向？,"[{""generated_id"": ""audit-0086-g01"", ""question"": ""[Single-Choice] What is the consistent spatial relationship between the snowboarder and their shadow throughout the video? [Options] A) The shadow is always directly behind them. B) The shadow is cast to their right and slightly behind them. C) The shadow is cast to their left and slightly in front of them. D) The shadow is not visible.""}, {""generated_id"": ""audit-0086-g02"", ""question"": ""[True/False] During the turn executed between 0:02 and 0:05, the distant, snow-covered mountain range remains on the snowboarder's left side from their perspective.""}, {""generated_id"": ""audit-0086-g03"", ""question"": ""[True/False] During the turn executed between 0:02 and 0:05, the distant, snow-covered mountain range remains on the snowboarder's left side from their perspective.""}]",partial,audit-0086-g02,生成题明确二至五秒有一次转弯并判断山脉持续在左侧，覆盖一次明显转向但没有统计全部换刃次数。,absent,audit-0086-g02,"生成题 audit-0086-g02 询问：“[True/False] During the turn executed between 0:02 and 0:05, the distant, snow-covered mountain range remains on the snowboarder's left side from their perspective.”；参考题询问：“单板滑雪者在下坡中进行了几次明显换刃转向？”。生成题的核心事实与参考题不同；同一视频、同一对象或相邻事件本身不足以构成覆盖。"
judgment-0470,audit-0086,单板相对坡面的朝向如何交替变化？,"[{""generated_id"": ""audit-0086-g01"", ""question"": ""[Single-Choice] What is the consistent spatial relationship between the snowboarder and their shadow throughout the video? [Options] A) The shadow is always directly behind them. B) The shadow is cast to their right and slightly behind them. C) The shadow is cast to their left and slightly in front of them. D) The shadow is not visible.""}, {""generated_id"": ""audit-0086-g02"", ""question"": ""[True/False] During the turn executed between 0:02 and 0:05, the distant, snow-covered mountain range remains on the snowboarder's left side from their perspective.""}, {""generated_id"": ""audit-0086-g03"", ""question"": ""[True/False] During the turn executed between 0:02 and 0:05, the distant, snow-covered mountain range remains on the snowboarder's left side from their perspective.""}]",partial,audit-0086-g02,生成题追踪转弯期间滑雪者与山脉的相对侧，关联朝向变化但没有描述单板相对坡面的交替方向。,absent,audit-0086-g02,"生成题 audit-0086-g02 询问：“[True/False] During the turn executed between 0:02 and 0:05, the distant, snow-covered mountain range remains on the snowboarder's left side from their perspective.”；参考题询问：“单板相对坡面的朝向如何交替变化？”。生成题的核心事实与参考题不同；同一视频、同一对象或相邻事件本身不足以构成覆盖。"
judgment-0474,audit-0086,滑雪者在转弯时朝向如何改变？,"[{""generated_id"": ""audit-0086-g01"", ""question"": ""[Single-Choice] What is the consistent spatial relationship between the snowboarder and their shadow throughout the video? [Options] A) The shadow is always directly behind them. B) The shadow is cast to their right and slightly behind them. C) The shadow is cast to their left and slightly in front of them. D) The shadow is not visible.""}, {""generated_id"": ""audit-0086-g02"", ""question"": ""[True/False] During the turn executed between 0:02 and 0:05, the distant, snow-covered mountain range remains on the snowboarder's left side from their perspective.""}, {""generated_id"": ""audit-0086-g03"", ""question"": ""[True/False] During the turn executed between 0:02 and 0:05, the distant, snow-covered mountain range remains on the snowboarder's left side from their perspective.""}]",partial,audit-0086-g02,生成题在指定转弯期间判断远山始终位于滑雪者左侧，涉及转弯朝向参照但没有直接描述身体朝向如何改变。,absent,audit-0086-g02,"生成题 audit-0086-g02 询问：“[True/False] During the turn executed between 0:02 and 0:05, the distant, snow-covered mountain range remains on the snowboarder's left side from their perspective.”；参考题询问：“滑雪者在转弯时朝向如何改变？”。生成题的核心事实与参考题不同；同一视频、同一对象或相邻事件本身不足以构成覆盖。"
judgment-0479,audit-0087,石像分布在步道哪一侧？,"[{""generated_id"": ""audit-0087-g01"", ""question"": ""[True/False] As the camera moves forward from 0:07 to 0:10, the corner of the building's stone wall is what primarily occludes the view of the statue with the orange hat.""}, {""generated_id"": ""audit-0087-g02"", ""question"": ""[Single-Choice] If the camera, at its position at 0:05, had moved directly sideways to the left into the foliage instead of continuing forward, which statue's hat would have been the first to be fully obscured by the green bushes? [Options] A) The statue with the red and blue striped hat in the extreme foreground. B) The statue with the green and yellow striped hat. C) The statue with the orange hat. D) The statue with the pink and white striped hat.""}, {""generated_id"": ""audit-0087-g03"", ""question"": ""[True/False] As the camera moves forward from 0:07 to 0:10, the corner of the building's stone wall is what primarily occludes the view of the statue with the orange hat.""}, {""generated_id"": ""audit-0087-g04"", ""question"": ""[Single-Choice] If the camera, at its position at 0:05, had moved directly sideways to the left into the foliage instead of continuing forward, which statue's hat would have been the first to be fully obscured by the green bushes? [Options] A) The statue with the red and blue striped hat in the extreme foreground. B) The statue with the green and yellow striped hat. C) The statue with the orange hat. D) The statue with the pink and white striped hat.""}]",absent,audit-0087-g02,生成题描述石像与灌木、石墙的遮挡关系，没有步道侧别。,partial,audit-0087-g02,"生成题 audit-0087-g02 询问：“[Single-Choice] If the camera, at its position at 0:05, had moved directly sideways to the left into the foliage instead of continuing forward, which statue's hat would have been the first to be fully obscured by the green bushes? [Options] A) The statue with the red and blue striped hat in the extreme foreground. B) The statue with the green and yellow striped hat. C) The statue with the orange hat. D) The statue with the pink and white striped hat.”；参考题询问：“石像分布在步道哪一侧？”。二者有明确语义重合，但生成题只覆盖参考事实的一部分，或改问了不同参照、时间点、条件或细节，不能直接回答参考题。"
judgment-0484,audit-0088,镜头移动时海滨住宅何时进入中央？,"[{""generated_id"": ""audit-0088-g01"", ""question"": ""[Single-Choice] As the camera pans left, how does the perceived horizontal position of the distant wind turbine change relative to the large, multi-gabled house on the peninsula? [Options] A) It moves from being to the left of the house to being to the right of the house. B) It remains to the left of the house throughout the pan. C) It moves from being to the right of the house to being to the left of the house. D) It becomes completely blocked from view by the house.""}, {""generated_id"": ""audit-0088-g02"", ""question"": ""[True/False] The flagpole visible in the middle ground of the scene is completely occluded by foreground trees by the end of the video.""}, {""generated_id"": ""audit-0088-g03"", ""question"": ""[True/False] The flagpole visible in the middle ground of the scene is completely occluded by foreground trees by the end of the video.""}]",absent,audit-0088-g01,生成题比较平移中风机与住宅，没有住宅进入画面中央的时刻。,partial,audit-0088-g01,"生成题 audit-0088-g01 询问：“[Single-Choice] As the camera pans left, how does the perceived horizontal position of the distant wind turbine change relative to the large, multi-gabled house on the peninsula? [Options] A) It moves from being to the left of the house to being to the right of the house. B) It remains to the left of the house throughout the pan. C) It moves from being to the right of the house to being to the left of the house. D) It becomes completely blocked from view by the house.”；参考题询问：“镜头移动时海滨住宅何时进入中央？”。二者有明确语义重合，但生成题只覆盖参考事实的一部分，或改问了不同参照、时间点、条件或细节，不能直接回答参考题。"
judgment-0488,audit-0089,他先绕绳还是先拉紧绳结？,"[{""generated_id"": ""audit-0089-g01"", ""question"": ""[Multiple-Select] Which of the following accurately describe the change in the state of the objects being manipulated? (Select all that apply) [Options] A) The rope transitions from being pliable and loose to being under tension. B) The two logs transition from being two independent objects to a single, interconnected structure. C) The point of intersection between the two logs becomes less stable. D) The overall shape of the rope changes from a coil to a complex wrapping pattern.""}]",direct,audit-0089-g01,生成题描述绳从线圈变成复杂缠绕再由松弛变为张紧，实质给出先绕绳后拉紧的顺序。,partial,audit-0089-g01,"生成题 audit-0089-g01 询问：“[Multiple-Select] Which of the following accurately describe the change in the state of the objects being manipulated? (Select all that apply) [Options] A) The rope transitions from being pliable and loose to being under tension. B) The two logs transition from being two independent objects to a single, interconnected structure. C) The point of intersection between the two logs becomes less stable. D) The overall shape of the rope changes from a coil to a complex wrapping pattern.”；参考题询问：“他先绕绳还是先拉紧绳结？”。二者有明确语义重合，但生成题只覆盖参考事实的一部分，或改问了不同参照、时间点、条件或细节，不能直接回答参考题。"
judgment-0489,audit-0089,捆扎点位于两根木杆交叉处还是末端？,"[{""generated_id"": ""audit-0089-g01"", ""question"": ""[Multiple-Select] Which of the following accurately describe the change in the state of the objects being manipulated? (Select all that apply) [Options] A) The rope transitions from being pliable and loose to being under tension. B) The two logs transition from being two independent objects to a single, interconnected structure. C) The point of intersection between the two logs becomes less stable. D) The overall shape of the rope changes from a coil to a complex wrapping pattern.""}]",direct,audit-0089-g01,生成题明确讨论两木杆交叉点的稳定性及缠绕后的连接，直接覆盖捆扎点在交叉处而非末端。,partial,audit-0089-g01,"生成题 audit-0089-g01 询问：“[Multiple-Select] Which of the following accurately describe the change in the state of the objects being manipulated? (Select all that apply) [Options] A) The rope transitions from being pliable and loose to being under tension. B) The two logs transition from being two independent objects to a single, interconnected structure. C) The point of intersection between the two logs becomes less stable. D) The overall shape of the rope changes from a coil to a complex wrapping pattern.”；参考题询问：“捆扎点位于两根木杆交叉处还是末端？”。二者有明确语义重合，但生成题只覆盖参考事实的一部分，或改问了不同参照、时间点、条件或细节，不能直接回答参考题。"
judgment-0491,audit-0089,绳索结构在拉紧后如何变化？,"[{""generated_id"": ""audit-0089-g01"", ""question"": ""[Multiple-Select] Which of the following accurately describe the change in the state of the objects being manipulated? (Select all that apply) [Options] A) The rope transitions from being pliable and loose to being under tension. B) The two logs transition from being two independent objects to a single, interconnected structure. C) The point of intersection between the two logs becomes less stable. D) The overall shape of the rope changes from a coil to a complex wrapping pattern.""}]",direct,audit-0089-g01,生成题直接描述绳由松弛变张紧且由线圈变为复杂缠绕结构，覆盖拉紧后的结构变化。,partial,audit-0089-g01,"生成题 audit-0089-g01 询问：“[Multiple-Select] Which of the following accurately describe the change in the state of the objects being manipulated? (Select all that apply) [Options] A) The rope transitions from being pliable and loose to being under tension. B) The two logs transition from being two independent objects to a single, interconnected structure. C) The point of intersection between the two logs becomes less stable. D) The overall shape of the rope changes from a coil to a complex wrapping pattern.”；参考题询问：“绳索结构在拉紧后如何变化？”。二者有明确语义重合，但生成题只覆盖参考事实的一部分，或改问了不同参照、时间点、条件或细节，不能直接回答参考题。"
judgment-0494,audit-0090,儿童群与成年男子之间的距离如何变化？,"[{""generated_id"": ""audit-0090-g01"", ""question"": ""[Single-Choice] At the beginning of the video, a ball is kicked high into the air. Based on its trajectory and the positioning of the children, where is the ball most likely intended to land? [Options] A) Near the dense bushes on the far right. B) In the area occupied by the group of players in the center of the field. C) Directly in front of the adult who appears later in the video. D) Behind the child in the green and white patterned shirt in the foreground.""}, {""generated_id"": ""audit-0090-g02"", ""question"": ""[True/False] At the three-second mark, the child in the red patterned shirt who raises their arms is spatially positioned between the camera and the child in the solid white shirt.""}]",partial,audit-0090-g01,生成题同时定位中央儿童群和后来出现的成年人，但没有追踪二者距离如何变化。,absent,audit-0090-g01,"生成题 audit-0090-g01 询问：“[Single-Choice] At the beginning of the video, a ball is kicked high into the air. Based on its trajectory and the positioning of the children, where is the ball most likely intended to land? [Options] A) Near the dense bushes on the far right. B) In the area occupied by the group of players in the center of the field. C) Directly in front of the adult who appears later in the video. D) Behind the child in the green and white patterned shirt in the foreground.”；参考题询问：“儿童群与成年男子之间的距离如何变化？”。生成题的核心事实与参考题不同；同一视频、同一对象或相邻事件本身不足以构成覆盖。"
judgment-0495,audit-0090,成年男子出现是在孩子们散开之前还是之后？,"[{""generated_id"": ""audit-0090-g01"", ""question"": ""[Single-Choice] At the beginning of the video, a ball is kicked high into the air. Based on its trajectory and the positioning of the children, where is the ball most likely intended to land? [Options] A) Near the dense bushes on the far right. B) In the area occupied by the group of players in the center of the field. C) Directly in front of the adult who appears later in the video. D) Behind the child in the green and white patterned shirt in the foreground.""}, {""generated_id"": ""audit-0090-g02"", ""question"": ""[True/False] At the three-second mark, the child in the red patterned shirt who raises their arms is spatially positioned between the camera and the child in the solid white shirt.""}]",partial,audit-0090-g01,生成题明确成年人稍后出现，却没有孩子们散开的时刻，无法完整比较先后。,absent,audit-0090-g01,"生成题 audit-0090-g01 询问：“[Single-Choice] At the beginning of the video, a ball is kicked high into the air. Based on its trajectory and the positioning of the children, where is the ball most likely intended to land? [Options] A) Near the dense bushes on the far right. B) In the area occupied by the group of players in the center of the field. C) Directly in front of the adult who appears later in the video. D) Behind the child in the green and white patterned shirt in the foreground.”；参考题询问：“成年男子出现是在孩子们散开之前还是之后？”。生成题的核心事实与参考题不同；同一视频、同一对象或相邻事件本身不足以构成覆盖。"
judgment-0499,audit-0091,遥控飞行器相对地面的高度如何变化？,"[{""generated_id"": ""audit-0091-g01"", ""question"": ""[True/False] From the drone's perspective at 1:12, the operator is positioned between the drone and the covered parking structure.""}, {""generated_id"": ""audit-0091-g02"", ""question"": ""[Multiple-Select] The operator's intent is to test the drone's 'follow me' capability. Which of the following spatial behaviors are observed in the drone's attempt to follow the operator? (Select all that apply) [Options] A) The drone initially drifts without tracking the operator's movement. B) The drone successfully matches the operator's forward speed perfectly. C) The drone adjusts its position laterally to keep the operator in the camera's view. D) The drone loses significant altitude while attempting to move towards the operator.""}, {""generated_id"": ""audit-0091-g03"", ""question"": ""[True/False] From the drone's perspective at 1:12, the operator is positioned between the drone and the covered parking structure.""}, {""generated_id"": ""audit-0091-g04"", ""question"": ""[Multiple-Select] The operator's intent is to test the drone's 'follow me' capability. Which of the following spatial behaviors are observed in the drone's attempt to follow the operator? (Select all that apply) [Options] A) The drone initially drifts without tracking the operator's movement. B) The drone successfully matches the operator's forward speed perfectly. C) The drone adjusts its position laterally to keep the operator in the camera's view. D) The drone loses significant altitude while attempting to move towards the operator.""}, {""generated_id"": ""audit-0091-g05"", ""question"": ""[True/False] From the drone's perspective at 1:12, the operator is positioned between the drone and the covered parking structure.""}, {""generated_id"": ""audit-0091-g06"", ""question"": ""[Multiple-Select] The operator's intent is to test the drone's 'follow me' capability. Which of the following spatial behaviors are observed in the drone's attempt to follow the operator? (Select all that apply) [Options] A) The drone initially drifts without tracking the operator's movement. B) The drone successfully matches the operator's forward speed perfectly. C) The drone adjusts its position laterally to keep the operator in the camera's view. D) The drone loses significant altitude while attempting to move towards the operator.""}]",direct,audit-0091-g02,生成题把无人机在跟随中是否明显降低高度列为需判断的实际空间行为，直接覆盖相对地面高度变化。,partial,audit-0091-g02,生成题 audit-0091-g02 询问：“[Multiple-Select] The operator's intent is to test the drone's 'follow me' capability. Which of the following spatial behaviors are observed in the drone's attempt to follow the operator? (Select all that apply) [Options] A) The drone initially drifts without tracking the operator's movement. B) The drone successfully matches the operator's forward speed perfectly. C) The drone adjusts its position laterally to keep the operator in the camera's view. D) The drone loses significant altitude while attempting to move towards the operator.”；参考题询问：“遥控飞行器相对地面的高度如何变化？”。二者有明确语义重合，但生成题只覆盖参考事实的一部分，或改问了不同参照、时间点、条件或细节，不能直接回答参考题。
judgment-0502,audit-0091,飞行器是否始终高于草地？,"[{""generated_id"": ""audit-0091-g01"", ""question"": ""[True/False] From the drone's perspective at 1:12, the operator is positioned between the drone and the covered parking structure.""}, {""generated_id"": ""audit-0091-g02"", ""question"": ""[Multiple-Select] The operator's intent is to test the drone's 'follow me' capability. Which of the following spatial behaviors are observed in the drone's attempt to follow the operator? (Select all that apply) [Options] A) The drone initially drifts without tracking the operator's movement. B) The drone successfully matches the operator's forward speed perfectly. C) The drone adjusts its position laterally to keep the operator in the camera's view. D) The drone loses significant altitude while attempting to move towards the operator.""}, {""generated_id"": ""audit-0091-g03"", ""question"": ""[True/False] From the drone's perspective at 1:12, the operator is positioned between the drone and the covered parking structure.""}, {""generated_id"": ""audit-0091-g04"", ""question"": ""[Multiple-Select] The operator's intent is to test the drone's 'follow me' capability. Which of the following spatial behaviors are observed in the drone's attempt to follow the operator? (Select all that apply) [Options] A) The drone initially drifts without tracking the operator's movement. B) The drone successfully matches the operator's forward speed perfectly. C) The drone adjusts its position laterally to keep the operator in the camera's view. D) The drone loses significant altitude while attempting to move towards the operator.""}, {""generated_id"": ""audit-0091-g05"", ""question"": ""[True/False] From the drone's perspective at 1:12, the operator is positioned between the drone and the covered parking structure.""}, {""generated_id"": ""audit-0091-g06"", ""question"": ""[Multiple-Select] The operator's intent is to test the drone's 'follow me' capability. Which of the following spatial behaviors are observed in the drone's attempt to follow the operator? (Select all that apply) [Options] A) The drone initially drifts without tracking the operator's movement. B) The drone successfully matches the operator's forward speed perfectly. C) The drone adjusts its position laterally to keep the operator in the camera's view. D) The drone loses significant altitude while attempting to move towards the operator.""}]",partial,audit-0091-g02,生成题判断跟随时是否显著掉高，涉及高度安全余量，但没有草地参照或全程高于草地的条件。,absent,audit-0091-g02,生成题 audit-0091-g02 询问：“[Multiple-Select] The operator's intent is to test the drone's 'follow me' capability. Which of the following spatial behaviors are observed in the drone's attempt to follow the operator? (Select all that apply) [Options] A) The drone initially drifts without tracking the operator's movement. B) The drone successfully matches the operator's forward speed perfectly. C) The drone adjusts its position laterally to keep the operator in the camera's view. D) The drone loses significant altitude while attempting to move towards the operator.”；参考题询问：“飞行器是否始终高于草地？”。生成题的核心事实与参考题不同；同一视频、同一对象或相邻事件本身不足以构成覆盖。
judgment-0503,audit-0091,操作者转身的直接目标是持续跟踪飞行器吗？,"[{""generated_id"": ""audit-0091-g01"", ""question"": ""[True/False] From the drone's perspective at 1:12, the operator is positioned between the drone and the covered parking structure.""}, {""generated_id"": ""audit-0091-g02"", ""question"": ""[Multiple-Select] The operator's intent is to test the drone's 'follow me' capability. Which of the following spatial behaviors are observed in the drone's attempt to follow the operator? (Select all that apply) [Options] A) The drone initially drifts without tracking the operator's movement. B) The drone successfully matches the operator's forward speed perfectly. C) The drone adjusts its position laterally to keep the operator in the camera's view. D) The drone loses significant altitude while attempting to move towards the operator.""}, {""generated_id"": ""audit-0091-g03"", ""question"": ""[True/False] From the drone's perspective at 1:12, the operator is positioned between the drone and the covered parking structure.""}, {""generated_id"": ""audit-0091-g04"", ""question"": ""[Multiple-Select] The operator's intent is to test the drone's 'follow me' capability. Which of the following spatial behaviors are observed in the drone's attempt to follow the operator? (Select all that apply) [Options] A) The drone initially drifts without tracking the operator's movement. B) The drone successfully matches the operator's forward speed perfectly. C) The drone adjusts its position laterally to keep the operator in the camera's view. D) The drone loses significant altitude while attempting to move towards the operator.""}, {""generated_id"": ""audit-0091-g05"", ""question"": ""[True/False] From the drone's perspective at 1:12, the operator is positioned between the drone and the covered parking structure.""}, {""generated_id"": ""audit-0091-g06"", ""question"": ""[Multiple-Select] The operator's intent is to test the drone's 'follow me' capability. Which of the following spatial behaviors are observed in the drone's attempt to follow the operator? (Select all that apply) [Options] A) The drone initially drifts without tracking the operator's movement. B) The drone successfully matches the operator's forward speed perfectly. C) The drone adjusts its position laterally to keep the operator in the camera's view. D) The drone loses significant altitude while attempting to move towards the operator.""}]",partial,audit-0091-g02,生成题说明测试的是无人机跟随操作者的能力，涉及双方持续跟踪意图，但没有判断操作者转身是否为了跟踪无人机且主客体相反。,absent,audit-0091-g02,生成题 audit-0091-g02 询问：“[Multiple-Select] The operator's intent is to test the drone's 'follow me' capability. Which of the following spatial behaviors are observed in the drone's attempt to follow the operator? (Select all that apply) [Options] A) The drone initially drifts without tracking the operator's movement. B) The drone successfully matches the operator's forward speed perfectly. C) The drone adjusts its position laterally to keep the operator in the camera's view. D) The drone loses significant altitude while attempting to move towards the operator.”；参考题询问：“操作者转身的直接目标是持续跟踪飞行器吗？”。生成题的核心事实与参考题不同；同一视频、同一对象或相邻事件本身不足以构成覆盖。
judgment-0521,audit-0095,前进过程中迎面行人与相机距离如何变化？,"[{""generated_id"": ""audit-0095-g01"", ""question"": ""[True/False] The path of the woman in the black dress crosses behind the path of the woman pushing the stroller.""}, {""generated_id"": ""audit-0095-g02"", ""question"": ""[True/False] The path of the woman in the black dress crosses behind the path of the woman pushing the stroller.""}, {""generated_id"": ""audit-0095-g03"", ""question"": ""[True/False] The path of the woman in the black dress crosses behind the path of the woman pushing the stroller.""}]",partial,audit-0095-g01,生成题追踪两名迎面行人的路径交叉前后关系，但没有量化其中行人与相机的距离变化。,absent,audit-0095-g01,生成题 audit-0095-g01 询问：“[True/False] The path of the woman in the black dress crosses behind the path of the woman pushing the stroller.”；参考题询问：“前进过程中迎面行人与相机距离如何变化？”。生成题的核心事实与参考题不同；同一视频、同一对象或相邻事件本身不足以构成覆盖。
judgment-0524,audit-0095,迎面行人经过后是否离开视野？,"[{""generated_id"": ""audit-0095-g01"", ""question"": ""[True/False] The path of the woman in the black dress crosses behind the path of the woman pushing the stroller.""}, {""generated_id"": ""audit-0095-g02"", ""question"": ""[True/False] The path of the woman in the black dress crosses behind the path of the woman pushing the stroller.""}, {""generated_id"": ""audit-0095-g03"", ""question"": ""[True/False] The path of the woman in the black dress crosses behind the path of the woman pushing the stroller.""}]",partial,audit-0095-g01,生成题判断一名女子的路径在推车女子后方交叉，涉及经过关系但没有她经过相机后是否离开视野。,absent,audit-0095-g01,生成题 audit-0095-g01 询问：“[True/False] The path of the woman in the black dress crosses behind the path of the woman pushing the stroller.”；参考题询问：“迎面行人经过后是否离开视野？”。生成题的核心事实与参考题不同；同一视频、同一对象或相邻事件本身不足以构成覆盖。
judgment-0528,audit-0096,红车在片段中是否完成了不止一次明显转向？,"[{""generated_id"": ""audit-0096-g01"", ""question"": ""[Single-Choice] Just as the second red car becomes fully visible, what is the position of the first red car? [Options] A) It is in the middle of the turn. B) It has just completed the turn and is moving away. C) It is just beginning to enter the turn. D) It is no longer visible.""}, {""generated_id"": ""audit-0096-g02"", ""question"": ""[True/False] As the second car slides through the turn, the driver is steering the front wheels in the opposite direction of the turn itself.""}, {""generated_id"": ""audit-0096-g03"", ""question"": ""[Single-Choice] Judging by the second car's orientation and speed as it leaves the frame to the right, what is the most probable immediate outcome of its maneuver? [Options] A) The car will come to an abrupt halt. B) The car will straighten its path and continue driving forward. C) The car will spin out and face the opposite direction. D) The car will continue sliding sideways at the same angle.""}, {""generated_id"": ""audit-0096-g04"", ""question"": ""[True/False] As the second car slides through the turn, the driver is steering the front wheels in the opposite direction of the turn itself.""}, {""generated_id"": ""audit-0096-g05"", ""question"": ""[Single-Choice] Judging by the second car's orientation and speed as it leaves the frame to the right, what is the most probable immediate outcome of its maneuver? [Options] A) The car will come to an abrupt halt. B) The car will straighten its path and continue driving forward. C) The car will spin out and face the opposite direction. D) The car will continue sliding sideways at the same angle.""}, {""generated_id"": ""audit-0096-g06"", ""question"": ""[True/False] As the second car slides through the turn, the driver is steering the front wheels in the opposite direction of the turn itself.""}, {""generated_id"": ""audit-0096-g07"", ""question"": ""[Single-Choice] Judging by the second car's orientation and speed as it leaves the frame to the right, what is the most probable immediate outcome of its maneuver? [Options] A) The car will come to an abrupt halt. B) The car will straighten its path and continue driving forward. C) The car will spin out and face the opposite direction. D) The car will continue sliding sideways at the same angle.""}]",absent,audit-0096-g02,生成题分别讨论两辆红车各自一个弯道动作，没有判断同一主要红车是否完成多次明显转向。,partial,audit-0096-g02,"生成题 audit-0096-g02 询问：“[True/False] As the second car slides through the turn, the driver is steering the front wheels in the opposite direction of the turn itself.”；参考题询问：“红车在片段中是否完成了不止一次明显转向？”。二者有明确语义重合，但生成题只覆盖参考事实的一部分，或改问了不同参照、时间点、条件或细节，不能直接回答参考题。"
judgment-0530,audit-0096,车辆最终朝向画面哪一侧？,"[{""generated_id"": ""audit-0096-g01"", ""question"": ""[Single-Choice] Just as the second red car becomes fully visible, what is the position of the first red car? [Options] A) It is in the middle of the turn. B) It has just completed the turn and is moving away. C) It is just beginning to enter the turn. D) It is no longer visible.""}, {""generated_id"": ""audit-0096-g02"", ""question"": ""[True/False] As the second car slides through the turn, the driver is steering the front wheels in the opposite direction of the turn itself.""}, {""generated_id"": ""audit-0096-g03"", ""question"": ""[Single-Choice] Judging by the second car's orientation and speed as it leaves the frame to the right, what is the most probable immediate outcome of its maneuver? [Options] A) The car will come to an abrupt halt. B) The car will straighten its path and continue driving forward. C) The car will spin out and face the opposite direction. D) The car will continue sliding sideways at the same angle.""}, {""generated_id"": ""audit-0096-g04"", ""question"": ""[True/False] As the second car slides through the turn, the driver is steering the front wheels in the opposite direction of the turn itself.""}, {""generated_id"": ""audit-0096-g05"", ""question"": ""[Single-Choice] Judging by the second car's orientation and speed as it leaves the frame to the right, what is the most probable immediate outcome of its maneuver? [Options] A) The car will come to an abrupt halt. B) The car will straighten its path and continue driving forward. C) The car will spin out and face the opposite direction. D) The car will continue sliding sideways at the same angle.""}, {""generated_id"": ""audit-0096-g06"", ""question"": ""[True/False] As the second car slides through the turn, the driver is steering the front wheels in the opposite direction of the turn itself.""}, {""generated_id"": ""audit-0096-g07"", ""question"": ""[Single-Choice] Judging by the second car's orientation and speed as it leaves the frame to the right, what is the most probable immediate outcome of its maneuver? [Options] A) The car will come to an abrupt halt. B) The car will straighten its path and continue driving forward. C) The car will spin out and face the opposite direction. D) The car will continue sliding sideways at the same angle.""}]",direct,audit-0096-g03,生成题明确第二辆红车以当前朝向和速度从画面右侧离开并预测下一步，直接覆盖最终朝向画面右侧。,partial,audit-0096-g03,"生成题 audit-0096-g03 询问：“[Single-Choice] Judging by the second car's orientation and speed as it leaves the frame to the right, what is the most probable immediate outcome of its maneuver? [Options] A) The car will come to an abrupt halt. B) The car will straighten its path and continue driving forward. C) The car will spin out and face the opposite direction. D) The car will continue sliding sideways at the same angle.”；参考题询问：“车辆最终朝向画面哪一侧？”。二者有明确语义重合，但生成题只覆盖参考事实的一部分，或改问了不同参照、时间点、条件或细节，不能直接回答参考题。"
judgment-0532,audit-0097,他与墙上历史照片的距离如何变化？,"[{""generated_id"": ""audit-0097-g01"", ""question"": ""[Single-Choice] Just before the man reaches the corner, which object that is visible later is completely occluded from the camera's view by the building's corner wall? [Options] A) The red fire alarm box. B) The last photograph on the wall. C) The door with the 'MEN' sign. D) The doorway leading to a staircase.""}, {""generated_id"": ""audit-0097-g02"", ""question"": ""[Single-Choice] Just before the man reaches the corner, which object that is visible later is completely occluded from the camera's view by the building's corner wall? [Options] A) The red fire alarm box. B) The last photograph on the wall. C) The door with the 'MEN' sign. D) The doorway leading to a staircase.""}, {""generated_id"": ""audit-0097-g03"", ""question"": ""[Single-Choice] The man walks forward and then makes a single turn. From a fixed (allocentric) viewpoint looking down the first hallway from his starting position, how would his final path be described? [Options] A) He continued straight ahead. B) He turned around and walked back. C) He turned to his left. D) He turned to his right.""}]",partial,audit-0097-g01,生成题在男子接近转角前把墙上最后一张照片作为可能被遮住物，涉及人与照片的接近过程但没有连续距离变化。,absent,audit-0097-g01,"生成题 audit-0097-g01 询问：“[Single-Choice] Just before the man reaches the corner, which object that is visible later is completely occluded from the camera's view by the building's corner wall? [Options] A) The red fire alarm box. B) The last photograph on the wall. C) The door with the 'MEN' sign. D) The doorway leading to a staircase.”；参考题询问：“他与墙上历史照片的距离如何变化？”。生成题的核心事实与参考题不同；同一视频、同一对象或相邻事件本身不足以构成覆盖。"
judgment-0537,audit-0098,冲浪者跌入浪花后是否再次露出水面？,"[{""generated_id"": ""audit-0098-g01"", ""question"": ""[Single-Choice] How does the surfer's position relative to the main breaking part of the wave (the white water) change between the first turn (0:03) and the second turn (0:08)? [Options] A) They move farther away from the white water and then closer again. B) They stay at a constant distance from the white water. C) They move closer to the white water and then farther away. D) They are always inside the white water.""}, {""generated_id"": ""audit-0098-g02"", ""question"": ""[True/False] From the camera's fixed viewpoint, the surfer travels primarily from right to left. From the surfer's own perspective, their first major turn is a turn to their right.""}]",partial,audit-0098-g01,生成题追踪冲浪者在白浪区附近先远离再靠近的变化，相关于进入浪花后的可见阶段，但没有跌水或重新露面。,absent,audit-0098-g01,生成题 audit-0098-g01 询问：“[Single-Choice] How does the surfer's position relative to the main breaking part of the wave (the white water) change between the first turn (0:03) and the second turn (0:08)? [Options] A) They move farther away from the white water and then closer again. B) They stay at a constant distance from the white water. C) They move closer to the white water and then farther away. D) They are always inside the white water.”；参考题询问：“冲浪者跌入浪花后是否再次露出水面？”。生成题的核心事实与参考题不同；同一视频、同一对象或相邻事件本身不足以构成覆盖。
judgment-0540,audit-0098,冲浪者何时被浪花完全遮挡？,"[{""generated_id"": ""audit-0098-g01"", ""question"": ""[Single-Choice] How does the surfer's position relative to the main breaking part of the wave (the white water) change between the first turn (0:03) and the second turn (0:08)? [Options] A) They move farther away from the white water and then closer again. B) They stay at a constant distance from the white water. C) They move closer to the white water and then farther away. D) They are always inside the white water.""}, {""generated_id"": ""audit-0098-g02"", ""question"": ""[True/False] From the camera's fixed viewpoint, the surfer travels primarily from right to left. From the surfer's own perspective, their first major turn is a turn to their right.""}]",partial,audit-0098-g01,生成题以白浪区为参照追踪两次转向间距离，但没有判断何时被浪花完全遮挡。,absent,audit-0098-g01,生成题 audit-0098-g01 询问：“[Single-Choice] How does the surfer's position relative to the main breaking part of the wave (the white water) change between the first turn (0:03) and the second turn (0:08)? [Options] A) They move farther away from the white water and then closer again. B) They stay at a constant distance from the white water. C) They move closer to the white water and then farther away. D) They are always inside the white water.”；参考题询问：“冲浪者何时被浪花完全遮挡？”。生成题的核心事实与参考题不同；同一视频、同一对象或相邻事件本身不足以构成覆盖。
judgment-0548,audit-0099,车辆最终停在道路上吗？,"[{""generated_id"": ""audit-0099-g01"", ""question"": ""[Single-Choice] As the car emerges from behind the concrete wall at the start of the video, which of these front features is the last one to become fully visible? [Options] A) The driver's side headlight. B) The Volkswagen logo in the center of the grille. C) The passenger's side headlight. D) The front license plate area.""}, {""generated_id"": ""audit-0099-g02"", ""question"": ""[True/False] Based on the car's trajectory and wheel alignment at 0:06, if it had not started to slow down, its projected path would have been straight along the side of the road.""}]",partial,audit-0099-g02,生成题说明车辆已开始减速并推演若不减速将沿路直行，相关于停车趋势但未判断最终是否停在路上。,absent,audit-0099-g02,"生成题 audit-0099-g02 询问：“[True/False] Based on the car's trajectory and wheel alignment at 0:06, if it had not started to slow down, its projected path would have been straight along the side of the road.”；参考题询问：“车辆最终停在道路上吗？”。生成题的核心事实与参考题不同；同一视频、同一对象或相邻事件本身不足以构成覆盖。"
judgment-0549,audit-0100,白车经过住宅时从车内视角向哪侧移动？,"[{""generated_id"": ""audit-0100-g01"", ""question"": ""[True/False] By the time the garage door is fully open, its bottom edge is positioned higher than the roof of the white car.""}, {""generated_id"": ""audit-0100-g02"", ""question"": ""[Single-Choice] As the garage door rises, which part of the white car across the street becomes visible first? [Options] A) The roof. B) The wheels. C) The side mirrors. D) The entire car at once.""}, {""generated_id"": ""audit-0100-g03"", ""question"": ""[Single-Choice] As the garage door opens, which of these objects or features is the LAST to be fully revealed? [Options] A) The entire white car. B) The front door of the house on the far left. C) The top of the street lamp on the right. D) The ground-floor window of the house on the far left.""}, {""generated_id"": ""audit-0100-g04"", ""question"": ""[True/False] As the vehicle moves forward and to the left, the car's left A-pillar moves across the field of view, eventually revealing a wooden fence that was initially occluded.""}, {""generated_id"": ""audit-0100-g05"", ""question"": ""[True/False] As the vehicle moves forward and to the left, the car's left A-pillar moves across the field of view, eventually revealing a wooden fence that was initially occluded.""}]",absent,audit-0100-g02,生成题中的白车因车库门升起而逐步显露，没有白车经过住宅时向哪侧移动。,partial,audit-0100-g04,"生成题 audit-0100-g04 询问：“[True/False] As the vehicle moves forward and to the left, the car's left A-pillar moves across the field of view, eventually revealing a wooden fence that was initially occluded.”；参考题询问：“白车经过住宅时从车内视角向哪侧移动？”。二者有明确语义重合，但生成题只覆盖参考事实的一部分，或改问了不同参照、时间点、条件或细节，不能直接回答参考题。"
judgment-0552,audit-0100,窗外白车相对观察者向哪侧移动？,"[{""generated_id"": ""audit-0100-g01"", ""question"": ""[True/False] By the time the garage door is fully open, its bottom edge is positioned higher than the roof of the white car.""}, {""generated_id"": ""audit-0100-g02"", ""question"": ""[Single-Choice] As the garage door rises, which part of the white car across the street becomes visible first? [Options] A) The roof. B) The wheels. C) The side mirrors. D) The entire car at once.""}, {""generated_id"": ""audit-0100-g03"", ""question"": ""[Single-Choice] As the garage door opens, which of these objects or features is the LAST to be fully revealed? [Options] A) The entire white car. B) The front door of the house on the far left. C) The top of the street lamp on the right. D) The ground-floor window of the house on the far left.""}, {""generated_id"": ""audit-0100-g04"", ""question"": ""[True/False] As the vehicle moves forward and to the left, the car's left A-pillar moves across the field of view, eventually revealing a wooden fence that was initially occluded.""}, {""generated_id"": ""audit-0100-g05"", ""question"": ""[True/False] As the vehicle moves forward and to the left, the car's left A-pillar moves across the field of view, eventually revealing a wooden fence that was initially occluded.""}]",absent,audit-0100-g02,生成题中的窗外白车保持在街对面并被车库门揭示，没有相对观察者的侧向移动。,partial,audit-0100-g04,"生成题 audit-0100-g04 询问：“[True/False] As the vehicle moves forward and to the left, the car's left A-pillar moves across the field of view, eventually revealing a wooden fence that was initially occluded.”；参考题询问：“窗外白车相对观察者向哪侧移动？”。二者有明确语义重合，但生成题只覆盖参考事实的一部分，或改问了不同参照、时间点、条件或细节，不能直接回答参考题。"
judgment-0553,audit-0100,白车是否被前景仪表台遮挡过？,"[{""generated_id"": ""audit-0100-g01"", ""question"": ""[True/False] By the time the garage door is fully open, its bottom edge is positioned higher than the roof of the white car.""}, {""generated_id"": ""audit-0100-g02"", ""question"": ""[Single-Choice] As the garage door rises, which part of the white car across the street becomes visible first? [Options] A) The roof. B) The wheels. C) The side mirrors. D) The entire car at once.""}, {""generated_id"": ""audit-0100-g03"", ""question"": ""[Single-Choice] As the garage door opens, which of these objects or features is the LAST to be fully revealed? [Options] A) The entire white car. B) The front door of the house on the far left. C) The top of the street lamp on the right. D) The ground-floor window of the house on the far left.""}, {""generated_id"": ""audit-0100-g04"", ""question"": ""[True/False] As the vehicle moves forward and to the left, the car's left A-pillar moves across the field of view, eventually revealing a wooden fence that was initially occluded.""}, {""generated_id"": ""audit-0100-g05"", ""question"": ""[True/False] As the vehicle moves forward and to the left, the car's left A-pillar moves across the field of view, eventually revealing a wooden fence that was initially occluded.""}]",absent,audit-0100-g04,生成题的前景遮挡物是左侧A柱且被揭示的是木栅栏，不是仪表台对白车的遮挡。,partial,audit-0100-g04,"生成题 audit-0100-g04 询问：“[True/False] As the vehicle moves forward and to the left, the car's left A-pillar moves across the field of view, eventually revealing a wooden fence that was initially occluded.”；参考题询问：“白车是否被前景仪表台遮挡过？”。二者有明确语义重合，但生成题只覆盖参考事实的一部分，或改问了不同参照、时间点、条件或细节，不能直接回答参考题。"
judgment-0558,audit-0101,鱼从水下出现到被举起经历了什么顺序？,"[{""generated_id"": ""audit-0101-g01"", ""question"": ""[True/False] The trajectory of the fish, as it is being pulled through the water before being lifted, is primarily from a distant point toward the camera's location.""}]",direct,audit-0101-g01,生成题直接描述鱼先从远处在水中被拉近再被举起，完整覆盖从水下出现到举起的核心顺序。,partial,audit-0101-g01,"生成题 audit-0101-g01 询问：“[True/False] The trajectory of the fish, as it is being pulled through the water before being lifted, is primarily from a distant point toward the camera's location.”；参考题询问：“鱼从水下出现到被举起经历了什么顺序？”。二者有明确语义重合，但生成题只覆盖参考事实的一部分，或改问了不同参照、时间点、条件或细节，不能直接回答参考题。"
judgment-0562,audit-0102,骑手们沿赛道朝哪个方向驶离？,"[{""generated_id"": ""audit-0102-g01"", ""question"": ""[True/False] Based entirely on the difference in acceleration between the two motorcycles within the first two seconds of the race, it is predictable that the motorcycle in the right lane will maintain its lead.""}, {""generated_id"": ""audit-0102-g02"", ""question"": ""[True/False] Based entirely on the difference in acceleration between the two motorcycles within the first two seconds of the race, it is predictable that the motorcycle in the right lane will maintain its lead.""}, {""generated_id"": ""audit-0102-g03"", ""question"": ""[True/False] Based entirely on the difference in acceleration between the two motorcycles within the first two seconds of the race, it is predictable that the motorcycle in the right lane will maintain its lead.""}, {""generated_id"": ""audit-0102-g04"", ""question"": ""[Single-Choice] Near the end of the video, from the perspective of the spectators in the stands, a train is moving in the background. What is the direction of the train's movement relative to the direction the motorcycles are racing? [Options] A) The train is moving in the same direction as the motorcycles. B) The train is moving in the opposite direction of the motorcycles. C) The train is moving from left to right, perpendicular to the motorcycles' path. D) The train is moving from right to left, perpendicular to the motorcycles' path.""}]",partial,audit-0102-g04,生成题比较背景列车相对摩托车比赛方向是同向、反向或横向，触及骑手行驶轴向但没有直接给出画面或赛道哪侧。,absent,audit-0102-g04,"生成题 audit-0102-g04 询问：“[Single-Choice] Near the end of the video, from the perspective of the spectators in the stands, a train is moving in the background. What is the direction of the train's movement relative to the direction the motorcycles are racing? [Options] A) The train is moving in the same direction as the motorcycles. B) The train is moving in the opposite direction of the motorcycles. C) The train is moving from left to right, perpendicular to the motorcycles' path. D) The train is moving from right to left, perpendicular to the motorcycles' path.”；参考题询问：“骑手们沿赛道朝哪个方向驶离？”。生成题的核心事实与参考题不同；同一视频、同一对象或相邻事件本身不足以构成覆盖。"
judgment-0563,audit-0102,两辆摩托车的前后关系在比赛中是否改变？,"[{""generated_id"": ""audit-0102-g01"", ""question"": ""[True/False] Based entirely on the difference in acceleration between the two motorcycles within the first two seconds of the race, it is predictable that the motorcycle in the right lane will maintain its lead.""}, {""generated_id"": ""audit-0102-g02"", ""question"": ""[True/False] Based entirely on the difference in acceleration between the two motorcycles within the first two seconds of the race, it is predictable that the motorcycle in the right lane will maintain its lead.""}, {""generated_id"": ""audit-0102-g03"", ""question"": ""[True/False] Based entirely on the difference in acceleration between the two motorcycles within the first two seconds of the race, it is predictable that the motorcycle in the right lane will maintain its lead.""}, {""generated_id"": ""audit-0102-g04"", ""question"": ""[Single-Choice] Near the end of the video, from the perspective of the spectators in the stands, a train is moving in the background. What is the direction of the train's movement relative to the direction the motorcycles are racing? [Options] A) The train is moving in the same direction as the motorcycles. B) The train is moving in the opposite direction of the motorcycles. C) The train is moving from left to right, perpendicular to the motorcycles' path. D) The train is moving from right to left, perpendicular to the motorcycles' path.""}]",direct,audit-0102-g01,生成题直接判断右车道摩托车是否从早期加速后持续保持领先，完整覆盖比赛中前后关系是否改变。,partial,audit-0102-g01,"生成题 audit-0102-g01 询问：“[True/False] Based entirely on the difference in acceleration between the two motorcycles within the first two seconds of the race, it is predictable that the motorcycle in the right lane will maintain its lead.”；参考题询问：“两辆摩托车的前后关系在比赛中是否改变？”。二者有明确语义重合，但生成题只覆盖参考事实的一部分，或改问了不同参照、时间点、条件或细节，不能直接回答参考题。"
judgment-0574,audit-0105,橙衣男子是否在持续处理手中物品？,"[{""generated_id"": ""audit-0105-g01"", ""question"": ""[Single-Choice] The man is using a tool in his right hand to scrape an object in his left. Based on the direction of force application, what is the primary purpose of the tool's movement from the right side of the frame towards the left? [Options] A) To remove material from the object. B) To reposition the tool for the next scraping stroke. C) To sharpen the tool on the object's surface. D) To apply a coating to the object.""}, {""generated_id"": ""audit-0105-g02"", ""question"": ""[Fill-in-the-Blank] The repetitive scraping action causes the surface of the object in the man's left hand to become noticeably ________.""}]",direct,audit-0105-g02,生成题明确男子对左手物体进行反复刮削并造成表面变化，直接覆盖持续处理手中物品。,partial,audit-0105-g01,"生成题 audit-0105-g01 询问：“[Single-Choice] The man is using a tool in his right hand to scrape an object in his left. Based on the direction of force application, what is the primary purpose of the tool's movement from the right side of the frame towards the left? [Options] A) To remove material from the object. B) To reposition the tool for the next scraping stroke. C) To sharpen the tool on the object's surface. D) To apply a coating to the object.”；参考题询问：“橙衣男子是否在持续处理手中物品？”。二者有明确语义重合，但生成题只覆盖参考事实的一部分，或改问了不同参照、时间点、条件或细节，不能直接回答参考题。"
judgment-0580,audit-0106,女子先握住小鱼还是先让另一只手接近鱼钩？,"[{""generated_id"": ""audit-0106-g01"", ""question"": ""[Single-Choice] Based on the specific path the hook takes through the fish's mouth and the presence of the fishing rod, what is the immediate goal of this action? [Options] A) To remove something stuck in the fish's throat. B) To secure the fish as live bait on the line. C) To tag the fish for scientific tracking. D) To measure the fish's mouth.""}, {""generated_id"": ""audit-0106-g02"", ""question"": ""[True/False] After the hook's point enters the fish's lower jaw, the entire hook is momentarily occluded by the fish's head before its point re-emerges from the top.""}, {""generated_id"": ""audit-0106-g03"", ""question"": ""[True/False] From the woman's perspective, the hand guiding the hook is positioned on her left side.""}]",partial,audit-0106-g03,生成题定位女子左侧引导鱼钩的手并描述鱼钩进入鱼嘴，但没有比较先握住小鱼与另一手靠近鱼钩的次序。,absent,audit-0106-g03,"生成题 audit-0106-g03 询问：“[True/False] From the woman's perspective, the hand guiding the hook is positioned on her left side.”；参考题询问：“女子先握住小鱼还是先让另一只手接近鱼钩？”。生成题的核心事实与参考题不同；同一视频、同一对象或相邻事件本身不足以构成覆盖。"
judgment-0582,audit-0106,处理后鱼钩是否与鱼分离？,"[{""generated_id"": ""audit-0106-g01"", ""question"": ""[Single-Choice] Based on the specific path the hook takes through the fish's mouth and the presence of the fishing rod, what is the immediate goal of this action? [Options] A) To remove something stuck in the fish's throat. B) To secure the fish as live bait on the line. C) To tag the fish for scientific tracking. D) To measure the fish's mouth.""}, {""generated_id"": ""audit-0106-g02"", ""question"": ""[True/False] After the hook's point enters the fish's lower jaw, the entire hook is momentarily occluded by the fish's head before its point re-emerges from the top.""}, {""generated_id"": ""audit-0106-g03"", ""question"": ""[True/False] From the woman's perspective, the hand guiding the hook is positioned on her left side.""}]",direct,audit-0106-g01,生成题直接判断把鱼钩穿过鱼嘴的目标是否为把鱼固定在线上作活饵，实质决定处理后钩与鱼并未分离。,absent,audit-0106-g01,"生成题 audit-0106-g01 询问：“[Single-Choice] Based on the specific path the hook takes through the fish's mouth and the presence of the fishing rod, what is the immediate goal of this action? [Options] A) To remove something stuck in the fish's throat. B) To secure the fish as live bait on the line. C) To tag the fish for scientific tracking. D) To measure the fish's mouth.”；参考题询问：“处理后鱼钩是否与鱼分离？”。生成题的核心事实与参考题不同；同一视频、同一对象或相邻事件本身不足以构成覆盖。"
judgment-0585,audit-0106,两人操作鱼钩的直接目标是什么？,"[{""generated_id"": ""audit-0106-g01"", ""question"": ""[Single-Choice] Based on the specific path the hook takes through the fish's mouth and the presence of the fishing rod, what is the immediate goal of this action? [Options] A) To remove something stuck in the fish's throat. B) To secure the fish as live bait on the line. C) To tag the fish for scientific tracking. D) To measure the fish's mouth.""}, {""generated_id"": ""audit-0106-g02"", ""question"": ""[True/False] After the hook's point enters the fish's lower jaw, the entire hook is momentarily occluded by the fish's head before its point re-emerges from the top.""}, {""generated_id"": ""audit-0106-g03"", ""question"": ""[True/False] From the woman's perspective, the hand guiding the hook is positioned on her left side.""}]",direct,audit-0106-g01,生成题直接询问两手引导鱼钩穿过鱼嘴的即时目标，完整覆盖操作鱼钩的目的。,partial,audit-0106-g01,"生成题 audit-0106-g01 询问：“[Single-Choice] Based on the specific path the hook takes through the fish's mouth and the presence of the fishing rod, what is the immediate goal of this action? [Options] A) To remove something stuck in the fish's throat. B) To secure the fish as live bait on the line. C) To tag the fish for scientific tracking. D) To measure the fish's mouth.”；参考题询问：“两人操作鱼钩的直接目标是什么？”。二者有明确语义重合，但生成题只覆盖参考事实的一部分，或改问了不同参照、时间点、条件或细节，不能直接回答参考题。"
judgment-0588,audit-0107,直升机最终是否平稳落到草地？,"[{""generated_id"": ""audit-0107-g01"", ""question"": ""[Fill-in-the-Blank] After the helicopter lands, the visual state of the main rotor blades transitions from a continuous transparent blur to ______, as they slow to a stop.""}]",partial,audit-0107-g01,生成题明确直升机完成着陆并进入停转状态，但没有说明落在草地或机身是否平稳。,direct,audit-0107-g01,"生成题 audit-0107-g01 询问：“[Fill-in-the-Blank] After the helicopter lands, the visual state of the main rotor blades transitions from a continuous transparent blur to ______, as they slow to a stop.”；参考题询问：“直升机最终是否平稳落到草地？”。二者都要求判断同一个核心可视事实，且需要的空间、时间或状态推理操作基本一致。"
judgment-0591,audit-0107,着陆时机身朝向是否保持稳定？,"[{""generated_id"": ""audit-0107-g01"", ""question"": ""[Fill-in-the-Blank] After the helicopter lands, the visual state of the main rotor blades transitions from a continuous transparent blur to ______, as they slow to a stop.""}]",absent,audit-0107-g01,生成题只关注着陆后主旋翼状态，没有着陆时机身朝向稳定性。,partial,audit-0107-g01,"生成题 audit-0107-g01 询问：“[Fill-in-the-Blank] After the helicopter lands, the visual state of the main rotor blades transitions from a continuous transparent blur to ______, as they slow to a stop.”；参考题询问：“着陆时机身朝向是否保持稳定？”。二者有明确语义重合，但生成题只覆盖参考事实的一部分，或改问了不同参照、时间点、条件或细节，不能直接回答参考题。"
judgment-0597,audit-0108,人群是否朝同一方向移动？,"[{""generated_id"": ""audit-0108-g01"", ""question"": ""[Single-Choice] A woman wearing a white shirt and a pink scarf is initially on the right side of the frame and walks left. By the end of the clip, which person is primarily occluding her from view? [Options] A) The man in the black jacket. B) The monk in the brown robe. C) A person in a purple shirt. D) She is not occluded and is visible on the far left.""}, {""generated_id"": ""audit-0108-g02"", ""question"": ""[Single-Choice] A woman wearing a white shirt and a pink scarf is initially on the right side of the frame and walks left. By the end of the clip, which person is primarily occluding her from view? [Options] A) The man in the black jacket. B) The monk in the brown robe. C) A person in a purple shirt. D) She is not occluded and is visible on the far left.""}]",partial,audit-0108-g01,生成题明确一名女子从画面右侧向左走并最终被人遮挡，触及人群中的移动方向但没有判断整个人群是否同向。,absent,audit-0108-g01,"生成题 audit-0108-g01 询问：“[Single-Choice] A woman wearing a white shirt and a pink scarf is initially on the right side of the frame and walks left. By the end of the clip, which person is primarily occluding her from view? [Options] A) The man in the black jacket. B) The monk in the brown robe. C) A person in a purple shirt. D) She is not occluded and is visible on the far left.”；参考题询问：“人群是否朝同一方向移动？”。生成题的核心事实与参考题不同；同一视频、同一对象或相邻事件本身不足以构成覆盖。"
judgment-0598,audit-0109,展示者主要指向包装盒的哪个区域？,"[{""generated_id"": ""audit-0109-g01"", ""question"": ""[True/False] The person's pointing gesture starts on the packaging label in the middle of the box and then moves directly to the box's top edge.""}]",direct,audit-0109-g01,生成题直接说明手势先指包装盒中央标签再移到盒顶边缘，完整覆盖主要指向区域。,partial,audit-0109-g01,生成题 audit-0109-g01 询问：“[True/False] The person's pointing gesture starts on the packaging label in the middle of the box and then moves directly to the box's top edge.”；参考题询问：“展示者主要指向包装盒的哪个区域？”。二者有明确语义重合，但生成题只覆盖参考事实的一部分，或改问了不同参照、时间点、条件或细节，不能直接回答参考题。
judgment-0599,audit-0109,盒面圆形图案相对产品名称位于哪里？,"[{""generated_id"": ""audit-0109-g01"", ""question"": ""[True/False] The person's pointing gesture starts on the packaging label in the middle of the box and then moves directly to the box's top edge.""}]",absent,audit-0109-g01,生成题没有盒面圆形图案相对产品名称的位置。,partial,audit-0109-g01,生成题 audit-0109-g01 询问：“[True/False] The person's pointing gesture starts on the packaging label in the middle of the box and then moves directly to the box's top edge.”；参考题询问：“盒面圆形图案相对产品名称位于哪里？”。二者有明确语义重合，但生成题只覆盖参考事实的一部分，或改问了不同参照、时间点、条件或细节，不能直接回答参考题。
judgment-0606,audit-0110,狗群是否在奔跑中改变整体方向？,"[{""generated_id"": ""audit-0110-g01"", ""question"": ""[Single-Choice] How does the spatial arrangement of the red leash change from the beginning to the end of the video? [Options] A) It starts stretched out and becomes coiled near the husky. B) It remains coiled in the same spot throughout the video. C) It starts partially coiled and ends up stretched out towards the right side of the scene. D) It starts partially coiled and ends up stretched out towards the left side of the scene.""}, {""generated_id"": ""audit-0110-g02"", ""question"": ""[True/False] Based on their movements, the two dogs are initially moving away from each other.""}]",partial,audit-0110-g02,生成题描述两狗起初彼此远离，触及个体方向差异但没有判断狗群整体是否在奔跑中改向。,absent,audit-0110-g02,"生成题 audit-0110-g02 询问：“[True/False] Based on their movements, the two dogs are initially moving away from each other.”；参考题询问：“狗群是否在奔跑中改变整体方向？”。生成题的核心事实与参考题不同；同一视频、同一对象或相邻事件本身不足以构成覆盖。"
judgment-0607,audit-0110,黑狗与白狗是否朝同一方向奔跑？,"[{""generated_id"": ""audit-0110-g01"", ""question"": ""[Single-Choice] How does the spatial arrangement of the red leash change from the beginning to the end of the video? [Options] A) It starts stretched out and becomes coiled near the husky. B) It remains coiled in the same spot throughout the video. C) It starts partially coiled and ends up stretched out towards the right side of the scene. D) It starts partially coiled and ends up stretched out towards the left side of the scene.""}, {""generated_id"": ""audit-0110-g02"", ""question"": ""[True/False] Based on their movements, the two dogs are initially moving away from each other.""}]",partial,audit-0110-g02,生成题直接判断两只狗起初是否相互远离，可区分是否同向奔跑，但没有明确黑狗和白狗身份或全程方向。,direct,audit-0110-g02,"生成题 audit-0110-g02 询问：“[True/False] Based on their movements, the two dogs are initially moving away from each other.”；参考题询问：“黑狗与白狗是否朝同一方向奔跑？”。二者都要求判断同一个核心可视事实，且需要的空间、时间或状态推理操作基本一致。"
judgment-0611,audit-0111,居民区位于草地的哪个方向？,"[{""generated_id"": ""audit-0111-g01"", ""question"": ""[Single-Choice] At 0:15, a tall church steeple is visible. Relative to the prominent white and grey house nearby, where is the steeple located at 0:21 from the camera's viewpoint? [Options] A) To the right of the house. B) Directly behind the house. C) To the left of the house. D) It has been completely occluded by trees.""}, {""generated_id"": ""audit-0111-g02"", ""question"": ""[Single-Choice] At 0:13, several houses are visible behind a line of dense trees. If the camera had moved straight forward towards these houses instead of panning left, what would have been the most likely visual outcome regarding the white house and the cream-colored house next to it? [Options] A) The cream-colored house would have become hidden behind the white house. B) The apparent distance between the two houses would have increased. C) The white house would have been completely blocked by the trees. D) The houses would have appeared to move farther apart vertically.""}, {""generated_id"": ""audit-0111-g03"", ""question"": ""[Single-Choice] At 0:11, a tall church steeple is visible. Relative to the prominent white and grey house nearby, where is the steeple located at 0:21 from the camera's viewpoint? [Options] A) To the right of the house. B) Directly behind the house. C) To the left of the house. D) It has been completely occluded by trees.""}, {""generated_id"": ""audit-0111-g04"", ""question"": ""[Single-Choice] At 0:13, several houses are visible behind a line of dense trees. If the camera had moved straight forward towards these houses instead of panning left, what would have been the most likely visual outcome regarding the white house and the cream-colored house next to it? [Options] A) The cream-colored house would have become hidden behind the white house. B) The apparent distance between the two houses would have increased. C) The white house would have been completely blocked by the trees. D) The houses would have appeared to move farther apart vertically.""}, {""generated_id"": ""audit-0111-g05"", ""question"": ""[Multiple-Select] The camera's movement creates a changing perspective. Which of these statements describe a fixed, real-world spatial relationship between objects, independent of the camera's point of view? (Select all that apply) [Options] A) The red van is parked across the street from a large leafy tree. B) The church steeple is on the left side of the screen relative to the white and grey house. C) The central cluster of bushes is located between the camera's starting position and the town. D) The white and grey house moves from the right side of the frame towards the left.""}]",absent,audit-0111-g05,生成题定位居民房屋、灌木和街道，没有草地作为参照或居民区相对草地的方向。,partial,audit-0111-g05,"生成题 audit-0111-g05 询问：“[Multiple-Select] The camera's movement creates a changing perspective. Which of these statements describe a fixed, real-world spatial relationship between objects, independent of the camera's point of view? (Select all that apply) [Options] A) The red van is parked across the street from a large leafy tree. B) The church steeple is on the left side of the screen relative to the white and grey house. C) The central cluster of bushes is located between the camera's starting position and the town. D) The white and grey house moves from the right side of the frame towards the left.”；参考题询问：“居民区位于草地的哪个方向？”。二者有明确语义重合，但生成题只覆盖参考事实的一部分，或改问了不同参照、时间点、条件或细节，不能直接回答参考题。"
judgment-0614,audit-0111,前景灌木是否遮挡部分房屋？,"[{""generated_id"": ""audit-0111-g01"", ""question"": ""[Single-Choice] At 0:15, a tall church steeple is visible. Relative to the prominent white and grey house nearby, where is the steeple located at 0:21 from the camera's viewpoint? [Options] A) To the right of the house. B) Directly behind the house. C) To the left of the house. D) It has been completely occluded by trees.""}, {""generated_id"": ""audit-0111-g02"", ""question"": ""[Single-Choice] At 0:13, several houses are visible behind a line of dense trees. If the camera had moved straight forward towards these houses instead of panning left, what would have been the most likely visual outcome regarding the white house and the cream-colored house next to it? [Options] A) The cream-colored house would have become hidden behind the white house. B) The apparent distance between the two houses would have increased. C) The white house would have been completely blocked by the trees. D) The houses would have appeared to move farther apart vertically.""}, {""generated_id"": ""audit-0111-g03"", ""question"": ""[Single-Choice] At 0:11, a tall church steeple is visible. Relative to the prominent white and grey house nearby, where is the steeple located at 0:21 from the camera's viewpoint? [Options] A) To the right of the house. B) Directly behind the house. C) To the left of the house. D) It has been completely occluded by trees.""}, {""generated_id"": ""audit-0111-g04"", ""question"": ""[Single-Choice] At 0:13, several houses are visible behind a line of dense trees. If the camera had moved straight forward towards these houses instead of panning left, what would have been the most likely visual outcome regarding the white house and the cream-colored house next to it? [Options] A) The cream-colored house would have become hidden behind the white house. B) The apparent distance between the two houses would have increased. C) The white house would have been completely blocked by the trees. D) The houses would have appeared to move farther apart vertically.""}, {""generated_id"": ""audit-0111-g05"", ""question"": ""[Multiple-Select] The camera's movement creates a changing perspective. Which of these statements describe a fixed, real-world spatial relationship between objects, independent of the camera's point of view? (Select all that apply) [Options] A) The red van is parked across the street from a large leafy tree. B) The church steeple is on the left side of the screen relative to the white and grey house. C) The central cluster of bushes is located between the camera's starting position and the town. D) The white and grey house moves from the right side of the frame towards the left.""}]",direct,audit-0111-g02,生成题明确多栋房屋位于浓密树线后方并考察白房是否被树完全挡住，直接覆盖前景灌木遮挡部分房屋。,partial,audit-0111-g02,"生成题 audit-0111-g02 询问：“[Single-Choice] At 0:13, several houses are visible behind a line of dense trees. If the camera had moved straight forward towards these houses instead of panning left, what would have been the most likely visual outcome regarding the white house and the cream-colored house next to it? [Options] A) The cream-colored house would have become hidden behind the white house. B) The apparent distance between the two houses would have increased. C) The white house would have been completely blocked by the trees. D) The houses would have appeared to move farther apart vertically.”；参考题询问：“前景灌木是否遮挡部分房屋？”。二者有明确语义重合，但生成题只覆盖参考事实的一部分，或改问了不同参照、时间点、条件或细节，不能直接回答参考题。"
judgment-0632,audit-0115,男子先展示车身外壳还是先展示开孔细节？,"[{""generated_id"": ""audit-0115-g01"", ""question"": ""[True/False] The unpainted car body in the foreground has the same shape and would spatially fit as the front body of the red car visible to the left of the man.""}, {""generated_id"": ""audit-0115-g02"", ""question"": ""[Multiple-Select] By comparing the unpainted car body in the foreground with the assembled red car next to it, which major components are visibly installed on the red car but are absent from the unpainted body? (Select all that apply) [Options] A) The side exhaust pipes. B) The opening for the front grille. C) The headlights. D) The front wheel wells.""}]",partial,audit-0115-g02,生成题通过未上漆外壳与完整红车比较开孔和缺失部件，覆盖两类细节但没有镜头先展示外壳还是开孔。,absent,audit-0115-g01,生成题 audit-0115-g01 询问：“[True/False] The unpainted car body in the foreground has the same shape and would spatially fit as the front body of the red car visible to the left of the man.”；参考题询问：“男子先展示车身外壳还是先展示开孔细节？”。生成题的核心事实与参考题不同；同一视频、同一对象或相邻事件本身不足以构成覆盖。
judgment-0633,audit-0115,开孔位于车身部件的哪个区域？,"[{""generated_id"": ""audit-0115-g01"", ""question"": ""[True/False] The unpainted car body in the foreground has the same shape and would spatially fit as the front body of the red car visible to the left of the man.""}, {""generated_id"": ""audit-0115-g02"", ""question"": ""[Multiple-Select] By comparing the unpainted car body in the foreground with the assembled red car next to it, which major components are visibly installed on the red car but are absent from the unpainted body? (Select all that apply) [Options] A) The side exhaust pipes. B) The opening for the front grille. C) The headlights. D) The front wheel wells.""}]",direct,audit-0115-g02,生成题具体比较前格栅开口和前轮拱等开孔是否存在，直接覆盖开孔位于车身前部区域。,partial,audit-0115-g02,"生成题 audit-0115-g02 询问：“[Multiple-Select] By comparing the unpainted car body in the foreground with the assembled red car next to it, which major components are visibly installed on the red car but are absent from the unpainted body? (Select all that apply) [Options] A) The side exhaust pipes. B) The opening for the front grille. C) The headlights. D) The front wheel wells.”；参考题询问：“开孔位于车身部件的哪个区域？”。二者有明确语义重合，但生成题只覆盖参考事实的一部分，或改问了不同参照、时间点、条件或细节，不能直接回答参考题。"
judgment-0634,audit-0115,车身部件是否呈现未完成或拆卸状态？,"[{""generated_id"": ""audit-0115-g01"", ""question"": ""[True/False] The unpainted car body in the foreground has the same shape and would spatially fit as the front body of the red car visible to the left of the man.""}, {""generated_id"": ""audit-0115-g02"", ""question"": ""[Multiple-Select] By comparing the unpainted car body in the foreground with the assembled red car next to it, which major components are visibly installed on the red car but are absent from the unpainted body? (Select all that apply) [Options] A) The side exhaust pipes. B) The opening for the front grille. C) The headlights. D) The front wheel wells.""}]",direct,audit-0115-g02,生成题明确前景车身未上漆且相较组装红车缺少多项部件，直接覆盖未完成或拆卸状态。,partial,audit-0115-g01,生成题 audit-0115-g01 询问：“[True/False] The unpainted car body in the foreground has the same shape and would spatially fit as the front body of the red car visible to the left of the man.”；参考题询问：“车身部件是否呈现未完成或拆卸状态？”。二者有明确语义重合，但生成题只覆盖参考事实的一部分，或改问了不同参照、时间点、条件或细节，不能直接回答参考题。
judgment-0640,audit-0116,汽车先接近装卸区还是先从远处横向驶过？,"[{""generated_id"": ""audit-0116-g01"", ""question"": ""[Single-Choice] If the car had continued its trajectory and rotation from the point seen at the 0:07 mark without the driver correcting its path, which object would it have most likely collided with? [Options] A) The parked semi-trailer on the right. B) The green dumpsters. C) The white truck that briefly enters from the left. D) The loading dock doors of the main building.""}]",partial,audit-0116-g01,生成题把装卸码头、半挂车等列为车辆潜在碰撞对象，触及装卸区运动，但没有与从远处横向驶过比较顺序。,absent,audit-0116-g01,"生成题 audit-0116-g01 询问：“[Single-Choice] If the car had continued its trajectory and rotation from the point seen at the 0:07 mark without the driver correcting its path, which object would it have most likely collided with? [Options] A) The parked semi-trailer on the right. B) The green dumpsters. C) The white truck that briefly enters from the left. D) The loading dock doors of the main building.”；参考题询问：“汽车先接近装卸区还是先从远处横向驶过？”。生成题的核心事实与参考题不同；同一视频、同一对象或相邻事件本身不足以构成覆盖。"
judgment-0641,audit-0116,白车在空地中是否完成转弯？,"[{""generated_id"": ""audit-0116-g01"", ""question"": ""[Single-Choice] If the car had continued its trajectory and rotation from the point seen at the 0:07 mark without the driver correcting its path, which object would it have most likely collided with? [Options] A) The parked semi-trailer on the right. B) The green dumpsters. C) The white truck that briefly enters from the left. D) The loading dock doors of the main building.""}]",partial,audit-0116-g01,生成题明确汽车在七秒处持续旋转且司机随后修正路径，覆盖转弯过程但没有直接判断是否完成转弯。,direct,audit-0116-g01,"生成题 audit-0116-g01 询问：“[Single-Choice] If the car had continued its trajectory and rotation from the point seen at the 0:07 mark without the driver correcting its path, which object would it have most likely collided with? [Options] A) The parked semi-trailer on the right. B) The green dumpsters. C) The white truck that briefly enters from the left. D) The loading dock doors of the main building.”；参考题询问：“白车在空地中是否完成转弯？”。二者都要求判断同一个核心可视事实，且需要的空间、时间或状态推理操作基本一致。"
judgment-0642,audit-0116,白车相对仓库的距离如何变化？,"[{""generated_id"": ""audit-0116-g01"", ""question"": ""[Single-Choice] If the car had continued its trajectory and rotation from the point seen at the 0:07 mark without the driver correcting its path, which object would it have most likely collided with? [Options] A) The parked semi-trailer on the right. B) The green dumpsters. C) The white truck that briefly enters from the left. D) The loading dock doors of the main building.""}]",partial,audit-0116-g01,生成题预测若保持轨迹可能撞上主楼装卸门，说明与仓库接近，但未追踪实际距离变化。,absent,audit-0116-g01,"生成题 audit-0116-g01 询问：“[Single-Choice] If the car had continued its trajectory and rotation from the point seen at the 0:07 mark without the driver correcting its path, which object would it have most likely collided with? [Options] A) The parked semi-trailer on the right. B) The green dumpsters. C) The white truck that briefly enters from the left. D) The loading dock doors of the main building.”；参考题询问：“白车相对仓库的距离如何变化？”。生成题的核心事实与参考题不同；同一视频、同一对象或相邻事件本身不足以构成覆盖。"
judgment-0644,audit-0117,车辆从支路汇入主路前是否等待横向车流？,"[{""generated_id"": ""audit-0117-g01"", ""question"": ""[Single-Choice] At 0:05, based on the white painted arrows on the road, what would happen if the driver attempted to proceed straight without turning? [Options] A) They would merge into a single lane going forward. B) They would enter the parking lot of the red-roofed building. C) They would make a U-turn. D) They would cross the intersection and continue on the same road.""}, {""generated_id"": ""audit-0117-g02"", ""question"": ""[Single-Choice] Between 0:06 and 0:08, a dark SUV crosses the intersection. From the perspective of the driver in the stationary white SUV waiting to exit the lot, how did the dark SUV move relative to them? [Options] A) It moved from their right to their left. B) It moved from their left to their right. C) It moved directly towards them. D) It moved directly away from them.""}, {""generated_id"": ""audit-0117-g03"", ""question"": ""[Fill-in-the-Blank] At the intersection around 0:40, a blue car begins to turn left. If this blue car had instead continued straight, its path would have crossed the path of the stationary ______ car.""}]",direct,audit-0117-g02,生成题明确白色SUV静止等待驶出停车场时一辆深色SUV横穿路口，直接覆盖汇入主路前等待横向车流。,partial,audit-0117-g02,"生成题 audit-0117-g02 询问：“[Single-Choice] Between 0:06 and 0:08, a dark SUV crosses the intersection. From the perspective of the driver in the stationary white SUV waiting to exit the lot, how did the dark SUV move relative to them? [Options] A) It moved from their right to their left. B) It moved from their left to their right. C) It moved directly towards them. D) It moved directly away from them.”；参考题询问：“车辆从支路汇入主路前是否等待横向车流？”。二者有明确语义重合，但生成题只覆盖参考事实的一部分，或改问了不同参照、时间点、条件或细节，不能直接回答参考题。"
judgment-0645,audit-0117,从驾驶者视角看汇入方向位于哪一侧？,"[{""generated_id"": ""audit-0117-g01"", ""question"": ""[Single-Choice] At 0:05, based on the white painted arrows on the road, what would happen if the driver attempted to proceed straight without turning? [Options] A) They would merge into a single lane going forward. B) They would enter the parking lot of the red-roofed building. C) They would make a U-turn. D) They would cross the intersection and continue on the same road.""}, {""generated_id"": ""audit-0117-g02"", ""question"": ""[Single-Choice] Between 0:06 and 0:08, a dark SUV crosses the intersection. From the perspective of the driver in the stationary white SUV waiting to exit the lot, how did the dark SUV move relative to them? [Options] A) It moved from their right to their left. B) It moved from their left to their right. C) It moved directly towards them. D) It moved directly away from them.""}, {""generated_id"": ""audit-0117-g03"", ""question"": ""[Fill-in-the-Blank] At the intersection around 0:40, a blue car begins to turn left. If this blue car had instead continued straight, its path would have crossed the path of the stationary ______ car.""}]",partial,audit-0117-g01,生成题根据道路箭头判断直行会进入何处，另题描述停车场出口，却没有直接给出实际汇入方向位于驾驶者哪侧。,absent,audit-0117-g01,"生成题 audit-0117-g01 询问：“[Single-Choice] At 0:05, based on the white painted arrows on the road, what would happen if the driver attempted to proceed straight without turning? [Options] A) They would merge into a single lane going forward. B) They would enter the parking lot of the red-roofed building. C) They would make a U-turn. D) They would cross the intersection and continue on the same road.”；参考题询问：“从驾驶者视角看汇入方向位于哪一侧？”。生成题的核心事实与参考题不同；同一视频、同一对象或相邻事件本身不足以构成覆盖。"
judgment-0646,audit-0117,横向车辆通过与本车起步的先后顺序是什么？,"[{""generated_id"": ""audit-0117-g01"", ""question"": ""[Single-Choice] At 0:05, based on the white painted arrows on the road, what would happen if the driver attempted to proceed straight without turning? [Options] A) They would merge into a single lane going forward. B) They would enter the parking lot of the red-roofed building. C) They would make a U-turn. D) They would cross the intersection and continue on the same road.""}, {""generated_id"": ""audit-0117-g02"", ""question"": ""[Single-Choice] Between 0:06 and 0:08, a dark SUV crosses the intersection. From the perspective of the driver in the stationary white SUV waiting to exit the lot, how did the dark SUV move relative to them? [Options] A) It moved from their right to their left. B) It moved from their left to their right. C) It moved directly towards them. D) It moved directly away from them.""}, {""generated_id"": ""audit-0117-g03"", ""question"": ""[Fill-in-the-Blank] At the intersection around 0:40, a blue car begins to turn left. If this blue car had instead continued straight, its path would have crossed the path of the stationary ______ car.""}]",direct,audit-0117-g02,生成题明确本车静止等待时横向深色SUV先穿过路口，实质覆盖横向车先通过、本车后起步的顺序。,partial,audit-0117-g02,"生成题 audit-0117-g02 询问：“[Single-Choice] Between 0:06 and 0:08, a dark SUV crosses the intersection. From the perspective of the driver in the stationary white SUV waiting to exit the lot, how did the dark SUV move relative to them? [Options] A) It moved from their right to their left. B) It moved from their left to their right. C) It moved directly towards them. D) It moved directly away from them.”；参考题询问：“横向车辆通过与本车起步的先后顺序是什么？”。二者有明确语义重合，但生成题只覆盖参考事实的一部分，或改问了不同参照、时间点、条件或细节，不能直接回答参考题。"
judgment-0650,audit-0118,房车侧面的入口门位于车身哪一端？,"[{""generated_id"": ""audit-0118-g01"", ""question"": ""[True/False] The solid white door is located further toward the rear of the vehicle than the main entrance door with the screen.""}, {""generated_id"": ""audit-0118-g02"", ""question"": ""[True/False] At the start of the pan, the smaller, solid white door is completely occluded from view by the part of the vehicle closer to the camera.""}, {""generated_id"": ""audit-0118-g03"", ""question"": ""[Single-Choice] If the camera continued its horizontal panning motion at the same speed and direction, which part of the vehicle would be the next to become the central focus? [Options] A) The front hitch of the vehicle. B) The rear bumper and wheel well area. C) The top of the awning. D) The main entrance door again.""}]",direct,audit-0118-g01,生成题直接判断主入口纱门与实心白门的前后端关系，覆盖入口门位于车身哪一端。,partial,audit-0118-g01,生成题 audit-0118-g01 询问：“[True/False] The solid white door is located further toward the rear of the vehicle than the main entrance door with the screen.”；参考题询问：“房车侧面的入口门位于车身哪一端？”。二者有明确语义重合，但生成题只覆盖参考事实的一部分，或改问了不同参照、时间点、条件或细节，不能直接回答参考题。
judgment-0654,audit-0118,遮阳篷在片段中保持展开吗？,"[{""generated_id"": ""audit-0118-g01"", ""question"": ""[True/False] The solid white door is located further toward the rear of the vehicle than the main entrance door with the screen.""}, {""generated_id"": ""audit-0118-g02"", ""question"": ""[True/False] At the start of the pan, the smaller, solid white door is completely occluded from view by the part of the vehicle closer to the camera.""}, {""generated_id"": ""audit-0118-g03"", ""question"": ""[Single-Choice] If the camera continued its horizontal panning motion at the same speed and direction, which part of the vehicle would be the next to become the central focus? [Options] A) The front hitch of the vehicle. B) The rear bumper and wheel well area. C) The top of the awning. D) The main entrance door again.""}]",absent,audit-0118-g03,生成题仅把遮阳篷顶部列为可能的下一焦点，没有判断其是否在全片段展开。,partial,audit-0118-g03,"生成题 audit-0118-g03 询问：“[Single-Choice] If the camera continued its horizontal panning motion at the same speed and direction, which part of the vehicle would be the next to become the central focus? [Options] A) The front hitch of the vehicle. B) The rear bumper and wheel well area. C) The top of the awning. D) The main entrance door again.”；参考题询问：“遮阳篷在片段中保持展开吗？”。二者有明确语义重合，但生成题只覆盖参考事实的一部分，或改问了不同参照、时间点、条件或细节，不能直接回答参考题。"
judgment-0655,audit-0118,后门相对侧窗位于哪一侧？,"[{""generated_id"": ""audit-0118-g01"", ""question"": ""[True/False] The solid white door is located further toward the rear of the vehicle than the main entrance door with the screen.""}, {""generated_id"": ""audit-0118-g02"", ""question"": ""[True/False] At the start of the pan, the smaller, solid white door is completely occluded from view by the part of the vehicle closer to the camera.""}, {""generated_id"": ""audit-0118-g03"", ""question"": ""[Single-Choice] If the camera continued its horizontal panning motion at the same speed and direction, which part of the vehicle would be the next to become the central focus? [Options] A) The front hitch of the vehicle. B) The rear bumper and wheel well area. C) The top of the awning. D) The main entrance door again.""}]",absent,audit-0118-g02,生成题定位后方实心白门并描述初始遮挡，但没有它相对侧窗的侧向位置。,partial,audit-0118-g01,生成题 audit-0118-g01 询问：“[True/False] The solid white door is located further toward the rear of the vehicle than the main entrance door with the screen.”；参考题询问：“后门相对侧窗位于哪一侧？”。二者有明确语义重合，但生成题只覆盖参考事实的一部分，或改问了不同参照、时间点、条件或细节，不能直接回答参考题。
judgment-0656,audit-0119,摩托车与前方红车的距离如何变化？,"[{""generated_id"": ""audit-0119-g01"", ""question"": ""[Single-Choice] As the motorcycle accelerates through the intersection, what is the final position of the red car relative to the motorcycle's camera? [Options] A) Directly in front of the motorcycle. B) To the right and behind the motorcycle. C) To the left and behind the motorcycle. D) It is no longer visible.""}, {""generated_id"": ""audit-0119-g02"", ""question"": ""[Single-Choice] Based on the sequence of events, what is the most immediate visual cue that prompts the motorcycle rider to start moving forward? [Options] A) The traffic light turning green. B) The red car ahead starting to accelerate. C) A change in the position of the construction barriers. D) The disappearance of the rider's shadow.""}]",direct,audit-0119-g01,生成题从红车起步在前到摩托车加速穿过路口后的最终前后左右位置，直接覆盖二者距离关系的变化。,partial,audit-0119-g01,"生成题 audit-0119-g01 询问：“[Single-Choice] As the motorcycle accelerates through the intersection, what is the final position of the red car relative to the motorcycle's camera? [Options] A) Directly in front of the motorcycle. B) To the right and behind the motorcycle. C) To the left and behind the motorcycle. D) It is no longer visible.”；参考题询问：“摩托车与前方红车的距离如何变化？”。二者有明确语义重合，但生成题只覆盖参考事实的一部分，或改问了不同参照、时间点、条件或细节，不能直接回答参考题。"
judgment-0658,audit-0119,从骑手视角看转向车道位于哪一侧？,"[{""generated_id"": ""audit-0119-g01"", ""question"": ""[Single-Choice] As the motorcycle accelerates through the intersection, what is the final position of the red car relative to the motorcycle's camera? [Options] A) Directly in front of the motorcycle. B) To the right and behind the motorcycle. C) To the left and behind the motorcycle. D) It is no longer visible.""}, {""generated_id"": ""audit-0119-g02"", ""question"": ""[Single-Choice] Based on the sequence of events, what is the most immediate visual cue that prompts the motorcycle rider to start moving forward? [Options] A) The traffic light turning green. B) The red car ahead starting to accelerate. C) A change in the position of the construction barriers. D) The disappearance of the rider's shadow.""}]",absent,audit-0119-g01,生成题没有转向车道相对骑手位于哪侧。,partial,audit-0119-g01,"生成题 audit-0119-g01 询问：“[Single-Choice] As the motorcycle accelerates through the intersection, what is the final position of the red car relative to the motorcycle's camera? [Options] A) Directly in front of the motorcycle. B) To the right and behind the motorcycle. C) To the left and behind the motorcycle. D) It is no longer visible.”；参考题询问：“从骑手视角看转向车道位于哪一侧？”。二者有明确语义重合，但生成题只覆盖参考事实的一部分，或改问了不同参照、时间点、条件或细节，不能直接回答参考题。"
judgment-0660,audit-0119,前方红车与骑手的距离如何变化？,"[{""generated_id"": ""audit-0119-g01"", ""question"": ""[Single-Choice] As the motorcycle accelerates through the intersection, what is the final position of the red car relative to the motorcycle's camera? [Options] A) Directly in front of the motorcycle. B) To the right and behind the motorcycle. C) To the left and behind the motorcycle. D) It is no longer visible.""}, {""generated_id"": ""audit-0119-g02"", ""question"": ""[Single-Choice] Based on the sequence of events, what is the most immediate visual cue that prompts the motorcycle rider to start moving forward? [Options] A) The traffic light turning green. B) The red car ahead starting to accelerate. C) A change in the position of the construction barriers. D) The disappearance of the rider's shadow.""}]",direct,audit-0119-g01,生成题以红车初始在前启动及最终相对摩托车位置为核心，实质覆盖前车与骑手距离如何改变。,partial,audit-0119-g01,"生成题 audit-0119-g01 询问：“[Single-Choice] As the motorcycle accelerates through the intersection, what is the final position of the red car relative to the motorcycle's camera? [Options] A) Directly in front of the motorcycle. B) To the right and behind the motorcycle. C) To the left and behind the motorcycle. D) It is no longer visible.”；参考题询问：“前方红车与骑手的距离如何变化？”。二者有明确语义重合，但生成题只覆盖参考事实的一部分，或改问了不同参照、时间点、条件或细节，不能直接回答参考题。"
