audit_item_id,generated_id,benchmark_index,video,question,answer,category_id,primary_capability,scene_type,question_type,intent_required,reference_transform,prediction_or_counterfactual,temporal_integration,occlusion_tracking,deformation_tracking,reasoning_level
audit-0001,audit-0001-g01,4677,V1vPefRqyY8_6_0_02_02_735_to_0_02_14_014.mp4,"[True/False] At the end of the video, after the fall, the snowboarder is positioned uphill and to the left of the blue rail they slid on at the beginning.",False,6,reference_frame,Human-Centric,True/False,0,1,0,1,0,0,high
audit-0002,audit-0002-g01,23,OVgPWMhb1kA_48_0_08_44_690_to_0_09_03_668.mp4,[True/False] The single duck floating near the shore at the beginning of the video is located to the right of the main flock of ducks seen in the water later in the video.,True,6,reference_frame,Human-Centric,True/False,0,1,0,0,0,0,high
audit-0002,audit-0002-g02,1205,OVgPWMhb1kA_48_0_08_44_690_to_0_09_03_668.mp4,"[Single-Choice] From the shooter's perspective, what is the spatial relationship between the targeted flying bird and the main flock of floating ducks at the exact moment the shot is fired? [Options] A) The flying bird is between the shooter and the flock. B) The flock is between the shooter and the flying bird. C) The flying bird is directly above the flock. D) The flying bird is to the far right of the flock.",D,2,dynamic_relation,Human-Centric,Single-Choice,0,0,0,1,0,0,intermediate
audit-0003,audit-0003-g01,3133,U4dJVRiEsxw_60_0_08_48_861_to_0_09_02_675.mp4,"[Single-Choice] Observing the general direction of the cloud movement across the sky, which area is most likely to be impacted by the rain curtain next? [Options] A) The mountain visible on the left side of the frame. B) The houses located to the far right of the yellow house. C) The yellow house in the center of the frame. D) The area from which the video is being filmed.",D,4,physical_prediction,Object-Centric,Single-Choice,0,0,1,1,0,0,high
audit-0003,audit-0003-g02,3550,U4dJVRiEsxw_60_0_08_48_861_to_0_09_02_675.mp4,"[Single-Choice] Observing the general direction of the cloud movement across the sky, which area is most likely to be impacted by the rain curtain next? [Options] A) The mountain visible on the left side of the frame. B) The houses located to the far right of the yellow house. C) The yellow house in the center of the frame. D) The area from which the video is being filmed.",B,4,physical_prediction,Object-Centric,Single-Choice,0,0,1,1,0,0,high
audit-0003,audit-0003-g03,4592,U4dJVRiEsxw_60_0_08_48_861_to_0_09_02_675.mp4,"[Single-Choice] Observing the general direction of the cloud movement across the sky, which area is most likely to be impacted by the rain curtain next? [Options] A) The mountain visible on the left side of the frame. B) The houses located to the far right of the yellow house. C) The yellow house in the center of the frame. D) The area from which the video is being filmed.",D,4,physical_prediction,Object-Centric,Single-Choice,0,0,1,1,0,0,high
audit-0004,audit-0004-g01,6527,pzYg5DfbxLs_53_0_07_55_678_to_0_08_10_765.mp4,"[Fill-in-the-Blank] As the person lifts the fish from the water into the kayak, the distance between the yellow bobber and the fish's mouth steadily ____.",decreases,2,dynamic_relation,Human-Centric,Fill-in-the-Blank,0,0,0,1,0,0,intermediate
audit-0004,audit-0004-g02,8632,pzYg5DfbxLs_53_0_07_55_678_to_0_08_10_765.mp4,"[Single-Choice] After bringing the fish into the kayak and steadying it, what is the person's most immediate action-oriented goal based on the spatial arrangement of their hands, the fish, and the fishing line? [Options] A) To take a photo of the fish. B) To release the fish back into the water. C) To remove the hook from the fish's mouth. D) To put the fish into a storage compartment.",C,3,action_goal,Human-Centric,Single-Choice,1,0,0,1,0,0,high
audit-0004,audit-0004-g03,9258,pzYg5DfbxLs_53_0_07_55_678_to_0_08_10_765.mp4,"[True/False] From the camera's first-person perspective, the fishing rod remains positioned entirely on the left side of the kayak.",True,6,reference_frame,Human-Centric,True/False,0,1,0,0,0,0,high
audit-0005,audit-0005-g01,8538,f1YWduf7KqQ_26_0_05_12_445_to_0_05_25_224.mp4,"[Single-Choice] As the surfer performs the final turn at the end of the ride (00:08-00:10), how does their upper body rotate relative to the direction the board is traveling? [Options] A) Their upper body rotates in the same direction as the turn. B) Their upper body rotates in the opposite direction of the turn. C) Their upper body remains perfectly still and aligned with the board. D) Their upper body faces directly towards the beach, perpendicular to the board.",A,6,reference_frame,Human-Centric,Single-Choice,0,1,0,0,0,0,high
audit-0005,audit-0005-g02,9235,f1YWduf7KqQ_26_0_05_12_445_to_0_05_25_224.mp4,"[True/False] At the moment the surfer is most obscured by the wave's curl, the tip of their surfboard is the only part of the surfer/board combination that is visible.",True,1,occlusion_permanence,Human-Centric,True/False,0,0,0,1,1,0,intermediate
audit-0006,audit-0006-g01,3985,_qLAtYDDIsw_47_0_04_50_519_to_0_05_01_120.mp4,"[True/False] In the final few seconds, the man in the checkered shirt and blue beanie partially occludes the man in the grey shirt and brown kufi cap from the camera's viewpoint.",False,1,occlusion_permanence,Human-Centric,True/False,0,0,0,1,1,0,intermediate
audit-0006,audit-0006-g02,5107,_qLAtYDDIsw_47_0_04_50_519_to_0_05_01_120.mp4,"[True/False] In the final few seconds, the man in the checkered shirt and blue beanie partially occludes the man in the grey shirt and brown kufi cap from the camera's viewpoint.",True,1,occlusion_permanence,Human-Centric,True/False,0,0,0,1,1,0,intermediate
audit-0006,audit-0006-g03,5983,_qLAtYDDIsw_47_0_04_50_519_to_0_05_01_120.mp4,"[Multiple-Select] The video pans from left to right across a line of seated men. If the camera had instead panned from right to left at the same speed, which two individuals would have been the first to appear fully in the frame? (Select two) [Options] A) The man in the black cowboy hat. B) The man in the brown kufi cap. C) The man in the patterned cap. D) The man in the blue beanie.","B,D",6,reference_frame,Human-Centric,Multiple-Select,0,1,0,0,0,0,high
audit-0007,audit-0007-g01,3717,WO5pDwf515g_15_0_04_19_399_to_0_04_36_566.mp4,"[Single-Choice] At the 8-second mark, two large silver fish are swimming towards the right. Which statement accurately describes their relative positions by the time they reach the far right of the tank? [Options] A) The fish that was initially further back overtakes the one in front. B) The two fish swim into the plants at the same time. C) The fish that was initially in front remains in front. D) The fish that was initially further back turns and swims away in the opposite direction.",A,2,dynamic_relation,Object-Centric,Single-Choice,0,0,0,1,0,0,intermediate
audit-0007,audit-0007-g02,4788,WO5pDwf515g_15_0_04_19_399_to_0_04_36_566.mp4,"[Single-Choice] At the 8-second mark, two large silver fish are swimming towards the right. Which statement accurately describes their relative positions by the time they reach the far right of the tank? [Options] A) The fish that was initially further back overtakes the one in front. B) The two fish swim into the plants at the same time. C) The fish that was initially in front remains in front. D) The fish that was initially further back turns and swims away in the opposite direction.",C,2,dynamic_relation,Object-Centric,Single-Choice,0,0,0,1,0,0,intermediate
audit-0007,audit-0007-g03,4789,WO5pDwf515g_15_0_04_19_399_to_0_04_36_566.mp4,"[Single-Choice] At the 3-second mark, a single small, pinkish fish swims from the top of the tank down towards the thin vertical branch. What is its path relative to the branch? [Options] A) It swims behind the branch and emerges on the left side. B) It turns right just before reaching the branch and swims away. C) It stops and hides behind the branch. D) It swims in front of the branch and continues downwards.",B,1,occlusion_permanence,Object-Centric,Single-Choice,0,0,0,1,1,0,intermediate
audit-0008,audit-0008-g01,9737,lJ98a0Owtuo_34_0_06_48_174_to_0_06_59_652.mp4,[True/False] The peak height of the wave's crest remains consistent as it travels from the left side of the frame to the right.,False,5,deformation_state,Object-Centric,True/False,0,0,0,1,0,1,intermediate
audit-0009,audit-0009-g01,3158,UEvDE_9rlSY_18_0_03_30_233_to_0_03_42_533.mp4,"[Single-Choice] Assuming the watercraft continues on its current path without turning, what will its position be relative to the group of trees on the land in the next few seconds? [Options] A) It will be directly in front of the trees, having landed on the shore. B) It will have passed the trees, with the trees now on its right side. C) It will have turned away, with the trees getting smaller in the distance. D) It will be stationary in its current position.",B,4,physical_prediction,Human-Centric,Single-Choice,0,0,1,1,0,0,high
audit-0009,audit-0009-g02,3563,UEvDE_9rlSY_18_0_03_30_233_to_0_03_42_533.mp4,"[Single-Choice] Assuming the watercraft continues on its current path without turning, what will its position be relative to the group of trees on the land in the next few seconds? [Options] A) It will be directly in front of the trees, having landed on the shore. B) It will have passed the trees, with the trees now on its right side. C) It will have turned away, with the trees getting smaller in the distance. D) It will be stationary in its current position.",A,4,physical_prediction,Human-Centric,Single-Choice,0,0,1,1,0,0,high
audit-0009,audit-0009-g03,4605,UEvDE_9rlSY_18_0_03_30_233_to_0_03_42_533.mp4,"[Single-Choice] Assuming the watercraft continues on its current path without turning, what will its position be relative to the group of trees on the land in the next few seconds? [Options] A) It will be directly in front of the trees, having landed on the shore. B) It will have passed the trees, with the trees now on its right side. C) It will have turned away, with the trees getting smaller in the distance. D) It will be stationary in its current position.",B,4,physical_prediction,Human-Centric,Single-Choice,0,0,1,1,0,0,high
audit-0010,audit-0010-g01,643,_FuEMlST0s8_90_0_14_57_997_to_0_15_09_376.mp4,"[True/False] At the end of the video, the golf ball that was hit by the player is no longer on the surface of the green.",False,1,occlusion_permanence,Human-Centric,True/False,0,0,0,1,1,0,intermediate
audit-0010,audit-0010-g02,644,_FuEMlST0s8_90_0_14_57_997_to_0_15_09_376.mp4,"[Single-Choice] Just before the moving ball reaches the stationary ball, based on its speed and direction, what is its most likely final destination? [Options] A) It will stop short of the hole. B) It will roll directly into the hole. C) It will collide with the stationary ball. D) It will roll past the hole to the right.",A,4,physical_prediction,Human-Centric,Single-Choice,0,0,1,1,0,0,high
audit-0010,audit-0010-g03,2221,_FuEMlST0s8_90_0_14_57_997_to_0_15_09_376.mp4,"[Fill-in-the-Blank] As the newly hit ball rolls past the hole, it passes on the ______ side of the flagstick from the camera's final point of view.",left,6,reference_frame,Human-Centric,Fill-in-the-Blank,0,1,0,0,0,0,high
audit-0010,audit-0010-g04,3953,_FuEMlST0s8_90_0_14_57_997_to_0_15_09_376.mp4,"[Fill-in-the-Blank] As the golf ball hit by the player rolls towards the hole, it passes to the ______ of the other stationary golf ball already on the green.",left,2,dynamic_relation,Human-Centric,Fill-in-the-Blank,0,0,0,1,0,0,intermediate
audit-0010,audit-0010-g05,5073,_FuEMlST0s8_90_0_14_57_997_to_0_15_09_376.mp4,"[Fill-in-the-Blank] As the golf ball hit by the player rolls towards the hole, it passes to the ______ of the other stationary golf ball already on the green.",left,2,dynamic_relation,Human-Centric,Fill-in-the-Blank,0,0,0,1,0,0,intermediate
audit-0011,audit-0011-g01,2442,I1zDGqSd1qY_38_0_09_02_275_to_0_09_16_155.mp4,"[Single-Choice] As the drone flies away from the camera, what is its position relative to the utility pole at the moment it is horizontally aligned with the green dumpster? [Options] A) It has already passed to the left of the utility pole. B) It is directly in front of the utility pole. C) It has not yet reached the utility pole. D) It is flying at the same height as the top of the utility pole.",C,2,dynamic_relation,Object-Centric,Single-Choice,0,0,0,1,0,0,intermediate
audit-0011,audit-0011-g02,2444,I1zDGqSd1qY_38_0_09_02_275_to_0_09_16_155.mp4,[True/False] The drone's landing gear is in the same state (either extended or retracted) immediately before it passes behind the utility pole as it is immediately after it re-emerges.,True,1,occlusion_permanence,Object-Centric,True/False,0,0,0,1,1,0,intermediate
audit-0011,audit-0011-g03,3086,I1zDGqSd1qY_38_0_09_02_275_to_0_09_16_155.mp4,"[Single-Choice] As the drone flies away from the camera, what is its position relative to the utility pole at the moment it is horizontally aligned with the green dumpster? [Options] A) It has already passed to the left of the utility pole. B) It is directly in front of the utility pole. C) It has not yet reached the utility pole. D) It is flying at the same height as the top of the utility pole.",C,2,dynamic_relation,Object-Centric,Single-Choice,0,0,0,1,0,0,intermediate
audit-0011,audit-0011-g04,3088,I1zDGqSd1qY_38_0_09_02_275_to_0_09_16_155.mp4,[True/False] The drone's landing gear is in the same state (either extended or retracted) immediately before it passes behind the utility pole as it is immediately after it re-emerges.,True,1,occlusion_permanence,Object-Centric,True/False,0,0,0,1,1,0,intermediate
audit-0011,audit-0011-g05,4196,I1zDGqSd1qY_38_0_09_02_275_to_0_09_16_155.mp4,"[Single-Choice] As the drone flies away from the camera, what is its position relative to the utility pole at the moment it is horizontally aligned with the green dumpster? [Options] A) It has already passed to the left of the utility pole. B) It is directly in front of the utility pole. C) It has not yet reached the utility pole. D) It is flying at the same height as the top of the utility pole.",C,2,dynamic_relation,Object-Centric,Single-Choice,0,0,0,1,0,0,intermediate
audit-0011,audit-0011-g06,4197,I1zDGqSd1qY_38_0_09_02_275_to_0_09_16_155.mp4,[True/False] The drone's landing gear is in the same state (either extended or retracted) immediately before it passes behind the utility pole as it is immediately after it re-emerges.,False,1,occlusion_permanence,Object-Centric,True/False,0,0,0,1,1,0,intermediate
audit-0012,audit-0012-g01,8056,gabX04pMBQY_129_0_16_10_666_to_0_16_25_233.mp4,"[Single-Choice] From the perspective of the man standing still near the flagstick, the golf ball comes to a stop on his ______. [Options] A) left side. B) right side. C) directly in front. D) directly behind.",A,6,reference_frame,Human-Centric,Single-Choice,0,1,0,0,0,0,high
audit-0012,audit-0012-g02,8057,gabX04pMBQY_129_0_16_10_666_to_0_16_25_233.mp4,"[Single-Choice] After the golfer hits the ball, where does it come to rest in relation to the flagstick from the camera's point of view? [Options] A) Between the golfer who hit the ball and the flagstick. B) To the right of and slightly beyond the flagstick. C) To the left of and short of the flagstick. D) Directly in the hole.",B,3,action_goal,Human-Centric,Single-Choice,1,0,0,1,0,0,high
audit-0012,audit-0012-g03,9063,gabX04pMBQY_129_0_16_10_666_to_0_16_25_233.mp4,"[True/False] When the video ends, the two people are closer to each other than they are at any other moment when both are visible on screen.",True,2,dynamic_relation,Human-Centric,True/False,0,0,0,1,0,0,intermediate
audit-0013,audit-0013-g01,1156,NkFI7LBA8N4_22_0_03_36_382_to_0_03_48_127.mp4,"[True/False] The dark sedan that drives from left to right passes in front of the yellow car, temporarily occluding it from view.",False,1,occlusion_permanence,Object-Centric,True/False,0,0,0,1,1,0,intermediate
audit-0014,audit-0014-g01,2446,I2GVSghytCI_5_0_01_15_542_to_0_01_30_557.mp4,"[Single-Choice] In the first three seconds, the horse begins a wide turn to its left. If it had maintained that initial turning radius, what path would it have followed? [Options] A) It would have run into the fence on the left side of the arena. B) It would have completed a tight circle in the center of the arena. C) It would have continued along the fence at the far end of the arena. D) It would have reversed direction and run towards the camera.",C,4,physical_prediction,Human-Centric,Single-Choice,0,0,1,1,0,0,high
audit-0014,audit-0014-g02,3090,I2GVSghytCI_5_0_01_15_542_to_0_01_30_557.mp4,"[Single-Choice] In the first three seconds, the horse begins a wide turn to its left. If it had maintained that initial turning radius, what path would it have followed? [Options] A) It would have run into the fence on the left side of the arena. B) It would have completed a tight circle in the center of the arena. C) It would have continued along the fence at the far end of the arena. D) It would have reversed direction and run towards the camera.",C,4,physical_prediction,Human-Centric,Single-Choice,0,0,1,1,0,0,high
audit-0014,audit-0014-g03,4198,I2GVSghytCI_5_0_01_15_542_to_0_01_30_557.mp4,"[Single-Choice] In the first three seconds, the horse begins a wide turn to its left. If it had maintained that initial turning radius, what path would it have followed? [Options] A) It would have run into the fence on the left side of the arena. B) It would have completed a tight circle in the center of the arena. C) It would have continued along the fence at the far end of the arena. D) It would have reversed direction and run towards the camera.",C,4,physical_prediction,Human-Centric,Single-Choice,0,0,1,1,0,0,high
audit-0015,audit-0015-g01,5232,rbDgTJYSAXc_5_0_00_18_418_to_0_00_38_138.mp4,"[True/False] From the second woman's standing position inside the bathroom, the exposed pipes in the ceiling are located directly above her head.",True,6,reference_frame,Human-Centric,True/False,0,1,0,0,0,0,high
audit-0015,audit-0015-g02,5963,rbDgTJYSAXc_5_0_00_18_418_to_0_00_38_138.mp4,"[Multiple-Select] After the ceiling collapse, which of the following are now spatially positioned higher than the base of the white light fixture? (Select all that apply) [Options] A) The white clothes hanger on the wall. B) The exposed metal pipes. C) The top of the doorway. D) The cardboard box in the ceiling cavity.","B,D",2,dynamic_relation,Human-Centric,Multiple-Select,0,0,0,1,0,0,intermediate
audit-0016,audit-0016-g01,5815,i_XP2x9DJ_Q_50_0_06_39_132_to_0_06_50_510.mp4,[Multiple-Select] Which of the following statements accurately describe a physical interaction or state change shown in the video? (Select all that apply) [Options] A) The knife is used to create a new hole in the meat. B) The person's gloved hand causes visible compression on the surface of the meat. C) The knife passes through a pre-existing channel within the meat and bone. D) The meat is sliced into two separate pieces by the end of the video.,"B, C",5,deformation_state,Human-Centric,Multiple-Select,0,0,0,1,0,1,intermediate
audit-0016,audit-0016-g02,8881,i_XP2x9DJ_Q_50_0_06_39_132_to_0_06_50_510.mp4,"[True/False] From the person's own perspective, the hand holding the knife is their right hand.",True,6,reference_frame,Human-Centric,True/False,0,1,0,0,0,0,high
audit-0017,audit-0017-g01,471,QmHwLF0_P3g_13_0_03_21_117_to_0_04_06_454.mp4,"[True/False] If the black convertible were lowered completely to the ground from its current position on the lift, it would come to rest parallel to and beside the red tool cabinet.",True,4,physical_prediction,Object-Centric,True/False,0,0,1,1,0,0,high
audit-0017,audit-0017-g02,472,QmHwLF0_P3g_13_0_03_21_117_to_0_04_06_454.mp4,"[True/False] Because the car's hood is fully open, its highest point is above the roofline of the silver car parked next to it.",True,5,deformation_state,Object-Centric,True/False,0,0,0,1,0,1,intermediate
audit-0018,audit-0018-g01,3650,VEv8V1CuIcE_30_0_05_50_550_to_0_06_16_042.mp4,"[True/False] The primary action of the knife is to slice through a complete cross-section of the fish, including the skin and meat together.",True,5,deformation_state,Human-Centric,True/False,0,0,0,1,0,1,intermediate
audit-0018,audit-0018-g02,4698,VEv8V1CuIcE_30_0_05_50_550_to_0_06_16_042.mp4,"[True/False] The primary action of the knife is to slice through a complete cross-section of the fish, including the skin and meat together.",True,5,deformation_state,Human-Centric,True/False,0,0,0,1,0,1,intermediate
audit-0019,audit-0019-g01,5805,j8SWLmK4lk8_60_0_12_05_633_to_0_12_19_266.mp4,"[Multiple-Select] Around the 8-second mark, a stingray briefly shows its white underside before being occluded by a wave and another stingray. Which statements accurately describe its spatial properties when it becomes clearly visible again? (Select all that apply) [Options] A) It is now located between the person in striped shorts and the person in the patterned dress. B) It has moved significantly closer to the yellow container on the sand. C) Its body is now oriented parallel to the shoreline. D) It is now the stingray furthest from the man in the dark blue shirt.","A, C",1,occlusion_permanence,Human-Centric,Multiple-Select,0,0,0,1,1,0,intermediate
audit-0019,audit-0019-g02,7378,j8SWLmK4lk8_60_0_12_05_633_to_0_12_19_266.mp4,[Single-Choice] The man in the dark blue shirt gestures with his right arm towards the water. What is the most likely immediate spatial purpose of this gesture? [Options] A) To warn the other people to back away from the water. B) To indicate the specific location where the stingrays are most concentrated for the others to see. C) To signal a boat that is out of the camera's view. D) To point out the yellow container on the sand.,B,3,action_goal,Human-Centric,Single-Choice,1,0,0,1,0,0,high
audit-0019,audit-0019-g03,7379,j8SWLmK4lk8_60_0_12_05_633_to_0_12_19_266.mp4,"[Single-Choice] From the perspective of the man in the dark blue shirt and black shorts, which person is to his immediate left for the majority of the video? [Options] A) The woman running on the sand. B) The person in the white shirt. C) The person in the striped shorts. D) The woman in the white and black patterned dress.",B,6,reference_frame,Human-Centric,Single-Choice,0,1,0,0,0,0,high
audit-0020,audit-0020-g01,1222,OjdG3oWYOKk_16_0_02_46_065_to_0_02_58_678.mp4,"[True/False] During the maneuver seen from 0:00 to 0:02, the jet's orientation changes from flying level with the ground to pointing almost vertically upwards.",True,5,deformation_state,Object-Centric,True/False,0,0,0,1,0,1,intermediate
audit-0021,audit-0021-g01,6918,lMWYDpSZES4_16_0_02_33_553_to_0_02_43_663.mp4,"[Fill-in-the-Blank] After the camera pans to the left to show the whole overpass, the 'EMERGENCY' entrance seen in the initial shot is located to the ______ of the highway structure from the camera's perspective. [Blank]",right,6,reference_frame,Object-Centric,Fill-in-the-Blank,0,1,0,1,0,0,high
audit-0022,audit-0022-g01,3898,ZOYahjTf2M4_5_0_00_47_799_to_0_01_03_640.mp4,[True/False] The fishing rod's bend is most pronounced when the man is actively turning the reel handle.,True,5,deformation_state,Human-Centric,True/False,0,0,0,1,0,1,intermediate
audit-0022,audit-0022-g02,5017,ZOYahjTf2M4_5_0_00_47_799_to_0_01_03_640.mp4,[True/False] The fishing rod's bend is most pronounced when the man is actively turning the reel handle.,False,5,deformation_state,Human-Centric,True/False,0,0,0,1,0,1,intermediate
audit-0023,audit-0023-g01,6897,lYicz5ag9kY_52_0_08_36_549_to_0_09_11_851.mp4,"[Fill-in-the-Blank] After the fish dives and is no longer clearly visible, its approximate location under the water is primarily indicated by the position of the small, colorful ______ on the fishing line.",bobber,1,occlusion_permanence,Human-Centric,Fill-in-the-Blank,0,0,0,1,1,0,intermediate
audit-0024,audit-0024-g01,3220,UZkkRMISavc_16_0_02_07_961_to_0_02_18_638.mp4,"[True/False] From the person's egocentric perspective, the wrapping motion of the rope around their left forearm is clockwise.",False,6,reference_frame,Human-Centric,True/False,0,1,0,0,0,0,high
audit-0024,audit-0024-g02,3591,UZkkRMISavc_16_0_02_07_961_to_0_02_18_638.mp4,"[True/False] From the person's egocentric perspective, the wrapping motion of the rope around their left forearm is clockwise.",False,6,reference_frame,Human-Centric,True/False,0,1,0,0,0,0,high
audit-0024,audit-0024-g03,4637,UZkkRMISavc_16_0_02_07_961_to_0_02_18_638.mp4,"[True/False] From the person's egocentric perspective, the wrapping motion of the rope around their left forearm is clockwise.",False,6,reference_frame,Human-Centric,True/False,0,1,0,0,0,0,high
audit-0025,audit-0025-g01,3272,JH6vsa0twcA_41_0_08_54_133_to_0_09_04_533.mp4,"[Single-Choice] As the car moves up the curved ramp, which background element is the last to be completely hidden behind the solid white wall on the left? [Options] A) The white sedan parked on the far left of the distant lot. B) The dark SUV parked in the middle of the distant lot. C) The trees on the far right of the distant lot. D) The building behind the distant lot.",C,1,occlusion_permanence,Human-Centric,Single-Choice,0,0,0,1,1,0,intermediate
audit-0025,audit-0025-g02,4293,JH6vsa0twcA_41_0_08_54_133_to_0_09_04_533.mp4,"[Single-Choice] As the car moves up the curved ramp, which background element is the last to be completely hidden behind the solid white wall on the left? [Options] A) The white sedan parked on the far left of the distant lot. B) The dark SUV parked in the middle of the distant lot. C) The trees on the far right of the distant lot. D) The building behind the distant lot.", A,1,occlusion_permanence,Human-Centric,Single-Choice,0,0,0,1,1,0,intermediate
audit-0026,audit-0026-g01,7658,i0F4379JRnw_95_0_17_13_933_to_0_17_24_310.mp4,"[Single-Choice] Which statement accurately describes the woman's movement relative to both the camera and the blue structure in the background?
[Options]
A) She moves away from the blue structure and away from the camera.
B) She moves towards the blue structure and towards the camera.
C) She moves towards the camera but her distance from the blue structure remains constant.
D) She moves towards the camera while moving away from the blue structure.",D,6,reference_frame,Human-Centric,Single-Choice,0,1,0,0,0,0,high
audit-0026,audit-0026-g02,7659,i0F4379JRnw_95_0_17_13_933_to_0_17_24_310.mp4,"[Single-Choice] Based on the woman's continuous forward swimming trajectory and her final action, what is her immediate spatial goal?
[Options]
A) To swim to the edge of the pool on the right.
B) To reach the hands of the person holding the camera.
C) To turn around and swim back to where she started.
D) To dive under the person holding the camera.",B,3,action_goal,Human-Centric,Single-Choice,1,0,0,1,0,0,high
audit-0026,audit-0026-g03,8924,i0F4379JRnw_95_0_17_13_933_to_0_17_24_310.mp4,"[True/False] Throughout the woman's approach towards the camera, the other two people in the pool remain on the right side of the video frame.",True,2,dynamic_relation,Human-Centric,True/False,0,0,0,1,0,0,intermediate
audit-0027,audit-0027-g01,5932,ukNdVhFkoAU_9_0_01_05_665_to_0_01_39_065.mp4,[Multiple-Select] The reflection in the mirror reveals parts of the room that are occluded from the camera's direct view. Which of these are visible *only* within the mirror's reflection? (Select all that apply) [Options] A) The patterned curtains. B) The back of a white chair. C) The top of the white lampshade. D) A framed sign that says 'BLESSED'.,"B, D",1,occlusion_permanence,Human-Centric,Multiple-Select,0,0,0,1,1,0,intermediate
audit-0027,audit-0027-g02,9914,ukNdVhFkoAU_9_0_01_05_665_to_0_01_39_065.mp4,"[True/False] Based on the final spatial arrangement, if the white door on the left were to swing fully inward, it would collide with the white table.",True,4,physical_prediction,Human-Centric,True/False,0,0,1,1,0,0,high
audit-0028,audit-0028-g01,2035,Fcg0bhOyQUI_48_0_06_21_339_to_0_06_43_444.mp4,[Single-Choice] The man performs three distinct hand gestures to explain different concepts. What is the primary direction of motion of his hand(s) during the second gesture? [Options] A) Both hands move towards each other horizontally. B) One hand moves horizontally across his body. C) One hand moves forward and away from his body. D) Both hands move upwards.,C,3,action_goal,Human-Centric,Single-Choice,1,0,0,1,0,0,high
audit-0028,audit-0028-g02,2656,Fcg0bhOyQUI_48_0_06_21_339_to_0_06_43_444.mp4,[Single-Choice] The man performs three distinct hand gestures to explain different concepts. What is the primary direction of motion of his hand(s) during the second gesture? [Options] A) Both hands move towards each other horizontally. B) One hand moves horizontally across his body. C) One hand moves forward and away from his body. D) Both hands move upwards.,C,3,action_goal,Human-Centric,Single-Choice,1,0,0,1,0,0,high
audit-0029,audit-0029-g01,6147,jrrAZ0wM0bM_1_0_00_05_438_to_0_00_45_211.mp4,"[Fill-in-the-Blank] As the camera moves forward along the road after 0:30, the group of trees on the left begins to block the view of the ______ in the background.",house,1,occlusion_permanence,Human-Centric,Fill-in-the-Blank,0,0,0,1,1,0,intermediate
audit-0029,audit-0029-g02,7164,jrrAZ0wM0bM_1_0_00_05_438_to_0_00_45_211.mp4,"[Single-Choice] The camera first pans across the landscape from left to right, then pans back left before moving forward along the road. What is the most likely spatial goal of this sequence of actions? [Options] A) To get a closer view of the brown horse by the fence. B) To establish the surrounding environment before proceeding on the path. C) To turn around and leave the area. D) To locate a gate to enter the field on the left.",B,3,action_goal,Human-Centric,Single-Choice,1,0,0,1,0,0,high
audit-0029,audit-0029-g03,7165,jrrAZ0wM0bM_1_0_00_05_438_to_0_00_45_211.mp4,"[Single-Choice] As the camera moves forward along the road (0:24-0:36), from the camera's perspective, how does the apparent position of the brown horse grazing by the fence change relative to the distant buildings behind the cornfield? [Options] A) It appears to move from left to right across the background buildings. B) It remains stationary in front of the same background building. C) It appears to move from right to left across the background buildings. D) It disappears behind the green field on the left.",C,6,reference_frame,Human-Centric,Single-Choice,0,1,0,0,0,0,high
audit-0029,audit-0029-g04,8757,jrrAZ0wM0bM_1_0_00_05_438_to_0_00_45_211.mp4,"[True/False] At 0:11, from the camera's direct line of sight, the white horse is positioned horizontally between the two brown horses.",True,2,dynamic_relation,Human-Centric,True/False,0,0,0,1,0,0,intermediate
audit-0030,audit-0030-g01,3083,Td-DsroeCWY_34_0_07_31_117_to_0_07_58_644.mp4,"[Single-Choice] Between 0:08 and 0:13, the dog crosses from the camera's right to the camera's left. During this same period, how does the dog's position change relative to the pier's fixed features? [Options] A) It moves from being closer to the right-side railing to being closer to the left-side fence. B) It moves from being closer to the left-side fence to being closer to the right-side railing. C) It remains closer to the right-side railing for the entire duration. D) It remains closer to the left-side fence for the entire duration.",C,6,reference_frame,Human-Centric,Single-Choice,0,1,0,1,0,0,high
audit-0030,audit-0030-g02,4566,Td-DsroeCWY_34_0_07_31_117_to_0_07_58_644.mp4,"[Single-Choice] Between 0:08 and 0:13, the dog crosses from the camera's right to the camera's left. During this same period, how does the dog's position change relative to the pier's fixed features? [Options] A) It moves from being closer to the right-side railing to being closer to the left-side fence. B) It moves from being closer to the left-side fence to being closer to the right-side railing. C) It remains closer to the right-side railing for the entire duration. D) It remains closer to the left-side fence for the entire duration.",C,6,reference_frame,Human-Centric,Single-Choice,0,1,0,1,0,0,high
audit-0031,audit-0031-g01,1940,FDMxA941dVE_64_0_08_46_292_to_0_08_56_869.mp4,"[Single-Choice] If the kitesurfer were to immediately make a sharp 90-degree turn to their left, what would be their new direction of travel relative to the landmarks? [Options] A) Directly towards the beach with palm trees. B) Parallel to the line of wooden posts, but moving away from the pier. C) Directly towards the large white dome. D) Towards the open sea, away from the shoreline.",D,4,physical_prediction,Human-Centric,Single-Choice,0,0,1,1,0,0,high
audit-0031,audit-0031-g02,2558,FDMxA941dVE_64_0_08_46_292_to_0_08_56_869.mp4,"[Single-Choice] If the kitesurfer were to immediately make a sharp 90-degree turn to their left, what would be their new direction of travel relative to the landmarks? [Options] A) Directly towards the beach with palm trees. B) Parallel to the line of wooden posts, but moving away from the pier. C) Directly towards the large white dome. D) Towards the open sea, away from the shoreline.",D,4,physical_prediction,Human-Centric,Single-Choice,0,0,1,1,0,0,high
audit-0032,audit-0032-g01,6344,h8gr-CQ6oMI_1_0_00_05_599_to_0_00_17_199.mp4,"[Fill-in-the-Blank] From the goalkeeper's point of view, the final shot on goal travels wide to his ____ side.",right,6,reference_frame,Human-Centric,Fill-in-the-Blank,0,1,0,0,0,0,high
audit-0032,audit-0032-g02,7913,h8gr-CQ6oMI_1_0_00_05_599_to_0_00_17_199.mp4,"[Single-Choice] If the green defender had not intercepted the high ball at 0:03, which blue player's path put them in the best position to receive it directly? [Options] A) The player wearing number 6, who was running towards the goal. B) The player who eventually took the final shot from the edge of the box. C) The player who made the initial long kick from midfield. D) The player standing furthest to the left from the camera's perspective.",A,4,physical_prediction,Human-Centric,Single-Choice,0,0,1,1,0,0,high
audit-0033,audit-0033-g01,5796,kH3yGROIOio_8_0_01_30_457_to_0_01_44_004.mp4,"[Multiple-Select] As the camera pans from the far left to the far right of the room, which of these spatial changes occur from the camera's point of view? (Select all that apply) [Options] A) The tripod moves from the right side of the frame to the left side. B) The striped pillow on the chaise lounge remains in the center of the frame. C) The tall black floor speaker, visible at the start, is no longer in view at the end. D) A pinkish-red pillow, not visible at the start, comes into view on the couch.","A,C,D",2,dynamic_relation,Object-Centric,Multiple-Select,0,0,0,1,0,0,intermediate
audit-0034,audit-0034-g01,6623,olfO0rPYVX0_27_0_05_19_886_to_0_05_43_976.mp4,"[Fill-in-the-Blank] During the pan across the dashboard, the top rim of the steering wheel temporarily occludes the view of the ________.",instrument panel,1,occlusion_permanence,Object-Centric,Fill-in-the-Blank,0,0,0,1,1,0,intermediate
audit-0034,audit-0034-g02,9375,olfO0rPYVX0_27_0_05_19_886_to_0_05_43_976.mp4,"[True/False] From the perspective of a person sitting in the driver's seat, the radio controls are located to the right of the steering wheel.",True,6,reference_frame,Object-Centric,True/False,0,1,0,0,0,0,high
audit-0035,audit-0035-g01,2005,SyuM7XAzEEM_1_0_00_28_833_to_0_00_43_625.mp4,"[True/False] At the exact moment the second shot is taken by the player in yellow (around 0:11), the goalkeeper is positioned on the ground between the shooter and the goal line.",False,2,dynamic_relation,Human-Centric,True/False,0,0,0,1,0,0,intermediate
audit-0035,audit-0035-g02,2991,SyuM7XAzEEM_1_0_00_28_833_to_0_00_43_625.mp4,"[True/False] At the exact moment the final goal is scored, there are more players in white jerseys than players in yellow jerseys positioned inside the 6-yard box (the smaller rectangle).",True,2,dynamic_relation,Human-Centric,True/False,0,0,0,1,0,0,intermediate
audit-0035,audit-0035-g03,2992,SyuM7XAzEEM_1_0_00_28_833_to_0_00_43_625.mp4,"[Single-Choice] From the perspective of the player in yellow who initiates the attack by crossing the ball from the right, which teammate is positioned furthest to his left inside the penalty area at the moment he kicks the ball? [Options] A) The teammate who takes the first shot that is blocked. B) The teammate who is closest to the goalkeeper. C) The teammate who ultimately scores the goal. D) The teammate standing nearest to the penalty spot.",B,6,reference_frame,Human-Centric,Single-Choice,0,1,0,0,0,0,high
audit-0035,audit-0035-g04,3489,SyuM7XAzEEM_1_0_00_28_833_to_0_00_43_625.mp4,"[Single-Choice] From the perspective of the player in yellow who initiates the attack by crossing the ball from the right, which teammate is positioned furthest to his left inside the penalty area at the moment he kicks the ball? [Options] A) The teammate who takes the first shot that is blocked. B) The teammate who is closest to the goalkeeper. C) The teammate who ultimately scores the goal. D) The teammate standing nearest to the penalty spot.",B,6,reference_frame,Human-Centric,Single-Choice,0,1,0,0,0,0,high
audit-0035,audit-0035-g05,4515,SyuM7XAzEEM_1_0_00_28_833_to_0_00_43_625.mp4,"[True/False] At the exact moment the final goal is scored, there are more players in white jerseys than players in yellow jerseys positioned inside the 6-yard box (the smaller rectangle).",True,2,dynamic_relation,Human-Centric,True/False,0,0,0,1,0,0,intermediate
audit-0035,audit-0035-g06,4516,SyuM7XAzEEM_1_0_00_28_833_to_0_00_43_625.mp4,"[Single-Choice] From the perspective of the player in yellow who initiates the attack by crossing the ball from the right, which teammate is positioned furthest to his left inside the penalty area at the moment he kicks the ball? [Options] A) The teammate who takes the first shot that is blocked. B) The teammate who is closest to the goalkeeper. C) The teammate who ultimately scores the goal. D) The teammate standing nearest to the penalty spot.",B,6,reference_frame,Human-Centric,Single-Choice,0,1,0,0,0,0,high
audit-0036,audit-0036-g01,5976,qRtxlEZpev0_31_0_07_11_699_to_0_07_26_366.mp4,[Multiple-Select] Which physical states describe the single blue band while it is being manipulated by the hook? (Select all that apply) [Options] A) Under tension. B) Rigid. C) Twisted. D) Compressed.,"A, C",5,deformation_state,Human-Centric,Multiple-Select,0,0,0,1,0,1,intermediate
audit-0037,audit-0037-g01,2039,FeXKZzWrS34_8_0_01_12_038_to_0_01_25_185.mp4,"[True/False] Just before the attacker shoots, there is at least one defending player (excluding the goalkeeper) positioned directly on the line between the ball and the center of the goal.",False,2,dynamic_relation,Human-Centric,True/False,0,0,0,1,0,0,intermediate
audit-0037,audit-0037-g02,2660,FeXKZzWrS34_8_0_01_12_038_to_0_01_25_185.mp4,"[True/False] Just before the attacker shoots, there is at least one defending player (excluding the goalkeeper) positioned directly on the line between the ball and the center of the goal.",True,2,dynamic_relation,Human-Centric,True/False,0,0,0,1,0,0,intermediate
audit-0038,audit-0038-g01,6219,iszhz9KmI64_74_0_11_06_166_to_0_11_18_791.mp4,"[Fill-in-the-Blank] As the camera pans from right to left, the amount of the large mountain peak visible to the right of the overlapping, closer mountain range gradually ____.",increases,1,occlusion_permanence,Human-Centric,Fill-in-the-Blank,0,0,0,1,1,0,intermediate
audit-0038,audit-0038-g02,7450,iszhz9KmI64_74_0_11_06_166_to_0_11_18_791.mp4,"[Single-Choice] Observing the person's equipment, posture, and the surrounding environment, what is their primary intended action? [Options] A) To set up a picnic in the lavender field. B) To photograph the sunrise over the mountains and lavender field. C) To plant more lavender in the empty rows. D) To study the geology of the distant mountains.",B,3,action_goal,Human-Centric,Single-Choice,1,0,0,1,0,0,high
audit-0038,audit-0038-g03,7451,iszhz9KmI64_74_0_11_06_166_to_0_11_18_791.mp4,"[Single-Choice] When the camera pans to show the photographer, what is the position of the distant stone building relative to him, from the camera's viewpoint? [Options] A) The building is to the photographer's left. B) The building is to the photographer's right. C) The building is directly behind the photographer, occluded by him. D) The building is no longer in the frame.",B,2,dynamic_relation,Human-Centric,Single-Choice,0,0,0,1,0,0,intermediate
audit-0039,audit-0039-g01,686,sPcffDKFKWc_52_0_14_02_107_to_0_14_15_688.mp4,"[Single-Choice] At the beginning of the video, from the camera's viewpoint, the boy in the blue hat is on the right side of the girl in the light green shirt. What is their relative side-by-side position just before the camera pans away from them? [Options] A) The boy is now on the left side of the girl. B) The boy is directly behind the girl. C) Their side-by-side position has not changed. D) The girl is now on the left side of the boy.",A,2,dynamic_relation,Human-Centric,Single-Choice,0,0,0,1,0,0,intermediate
audit-0040,audit-0040-g01,162,TanhzwLYs6E_2_0_01_59_452_to_0_02_13_033.mp4,"[Single-Choice] How does the white panel that the man lifts change its configuration to open the compartment? [Options] A) It rotates 180 degrees on a central pivot. B) It lifts up as a single, solid piece on a rear hinge. C) It slides directly forward into a slot under the adjacent seat. D) It folds in half, with the outer section tucking underneath the inner section.",B,5,deformation_state,Human-Centric,Single-Choice,0,0,0,1,0,1,intermediate
audit-0040,audit-0040-g02,523,TanhzwLYs6E_2_0_01_59_452_to_0_02_13_033.mp4,[True/False] The action of lifting the panel reveals that the space directly beneath the visible floorboards is empty.,True,1,occlusion_permanence,Human-Centric,True/False,0,0,0,1,1,0,intermediate
audit-0040,audit-0040-g03,2020,TanhzwLYs6E_2_0_01_59_452_to_0_02_13_033.mp4,"[Fill-in-the-Blank] During the closing motion, the hinged crease of the white panel moves ______ from the man's left leg.",away,2,dynamic_relation,Human-Centric,Fill-in-the-Blank,0,0,0,1,0,0,intermediate
audit-0041,audit-0041-g01,405,DDlrlxASBOI_30_0_06_03_963_to_0_06_15_475.mp4,"[True/False] If the surfer had continued moving in a straight line from their starting position in the video, their path would have led them directly into the rocks.",True,4,physical_prediction,Human-Centric,True/False,0,0,1,1,0,0,high
audit-0042,audit-0042-g01,1740,EOswWepObDw_28_0_03_27_975_to_0_03_54_329.mp4,"[Single-Choice] Based on the visible arc of motion, what object is located behind the ride's path when it reaches its highest point on the left side of the screen? [Options] A) A tall, glass-paneled building. B) The sun. C) A parking lot full of cars. D) A small, single-story shop.",D,4,physical_prediction,Object-Centric,Single-Choice,0,0,1,1,0,0,high
audit-0042,audit-0042-g02,1742,EOswWepObDw_28_0_03_27_975_to_0_03_54_329.mp4,"[Multiple-Select] As the camera pans right from 0:01 to 0:04, which of these objects are at any point visually blocked by the silver pickup truck in the foreground? (Select all that apply) [Options] A) The silver scooter parked on the pier. B) The small boat with a blue hull docked at the pier. C) The large white coast guard vessel further in the harbor. D) The yellow and black striped curb of the pier.","B,C,D",1,occlusion_permanence,Object-Centric,Multiple-Select,0,0,0,1,1,0,intermediate
audit-0042,audit-0042-g03,2387,EOswWepObDw_28_0_03_27_975_to_0_03_54_329.mp4,"[Single-Choice] Based on the visible arc of motion, what object is located behind the ride's path when it reaches its highest point on the left side of the screen? [Options] A) A tall, glass-paneled building. B) The sun. C) A parking lot full of cars. D) A small, single-story shop.",A,4,physical_prediction,Object-Centric,Single-Choice,0,0,1,1,0,0,high
audit-0042,audit-0042-g04,2389,EOswWepObDw_28_0_03_27_975_to_0_03_54_329.mp4,"[Multiple-Select] As the camera pans right from 0:01 to 0:04, which of these objects are at any point visually blocked by the silver pickup truck in the foreground? (Select all that apply) [Options] A) The silver scooter parked on the pier. B) The small boat with a blue hull docked at the pier. C) The large white coast guard vessel further in the harbor. D) The yellow and black striped curb of the pier.","B,C,D",1,occlusion_permanence,Object-Centric,Multiple-Select,0,0,0,1,1,0,intermediate
audit-0043,audit-0043-g01,6127,k-IbB7jAw9g_114_0_32_35_720_to_0_33_11_089.mp4,"[Fill-in-the-Blank] To track the fish as it is reeled in, the camera's perspective, which represents the person's viewpoint, tilts primarily ______.",downward,6,reference_frame,Human-Centric,Fill-in-the-Blank,0,1,0,0,0,0,high
audit-0043,audit-0043-g02,7109,k-IbB7jAw9g_114_0_32_35_720_to_0_33_11_089.mp4,"[Single-Choice] Observing the final moments, what is the primary mechanism that moves the fish from the water onto the sand? [Options] A) The fish is lifted clear of the water by the tension of the line. B) An incoming wave washes the fish up onto the beach. C) The person quickly walks backward, dragging the fish out. D) The fish swims onto the sand by itself.",B,2,dynamic_relation,Human-Centric,Single-Choice,0,0,0,1,0,0,intermediate
audit-0043,audit-0043-g03,7110,k-IbB7jAw9g_114_0_32_35_720_to_0_33_11_089.mp4,"[Single-Choice] Based on the change in the rod's shape and the subsequent camera movement, what is the person's immediate spatial goal? [Options] A) To cast the line further out. B) To secure the rod in a holder on the beach. C) To bring an object from the water to the shore. D) To observe the distant breakwater.",C,3,action_goal,Human-Centric,Single-Choice,1,0,0,1,0,0,high
audit-0044,audit-0044-g01,5700,me0ENrUEpE4_40_0_07_11_120_to_0_07_29_319.mp4,"[Single-Choice] As the viewing airplane moves, how does the perceived position of the green-and-white control tower change relative to the first large terminal building? [Options] A) It moves from being to the left of the terminal to being to the right of it. B) It moves from being to the right of the terminal to being to the left of it. C) It remains in a fixed position to the right of the terminal. D) It is initially behind the terminal and then moves in front of it.",C,2,dynamic_relation,Object-Centric,Single-Choice,0,0,0,1,0,0,intermediate
audit-0044,audit-0044-g02,5701,me0ENrUEpE4_40_0_07_11_120_to_0_07_29_319.mp4,"[Fill-in-the-Blank] Judging by the curve of the airplane's movement, if it were to continue on this trajectory, it would pass the control tower, leaving the tower on the airplane's ______ side.",left,4,physical_prediction,Object-Centric,Fill-in-the-Blank,0,0,1,1,0,0,high
audit-0044,audit-0044-g03,9582,me0ENrUEpE4_40_0_07_11_120_to_0_07_29_319.mp4,"[True/False] The group of parked planes with red and yellow tails, seen at the beginning of the video, is completely occluded by the engine and the plane's movement and does not reappear later in the video.",True,1,occlusion_permanence,Object-Centric,True/False,0,0,0,1,1,0,intermediate
audit-0045,audit-0045-g01,1587,eVTd0Q43YQY_60_0_06_07_408_to_0_06_19_170.mp4,"[Single-Choice] When the driver's side door is fully opened, which background object becomes partially occluded by the door from the camera's perspective? [Options] A) The leafless bush on the right. B) The orange truck. C) The fence post in the far distance. D) The other old car visible at the start.",B,1,occlusion_permanence,Human-Centric,Single-Choice,0,0,0,1,1,0,intermediate
audit-0045,audit-0045-g02,1588,eVTd0Q43YQY_60_0_06_07_408_to_0_06_19_170.mp4,"[True/False] From the perspective of the man wearing the cap, the man in the blue shirt moves from his right side to his left side as he approaches and opens the car door.",False,6,reference_frame,Human-Centric,True/False,0,1,0,0,0,0,high
audit-0046,audit-0046-g01,1750,ERekgrM-aaA_46_0_11_59_996_to_0_12_34_577.mp4,[True/False] The black triangular kite that approaches the large cloud from the right passes in front of the cloud.,True,1,occlusion_permanence,Object-Centric,True/False,0,0,0,1,1,0,intermediate
audit-0046,audit-0046-g02,1752,ERekgrM-aaA_46_0_11_59_996_to_0_12_34_577.mp4,"[Single-Choice] Between 0:10 and 0:15, what is the consistent vertical relationship between the black kite in the center and the red kite on the right? [Options] A) The black kite is consistently below the red kite. B) The red kite is consistently below the black kite. C) The two kites switch their vertical positions multiple times. D) The two kites remain at the same altitude.",C,2,dynamic_relation,Object-Centric,Single-Choice,0,0,0,1,0,0,intermediate
audit-0046,audit-0046-g03,1753,ERekgrM-aaA_46_0_11_59_996_to_0_12_34_577.mp4,"[Single-Choice] Around the 17-second mark, what change in the green kite's movement indicates its transition from a controlled to an uncontrolled state? [Options] A) It begins to move horizontally from right to left. B) It abruptly starts tumbling downwards instead of gliding. C) It rapidly ascends towards the top of the frame. D) It stops moving completely.",B,5,deformation_state,Object-Centric,Single-Choice,0,0,0,1,0,1,intermediate
audit-0046,audit-0046-g04,2400,ERekgrM-aaA_46_0_11_59_996_to_0_12_34_577.mp4,"[Single-Choice] Around the 17-second mark, what change in the green kite's movement indicates its transition from a controlled to an uncontrolled state? [Options] A) It begins to move horizontally from right to left. B) It abruptly starts tumbling downwards instead of gliding. C) It rapidly ascends towards the top of the frame. D) It stops moving completely.",B,5,deformation_state,Object-Centric,Single-Choice,0,0,0,1,0,1,intermediate
audit-0047,audit-0047-g01,6604,p1tQXuvT0Fg_12_0_05_15_399_to_0_05_27_600.mp4,"[Fill-in-the-Blank] In the final arrangement on the pink surface, the reddish-brown cylinder is positioned ______ the dark cylinder, relative to the camera's viewpoint.",below,2,dynamic_relation,Human-Centric,Fill-in-the-Blank,0,0,0,1,0,0,intermediate
audit-0047,audit-0047-g02,9359,p1tQXuvT0Fg_12_0_05_15_399_to_0_05_27_600.mp4,[True/False] The process shown in the first part of the video makes the surface of the dark wooden cylinder more reflective.,True,5,deformation_state,Human-Centric,True/False,0,0,0,1,0,1,intermediate
audit-0048,audit-0048-g01,202,lxl0FAwu6Rw_4_0_00_22_633_to_0_00_56_566.mp4,"[Single-Choice] At the beginning of the video (0:02), a prominent tall white building is visible to the left of the large electrical pylon. By the time the main rightward pan concludes (0:20), what is the new spatial relationship between them? [Options] A) The pylon is now to the left of the white building. B) The pylon is directly occluding the white building. C) The white building is no longer visible in the frame. D) The pylon remains to the right of the white building.",C,2,dynamic_relation,Object-Centric,Single-Choice,0,0,0,1,0,0,intermediate
audit-0049,audit-0049-g01,6901,lVoflPzlZRU_27_0_09_08_514_to_0_09_35_675.mp4,"[Fill-in-the-Blank] To transition the wheel from a locked to an unlocked state, the man must pivot the three red levers ______ from the face of the wheel's hub.",outward,5,deformation_state,Human-Centric,Fill-in-the-Blank,0,0,0,1,0,1,intermediate
audit-0050,audit-0050-g01,6448,fWEYTSaHq4U_10_0_01_52_879_to_0_02_05_625.mp4,"[Fill-in-the-Blank] The camera's path of motion relative to the bicycle is best described as an arc moving from the bike's right side, around its ______, to its left side.",rear,2,dynamic_relation,Human-Centric,Fill-in-the-Blank,0,0,0,1,0,0,intermediate
audit-0050,audit-0050-g02,8376,fWEYTSaHq4U_10_0_01_52_879_to_0_02_05_625.mp4,"[Single-Choice] Based on the person's initial hand placement firmly on the seat post, what is the most likely immediate action they are preparing to perform? [Options] A) Adjust the height of the seat. B) Engage the rear brake. C) Turn the pedals. D) Activate the electronic display on the handlebars.",A,3,action_goal,Human-Centric,Single-Choice,1,0,0,1,0,0,high
audit-0050,audit-0050-g03,8377,fWEYTSaHq4U_10_0_01_52_879_to_0_02_05_625.mp4,"[Single-Choice] As the camera moves from its starting position to its final position, what is the most significant change in the apparent spatial relationship between the handlebars and the rear cargo rack from the camera's perspective? [Options] A) The handlebars move from being above the rack to being below it. B) The handlebars, initially to the left of the rack, end up to the right of the rack. C) The distance between the handlebars and the rack visually remains constant. D) The handlebars and rack switch from being aligned diagonally to being aligned vertically.",B,6,reference_frame,Human-Centric,Single-Choice,0,1,0,1,0,0,high
audit-0051,audit-0051-g01,5842,g9jDgXHane4_52_0_12_07_527_to_0_12_18_004.mp4,"[Multiple-Select] As the boy stands up and begins to move, which of these statements correctly describe the changing spatial properties of the collection of shoes in his arms? (Select all that apply)
[Options]
A) The shoes lock together to form a stable, rigid structure.
B) The entire pile of shoes visibly wobbles and sways as he moves.
C) Individual shoes can be seen shifting their positions and angles relative to each other within the pile.
D) The overall size of the pile shrinks as the shoes are compressed together.","B, C",5,deformation_state,Human-Centric,Multiple-Select,0,0,0,1,0,1,intermediate
audit-0051,audit-0051-g02,6409,g9jDgXHane4_52_0_12_07_527_to_0_12_18_004.mp4,"[Fill-in-the-Blank] After gathering the shoes and standing up, the boy rotates his body to his ______ to face the stainless steel refrigerator.",left,6,reference_frame,Human-Centric,Fill-in-the-Blank,0,1,0,1,0,0,high
audit-0051,audit-0051-g03,8190,g9jDgXHane4_52_0_12_07_527_to_0_12_18_004.mp4,"[Single-Choice] Based on the boy's struggle to hold the loose pile of shoes as he stands and turns, what is the most immediate and likely spatial event to occur if he tries to walk further?
[Options]
A) The shoes will arrange themselves more neatly in his arms.
B) He will successfully carry all the shoes to his destination without issue.
C) At least one shoe will fall from his arms onto the floor.
D) The shoes will fuse into a single, easy-to-carry object.",C,3,action_goal,Human-Centric,Single-Choice,1,0,0,1,0,0,high
audit-0051,audit-0051-g04,9100,g9jDgXHane4_52_0_12_07_527_to_0_12_18_004.mp4,"[True/False] At the moment the boy is fully standing upright but before he takes a step forward, the black sneaker with bright red laces is held at a higher elevation than the blue and white striped flip-flop.",True,2,dynamic_relation,Human-Centric,True/False,0,0,0,1,0,0,intermediate
audit-0052,audit-0052-g01,2243,_yrxbcB4CwA_104_0_16_52_779_to_0_17_05_759.mp4,"[Fill-in-the-Blank] At the 0:10 mark, the driver turns the steering wheel to the ______, causing the car to navigate the curve in the track.",left,3,action_goal,Human-Centric,Fill-in-the-Blank,1,0,0,1,0,0,high
audit-0053,audit-0053-g01,5755,nIzM3o__gsw_11_0_02_42_833_to_0_02_55_733.mp4,"[Single-Choice] When the man appears and looks toward the camera, from his point of view, the distant hills are located in which direction? [Options] A) To his right. B) To his left. C) Directly behind him. D) In front of him, across the water.",B,6,reference_frame,Human-Centric,Single-Choice,0,1,0,0,0,0,high
audit-0054,audit-0054-g01,2848,RhqY2FLyVPE_4_0_00_16_116_to_0_00_28_795.mp4,[True/False] The two ducks the man carries out of the building are the same two he initially takes from the second and third positions from the left on the top rack.,True,1,occlusion_permanence,Human-Centric,True/False,0,0,0,1,1,0,intermediate
audit-0054,audit-0054-g02,3421,RhqY2FLyVPE_4_0_00_16_116_to_0_00_28_795.mp4,[True/False] The two ducks the man carries out of the building are the same two he initially takes from the second and third positions from the left on the top rack.,True,1,occlusion_permanence,Human-Centric,True/False,0,0,0,1,1,0,intermediate
audit-0054,audit-0054-g03,4434,RhqY2FLyVPE_4_0_00_16_116_to_0_00_28_795.mp4,[True/False] The two ducks the man carries out of the building are the same two he initially takes from the second and third positions from the left on the top rack.,True,1,occlusion_permanence,Human-Centric,True/False,0,0,0,1,1,0,intermediate
audit-0055,audit-0055-g01,3836,Yd8OlFUVe5I_39_0_06_58_240_to_0_07_08_240.mp4,"[True/False] From the camera's viewpoint, the white SUV parked in the background remains consistently to the left of the small black car parked next to it throughout the video.",True,2,dynamic_relation,Object-Centric,True/False,0,0,0,1,0,0,intermediate
audit-0055,audit-0055-g02,3837,Yd8OlFUVe5I_39_0_06_58_240_to_0_07_08_240.mp4,"[Fill-in-the-Blank] During the camera's movement, the three cars parked in the background are temporarily hidden. The last of these three cars to disappear completely behind the white car is the ______.",black SUV,1,occlusion_permanence,Object-Centric,Fill-in-the-Blank,0,0,0,1,1,0,intermediate
audit-0055,audit-0055-g03,4947,Yd8OlFUVe5I_39_0_06_58_240_to_0_07_08_240.mp4,"[True/False] From the camera's viewpoint, the white SUV parked in the background remains consistently to the left of the small black car parked next to it throughout the video.",True,2,dynamic_relation,Object-Centric,True/False,0,0,0,1,0,0,intermediate
audit-0055,audit-0055-g04,4948,Yd8OlFUVe5I_39_0_06_58_240_to_0_07_08_240.mp4,"[Fill-in-the-Blank] During the camera's movement, the three cars parked in the background are temporarily hidden. The last of these three cars to disappear completely behind the white car is the ______.", ,1,occlusion_permanence,Object-Centric,Fill-in-the-Blank,0,0,0,1,1,0,intermediate
audit-0056,audit-0056-g01,9372,oozvOIje5Rg_138_0_14_51_279_to_0_15_04_159.mp4,"[True/False] Based on the car's trajectory and the visible road at the start of the video, the car must have completed a sharp right turn immediately before the video began.",False,4,physical_prediction,Object-Centric,True/False,0,0,1,1,0,0,high
audit-0057,audit-0057-g01,530,TzXbHitrUBM_16_0_03_14_699_to_0_03_39_033.mp4,"[Single-Choice] When the hand first enters the frame, which specific area of the red vehicle is it gesturing towards?
[Options]
A) The spare tire
B) The rear taillight
C) The driver-side rear window
D) The roof",B,3,action_goal,Human-Centric,Single-Choice,1,0,0,1,0,0,high
audit-0057,audit-0057-g02,2044,TzXbHitrUBM_16_0_03_14_699_to_0_03_39_033.mp4,"[Single-Choice] Throughout the entire video, which vehicle is consistently parked directly to the left of the red Jeep from an overhead, map-like perspective? [Options] A) The blue Jeep. B) The black Jeep. C) The silver Jeep. D) No vehicle is parked directly to its left.",B,6,reference_frame,Human-Centric,Single-Choice,0,1,0,1,0,0,high
audit-0058,audit-0058-g01,53,aTOCXYLj5HQ_17_0_03_01_806_to_0_03_16_654.mp4,"[Single-Choice] During the final seconds of the video, as the camera pans to follow the drone's flight, what is the apparent motion of the van from the camera's perspective? [Options] A) It moves toward the right side of the frame. B) It moves toward the left side of the frame. C) It remains in a fixed position within the frame. D) It gets smaller but does not move horizontally.",A,6,reference_frame,Object-Centric,Single-Choice,0,1,0,1,0,0,high
audit-0059,audit-0059-g01,8268,ftZEfZ7hbJc_3_0_01_19_446_to_0_01_46_306.mp4,"[Single-Choice] Between 00:09 and 00:11, the surfer performs a maneuver that directs them back toward the breaking part of the wave. What is the primary spatial purpose of this action? [Options] A) To deliberately stop and end the ride on the whitewater. B) To position the board back into the wave's main source of power. C) To move into a position to jump over the wave. D) To avoid a collision with the yellow buoy.",B,3,action_goal,Human-Centric,Single-Choice,1,0,0,1,0,0,high
audit-0060,audit-0060-g01,3686,Vhq-OykV6nQ_16_0_02_19_535_to_0_02_30_647.mp4,"[Single-Choice] At the beginning of the video, the person on the right points their finger. What is the most likely target of their gesture, based on their line of sight and the direction they are pointing? [Options] A) The group of people standing to their right. B) The row of cars far in the distance directly ahead. C) The red food truck on the far left. D) The orange cone on the ground.",B,3,action_goal,Human-Centric,Single-Choice,1,0,0,1,0,0,high
audit-0060,audit-0060-g02,3687,Vhq-OykV6nQ_16_0_02_19_535_to_0_02_30_647.mp4,[True/False] The front of the moving black car is first occluded by the person in the black shirt and shorts before it is occluded by the person in the grey shirt.,False,1,occlusion_permanence,Human-Centric,True/False,0,0,0,1,1,0,intermediate
audit-0060,audit-0060-g03,4741,Vhq-OykV6nQ_16_0_02_19_535_to_0_02_30_647.mp4,"[Single-Choice] At the beginning of the video, the person on the right points their finger. What is the most likely target of their gesture, based on their line of sight and the direction they are pointing? [Options] A) The group of people standing to their right. B) The row of cars far in the distance directly ahead. C) The red food truck on the far left. D) The orange cone on the ground.",B,3,action_goal,Human-Centric,Single-Choice,1,0,0,1,0,0,high
audit-0060,audit-0060-g04,4742,Vhq-OykV6nQ_16_0_02_19_535_to_0_02_30_647.mp4,[True/False] The front of the moving black car is first occluded by the person in the black shirt and shorts before it is occluded by the person in the grey shirt.,False,1,occlusion_permanence,Human-Centric,True/False,0,0,0,1,1,0,intermediate
audit-0061,audit-0061-g01,4768,W2pq8aabi2U_31_0_09_55_000_to_0_11_04_166.mp4,"[Single-Choice] At the 13-second mark, the elephant is walking on the paved road. If it were to make an immediate 90-degree turn to its left, what object would be directly in its path?
[Options]
A) The white building with the metal roof.
B) The large tree with dense leaves.
C) A different elephant in an enclosure.
D) The modern wooden tower.",D,4,physical_prediction,Human-Centric,Single-Choice,0,0,1,1,0,0,high
audit-0062,audit-0062-g01,1999,SmE_DqZ64n8_99_0_13_05_993_to_0_13_19_882.mp4,"[True/False] Based on the final reveal, the person was standing to the left of the prominent tree (from the camera's initial point of view) throughout the entire video.",False,1,occlusion_permanence,Human-Centric,True/False,0,0,0,1,1,0,intermediate
audit-0062,audit-0062-g02,2001,SmE_DqZ64n8_99_0_13_05_993_to_0_13_19_882.mp4,"[Single-Choice] The camera's movement—panning across the landscape and then quickly turning to the person—is structured to achieve what spatial effect? [Options] A) To show that the person is walking from the tree towards the camera. B) To survey the entire length of the coastline from one end to the other. C) To create a surprise reveal, positioning the person as the observer of the scene just presented. D) To hide the location of the ocean relative to the person.",C,3,action_goal,Human-Centric,Single-Choice,1,0,0,1,0,0,high
audit-0063,audit-0063-g01,2142,G3EJRaUHlbk_26_0_02_43_955_to_0_02_54_674.mp4,"[Single-Choice] As the car navigates the curve, what is the spatial relationship between the car's direction of travel and the orientation of its body? [Options] A) The car's body is perfectly aligned with its direction of travel. B) The rear of the car is angled outward, away from the center of the turn. C) The front of the car is pointed directly towards the outside edge of the track. D) The car's body is angled slightly inward, towards the center of the turn, relative to its path.",B,2,dynamic_relation,Object-Centric,Single-Choice,0,0,0,1,0,0,intermediate
audit-0063,audit-0063-g02,2752,G3EJRaUHlbk_26_0_02_43_955_to_0_02_54_674.mp4,"[Single-Choice] As the car navigates the curve, what is the spatial relationship between the car's direction of travel and the orientation of its body? [Options] A) The car's body is perfectly aligned with its direction of travel. B) The rear of the car is angled outward, away from the center of the turn. C) The front of the car is pointed directly towards the outside edge of the track. D) The car's body is angled slightly inward, towards the center of the turn, relative to its path.",D,2,dynamic_relation,Object-Centric,Single-Choice,0,0,0,1,0,0,intermediate
audit-0063,audit-0063-g03,4007,G3EJRaUHlbk_26_0_02_43_955_to_0_02_54_674.mp4,"[Single-Choice] As the car navigates the curve, what is the spatial relationship between the car's direction of travel and the orientation of its body? [Options] A) The car's body is perfectly aligned with its direction of travel. B) The rear of the car is angled outward, away from the center of the turn. C) The front of the car is pointed directly towards the outside edge of the track. D) The car's body is angled slightly inward, towards the center of the turn, relative to its path.", A,2,dynamic_relation,Object-Centric,Single-Choice,0,0,0,1,0,0,intermediate
audit-0064,audit-0064-g01,311,6MyqiFNiS-g_27_0_04_26_367_to_0_04_39_246.mp4,[True/False] The object held in the hand at the end of the video was originally a separate piece that was meant to be attached to the front of the fixture in the wall.,True,5,deformation_state,Human-Centric,True/False,0,0,0,1,0,1,intermediate
audit-0065,audit-0065-g01,1060,MaKSkIbHIxM_64_0_12_04_457_to_0_12_22_141.mp4,"[Multiple-Select] At the start of the video, a group of three young people are standing near a silver sign. Based on their initial orientation and subsequent movement, what is their immediate group objective? [Options] A) To turn left and enter the shop with the purple awning. B) To wait for someone to approach them from further down the arcade. C) To walk forward, following the path of another person who just left their group. D) To turn around and walk back toward the camera's starting point.","A,B,C,D",3,action_goal,Human-Centric,Multiple-Select,1,0,0,1,0,0,high
audit-0066,audit-0066-g01,1840,LSlhkLImq8U_2_0_01_22_449_to_0_02_30_283.mp4,"[True/False] In the first minute of the video, every time the person walking the dog comes to a complete stop, the dog sits.",True,3,action_goal,Human-Centric,True/False,1,0,0,1,0,0,high
audit-0067,audit-0067-g01,2075,VGN1mWGDO7w_19_0_03_08_621_to_0_03_18_731.mp4,"[True/False] If the driver had turned left instead of right at the intersection, the white van would have been on their left side after the turn.",False,4,physical_prediction,Human-Centric,True/False,0,0,1,1,0,0,high
audit-0068,audit-0068-g01,8482,fEkgDypfXFI_15_0_02_35_054_to_0_02_58_845.mp4,[Single-Choice] What spatial action does the employee perform to place the large cookie cake into the display case? [Options] A) She lifts the front glass panel and places the cake inside. B) She opens a sliding door at the back and puts the cake in. C) She slides the cake through an opening between the bottom tray and the front glass. D) She places the cake on a rotating stand that moves into the case.,C,3,action_goal,Human-Centric,Single-Choice,1,0,0,1,0,0,high
audit-0068,audit-0068-g02,9210,fEkgDypfXFI_15_0_02_35_054_to_0_02_58_845.mp4,[True/False] The woman places the cookie cake into a space in the display case that is already occupied by another cake.,False,3,action_goal,Human-Centric,True/False,1,0,0,1,0,0,high
audit-0068,audit-0068-g03,9211,fEkgDypfXFI_15_0_02_35_054_to_0_02_58_845.mp4,"[True/False] From the video's initial wide-shot perspective, the 'Mrs. Fields' kiosk is to the right of the large Christmas tree.",False,6,reference_frame,Human-Centric,True/False,0,1,0,0,0,0,high
audit-0069,audit-0069-g01,5314,srbQrg_NF5E_56_0_09_33_703_to_0_09_45_432.mp4,[True/False] The winding road seen across the valley at 00:04 is at a higher elevation than the road the camera is traveling on.,False,2,dynamic_relation,Object-Centric,True/False,0,0,0,1,0,0,intermediate
audit-0069,audit-0069-g02,5315,srbQrg_NF5E_56_0_09_33_703_to_0_09_45_432.mp4,"[Single-Choice] Between 00:08 and 00:10, the branches of the bare tree in the foreground pass in front of and briefly hide which feature? [Options] A) The highest mountain peak in the distance. B) A section of the road deep in the valley. C) A cluster of houses on the opposite hillside. D) The group of pine trees on the far right.",A,1,occlusion_permanence,Object-Centric,Single-Choice,0,0,0,1,1,0,intermediate
audit-0070,audit-0070-g01,8200,g6wB7Cuwux8_56_0_08_04_417_to_0_08_16_696.mp4,[Single-Choice] What is the primary state transition of the rocket shown in the video? [Options] A) From a stationary state to a state of upward acceleration. B) From a horizontal orientation to a vertical orientation. C) From a disassembled state to an assembled state. D) From being attached to a train to being attached to a launch tower.,B,5,deformation_state,Object-Centric,Single-Choice,0,0,0,1,0,1,intermediate
audit-0070,audit-0070-g02,9104,g6wB7Cuwux8_56_0_08_04_417_to_0_08_16_696.mp4,"[True/False] During the lift, the large green erector arm moves from being positioned underneath the rocket to temporarily occluding the rocket's side boosters from the camera's point of view.",True,1,occlusion_permanence,Object-Centric,True/False,0,0,0,1,1,0,intermediate
audit-0071,audit-0071-g01,6117,k3vZmC6hy3c_21_0_04_03_866_to_0_04_19_366.mp4,[Fill-in-the-Blank] The primary visual event in the video is the state transition of the two large screens from an off state to an ______ state.,illuminated,5,deformation_state,Human-Centric,Fill-in-the-Blank,0,0,0,1,0,1,intermediate
audit-0071,audit-0071-g02,7077,k3vZmC6hy3c_21_0_04_03_866_to_0_04_19_366.mp4,"[Single-Choice] Immediately after the person's finger presses the 'POWER' button, where do new, bright graphics first appear? [Options] A) Only on the screen directly behind the steering wheel. B) On the analog clock to the right of the center screen. C) On both the screen behind the steering wheel and the central screen simultaneously. D) Only on the central screen.",C,3,action_goal,Human-Centric,Single-Choice,1,0,0,1,0,0,high
audit-0071,audit-0071-g03,8729,k3vZmC6hy3c_21_0_04_03_866_to_0_04_19_366.mp4,"[True/False] During the system startup sequence shown on the screen behind the steering wheel, the digital speedometer number is displayed inside the circular tachometer gauge.",True,2,dynamic_relation,Human-Centric,True/False,0,0,0,1,0,0,intermediate
audit-0072,audit-0072-g01,470,Qj8BZ8T8Oac_205_0_32_12_599_to_0_32_26_880.mp4,[Single-Choice] The person in the yellow jacket makes two attempts to move down the hill. What is the spatial difference between their initial attempt and their successful sliding method? [Options] A) They started by lying on their back and ended up sitting. B) They started with a forward roll and ended up sliding while sitting. C) They started sliding on their stomach and rolled onto their back. D) They started by trying to slide standing up and then sat down.,B,3,action_goal,Human-Centric,Single-Choice,1,0,0,1,0,0,high
audit-0072,audit-0072-g02,3353,Qj8BZ8T8Oac_205_0_32_12_599_to_0_32_26_880.mp4,"[Single-Choice] As the camera pans to follow the person sliding downhill, how does the most prominent snow-covered mountain peak in the background appear to move relative to the camera's frame? [Options] A) It moves from the right side of the frame towards the left. B) It moves from the left side of the frame towards the right. C) It remains fixed in the center of the frame. D) It moves from the top of the frame towards the bottom.",A,6,reference_frame,Human-Centric,Single-Choice,0,1,0,0,0,0,high
audit-0072,audit-0072-g03,4365,Qj8BZ8T8Oac_205_0_32_12_599_to_0_32_26_880.mp4,"[Single-Choice] As the camera pans to follow the person sliding downhill, how does the most prominent snow-covered mountain peak in the background appear to move relative to the camera's frame? [Options] A) It moves from the right side of the frame towards the left. B) It moves from the left side of the frame towards the right. C) It remains fixed in the center of the frame. D) It moves from the top of the frame towards the bottom.",B,6,reference_frame,Human-Centric,Single-Choice,0,1,0,0,0,0,high
audit-0073,audit-0073-g01,8958,hekzmOGY4jo_14_0_01_46_940_to_0_01_59_385.mp4,"[True/False] For most of the ride, the surfer is moving along the face of the wave, causing the surfboard to travel in a direction roughly parallel to the shoreline.",True,6,reference_frame,Human-Centric,True/False,0,1,0,0,0,0,high
audit-0074,audit-0074-g01,6242,icloqbwjRbY_53_0_06_24_120_to_0_06_36_120.mp4,"[Fill-in-the-Blank] As the car completes its left turn towards the end of the video, its shadow, which was initially cast in front of it, is now cast primarily to the car's ______ side.",left,2,dynamic_relation,Object-Centric,Fill-in-the-Blank,0,0,0,1,0,0,intermediate
audit-0074,audit-0074-g02,8874,icloqbwjRbY_53_0_06_24_120_to_0_06_36_120.mp4,"[True/False] As the car enters the left turn between the 0:08 and 0:10 second marks, its right-side tires cross over the solid white line on the track's right edge.",False,2,dynamic_relation,Object-Centric,True/False,0,0,0,1,0,0,intermediate
audit-0075,audit-0075-g01,6256,iVBkmPk7Sxk_0_0_00_01_199_to_0_00_12_933.mp4,"[Fill-in-the-Blank] If the camera were to continue its circular path around the rear of the gray Humvee, the entrance to the ______ would become the main focus in the background.",garage,4,physical_prediction,Object-Centric,Fill-in-the-Blank,0,0,1,1,0,0,high
audit-0075,audit-0075-g02,7559,iVBkmPk7Sxk_0_0_00_01_199_to_0_00_12_933.mp4,"[Single-Choice] Two camouflage Humvees are visible: one at the start of the video and a different one behind the gray Humvee at the end. Based on how they are revealed, what is their most likely spatial arrangement in the parking lot? [Options] A) Parked next to each other, side-by-side. B) Parked in a single line, one behind the other. C) Parked at a right angle to each other. D) They are the same vehicle, and the camera has moved around it.",B,6,reference_frame,Object-Centric,Single-Choice,0,1,0,0,0,0,high
audit-0075,audit-0075-g03,7560,iVBkmPk7Sxk_0_0_00_01_199_to_0_00_12_933.mp4,"[Single-Choice] As the camera moves past the gray Humvee's rear wheel, what happens to the view of the red car in the background? [Options] A) The red car becomes increasingly occluded by the gray Humvee. B) The red car moves into a position in front of the gray Humvee. C) The gray Humvee moves to reveal more of the red car. D) The red car remains fully visible and stationary relative to the Humvee's wheel.",A,2,dynamic_relation,Object-Centric,Single-Choice,0,0,0,1,0,0,intermediate
audit-0075,audit-0075-g04,8893,iVBkmPk7Sxk_0_0_00_01_199_to_0_00_12_933.mp4,"[True/False] The front grille of the camouflage Humvee, visible at the start of the video, is completely occluded by the gray Humvee by the time the camera stops moving.",True,1,occlusion_permanence,Object-Centric,True/False,0,0,0,1,1,0,intermediate
audit-0076,audit-0076-g01,5926,v9lTwOyEhd8_31_0_09_28_559_to_0_09_41_480.mp4,"[Multiple-Select] In the second scene, the person wraps the rope around the silver winch. What is the spatial and mechanical purpose of this preparatory action? (Select all that apply)
[Options]
A) To use the friction between the rope and the winch drum to hold tension.
B) To engage the rope with a rotating mechanism that provides a mechanical advantage.
C) To guide the rope in a straight line toward the front of the boat.
D) To prepare to tie a knot, securing the rope to the winch.","A, B",3,action_goal,Human-Centric,Multiple-Select,1,0,0,1,0,0,high
audit-0076,audit-0076-g02,9869,v9lTwOyEhd8_31_0_09_28_559_to_0_09_41_480.mp4,"[True/False] From the perspective of the person in the first scene, the yellow rope moves towards their chest. From the perspective of the boat itself, the primary effect of this action is to move the attached horizontal pole sideways.",True,6,reference_frame,Human-Centric,True/False,0,1,0,0,0,0,high
audit-0077,audit-0077-g01,2101,FvjQ4vFdAlA_3_0_02_00_453_to_0_02_17_837.mp4,[True/False] The rear step mechanism operates by folding upwards to sit flush against the van's rear doors when not in use.,False,5,deformation_state,Human-Centric,True/False,0,0,0,1,0,1,intermediate
audit-0077,audit-0077-g02,2720,FvjQ4vFdAlA_3_0_02_00_453_to_0_02_17_837.mp4,[True/False] The rear step mechanism operates by folding upwards to sit flush against the van's rear doors when not in use.,False,5,deformation_state,Human-Centric,True/False,0,0,0,1,0,1,intermediate
audit-0078,audit-0078-g01,3994,_vTG5LNQqT4_2_0_00_51_451_to_0_01_23_616.mp4,"[Fill-in-the-Blank] At the 25-second mark, the surfer initiates a turn. Based on her body orientation and the angle of the surfboard, her immediate new direction of travel will be toward the ______ of the screen.",left,4,physical_prediction,Human-Centric,Fill-in-the-Blank,0,0,1,1,0,0,high
audit-0078,audit-0078-g02,5116,_vTG5LNQqT4_2_0_00_51_451_to_0_01_23_616.mp4,"[Fill-in-the-Blank] At the 25-second mark, the surfer initiates a turn. Based on her body orientation and the angle of the surfboard, her immediate new direction of travel will be toward the ______ of the screen.",left,4,physical_prediction,Human-Centric,Fill-in-the-Blank,0,0,1,1,0,0,high
audit-0079,audit-0079-g01,2118,G-xOwvyrK8o_23_0_11_46_172_to_0_12_30_082.mp4,"[True/False] In the final moments of the video, pulling on the two loose ends of the cord causes the knot to tighten and move closer to the larger woven loop it is attached to.",False,5,deformation_state,Human-Centric,True/False,0,0,0,1,0,1,intermediate
audit-0079,audit-0079-g02,2733,G-xOwvyrK8o_23_0_11_46_172_to_0_12_30_082.mp4,"[True/False] In the final moments of the video, pulling on the two loose ends of the cord causes the knot to tighten and move closer to the larger woven loop it is attached to.",True,5,deformation_state,Human-Centric,True/False,0,0,0,1,0,1,intermediate
audit-0080,audit-0080-g01,8301,fkb6l0L3Kn4_13_0_03_50_199_to_0_04_02_900.mp4,[Single-Choice] Which statement best describes the state of the fishing rod the person is holding? [Options] A) It remains perfectly straight throughout the entire video. B) It is bent downwards and the degree of this bend fluctuates slightly. C) It is initially straight and then bends downwards. D) It is bent upwards towards the sky.,B,5,deformation_state,Human-Centric,Single-Choice,0,0,0,1,0,1,intermediate
audit-0081,audit-0081-g01,2285,GvaFtmAzxNk_11_0_01_15_909_to_0_01_34_360.mp4,"[True/False] After being processed by the machine, the central section of the metal strip has been compressed, making it wider.",False,5,deformation_state,Human-Centric,True/False,0,0,0,1,0,1,intermediate
audit-0081,audit-0081-g02,2909,GvaFtmAzxNk_11_0_01_15_909_to_0_01_34_360.mp4,"[True/False] After being processed by the machine, the central section of the metal strip has been compressed, making it wider.",False,5,deformation_state,Human-Centric,True/False,0,0,0,1,0,1,intermediate
audit-0081,audit-0081-g03,4095,GvaFtmAzxNk_11_0_01_15_909_to_0_01_34_360.mp4,"[True/False] After being processed by the machine, the central section of the metal strip has been compressed, making it wider.",False,5,deformation_state,Human-Centric,True/False,0,0,0,1,0,1,intermediate
audit-0082,audit-0082-g01,1071,Me-ow0kXHfI_11_0_01_58_718_to_0_02_36_456.mp4,"[True/False] Judging by the speed at which the scenery begins to move past the car in the first five seconds, the driver is performing a cautious and slow acceleration.",True,3,action_goal,Human-Centric,True/False,1,0,0,1,0,0,high
audit-0083,audit-0083-g01,693,sbxC6BKxZRg_9_0_01_29_799_to_0_01_40_760.mp4,[True/False] The horse on the far right of the screen (with the jockey in the yellow shirt) maintains a path separate from the main cluster of horses for the entire duration of the clip.,False,3,action_goal,Human-Centric,True/False,1,0,0,1,0,0,high
audit-0084,audit-0084-g01,2820,RO5Mr1bGRpI_12_0_03_28_900_to_0_03_39_666.mp4,"[True/False] Based on their observed trajectories, the blue-and-white tugboat is on course to pass the red shipping containers on the far shore before the large green barge.",False,4,physical_prediction,Object-Centric,True/False,0,0,1,1,0,0,high
audit-0084,audit-0084-g02,3407,RO5Mr1bGRpI_12_0_03_28_900_to_0_03_39_666.mp4,"[True/False] Based on their observed trajectories, the blue-and-white tugboat is on course to pass the red shipping containers on the far shore before the large green barge.",True,4,physical_prediction,Object-Centric,True/False,0,0,1,1,0,0,high
audit-0084,audit-0084-g03,4419,RO5Mr1bGRpI_12_0_03_28_900_to_0_03_39_666.mp4,"[True/False] Based on their observed trajectories, the blue-and-white tugboat is on course to pass the red shipping containers on the far shore before the large green barge.",True,4,physical_prediction,Object-Centric,True/False,0,0,1,1,0,0,high
audit-0084,audit-0084-g04,6088,RO5Mr1bGRpI_12_0_03_28_900_to_0_03_39_666.mp4,"[Multiple-Select] Which statements accurately describe the dynamic spatial relationships in the video? (Select all that apply) [Options] A) The blue-and-white tugboat is moving at a greater speed than the large green barge. B) Both the tugboat and the barge are moving in the general direction of the bridge visible in the background. C) A visible wake trails behind the tugboat, indicating its path through the water. D) The tugboat is positioned behind the barge to push it forward.","A, B, C",2,dynamic_relation,Object-Centric,Multiple-Select,0,0,0,1,0,0,intermediate
audit-0085,audit-0085-g01,6493,f3WZgMnSxeM_21_0_03_30_944_to_0_03_41_421.mp4,"[Fill-in-the-Blank] As the motorcycle moves forward from its starting position, the apparent position of the ornate black mailbox shifts from the rider's front-right to their direct ____.",right,2,dynamic_relation,Human-Centric,Fill-in-the-Blank,0,0,0,1,0,0,intermediate
audit-0086,audit-0086-g01,654,_vyGEgNbx7c_37_0_05_37_003_to_0_06_13_873.mp4,[Single-Choice] What is the consistent spatial relationship between the snowboarder and their shadow throughout the video? [Options] A) The shadow is always directly behind them. B) The shadow is cast to their right and slightly behind them. C) The shadow is cast to their left and slightly in front of them. D) The shadow is not visible.,C,2,dynamic_relation,Human-Centric,Single-Choice,0,0,0,1,0,0,intermediate
audit-0086,audit-0086-g02,3996,_vyGEgNbx7c_37_0_05_37_003_to_0_06_13_873.mp4,"[True/False] During the turn executed between 0:02 and 0:05, the distant, snow-covered mountain range remains on the snowboarder's left side from their perspective.",False,6,reference_frame,Human-Centric,True/False,0,1,0,1,0,0,high
audit-0086,audit-0086-g03,5118,_vyGEgNbx7c_37_0_05_37_003_to_0_06_13_873.mp4,"[True/False] During the turn executed between 0:02 and 0:05, the distant, snow-covered mountain range remains on the snowboarder's left side from their perspective.",False,6,reference_frame,Human-Centric,True/False,0,1,0,1,0,0,high
audit-0087,audit-0087-g01,3904,Z_F-KfgKv3U_167_0_34_57_864_to_0_35_19_119.mp4,"[True/False] As the camera moves forward from 0:07 to 0:10, the corner of the building's stone wall is what primarily occludes the view of the statue with the orange hat.",True,1,occlusion_permanence,Object-Centric,True/False,0,0,0,1,1,0,intermediate
audit-0087,audit-0087-g02,3905,Z_F-KfgKv3U_167_0_34_57_864_to_0_35_19_119.mp4,"[Single-Choice] If the camera, at its position at 0:05, had moved directly sideways to the left into the foliage instead of continuing forward, which statue's hat would have been the first to be fully obscured by the green bushes? [Options] A) The statue with the red and blue striped hat in the extreme foreground. B) The statue with the green and yellow striped hat. C) The statue with the orange hat. D) The statue with the pink and white striped hat.",A,4,physical_prediction,Object-Centric,Single-Choice,0,0,1,1,0,0,high
audit-0087,audit-0087-g03,5023,Z_F-KfgKv3U_167_0_34_57_864_to_0_35_19_119.mp4,"[True/False] As the camera moves forward from 0:07 to 0:10, the corner of the building's stone wall is what primarily occludes the view of the statue with the orange hat.",False,1,occlusion_permanence,Object-Centric,True/False,0,0,0,1,1,0,intermediate
audit-0087,audit-0087-g04,5024,Z_F-KfgKv3U_167_0_34_57_864_to_0_35_19_119.mp4,"[Single-Choice] If the camera, at its position at 0:05, had moved directly sideways to the left into the foliage instead of continuing forward, which statue's hat would have been the first to be fully obscured by the green bushes? [Options] A) The statue with the red and blue striped hat in the extreme foreground. B) The statue with the green and yellow striped hat. C) The statue with the orange hat. D) The statue with the pink and white striped hat.",A,4,physical_prediction,Object-Centric,Single-Choice,0,0,1,1,0,0,high
audit-0088,audit-0088-g01,614,Yp_RIDCAdlo_30_0_06_01_761_to_0_06_12_372.mp4,"[Single-Choice] As the camera pans left, how does the perceived horizontal position of the distant wind turbine change relative to the large, multi-gabled house on the peninsula? [Options] A) It moves from being to the left of the house to being to the right of the house. B) It remains to the left of the house throughout the pan. C) It moves from being to the right of the house to being to the left of the house. D) It becomes completely blocked from view by the house.",B,2,dynamic_relation,Object-Centric,Single-Choice,0,0,0,1,0,0,intermediate
audit-0088,audit-0088-g02,3856,Yp_RIDCAdlo_30_0_06_01_761_to_0_06_12_372.mp4,[True/False] The flagpole visible in the middle ground of the scene is completely occluded by foreground trees by the end of the video.,False,1,occlusion_permanence,Object-Centric,True/False,0,0,0,1,1,0,intermediate
audit-0088,audit-0088-g03,4968,Yp_RIDCAdlo_30_0_06_01_761_to_0_06_12_372.mp4,[True/False] The flagpole visible in the middle ground of the scene is completely occluded by foreground trees by the end of the video.,False,1,occlusion_permanence,Object-Centric,True/False,0,0,0,1,1,0,intermediate
audit-0089,audit-0089-g01,5904,lXGGkDcGB7o_1_0_00_05_205_to_0_00_15_849.mp4,"[Multiple-Select] Which of the following accurately describe the change in the state of the objects being manipulated? (Select all that apply) [Options] A) The rope transitions from being pliable and loose to being under tension. B) The two logs transition from being two independent objects to a single, interconnected structure. C) The point of intersection between the two logs becomes less stable. D) The overall shape of the rope changes from a coil to a complex wrapping pattern.","A, B, D",5,deformation_state,Human-Centric,Multiple-Select,0,0,0,1,0,1,intermediate
audit-0090,audit-0090-g01,7508,icw8ffApXOs_24_0_05_07_373_to_0_05_26_659.mp4,"[Single-Choice] At the beginning of the video, a ball is kicked high into the air. Based on its trajectory and the positioning of the children, where is the ball most likely intended to land? [Options] A) Near the dense bushes on the far right. B) In the area occupied by the group of players in the center of the field. C) Directly in front of the adult who appears later in the video. D) Behind the child in the green and white patterned shirt in the foreground.",B,4,physical_prediction,Human-Centric,Single-Choice,0,0,1,1,0,0,high
audit-0090,audit-0090-g02,8872,icw8ffApXOs_24_0_05_07_373_to_0_05_26_659.mp4,"[True/False] At the three-second mark, the child in the red patterned shirt who raises their arms is spatially positioned between the camera and the child in the solid white shirt.",True,2,dynamic_relation,Human-Centric,True/False,0,0,0,1,0,0,intermediate
audit-0091,audit-0091-g01,2779,R5lA1ZQzauM_12_0_07_29_399_to_0_08_49_533.mp4,"[True/False] From the drone's perspective at 1:12, the operator is positioned between the drone and the covered parking structure.",True,6,reference_frame,Human-Centric,True/False,0,1,0,1,0,0,high
audit-0091,audit-0091-g02,2781,R5lA1ZQzauM_12_0_07_29_399_to_0_08_49_533.mp4,[Multiple-Select] The operator's intent is to test the drone's 'follow me' capability. Which of the following spatial behaviors are observed in the drone's attempt to follow the operator? (Select all that apply) [Options] A) The drone initially drifts without tracking the operator's movement. B) The drone successfully matches the operator's forward speed perfectly. C) The drone adjusts its position laterally to keep the operator in the camera's view. D) The drone loses significant altitude while attempting to move towards the operator.,"A, C, D",3,action_goal,Human-Centric,Multiple-Select,1,0,0,1,0,0,high
audit-0091,audit-0091-g03,3383,R5lA1ZQzauM_12_0_07_29_399_to_0_08_49_533.mp4,"[True/False] From the drone's perspective at 1:12, the operator is positioned between the drone and the covered parking structure.",True,6,reference_frame,Human-Centric,True/False,0,1,0,1,0,0,high
audit-0091,audit-0091-g04,3384,R5lA1ZQzauM_12_0_07_29_399_to_0_08_49_533.mp4,[Multiple-Select] The operator's intent is to test the drone's 'follow me' capability. Which of the following spatial behaviors are observed in the drone's attempt to follow the operator? (Select all that apply) [Options] A) The drone initially drifts without tracking the operator's movement. B) The drone successfully matches the operator's forward speed perfectly. C) The drone adjusts its position laterally to keep the operator in the camera's view. D) The drone loses significant altitude while attempting to move towards the operator.,"A, B.C, D",3,action_goal,Human-Centric,Multiple-Select,1,0,0,1,0,0,high
audit-0091,audit-0091-g05,4395,R5lA1ZQzauM_12_0_07_29_399_to_0_08_49_533.mp4,"[True/False] From the drone's perspective at 1:12, the operator is positioned between the drone and the covered parking structure.",False,6,reference_frame,Human-Centric,True/False,0,1,0,1,0,0,high
audit-0091,audit-0091-g06,4396,R5lA1ZQzauM_12_0_07_29_399_to_0_08_49_533.mp4,[Multiple-Select] The operator's intent is to test the drone's 'follow me' capability. Which of the following spatial behaviors are observed in the drone's attempt to follow the operator? (Select all that apply) [Options] A) The drone initially drifts without tracking the operator's movement. B) The drone successfully matches the operator's forward speed perfectly. C) The drone adjusts its position laterally to keep the operator in the camera's view. D) The drone loses significant altitude while attempting to move towards the operator.,"B, C, D",3,action_goal,Human-Centric,Multiple-Select,1,0,0,1,0,0,high
audit-0092,audit-0092-g01,1893,QD-b4M7nnYo_102_0_15_34_652_to_0_15_47_334.mp4,"[True/False] During the camera's pan to the right, the main woven body of the hanging decoration is, at some point, completely hidden from view by one of the vertical bamboo poles.",False,1,occlusion_permanence,Object-Centric,True/False,0,0,0,1,1,0,intermediate
audit-0092,audit-0092-g02,1895,QD-b4M7nnYo_102_0_15_34_652_to_0_15_47_334.mp4,"[Single-Choice] If the camera continued panning to the right at the same speed shown in the video, which object would the hanging decoration be partially occluded by next? [Options] A) The distant island. B) The thick vertical wooden post on the far right. C) The boat visible on the far left. D) The horizontal roof beam.",B,4,physical_prediction,Object-Centric,Single-Choice,0,0,1,1,0,0,high
audit-0092,audit-0092-g03,2640,QD-b4M7nnYo_102_0_15_34_652_to_0_15_47_334.mp4,"[Single-Choice] As the camera pans from left to right, how does the position of the hanging decoration appear to change in relation to the distant island? [Options] A) The decoration appears to move to the right, across the front of the island. B) The decoration appears to move to the left, across the front of the island. C) The decoration and the island appear to move together without changing their relative positions. D) The decoration remains stationary while the island moves behind it.",B,2,dynamic_relation,Object-Centric,Single-Choice,0,0,0,1,0,0,intermediate
audit-0092,audit-0092-g04,2642,QD-b4M7nnYo_102_0_15_34_652_to_0_15_47_334.mp4,"[Single-Choice] Imagine the camera's pan from left to right is immediately reversed at the same speed. Which distant object, visible at the end of the video, would be the first to become completely hidden again by the foreground bamboo poles? [Options] A) The bridge. B) The white boat. C) The left edge of the distant island. D) The floating structure on the far left.",C,4,physical_prediction,Object-Centric,Single-Choice,0,0,1,1,0,0,high
audit-0092,audit-0092-g05,3305,QD-b4M7nnYo_102_0_15_34_652_to_0_15_47_334.mp4,"[Single-Choice] As the camera pans from left to right, how does the position of the hanging decoration appear to change in relation to the distant island? [Options] A) The decoration appears to move to the right, across the front of the island. B) The decoration appears to move to the left, across the front of the island. C) The decoration and the island appear to move together without changing their relative positions. D) The decoration remains stationary while the island moves behind it.",C,2,dynamic_relation,Object-Centric,Single-Choice,0,0,0,1,0,0,intermediate
audit-0092,audit-0092-g06,3306,QD-b4M7nnYo_102_0_15_34_652_to_0_15_47_334.mp4,"[Single-Choice] Imagine the camera's pan from left to right is immediately reversed at the same speed. Which distant object, visible at the end of the video, would be the first to become completely hidden again by the foreground bamboo poles? [Options] A) The bridge. B) The white boat. C) The left edge of the distant island. D) The floating structure on the far left.",A,4,physical_prediction,Object-Centric,Single-Choice,0,0,1,1,0,0,high
audit-0092,audit-0092-g07,4318,QD-b4M7nnYo_102_0_15_34_652_to_0_15_47_334.mp4,"[Single-Choice] As the camera pans from left to right, how does the position of the hanging decoration appear to change in relation to the distant island? [Options] A) The decoration appears to move to the right, across the front of the island. B) The decoration appears to move to the left, across the front of the island. C) The decoration and the island appear to move together without changing their relative positions. D) The decoration remains stationary while the island moves behind it.",C,2,dynamic_relation,Object-Centric,Single-Choice,0,0,0,1,0,0,intermediate
audit-0092,audit-0092-g08,4319,QD-b4M7nnYo_102_0_15_34_652_to_0_15_47_334.mp4,"[Single-Choice] Imagine the camera's pan from left to right is immediately reversed at the same speed. Which distant object, visible at the end of the video, would be the first to become completely hidden again by the foreground bamboo poles? [Options] A) The bridge. B) The white boat. C) The left edge of the distant island. D) The floating structure on the far left.",D,4,physical_prediction,Object-Centric,Single-Choice,0,0,1,1,0,0,high
audit-0093,audit-0093-g01,3942,_2IhrVCmNp0_42_0_04_28_559_to_0_04_51_207.mp4,"[Single-Choice] In the first five seconds of the video, what is the relationship between the apparent leftward speed of the drone across the screen and the apparent leftward speed of the blue car driving on the road? [Options] A) The drone appears to move faster than the car. B) The drone appears to move slower than the car. C) They appear to move at the exact same speed. D) The car moves left while the drone moves right.",B,2,dynamic_relation,Object-Centric,Single-Choice,0,0,0,1,0,0,intermediate
audit-0093,audit-0093-g02,5061,_2IhrVCmNp0_42_0_04_28_559_to_0_04_51_207.mp4,"[Single-Choice] In the first five seconds of the video, what is the relationship between the apparent leftward speed of the drone across the screen and the apparent leftward speed of the blue car driving on the road? [Options] A) The drone appears to move faster than the car. B) The drone appears to move slower than the car. C) They appear to move at the exact same speed. D) The car moves left while the drone moves right.",B,2,dynamic_relation,Object-Centric,Single-Choice,0,0,0,1,0,0,intermediate
audit-0094,audit-0094-g01,3754,XNES0L6wkzw_28_0_04_31_337_to_0_04_42_348.mp4,"[True/False] When the rider turns their head to the left, the motorcycle's left-side mirror moves from the left side of the visual frame towards the center.",True,6,reference_frame,Human-Centric,True/False,0,1,0,0,0,0,high
audit-0094,audit-0094-g02,4856,XNES0L6wkzw_28_0_04_31_337_to_0_04_42_348.mp4,"[True/False] When the rider turns their head to the left, the motorcycle's left-side mirror moves from the left side of the visual frame towards the center.",False,6,reference_frame,Human-Centric,True/False,0,1,0,0,0,0,high
audit-0095,audit-0095-g01,2679,Q_KgiEB6bYc_113_0_28_51_564_to_0_29_12_919.mp4,[True/False] The path of the woman in the black dress crosses behind the path of the woman pushing the stroller.,True,2,dynamic_relation,Human-Centric,True/False,0,0,0,1,0,0,intermediate
audit-0095,audit-0095-g02,3326,Q_KgiEB6bYc_113_0_28_51_564_to_0_29_12_919.mp4,[True/False] The path of the woman in the black dress crosses behind the path of the woman pushing the stroller.,True,2,dynamic_relation,Human-Centric,True/False,0,0,0,1,0,0,intermediate
audit-0095,audit-0095-g03,4339,Q_KgiEB6bYc_113_0_28_51_564_to_0_29_12_919.mp4,[True/False] The path of the woman in the black dress crosses behind the path of the woman pushing the stroller.,False,2,dynamic_relation,Human-Centric,True/False,0,0,0,1,0,0,intermediate
audit-0096,audit-0096-g01,420,GvWldUGLkVM_53_0_07_40_793_to_0_08_00_279.mp4,"[Single-Choice] Just as the second red car becomes fully visible, what is the position of the first red car? [Options] A) It is in the middle of the turn. B) It has just completed the turn and is moving away. C) It is just beginning to enter the turn. D) It is no longer visible.",B,2,dynamic_relation,Human-Centric,Single-Choice,0,0,0,1,0,0,intermediate
audit-0096,audit-0096-g02,2281,GvWldUGLkVM_53_0_07_40_793_to_0_08_00_279.mp4,"[True/False] As the second car slides through the turn, the driver is steering the front wheels in the opposite direction of the turn itself.",True,3,action_goal,Human-Centric,True/False,1,0,0,1,0,0,high
audit-0096,audit-0096-g03,2282,GvWldUGLkVM_53_0_07_40_793_to_0_08_00_279.mp4,"[Single-Choice] Judging by the second car's orientation and speed as it leaves the frame to the right, what is the most probable immediate outcome of its maneuver? [Options] A) The car will come to an abrupt halt. B) The car will straighten its path and continue driving forward. C) The car will spin out and face the opposite direction. D) The car will continue sliding sideways at the same angle.",B,4,physical_prediction,Human-Centric,Single-Choice,0,0,1,1,0,0,high
audit-0096,audit-0096-g04,2903,GvWldUGLkVM_53_0_07_40_793_to_0_08_00_279.mp4,"[True/False] As the second car slides through the turn, the driver is steering the front wheels in the opposite direction of the turn itself.",False,3,action_goal,Human-Centric,True/False,1,0,0,1,0,0,high
audit-0096,audit-0096-g05,2905,GvWldUGLkVM_53_0_07_40_793_to_0_08_00_279.mp4,"[Single-Choice] Judging by the second car's orientation and speed as it leaves the frame to the right, what is the most probable immediate outcome of its maneuver? [Options] A) The car will come to an abrupt halt. B) The car will straighten its path and continue driving forward. C) The car will spin out and face the opposite direction. D) The car will continue sliding sideways at the same angle.",B,4,physical_prediction,Human-Centric,Single-Choice,0,0,1,1,0,0,high
audit-0096,audit-0096-g06,4092,GvWldUGLkVM_53_0_07_40_793_to_0_08_00_279.mp4,"[True/False] As the second car slides through the turn, the driver is steering the front wheels in the opposite direction of the turn itself.",False,3,action_goal,Human-Centric,True/False,1,0,0,1,0,0,high
audit-0096,audit-0096-g07,4093,GvWldUGLkVM_53_0_07_40_793_to_0_08_00_279.mp4,"[Single-Choice] Judging by the second car's orientation and speed as it leaves the frame to the right, what is the most probable immediate outcome of its maneuver? [Options] A) The car will come to an abrupt halt. B) The car will straighten its path and continue driving forward. C) The car will spin out and face the opposite direction. D) The car will continue sliding sideways at the same angle.",D,4,physical_prediction,Human-Centric,Single-Choice,0,0,1,1,0,0,high
audit-0097,audit-0097-g01,3830,YZSZwejs058_1_0_00_05_271_to_0_00_21_688.mp4,"[Single-Choice] Just before the man reaches the corner, which object that is visible later is completely occluded from the camera's view by the building's corner wall? [Options] A) The red fire alarm box. B) The last photograph on the wall. C) The door with the 'MEN' sign. D) The doorway leading to a staircase.",D,1,occlusion_permanence,Human-Centric,Single-Choice,0,0,0,1,1,0,intermediate
audit-0097,audit-0097-g02,4939,YZSZwejs058_1_0_00_05_271_to_0_00_21_688.mp4,"[Single-Choice] Just before the man reaches the corner, which object that is visible later is completely occluded from the camera's view by the building's corner wall? [Options] A) The red fire alarm box. B) The last photograph on the wall. C) The door with the 'MEN' sign. D) The doorway leading to a staircase.",D,1,occlusion_permanence,Human-Centric,Single-Choice,0,0,0,1,1,0,intermediate
audit-0097,audit-0097-g03,4940,YZSZwejs058_1_0_00_05_271_to_0_00_21_688.mp4,"[Single-Choice] The man walks forward and then makes a single turn. From a fixed (allocentric) viewpoint looking down the first hallway from his starting position, how would his final path be described? [Options] A) He continued straight ahead. B) He turned around and walked back. C) He turned to his left. D) He turned to his right.",C,6,reference_frame,Human-Centric,Single-Choice,0,1,0,1,0,0,high
audit-0098,audit-0098-g01,968,Lk3X_EMY9fw_15_0_04_40_113_to_0_05_16_482.mp4,[Single-Choice] How does the surfer's position relative to the main breaking part of the wave (the white water) change between the first turn (0:03) and the second turn (0:08)? [Options] A) They move farther away from the white water and then closer again. B) They stay at a constant distance from the white water. C) They move closer to the white water and then farther away. D) They are always inside the white water.,A,2,dynamic_relation,Human-Centric,Single-Choice,0,0,0,1,0,0,intermediate
audit-0098,audit-0098-g02,969,Lk3X_EMY9fw_15_0_04_40_113_to_0_05_16_482.mp4,"[True/False] From the camera's fixed viewpoint, the surfer travels primarily from right to left. From the surfer's own perspective, their first major turn is a turn to their right.",True,6,reference_frame,Human-Centric,True/False,0,1,0,0,0,0,high
audit-0099,audit-0099-g01,8149,gImhyG8Ri7w_10_0_01_18_978_to_0_01_32_759.mp4,"[Single-Choice] As the car emerges from behind the concrete wall at the start of the video, which of these front features is the last one to become fully visible? [Options] A) The driver's side headlight. B) The Volkswagen logo in the center of the grille. C) The passenger's side headlight. D) The front license plate area.",C,1,occlusion_permanence,Object-Centric,Single-Choice,0,0,0,1,1,0,intermediate
audit-0099,audit-0099-g02,9089,gImhyG8Ri7w_10_0_01_18_978_to_0_01_32_759.mp4,"[True/False] Based on the car's trajectory and wheel alignment at 0:06, if it had not started to slow down, its projected path would have been straight along the side of the road.",True,4,physical_prediction,Object-Centric,True/False,0,0,1,1,0,0,high
audit-0100,audit-0100-g01,173,X-lAaQRZCMM_6_0_01_09_791_to_0_01_20_004.mp4,"[True/False] By the time the garage door is fully open, its bottom edge is positioned higher than the roof of the white car.",True,2,dynamic_relation,Object-Centric,True/False,0,0,0,1,0,0,intermediate
audit-0100,audit-0100-g02,2158,X-lAaQRZCMM_6_0_01_09_791_to_0_01_20_004.mp4,"[Single-Choice] As the garage door rises, which part of the white car across the street becomes visible first? [Options] A) The roof. B) The wheels. C) The side mirrors. D) The entire car at once.",B,1,occlusion_permanence,Object-Centric,Single-Choice,0,0,0,1,1,0,intermediate
audit-0100,audit-0100-g03,2160,X-lAaQRZCMM_6_0_01_09_791_to_0_01_20_004.mp4,"[Single-Choice] As the garage door opens, which of these objects or features is the LAST to be fully revealed? [Options] A) The entire white car. B) The front door of the house on the far left. C) The top of the street lamp on the right. D) The ground-floor window of the house on the far left.",C,1,occlusion_permanence,Object-Centric,Single-Choice,0,0,0,1,1,0,intermediate
audit-0100,audit-0100-g04,3734,X-lAaQRZCMM_6_0_01_09_791_to_0_01_20_004.mp4,"[True/False] As the vehicle moves forward and to the left, the car's left A-pillar moves across the field of view, eventually revealing a wooden fence that was initially occluded.",True,1,occlusion_permanence,Human-Centric,True/False,0,0,0,1,1,0,intermediate
audit-0100,audit-0100-g05,4830,X-lAaQRZCMM_6_0_01_09_791_to_0_01_20_004.mp4,"[True/False] As the vehicle moves forward and to the left, the car's left A-pillar moves across the field of view, eventually revealing a wooden fence that was initially occluded.",False,1,occlusion_permanence,Human-Centric,True/False,0,0,0,1,1,0,intermediate
audit-0101,audit-0101-g01,403,D39Xmg7PEew_28_0_05_27_360_to_0_05_43_443.mp4,"[True/False] The trajectory of the fish, as it is being pulled through the water before being lifted, is primarily from a distant point toward the camera's location.",False,2,dynamic_relation,Human-Centric,True/False,0,0,0,1,0,0,intermediate
audit-0102,audit-0102-g01,2201,GIZXp3foP9g_22_0_04_56_896_to_0_05_11_477.mp4,"[True/False] Based entirely on the difference in acceleration between the two motorcycles within the first two seconds of the race, it is predictable that the motorcycle in the right lane will maintain its lead.",False,4,physical_prediction,Human-Centric,True/False,0,0,1,1,0,0,high
audit-0102,audit-0102-g02,2814,GIZXp3foP9g_22_0_04_56_896_to_0_05_11_477.mp4,"[True/False] Based entirely on the difference in acceleration between the two motorcycles within the first two seconds of the race, it is predictable that the motorcycle in the right lane will maintain its lead.",True,4,physical_prediction,Human-Centric,True/False,0,0,1,1,0,0,high
audit-0102,audit-0102-g03,4042,GIZXp3foP9g_22_0_04_56_896_to_0_05_11_477.mp4,"[True/False] Based entirely on the difference in acceleration between the two motorcycles within the first two seconds of the race, it is predictable that the motorcycle in the right lane will maintain its lead.",False,4,physical_prediction,Human-Centric,True/False,0,0,1,1,0,0,high
audit-0102,audit-0102-g04,4043,GIZXp3foP9g_22_0_04_56_896_to_0_05_11_477.mp4,"[Single-Choice] Near the end of the video, from the perspective of the spectators in the stands, a train is moving in the background. What is the direction of the train's movement relative to the direction the motorcycles are racing? [Options] A) The train is moving in the same direction as the motorcycles. B) The train is moving in the opposite direction of the motorcycles. C) The train is moving from left to right, perpendicular to the motorcycles' path. D) The train is moving from right to left, perpendicular to the motorcycles' path.",B,6,reference_frame,Human-Centric,Single-Choice,0,1,0,0,0,0,high
audit-0103,audit-0103-g01,8905,iNkzts_Mclw_8_0_01_01_784_to_0_01_24_716.mp4,"[True/False] The camera's viewpoint is stationary in the water, observing the person's actions from a distance.",False,6,reference_frame,Human-Centric,True/False,0,1,0,0,0,0,high
audit-0104,audit-0104-g01,2144,G4LR05OjQKc_32_0_06_51_100_to_0_07_23_833.mp4,[Multiple-Select] Observe the movement in the driver's footwell when the adjustment button is used. Which of the following objects remain in a fixed position relative to the floor mat? (Select all that apply) [Options] A) The brake pedal. B) The accelerator pedal. C) The steering column. D) The parking brake pedal.,"C, D",5,deformation_state,Human-Centric,Multiple-Select,0,0,0,1,0,1,intermediate
audit-0104,audit-0104-g02,2754,G4LR05OjQKc_32_0_06_51_100_to_0_07_23_833.mp4,[Multiple-Select] Observe the movement in the driver's footwell when the adjustment button is used. Which of the following objects remain in a fixed position relative to the floor mat? (Select all that apply) [Options] A) The brake pedal. B) The accelerator pedal. C) The steering column. D) The parking brake pedal.,"C, D",5,deformation_state,Human-Centric,Multiple-Select,0,0,0,1,0,1,intermediate
audit-0104,audit-0104-g03,4008,G4LR05OjQKc_32_0_06_51_100_to_0_07_23_833.mp4,[Multiple-Select] Observe the movement in the driver's footwell when the adjustment button is used. Which of the following objects remain in a fixed position relative to the floor mat? (Select all that apply) [Options] A) The brake pedal. B) The accelerator pedal. C) The steering column. D) The parking brake pedal.,"C, D",5,deformation_state,Human-Centric,Multiple-Select,0,0,0,1,0,1,intermediate
audit-0105,audit-0105-g01,5312,spFoINSFQOs_70_0_08_18_414_to_0_08_43_397.mp4,"[Single-Choice] The man is using a tool in his right hand to scrape an object in his left. Based on the direction of force application, what is the primary purpose of the tool's movement from the right side of the frame towards the left? [Options] A) To remove material from the object. B) To reposition the tool for the next scraping stroke. C) To sharpen the tool on the object's surface. D) To apply a coating to the object.",B,3,action_goal,Human-Centric,Single-Choice,1,0,0,1,0,0,high
audit-0105,audit-0105-g02,5313,spFoINSFQOs_70_0_08_18_414_to_0_08_43_397.mp4,[Fill-in-the-Blank] The repetitive scraping action causes the surface of the object in the man's left hand to become noticeably ________.,whiter,5,deformation_state,Human-Centric,Fill-in-the-Blank,0,0,0,1,0,1,intermediate
audit-0106,audit-0106-g01,8215,g4LGbQmbEvs_58_0_08_41_520_to_0_08_53_933.mp4,"[Single-Choice] Based on the specific path the hook takes through the fish's mouth and the presence of the fishing rod, what is the immediate goal of this action? [Options] A) To remove something stuck in the fish's throat. B) To secure the fish as live bait on the line. C) To tag the fish for scientific tracking. D) To measure the fish's mouth.",B,3,action_goal,Human-Centric,Single-Choice,1,0,0,1,0,0,high
audit-0106,audit-0106-g02,9114,g4LGbQmbEvs_58_0_08_41_520_to_0_08_53_933.mp4,"[True/False] After the hook's point enters the fish's lower jaw, the entire hook is momentarily occluded by the fish's head before its point re-emerges from the top.",True,1,occlusion_permanence,Human-Centric,True/False,0,0,0,1,1,0,intermediate
audit-0106,audit-0106-g03,9115,g4LGbQmbEvs_58_0_08_41_520_to_0_08_53_933.mp4,"[True/False] From the woman's perspective, the hand guiding the hook is positioned on her left side.",True,6,reference_frame,Human-Centric,True/False,0,1,0,0,0,0,high
audit-0107,audit-0107-g01,6454,fRmaPWqByGw_25_0_05_06_560_to_0_05_41_199.mp4,"[Fill-in-the-Blank] After the helicopter lands, the visual state of the main rotor blades transitions from a continuous transparent blur to ______, as they slow to a stop.",distinct individual blades,5,deformation_state,Object-Centric,Fill-in-the-Blank,0,0,0,1,0,1,intermediate
audit-0108,audit-0108-g01,3119,TyUnJy4z5Mw_305_0_45_56_440_to_0_46_07_519.mp4,"[Single-Choice] A woman wearing a white shirt and a pink scarf is initially on the right side of the frame and walks left. By the end of the clip, which person is primarily occluding her from view? [Options] A) The man in the black jacket. B) The monk in the brown robe. C) A person in a purple shirt. D) She is not occluded and is visible on the far left.",A,1,occlusion_permanence,Human-Centric,Single-Choice,0,0,0,1,1,0,intermediate
audit-0108,audit-0108-g02,4585,TyUnJy4z5Mw_305_0_45_56_440_to_0_46_07_519.mp4,"[Single-Choice] A woman wearing a white shirt and a pink scarf is initially on the right side of the frame and walks left. By the end of the clip, which person is primarily occluding her from view? [Options] A) The man in the black jacket. B) The monk in the brown robe. C) A person in a purple shirt. D) She is not occluded and is visible on the far left.",A,1,occlusion_permanence,Human-Centric,Single-Choice,0,0,0,1,1,0,intermediate
audit-0109,audit-0109-g01,69,cTkVOgySCi0_61_0_13_15_427_to_0_13_28_841.mp4,[True/False] The person's pointing gesture starts on the packaging label in the middle of the box and then moves directly to the box's top edge.,True,3,action_goal,Human-Centric,True/False,1,0,0,1,0,0,high
audit-0110,audit-0110-g01,7402,j4jcztT_3O0_30_0_06_10_966_to_0_06_24_133.mp4,[Single-Choice] How does the spatial arrangement of the red leash change from the beginning to the end of the video? [Options] A) It starts stretched out and becomes coiled near the husky. B) It remains coiled in the same spot throughout the video. C) It starts partially coiled and ends up stretched out towards the right side of the scene. D) It starts partially coiled and ends up stretched out towards the left side of the scene.,D,5,deformation_state,Human-Centric,Single-Choice,0,0,0,1,0,1,intermediate
audit-0110,audit-0110-g02,8832,j4jcztT_3O0_30_0_06_10_966_to_0_06_24_133.mp4,"[True/False] Based on their movements, the two dogs are initially moving away from each other.",True,3,action_goal,Human-Centric,True/False,1,0,0,1,0,0,high
audit-0111,audit-0111-g01,3680,VcazxZahLN0_5_0_01_18_840_to_0_01_50_040.mp4,"[Single-Choice] At 0:15, a tall church steeple is visible. Relative to the prominent white and grey house nearby, where is the steeple located at 0:21 from the camera's viewpoint? [Options] A) To the right of the house. B) Directly behind the house. C) To the left of the house. D) It has been completely occluded by trees.",C,2,dynamic_relation,Object-Centric,Single-Choice,0,0,0,1,0,0,intermediate
audit-0111,audit-0111-g02,3681,VcazxZahLN0_5_0_01_18_840_to_0_01_50_040.mp4,"[Single-Choice] At 0:13, several houses are visible behind a line of dense trees. If the camera had moved straight forward towards these houses instead of panning left, what would have been the most likely visual outcome regarding the white house and the cream-colored house next to it? [Options] A) The cream-colored house would have become hidden behind the white house. B) The apparent distance between the two houses would have increased. C) The white house would have been completely blocked by the trees. D) The houses would have appeared to move farther apart vertically.",B,4,physical_prediction,Object-Centric,Single-Choice,0,0,1,1,0,0,high
audit-0111,audit-0111-g03,4735,VcazxZahLN0_5_0_01_18_840_to_0_01_50_040.mp4,"[Single-Choice] At 0:11, a tall church steeple is visible. Relative to the prominent white and grey house nearby, where is the steeple located at 0:21 from the camera's viewpoint? [Options] A) To the right of the house. B) Directly behind the house. C) To the left of the house. D) It has been completely occluded by trees.",B,2,dynamic_relation,Object-Centric,Single-Choice,0,0,0,1,0,0,intermediate
audit-0111,audit-0111-g04,4736,VcazxZahLN0_5_0_01_18_840_to_0_01_50_040.mp4,"[Single-Choice] At 0:13, several houses are visible behind a line of dense trees. If the camera had moved straight forward towards these houses instead of panning left, what would have been the most likely visual outcome regarding the white house and the cream-colored house next to it? [Options] A) The cream-colored house would have become hidden behind the white house. B) The apparent distance between the two houses would have increased. C) The white house would have been completely blocked by the trees. D) The houses would have appeared to move farther apart vertically.",B,4,physical_prediction,Object-Centric,Single-Choice,0,0,1,1,0,0,high
audit-0111,audit-0111-g05,6043,VcazxZahLN0_5_0_01_18_840_to_0_01_50_040.mp4,"[Multiple-Select] The camera's movement creates a changing perspective. Which of these statements describe a fixed, real-world spatial relationship between objects, independent of the camera's point of view? (Select all that apply) [Options] A) The red van is parked across the street from a large leafy tree. B) The church steeple is on the left side of the screen relative to the white and grey house. C) The central cluster of bushes is located between the camera's starting position and the town. D) The white and grey house moves from the right side of the frame towards the left.","A, C",6,reference_frame,Object-Centric,Multiple-Select,0,1,0,1,0,0,high
audit-0112,audit-0112-g01,3460,SCub0dBSVPo_14_0_04_28_201_to_0_04_40_580.mp4,"[Multiple-Select] After one bird dives into the water at 0:08, which statements accurately describe the immediate visual result? (Select all that apply) [Options] A) The bird is no longer visible above the surface. B) The other prominent bird also dives into the water. C) A distinct splash marks the bird's point of entry. D) The bird immediately resurfaces in the same location.","A,C",5,deformation_state,Object-Centric,Multiple-Select,0,0,0,1,0,1,intermediate
audit-0112,audit-0112-g02,4473,SCub0dBSVPo_14_0_04_28_201_to_0_04_40_580.mp4,"[Multiple-Select] After one bird dives into the water at 0:08, which statements accurately describe the immediate visual result? (Select all that apply) [Options] A) The bird is no longer visible above the surface. B) The other prominent bird also dives into the water. C) A distinct splash marks the bird's point of entry. D) The bird immediately resurfaces in the same location.", ,5,deformation_state,Object-Centric,Multiple-Select,0,0,0,1,0,1,intermediate
audit-0113,audit-0113-g01,9339,pFawXXbi7oY_4_0_00_36_302_to_0_00_47_747.mp4,"[True/False] After the camera finishes panning to the right, the silver SUV that was initially parked beside a white horse trailer is completely occluded by the trailer in the foreground.",True,1,occlusion_permanence,Object-Centric,True/False,0,0,0,1,1,0,intermediate
audit-0114,audit-0114-g01,3639,V8W4h8DBuWQ_29_0_04_59_766_to_0_05_12_145.mp4,"[True/False] At the start of the video, a tall skyscraper is visible in the far-left background. This building is occluded by a bridge pillar and does not become visible again for the remainder of the video.",False,1,occlusion_permanence,Human-Centric,True/False,0,0,0,1,1,0,intermediate
audit-0114,audit-0114-g02,4687,V8W4h8DBuWQ_29_0_04_59_766_to_0_05_12_145.mp4,"[True/False] At the start of the video, a tall skyscraper is visible in the far-left background. This building is occluded by a bridge pillar and does not become visible again for the remainder of the video.",False,1,occlusion_permanence,Human-Centric,True/False,0,0,0,1,1,0,intermediate
audit-0115,audit-0115-g01,589,WzdoAuzWa4E_21_0_03_58_071_to_0_04_12_852.mp4,[True/False] The unpainted car body in the foreground has the same shape and would spatially fit as the front body of the red car visible to the left of the man.,False,4,physical_prediction,Human-Centric,True/False,0,0,1,1,0,0,high
audit-0115,audit-0115-g02,6024,WzdoAuzWa4E_21_0_03_58_071_to_0_04_12_852.mp4,"[Multiple-Select] By comparing the unpainted car body in the foreground with the assembled red car next to it, which major components are visibly installed on the red car but are absent from the unpainted body? (Select all that apply) [Options] A) The side exhaust pipes. B) The opening for the front grille. C) The headlights. D) The front wheel wells.","A,C",5,deformation_state,Human-Centric,Multiple-Select,0,0,0,1,0,1,intermediate
audit-0116,audit-0116-g01,2284,cvHz5JgkzlM_41_0_06_01_094_to_0_06_15_742.mp4,"[Single-Choice] If the car had continued its trajectory and rotation from the point seen at the 0:07 mark without the driver correcting its path, which object would it have most likely collided with? [Options] A) The parked semi-trailer on the right. B) The green dumpsters. C) The white truck that briefly enters from the left. D) The loading dock doors of the main building.",D,4,physical_prediction,Human-Centric,Single-Choice,0,0,1,1,0,0,high
audit-0117,audit-0117-g01,5457,ui-qeIZyyRQ_18_0_05_34_233_to_0_06_39_399.mp4,"[Single-Choice] At 0:05, based on the white painted arrows on the road, what would happen if the driver attempted to proceed straight without turning? [Options] A) They would merge into a single lane going forward. B) They would enter the parking lot of the red-roofed building. C) They would make a U-turn. D) They would cross the intersection and continue on the same road.",B,4,physical_prediction,Object-Centric,Single-Choice,0,0,1,1,0,0,high
audit-0117,audit-0117-g02,5458,ui-qeIZyyRQ_18_0_05_34_233_to_0_06_39_399.mp4,"[Single-Choice] Between 0:06 and 0:08, a dark SUV crosses the intersection. From the perspective of the driver in the stationary white SUV waiting to exit the lot, how did the dark SUV move relative to them? [Options] A) It moved from their right to their left. B) It moved from their left to their right. C) It moved directly towards them. D) It moved directly away from them.",A,6,reference_frame,Object-Centric,Single-Choice,0,1,0,1,0,0,high
audit-0117,audit-0117-g03,5459,ui-qeIZyyRQ_18_0_05_34_233_to_0_06_39_399.mp4,"[Fill-in-the-Blank] At the intersection around 0:40, a blue car begins to turn left. If this blue car had instead continued straight, its path would have crossed the path of the stationary ______ car.",white,4,physical_prediction,Object-Centric,Fill-in-the-Blank,0,0,1,1,0,0,high
audit-0118,audit-0118-g01,2125,WNQBYA5gC5c_1_0_00_05_171_to_0_00_16_383.mp4,[True/False] The solid white door is located further toward the rear of the vehicle than the main entrance door with the screen.,True,6,reference_frame,Object-Centric,True/False,0,1,0,0,0,0,high
audit-0118,audit-0118-g02,2127,WNQBYA5gC5c_1_0_00_05_171_to_0_00_16_383.mp4,"[True/False] At the start of the pan, the smaller, solid white door is completely occluded from view by the part of the vehicle closer to the camera.",True,1,occlusion_permanence,Object-Centric,True/False,0,0,0,1,1,0,intermediate
audit-0118,audit-0118-g03,2129,WNQBYA5gC5c_1_0_00_05_171_to_0_00_16_383.mp4,"[Single-Choice] If the camera continued its horizontal panning motion at the same speed and direction, which part of the vehicle would be the next to become the central focus? [Options] A) The front hitch of the vehicle. B) The rear bumper and wheel well area. C) The top of the awning. D) The main entrance door again.",B,4,physical_prediction,Object-Centric,Single-Choice,0,0,1,1,0,0,high
audit-0119,audit-0119-g01,588,WrTTfmkKQsM_46_0_08_03_524_to_0_08_15_119.mp4,"[Single-Choice] As the motorcycle accelerates through the intersection, what is the final position of the red car relative to the motorcycle's camera? [Options] A) Directly in front of the motorcycle. B) To the right and behind the motorcycle. C) To the left and behind the motorcycle. D) It is no longer visible.",A,6,reference_frame,Human-Centric,Single-Choice,0,1,0,0,0,0,high
audit-0119,audit-0119-g02,2154,WrTTfmkKQsM_46_0_08_03_524_to_0_08_15_119.mp4,"[Single-Choice] Based on the sequence of events, what is the most immediate visual cue that prompts the motorcycle rider to start moving forward? [Options] A) The traffic light turning green. B) The red car ahead starting to accelerate. C) A change in the position of the construction barriers. D) The disappearance of the rider's shadow.",B,3,action_goal,Human-Centric,Single-Choice,1,0,0,1,0,0,high
audit-0120,audit-0120-g01,6632,odcmK3Int58_6_0_01_22_282_to_0_01_50_877.mp4,"[Fill-in-the-Blank] From the person's own point of view, when they place the two batteries on the table, the batteries are positioned to the ______ of the mouse.",right,6,reference_frame,Human-Centric,Fill-in-the-Blank,0,1,0,0,0,0,high
audit-0120,audit-0120-g02,9384,odcmK3Int58_6_0_01_22_282_to_0_01_50_877.mp4,"[True/False] Immediately after the person places the two batteries on the table, and before they pick up the manuals, the batteries are located closer to the camera than the mouse is.",True,2,dynamic_relation,Human-Centric,True/False,0,0,0,1,0,0,intermediate
