unit_id,disagreement_fields,video,category_id,category,scene_type,question_type,question,gold_answer,model_answer,control_type,control_question,control_gold_answer,control_model_answer,control_pass,rater_1_primary_label,rater_1_secondary_label,rater_1_confidence,rater_1_question_or_key_problem,rater_1_evidence_note,rater_2_primary_label,rater_2_secondary_label,rater_2_confidence,rater_2_question_or_key_problem,rater_2_evidence_note,adjudicated_primary_label,adjudicated_secondary_label,adjudicated_question_or_key_problem,adjudication_note
error-0001,primary_label;secondary_label,hTxS5J_ZaKQ_80_0_13_52_499_to_0_14_04_110.mp4,4,Predictive and Counterfactual Spatial Reasoning,Human-Centric,Fill-in-the-Blank,"[Fill-in-the-Blank] If the car had continued driving straight on its initial path instead of turning, the 'Baraka' entrance sign would have passed by on the car's ______ side.",left,right,action_event,[Single-Choice] What does the camera vehicle do after entering the grassy parking area? [Options] A) Stops at a gatehouse B) Backs into a garage C) Drives past parked RVs D) Crosses a railroad track,C,C) Drives past parked RVs,True,perspective_reference_frame,physical_prediction_counterfactual,high,False,车辆先直行接近 Baraka 标牌，随后向右转并从标牌右侧进入；回答把保持初始直线路径时标牌相对车身的左右侧关系判断反了。,physical_prediction_counterfactual,perspective_reference_frame,high,False,20-frame full-duration sheet: the Baraka sign is visible ahead and to the left of the vehicle's initial straight path before the actual rightward turn; the answer reverses the counterfactual passing side.,physical_prediction_counterfactual,perspective_reference_frame,,反事实条件要求把车辆初始直线路径继续外推；标牌将从车辆左侧通过，故主要缺口是轨迹反事实预测，车身左右参照为明确次要因素。
error-0003,secondary_label,smpHs3qH_dE_40_0_07_17_854_to_0_07_29_532.mp4,4,Predictive and Counterfactual Spatial Reasoning,Object-Centric,Single-Choice,"[Single-Choice] Based on the white van's consistent speed and trajectory, which object would its front bumper be aligned with approximately one second after the video ends? [Options] A) The front of the parked dark-colored SUV. B) The rear of the parked silver sedan. C) The storefront with the red sign in the distance. D) The second light pole on the sidewalk.",D,B) The rear of the parked silver sedan.,action_event,"[Single-Choice] Near the start, what is the camera doing as the street is viewed? [Options] A) Moving forward along the sidewalk B) Remaining fixed beside the curb C) Tilting upward toward the trees D) Crossing the street toward cars",A,B) Remaining fixed beside the curb,False,physical_prediction_counterfactual,perception_recognition,low,False,白色厢式车沿道路横向移动，问题要求将末段速度继续外推约一秒；回答将前保险杠的未来对齐目标判为银色轿车，而非第二根灯杆。control 未通过也提示局部运动识别可能参与。,physical_prediction_counterfactual,spatiotemporal_grounding,medium,False,20-frame full-duration sheet: the white van advances steadily past successive curbside landmarks while the camera also moves forward; choosing the parked silver sedan fails to extrapolate the van's final motion to the later light-pole alignment.,,spatiotemporal_grounding,,白色厢式车与移动相机同时变化，错误选到较早的银色轿车位置；除主要的未来外推失败外，连续跟踪末段轨迹是明确次要缺口。
error-0004,secondary_label,fRmaPWqByGw_25_0_05_06_560_to_0_05_41_199.mp4,5,Object Deformation and State Transition,Object-Centric,Fill-in-the-Blank,"[Fill-in-the-Blank] After the helicopter lands, the visual state of the main rotor blades transitions from a continuous transparent blur to ______, as they slow to a stop.",distinct individual blades,stillness,entity,[Single-Choice] Which surface is visible under the helicopter near its touchdown area? [Options] A) A paved road B) A sandy beach C) A snowy field D) A grassy field,D,D,True,benchmark_ambiguity,,high,True,序列显示直升机旋翼由高速模糊逐渐停止并可辨；模型回答 stillness 与题干“as they slow to a stop”在语义上相容，只因未复述“distinct individual blades”而被判错，答案接受范围存在实质问题。,benchmark_ambiguity,protocol_or_parsing,high,True,20-frame full-duration sheet: the helicopter rotor changes from motion blur to a visibly stopped rotor; 'stillness' describes that terminal state and is semantically compatible with the prompt although it does not match the preferred wording 'distinct individual blades'.,,,,“stillness”与旋翼停止后由模糊变为可辨的终态语义相容；题目答案接受范围已足以解释该误计分，没有独立的输出协议或解析失败证据。
error-0005,primary_label;secondary_label;question_or_key_problem,GIZXp3foP9g_22_0_04_56_896_to_0_05_11_477.mp4,4,Predictive and Counterfactual Spatial Reasoning,Human-Centric,True/False,"[True/False] Based entirely on the difference in acceleration between the two motorcycles within the first two seconds of the race, it is predictable that the motorcycle in the right lane will maintain its lead.",False,True,simple_relation,"[Single-Choice] After the start, which direction do the motorcycles move across the view? [Options] A) From right to left B) Toward the camera C) From left to right D) Away from the camera",C,D,False,physical_prediction_counterfactual,perception_recognition,medium,False,两辆摩托从起步到加速的相对位置持续变化，单凭前两秒差异不足以保证右道车辆维持领先；回答把短时加速度直接外推为持续领先。control 方向题未通过，低层运动方向识别也可能参与。,benchmark_ambiguity,physical_prediction_counterfactual,medium,True,"20-frame full-duration sheet: both motorcycles accelerate left-to-right and their separation changes, but the first two seconds alone do not uniquely establish whether the right-lane motorcycle will maintain its lead for an unspecified future interval.",benchmark_ambiguity,physical_prediction_counterfactual,yes,题干仅限定前两秒，却未界定“maintain its lead”的未来时长；短时加速度不能唯一确定该命题，故题目本身存在实质时间范围歧义。若按预设答案解释，模型也表现出把短时趋势直接外推的次要问题。
error-0007,secondary_label,myJ2l-o5rYQ_73_0_09_40_480_to_0_09_58_960.mp4,2,Dynamic Spatial Relationships,Human-Centric,Fill-in-the-Blank,"[Fill-in-the-Blank] In the final shot of the video taken by the man in the blue shirt, the puck travels across the floor, passing in front of the ______.",seated person,goal,simple_relation,[Single-Choice] Where is the large black equipment relative to the glass doorway? [Options] A) To the left of it B) Directly in front of it C) Directly behind it D) To the right of it,D,D) To the right of it,True,spatiotemporal_grounding,action_goal_binding,medium,False,末段蓝衣男子击出冰球，冰球横穿地面朝右侧坐着的人及器材区域运动；回答将其经过的前景对象绑定为球门，混淆了末段轨迹与目标区域。,spatiotemporal_grounding,perception_recognition,high,False,"20-frame full-duration sheet: in the final shot the puck crosses the floor in front of the seated person/equipment area, whereas the goal belongs to a different spatial location and earlier play context.",,perception_recognition,,末段冰球轨迹的主要问题仍是时空定位；“goal”还把经过的可见参照对象识别成另一场景物体，但没有证据表明这是动作意图或目标绑定。
error-0015,secondary_label;question_or_key_problem,Z0lkr3AQ8Xk_21_0_02_21_820_to_0_02_33_070.mp4,3,Action and Intent-Driven Spatial Reasoning,Human-Centric,Single-Choice,"[Single-Choice] Based on the silver car's final trajectory after swerving across the lane divider, what was its immediate spatial objective?
[Options]
A) To make a U-turn.
B) To pull over on the left shoulder.
C) To turn right at the upcoming intersection.
D) To overtake the black car.",A,C) To turn right at the upcoming intersection.,action_event,"[Single-Choice] Near the start of the event, what is the black car doing? [Options] A) Turning left B) Stopping at the roadside C) Driving straight ahead D) Reversing backward",C,C) Driving straight ahead,True,action_goal_binding,benchmark_ambiguity,low,True,银色车横跨分道线并改变航向，回答把该机动的目标绑定为前方路口右转，而 gold 解释为掉头；仅凭截取轨迹难以直接观察驾驶意图，目标表述存在一定推断性。,action_goal_binding,spatiotemporal_grounding,high,False,"20-frame full-duration sheet: the silver car crosses leftward ahead of the camera and continues rotating back across the roadway, supporting an immediate U-turn objective; the answer binds the maneuver to a right turn at the intersection.",,spatiotemporal_grounding,no,20帧序列显示银色车跨线后持续旋转并横过道路，近期掉头目标可由完整轨迹支持；次要缺口是未连续整合该机动过程，而非题目无法判定。
error-0016,primary_label;secondary_label,EEDc5gDPPdE_10_0_01_11_538_to_0_01_22_449.mp4,2,Dynamic Spatial Relationships,Human-Centric,True/False,"[True/False] As the two individuals walk along the shoreline, the tall, multi-story building in the background appears to move from the right side of the camera's view towards the center.",False,True,simple_relation,[Single-Choice] Where is the long pier relative to the two beachgoers? [Options] A) Behind them to the viewer's right B) Behind them to the viewer's left C) In front of them to the viewer's right D) Between them in the foreground,A,[Answer] A) Behind them to the viewer's right,True,spatiotemporal_grounding,perspective_reference_frame,high,False,两人沿海岸行走时高层建筑在序列中基本位于画面中央偏左，并未从右侧移到中央；回答错误概括了背景地标随移动相机产生的相对位移。,perspective_reference_frame,spatiotemporal_grounding,medium,False,"20-frame full-duration sheet: the selfie camera changes pose while the beachgoers walk, but the tall building remains in the same background sector rather than translating from image-right to center; the answer confuses camera-relative apparent motion.",spatiotemporal_grounding,perspective_reference_frame,,高层建筑在完整序列中未由画面右侧移向中央；错误首先是未跟踪背景地标随时间的画面位置，相机姿态变化造成的参照影响为次要因素。
error-0029,primary_label;secondary_label,N1rs6Sf2x3Y_37_0_17_12_990_to_0_17_43_353.mp4,6,Egocentric vs. Allocentric Reference Frames,Human-Centric,True/False,"[True/False] From the moment the group of four pedestrians becomes fully visible, they are always positioned to the allocentric left of the yellow car.",False,"True.

Answer: True",action_event,[Single-Choice] What is the yellow car doing as the camera approaches it? [Options] A) Driving toward the camera B) Turning across the street C) Parked along the roadside D) Reversing into traffic,C,C) Parked along the roadside,True,perspective_reference_frame,spatiotemporal_grounding,medium,False,相机沿街移动并先后经过黄色车与四名行人，需在稳定场景坐标中比较双方左右位置；回答以移动画面中的瞬时位置概括为始终在左侧。,spatiotemporal_grounding,perspective_reference_frame,high,False,20-frame full-duration sheet: the pedestrian group and yellow parked car change their left-right ordering as the moving camera passes them; 'always left' fails over the full visible interval.,perspective_reference_frame,spatiotemporal_grounding,,问题要求在移动相机下用场景坐标比较行人与黄色车；回答把画面瞬时左右关系当成稳定的allocentric关系，主要是参照系锁定失败，“always”还要求次要的全时段跟踪。
error-0030,primary_label;secondary_label,ZkJgqKAYywE_22_0_04_13_439_to_0_04_23_800.mp4,2,Dynamic Spatial Relationships,Object-Centric,Single-Choice,"[Single-Choice] As the camera pans right, how does the perceived spatial relationship between the small arched section of the track and the large white-tarped structure change? [Options] A) The arched section moves from being below the white structure to being above it. B) The arched section moves from being to the right of the white structure to being directly in front of it. C) The white structure moves from being behind the arched section to being beside it. D) The arched section and the white structure maintain a fixed side-by-side position.",A,C) The white structure moves from being behind the arched section to being beside it.,action_event,"[Single-Choice] Near the end, what is the camera view passing alongside? [Options] A) A row of parked cars B) A wooden roller coaster framework C) A water slide tower D) A chain-link fence line",B,B) A wooden roller coaster framework,True,spatiotemporal_grounding,perspective_reference_frame,medium,False,右移镜头使前景拱形轨道与后方白色覆布结构的投影关系连续变化；回答将变化描述为白色结构由后方移到旁侧，未正确跟踪两物体的相对投影。,perspective_reference_frame,spatiotemporal_grounding,medium,False,20-frame full-duration sheet: the rightward pan changes the projected vertical relation of the foreground arched track and the white-tarped structure; the answer instead describes a behind-to-beside depth change.,perspective_reference_frame,spatiotemporal_grounding,,右移镜头改变前景拱轨与远处白色结构的投影关系；模型把由视点造成的垂直投影变化误述为深度关系变化，连续跟踪投影为次要因素。
error-0032,primary_label;secondary_label,NmImpLawyDg_4_0_02_41_340_to_0_02_52_717.mp4,2,Dynamic Spatial Relationships,Object-Centric,Single-Choice,"[Single-Choice] During the camera's upward pan, what is the apparent change in the position of the blue star-shaped light in the foreground relative to the red and white star-shaped light behind it? [Options] A) The blue light moves from being below the red light to being above it. B) The blue light appears to move further down and to the left relative to the red light. C) The two lights maintain a fixed spatial relationship to each other in the frame. D) The blue light moves from being to the left of the red light to its right.",C,A) The blue light moves from being below the red light to being above it.,simple_relation,[Single-Choice] Where is the red teardrop-shaped ornament positioned relative to the red-and-white star decoration? [Options] A) lower left of it B) upper right of it C) upper left of it D) lower right of it,D,D) lower right of it,True,spatiotemporal_grounding,perception_recognition,high,False,蓝色与红白星形灯固定在同一装饰结构上，镜头上摇时二者相对位置保持不变；回答错误声称蓝灯由下方移到上方。,perspective_reference_frame,spatiotemporal_grounding,high,False,20-frame full-duration sheet: the blue foreground star and red-white star are fixed decorations and retain their relative arrangement during the shared upward camera pan; the answer invents a relative crossing.,spatiotemporal_grounding,perspective_reference_frame,,两盏固定灯在共同上摇中保持相对位置；回答虚构跨越，主要是跨帧关系保持失败，区分共同相机运动与物体相对运动构成次要参照因素。
error-0035,primary_label;secondary_label;question_or_key_problem,iOFJq-ylyT4_4_0_01_12_439_to_0_01_27_353.mp4,1,Object Permanence and Occlusion Tracking,Human-Centric,True/False,"[True/False] From the camera's final viewpoint showing the side of the car, the driver's side front wheel is completely occluded.",True,No,action_event,"[Single-Choice] Before the man stands apart from the car near the bushes, what does he do? [Options] A) He opens a car door. B) He kneels beside a wheel. C) He enters the car. D) He walks beside the car.",D,D,True,benchmark_ambiguity,perception_recognition,high,True,最终侧视镜头中驾驶员侧前轮主要因相机裁切而离开画面，并非被另一物体遮挡；题干把 out of frame 写成 completely occluded，gold 的概念边界不清。,perception_recognition,spatiotemporal_grounding,high,False,20-frame full-duration sheet: in the final side view the driver's front wheel is outside/fully occluded from the camera view while the rear wheel remains visible; the negative answer contradicts the final frame state.,benchmark_ambiguity,,yes,最终镜头中前轮是被画面裁切到视野外，而非被另一物体遮挡；题干把out of frame称为completely occluded，模型否定回答具有合理依据，因此不再附加内容错误标签。
error-0041,primary_label;secondary_label,j7XGRgoCYo0_75_0_10_05_372_to_0_10_27_827.mp4,5,Object Deformation and State Transition,Object-Centric,Multiple-Select,"[Multiple-Select] Based on the visual evidence of the skull's transformation, which of the following physical changes occur? (Select all that apply) [Options] A) The material transitions from a rigid solid to a viscous semi-liquid. B) The object's volume significantly increases. C) The defined anatomical features collapse into an undefined shape. D) The material changes color from white to clear.","A,C","A, B, C",simple_relation,[Single-Choice] Where is the small white bottle positioned relative to the skull as liquid is poured? [Options] A) Below the skull B) Above the skull C) Beside the skull D) In front of the skull,B,B) Above the skull,True,physical_prediction_counterfactual,perception_recognition,high,False,白色骷髅由有明确特征的刚性外形塌缩为黏稠无定形物并向桌面铺展；回答额外选择“体积显著增加”，把占地面积扩张误当成材料体积增加。,perception_recognition,physical_prediction_counterfactual,high,False,"20-frame full-duration sheet: the rigid skull collapses into a viscous undefined mass, but its material spreads rather than showing a supported significant volume increase; the answer adds unsupported option B.",perception_recognition,,,变化在当前画面中直接可见，错误是把铺展后的投影面积增加当作“体积显著增加”；无需未来或反事实推演，故不保留物理预测次标签。
error-0042,primary_label;secondary_label,F_Y2Kg1_W3Q_58_0_09_44_684_to_0_09_54_994.mp4,6,Egocentric vs. Allocentric Reference Frames,Human-Centric,True/False,"[True/False] Relative to the scooter's deck, the person initiates the handlebar spin by pushing their right hand forward and pulling their left hand backward.",True,False,action_event,"[Single-Choice] Near the beginning, what does the person do with one foot on the pavement? [Options] A) Kicks a ball across the pavement B) Steps onto the grass C) Pushes off to move the scooter D) Jumps with both feet together",C,C) Pushes off to move the scooter,True,perception_recognition,perspective_reference_frame,low,False,把手旋转发生得很快，题目要求相对踏板判断双手的前后推动方向；回答否定了右手前推、左手后拉的可见起始动作。20-frame full-duration sheet 对手部瞬时方向的采样有限。,perspective_reference_frame,perception_recognition,medium,False,20-frame full-duration sheet: the rider initiates the bar spin with opposite fore-aft hand motions relative to the scooter deck; the false answer fails the deck-centered right/left hand direction.,perspective_reference_frame,perception_recognition,,题目明确要求相对滑板踏板判断左右手的前后运动，主要缺口是踏板中心参照下的方向判定；快速手部动作识别是次要因素。
error-0052,secondary_label,lVoflPzlZRU_27_0_09_08_514_to_0_09_35_675.mp4,5,Object Deformation and State Transition,Human-Centric,Fill-in-the-Blank,"[Fill-in-the-Blank] To transition the wheel from a locked to an unlocked state, the man must pivot the three red levers ______ from the face of the wheel's hub.",outward,inward,action_event,[Single-Choice] What happens before the man kneels beside the rear wheel? [Options] A) He opens a cabinet door. B) He walks around the bicycle. C) He removes the saddle. D) He rides the bicycle away.,B,C) He removes the saddle.,False,perception_recognition,action_goal_binding,high,False,近景操作显示三根红色拨杆从轮毂表面向外翻开以解锁；回答将直接可见的枢转方向判为向内。control 未通过也支持操作动作识别困难。,perception_recognition,spatiotemporal_grounding,high,False,20-frame full-duration sheet: the three red hub levers visibly pivot away from the wheel face to release the lock; the answer reverses the directly shown lever direction.,,,,三根红色拨杆直接从轮毂面向外翻开；主要感知识别标签已涵盖方向看反，没有独立的目标绑定或跨时段定位证据，次标签留空。
error-0054,primary_label;secondary_label,WPTAA4RdksE_40_0_08_53_499_to_0_09_10_483.mp4,5,Object Deformation and State Transition,Human-Centric,Multiple-Select,[Multiple-Select] Which of the following spatial properties of the large green fabric are visibly changed by the person's folding action? (Select all that apply) [Options] A) Its total surface area. B) Its thickness in the folded region. C) The number of layers presented to the pattern. D) Its overall shape from a top-down view.,"B, C, D",B) Its thickness in the folded region.,entity,[Single-Choice] Which object is visible beneath the materials being handled? [Options] A) A wooden dining table B) A metal baking tray C) A blue ironing board D) A green gridded cutting mat,D,D) A green gridded cutting mat,True,spatiotemporal_grounding,perception_recognition,high,False,绿色布料折叠后不仅局部厚度增加，也形成多层且俯视轮廓改变；回答只选 B，遗漏了跨折叠前后可见的层数和形状变化。,perception_recognition,spatiotemporal_grounding,high,False,"20-frame full-duration sheet: folding the green fabric increases local thickness, creates multiple layers, and changes its top-down outline; selecting only thickness omits the visible layer and shape changes.",spatiotemporal_grounding,perception_recognition,,需比较折叠前后才能确认厚度、层数及俯视轮廓同时改变；只选厚度主要反映状态变化整合不全，遗漏可见层数和形状为次要识别缺口。
error-0057,secondary_label,svE6_cYXDXA_31_0_03_25_505_to_0_03_41_554.mp4,4,Predictive and Counterfactual Spatial Reasoning,Human-Centric,Single-Choice,"[Single-Choice] If the rider failed to navigate the first significant curve and continued in a straight line, what would be the immediate spatial consequence? [Options] A) They would travel off the steep edge to the left of the road. B) They would ride directly into the uphill embankment. C) They would enter the patch of green trees on the right. D) They would safely continue onto a different path.",B,A) They would travel off the steep edge to the left of the road.,action_event,[Single-Choice] What is the person on the motorcycle doing near the bushes? [Options] A) Standing still beside the bike B) Leaning the bike while moving C) Pushing the bike uphill D) Lifting the bike onto a truck,B,B) Leaning the bike while moving,True,physical_prediction_counterfactual,perspective_reference_frame,high,False,骑手在首个明显弯道沿道路右转，若保持此前直线将直接进入弯外侧上坡土坡；回答错误外推为冲出左侧陡边。,physical_prediction_counterfactual,spatiotemporal_grounding,high,False,"20-frame full-duration sheet: the rider approaches a significant bend with the uphill dirt embankment lying on the straight-line continuation; failing to steer would carry the bike into that bank, not over the left edge.",,perspective_reference_frame,,直线延续会进入弯外侧上坡土坡；在主要反事实外推之外，回答把道路两侧地形方向反置，保留参照系次标签。
error-0059,secondary_label,Xdn4-pqGD6A_53_0_13_48_285_to_0_14_30_327.mp4,3,Action and Intent-Driven Spatial Reasoning,Human-Centric,Single-Choice,"[Single-Choice] After the second golfer (in the black shirt) putts, what is the final spatial relationship between his ball and the hole compared to its starting position? [Options] A) The ball is closer to the hole. B) The ball is further from the hole. C) The ball is in the same location relative to the hole. D) The ball has moved to the right of the hole.",A,B) The ball is further from the hole.,entity,[Single-Choice] Which object is visible on the putting green near the golfers? [Options] A) A yellow flagstick B) A red tee marker C) A sand rake D) A water hazard sign,A,A) A yellow flagstick,True,spatiotemporal_grounding,perception_recognition,low,False,黑衣球手推杆后球从起点向洞杯区域移动并最终更接近洞口；回答判断为更远，未正确对应击球前后的球位。20-frame full-duration sheet 中小球分辨率有限。,spatiotemporal_grounding,action_goal_binding,high,False,20-frame full-duration sheet: the black-shirted golfer's ball starts farther from the yellow-flagged hole and finishes visibly nearer after the putt; the answer reverses the start-to-end distance change.,,perception_recognition,,黑衣球手击球前后距离比较属于主要时空定位；小球尺寸很小且末位不易辨认，实体位置识别是比动作目标绑定更直接的次要证据。
error-0065,primary_label;secondary_label,amXzenmYYlw_12_0_03_47_400_to_0_03_57_680.mp4,1,Object Permanence and Occlusion Tracking,Human-Centric,Fill-in-the-Blank,"[Fill-in-the-Blank] A utility pole temporarily occludes the man. Immediately after he reappears, he is on the ______ side of the white parked car.",left,right,simple_relation,[Single-Choice] Where is the white parked car located relative to the storefront? [Options] A) In front of the storefront B) Behind the storefront C) Across the road from the storefront D) Inside the storefront,A,B,False,perspective_reference_frame,spatiotemporal_grounding,medium,False,移动镜头经过电线杆后男子重新出现时位于白色停放车辆的场景左侧；回答给出右侧，混淆了遮挡前后位置与画面参照。,spatiotemporal_grounding,perspective_reference_frame,high,False,"20-frame full-duration sheet: after the utility-pole occlusion, the man reappears on image-left of the white parked car; the answer reverses the post-occlusion side.",spatiotemporal_grounding,perspective_reference_frame,,问题锚定电线杆遮挡后的瞬间，必须跨短暂遮挡保持人物连续性；主要是时空定位，重现后相对白车的左右判定构成次要参照因素。
error-0067,secondary_label,fRmaPWqByGw_25_0_05_06_560_to_0_05_41_199.mp4,5,Object Deformation and State Transition,Object-Centric,Fill-in-the-Blank,"[Fill-in-the-Blank] After the helicopter lands, the visual state of the main rotor blades transitions from a continuous transparent blur to ______, as they slow to a stop.",distinct individual blades,clear,entity,[Single-Choice] Which surface is visible under the helicopter near its touchdown area? [Options] A) A paved road B) A sandy beach C) A snowy field D) A grassy field,D,D) A grassy field,True,benchmark_ambiguity,,high,True,旋翼由高速透明模糊变为低速可辨状态；模型回答 clear 可自然解释为 blades become visually clear，与 gold distinct individual blades 基本同义，填空评分边界不充分。,benchmark_ambiguity,protocol_or_parsing,medium,True,20-frame full-duration sheet: after landing the blurred rotor resolves into clearly visible individual blades; the fill 'clear' plausibly describes this same visual transition even though it is less explicit than the keyed phrase.,,,,“clear”可自然表达旋翼由透明模糊转为清晰可辨，与题钥核心语义一致；主标签已确定为答案接受范围歧义，无额外解析失败证据。
error-0070,primary_label;secondary_label,_vyGEgNbx7c_37_0_05_37_003_to_0_06_13_873.mp4,2,Dynamic Spatial Relationships,Human-Centric,Single-Choice,[Single-Choice] What is the consistent spatial relationship between the snowboarder and their shadow throughout the video? [Options] A) The shadow is always directly behind them. B) The shadow is cast to their right and slightly behind them. C) The shadow is cast to their left and slightly in front of them. D) The shadow is not visible.,C,B,action_event,[Single-Choice] Which event happens before the snowboarder rises into the air off a snow lip? [Options] A) They sit down on the snow. B) They lift the snowboard by hand. C) They walk uphill on foot. D) They crouch low while riding.,D,D) They crouch low while riding.,True,perception_recognition,perspective_reference_frame,high,False,可见阴影持续位于滑雪者画面左侧并略偏前方；回答判为右后方，错误识别了稳定的基本方向关系。,perspective_reference_frame,perception_recognition,high,False,20-frame full-duration sheet: the snowboarder's shadow consistently falls to the rider's left and slightly forward across turns; the response reverses both side and fore-aft relation.,perspective_reference_frame,perception_recognition,,“their left/right and front/behind”要求把阴影位置转换到滑雪者自身参照，而非直接采用画面左右；阴影边界识别为次要感知因素。
error-0071,primary_label;secondary_label;question_or_key_problem,UbOevcbnLLY_0_0_00_00_133_to_0_00_14_714.mp4,2,Dynamic Spatial Relationships,Object-Centric,Single-Choice,"[Single-Choice] As the camera pans to the left, what is the apparent motion of the small puff of smoke on the distant hillside relative to the dock's corner post in the foreground? [Options] A) The smoke appears to move from the right side of the post to the left side of it. B) The smoke remains stationary directly behind the post. C) The smoke appears to move from the left side of the post to the right side of it. D) The smoke is never visible at the same time as the corner post.",B,The smoke appears to move from the right side of the post to the left side of it.,action_event,[Single-Choice] Which visible event occurs before the leafy tree canopy enters the view? [Options] A) A large tree trunk fills the left side. B) A white rectangular roof appears near the dock. C) Benches appear beneath the tree. D) The canopy covers much of the top edge.,B,B) A white rectangular roof appears near the dock.,True,benchmark_ambiguity,perspective_reference_frame,medium,True,镜头左移时远处烟雾与近处码头角柱存在明显视差，20 帧中难以支持烟雾始终固定在柱后；模型所述由右向左具有视觉合理性，gold“stationary directly behind”不够稳固。,perspective_reference_frame,spatiotemporal_grounding,medium,False,20-frame full-duration sheet: throughout the left pan the distant smoke remains aligned behind the dock corner post rather than crossing from one side to the other; the answer mistakes camera motion for relative object motion.,benchmark_ambiguity,perspective_reference_frame,yes,20帧中远处烟雾极小，且左移镜头造成近柱与远景视差，无法唯一支持其始终正好位于柱后；模型描述的跨侧运动具有视觉合理性。若按题钥解释，参照视差仍是次要困难。
error-0077,secondary_label;question_or_key_problem,qkEhTI25974_20_0_03_08_388_to_0_03_24_137.mp4,3,Action and Intent-Driven Spatial Reasoning,Human-Centric,Multiple-Select,"[Multiple-Select] At the moment the motorcycle is on the white-striped crosswalk (0:10), what are the immediate, spatially-relevant intentions governing the rider's actions? (Select all that apply) [Options] A) To yield right-of-way to the white car parked on the right. B) To maintain a consistent following distance behind the silver car ahead. C) To be prepared to stop for any potential pedestrians using the crosswalk. D) To begin accelerating to overtake the silver car.","B, C",C,entity,[Single-Choice] Which object is visible along the curb on this street? [Options] A) Red-and-white traffic cone B) Blue mailbox C) Yellow fire hydrant D) Green trash bin,A,A) Red-and-white traffic cone,True,action_goal_binding,benchmark_ambiguity,medium,True,摩托车在斑马线前跟随银车并保持可停车距离；回答只识别潜在行人准备停车，遗漏维持跟车距离。题干把不可直接观察的“intention”作为多选 gold，存在一定推断性。,action_goal_binding,spatiotemporal_grounding,medium,False,"20-frame full-duration sheet: at the crosswalk the rider remains behind the silver car while approaching a pedestrian crossing, supporting both following-distance maintenance and readiness to stop; the response omits the former intention.",,benchmark_ambiguity,yes,跟随银车可见，但“准备为任何潜在行人停车”属于不可直接观察的意图，且多选题未给出可验证判据；因此保留题目歧义为次标签并判定题目存在问题。
error-0078,primary_label;secondary_label;question_or_key_problem,rBFpc0p64JE_37_0_08_12_279_to_0_08_23_959.mp4,5,Object Deformation and State Transition,Human-Centric,True/False,[True/False] The process shown results in a permanent spatial change to the client's arm by adding a new material onto the outer surface of the skin.,True,False,action_event,[Single-Choice] Which visible event occurs before the bearded worker holds up a small white bottle? [Options] A) He wraps the forearm with a bandage. B) He photographs the forearm with a phone. C) He places a stencil sheet on the forearm. D) He presses a tattoo machine against the forearm.,D,D) He presses a tattoo machine against the forearm.,True,benchmark_ambiguity,perception_recognition,high,True,视频显示纹身针将色料施入手臂皮肤；题干却称材料添加在 outer surface，而纹身色料并非简单覆盖皮肤外表面，模型回答 False 具有合理依据。,perception_recognition,physical_prediction_counterfactual,high,False,"20-frame full-duration sheet: a tattoo machine deposits new dark pigment into/on the client's outer forearm surface, leaving a persistent visible design; the negative answer misses the material/state addition.",benchmark_ambiguity,,yes,纹身色料由针送入皮肤而不是简单添加在皮肤outer surface上；按题干字面回答False有合理依据，gold不能由该措辞唯一支持，故不附加模型内容错误。
error-0079,secondary_label,jhcqv4tPIRQ_15_0_03_49_400_to_0_04_01_300.mp4,4,Predictive and Counterfactual Spatial Reasoning,Human-Centric,Single-Choice,"[Single-Choice] Based on its final position, if the bird were to continue climbing straight down the wall, what is the first object it would physically contact? [Options] A) The floor. B) The decorative window on the door. C) The light switch. D) The door frame.",C,B,entity,[Single-Choice] Which large object is visible directly beside the bird near the wall? [Options] A) A metal ladder B) A leafy plant C) A tan padded cushion D) A cardboard box,C,C) A tan padded cushion,True,physical_prediction_counterfactual,perspective_reference_frame,medium,False,鸟在墙/家具边缘向下攀爬，末位正上方最近的物体是墙面开关；回答外推到门上装饰窗，偏离其竖直下行线。,physical_prediction_counterfactual,spatiotemporal_grounding,high,False,"20-frame full-duration sheet: from the bird's final wall position, a straight downward continuation intersects the light switch below before reaching the decorative door window; the response projects to the wrong object.",,,,主要反事实轨迹标签已覆盖从末位向下外推到首个接触物；没有独立证据表明错误来自参照系转换或时空定位，次标签留空。
error-0082,secondary_label,u5bdvLkN9pI_11_0_01_44_479_to_0_02_02_622.mp4,6,Egocentric vs. Allocentric Reference Frames,Object-Centric,Fill-in-the-Blank,"[Fill-in-the-Blank] In the final arrangement shown on the table, the four tall stacks in clear tubes are located to the ______ of the main group of stacks in white tubes.",before,left,simple_relation,"[Single-Choice] In the final setup, where are the small loose coin stacks relative to the main group of white tubes? [Options] A) To the left B) In front C) To the right D) Behind",C,B) In front,False,benchmark_ambiguity,,high,True,题干要求填写桌面空间方位，最终四个透明管高堆位于白管主堆后/上方区域；gold 却为非空间词 before，无法构成合法答案键。模型 left 虽也未必正确，但当前 gold 明确有误。,benchmark_ambiguity,perspective_reference_frame,high,True,20-frame full-duration sheet: the four clear-tube stacks are behind the main white-tube group in the final table layout; the keyed fill 'before' is ungrammatical/ambiguous in 'to the before of' and does not uniquely encode that relation.,,,,题钥before无法组成合法空间短语且不对应最终桌面布局，主标签歧义已充分解释；模型left虽未必正确，但当前分歧没有可独立确认的参照系次标签。
error-0085,secondary_label,u5bdvLkN9pI_11_0_01_44_479_to_0_02_02_622.mp4,6,Egocentric vs. Allocentric Reference Frames,Object-Centric,Fill-in-the-Blank,"[Fill-in-the-Blank] In the final arrangement shown on the table, the four tall stacks in clear tubes are located to the ______ of the main group of stacks in white tubes.",before,left,simple_relation,"[Single-Choice] In the final setup, where are the small loose coin stacks relative to the main group of white tubes? [Options] A) To the left B) In front C) To the right D) Behind",C,C) To the right,True,benchmark_ambiguity,,high,True,题干要求填写最终桌面布置的空间方位，gold before 不是该场景中的有效左右/前后位置描述，答案键明显损坏。,benchmark_ambiguity,perspective_reference_frame,high,True,"20-frame full-duration sheet: the clear-tube stacks lie behind the white-tube group, but the prompt's keyed phrase 'to the before of' is malformed and does not define a standard spatial relation; 'left' is wrong but the gold wording is also defective.",,,,gold before构成损坏的空间答案键，benchmark_ambiguity已完整解释该条；没有独立证据支持额外参照系错误，次标签留空。
error-0086,primary_label;secondary_label,_vyGEgNbx7c_37_0_05_37_003_to_0_06_13_873.mp4,2,Dynamic Spatial Relationships,Human-Centric,Single-Choice,[Single-Choice] What is the consistent spatial relationship between the snowboarder and their shadow throughout the video? [Options] A) The shadow is always directly behind them. B) The shadow is cast to their right and slightly behind them. C) The shadow is cast to their left and slightly in front of them. D) The shadow is not visible.,C,B) The shadow is cast to their right and slightly behind them.,action_event,[Single-Choice] Which event happens before the snowboarder rises into the air off a snow lip? [Options] A) They sit down on the snow. B) They lift the snowboard by hand. C) They walk uphill on foot. D) They crouch low while riding.,D,D) They crouch low while riding.,True,perception_recognition,perspective_reference_frame,high,False,阴影在全段稳定落于滑雪者画面左侧并略偏前方；回答判为右后方，错误识别可见的基本方向关系。,perspective_reference_frame,perception_recognition,high,False,20-frame full-duration sheet: the snowboarder's shadow remains to the rider's left and slightly forward through the run; the response reverses side and fore-aft orientation.,perspective_reference_frame,perception_recognition,,阴影相对滑雪者的左前/右后关系要求使用骑行者自身朝向，而非直接读取画面左右；回答反转了该主体中心参照，阴影边界与方向识别为次要感知因素。
error-0091,secondary_label,myJ2l-o5rYQ_73_0_09_40_480_to_0_09_58_960.mp4,2,Dynamic Spatial Relationships,Human-Centric,Fill-in-the-Blank,"[Fill-in-the-Blank] In the final shot of the video taken by the man in the blue shirt, the puck travels across the floor, passing in front of the ______.",seated person,goal,simple_relation,[Single-Choice] Where is the large black equipment relative to the glass doorway? [Options] A) To the left of it B) Directly in front of it C) Directly behind it D) To the right of it,D,D) To the right of it,True,spatiotemporal_grounding,action_goal_binding,medium,False,末段蓝衣男子击球后冰球穿过地面，经过右侧坐着的人前方；回答将经过对象绑定为球门，混淆了末段轨迹与目标区域。,spatiotemporal_grounding,perception_recognition,high,False,"20-frame full-duration sheet: in the final shot the puck crosses in front of the seated person/equipment area, whereas the goal is in another part of the room/earlier context.",,perception_recognition,,主要时空错误是把末段冰球轨迹对应到错误场景；回答goal还直接把经过的可见参照对象识别成另一物体，因此保留perception_recognition次标签。
error-0093,primary_label;secondary_label,amXzenmYYlw_12_0_03_47_400_to_0_03_57_680.mp4,1,Object Permanence and Occlusion Tracking,Human-Centric,Fill-in-the-Blank,"[Fill-in-the-Blank] A utility pole temporarily occludes the man. Immediately after he reappears, he is on the ______ side of the white parked car.",left,right,simple_relation,[Single-Choice] Where is the white parked car located relative to the storefront? [Options] A) In front of the storefront B) Behind the storefront C) Across the road from the storefront D) Inside the storefront,A,A) In front of the storefront,True,perspective_reference_frame,spatiotemporal_grounding,medium,False,镜头经过电线杆、男子重新出现时，他位于白色停放车辆的场景左侧；回答给出右侧，混淆遮挡前后位置及画面方向。,spatiotemporal_grounding,perspective_reference_frame,high,False,20-frame full-duration sheet: immediately after the utility-pole occlusion the man reappears on the image-left side of the white parked car; the answer reverses the post-occlusion side.,spatiotemporal_grounding,perspective_reference_frame,,题目锚定电线杆遮挡结束后的瞬间，需跨短暂遮挡保持人物连续性；主要缺口是时空定位，重现后相对白车的左右判断为次要参照因素。
error-0094,secondary_label,sPcffDKFKWc_52_0_14_02_107_to_0_14_15_688.mp4,2,Dynamic Spatial Relationships,Human-Centric,Single-Choice,"[Single-Choice] At the beginning of the video, from the camera's viewpoint, the boy in the blue hat is on the right side of the girl in the light green shirt. What is their relative side-by-side position just before the camera pans away from them? [Options] A) The boy is now on the left side of the girl. B) The boy is directly behind the girl. C) Their side-by-side position has not changed. D) The girl is now on the left side of the boy.",A,C) Their side-by-side position has not changed.,entity,[Single-Choice] Which other person is visible walking near the children? [Options] A) A woman in a red jacket B) A man in a light blue shirt C) A man in a black suit D) A child in a yellow shirt,B,B,True,spatiotemporal_grounding,perception_recognition,high,False,蓝帽男孩最初在浅绿衣女孩右侧，接近门洞前二人交叉，男孩转到女孩左侧；回答称并排关系未变，未跟踪人物交换位置。,spatiotemporal_grounding,perspective_reference_frame,medium,False,20-frame full-duration sheet: the blue-hatted boy and green-shirted girl exchange their left-right image ordering before the camera leaves them; the response incorrectly treats the initial side-by-side relation as unchanged.,,perspective_reference_frame,,主要问题是未跟踪两人交换位置；关系明确以相机画面左右定义，回答沿用初始排序，故保留相机参照系作为次要因素。
error-0096,primary_label;secondary_label,Uiuiu3FBLZw_25_0_07_02_622_to_0_07_23_609.mp4,2,Dynamic Spatial Relationships,Human-Centric,Fill-in-the-Blank,"[Fill-in-the-Blank] At the moment the surfer begins their final turn (0:16), the person in the blue swim cap is positioned directly ______ them, relative to the direction of the wave's travel.",behind,in front of,entity,[Single-Choice] Which additional person is visible floating in the water near the breaking wave? [Options] A) A red-capped swimmer B) A kayaker C) A jet-ski rider D) A scuba diver,A,A) A red-capped swimmer,True,spatiotemporal_grounding,perspective_reference_frame,medium,False,0:16 冲浪者开始最后一次转向时，蓝泳帽人物沿浪传播方向位于其后方；回答给出前方，未对齐指定时刻和波浪运动轴。,perspective_reference_frame,spatiotemporal_grounding,medium,False,20-frame full-duration sheet: at the surfer's final turn the blue-capped swimmer lies behind the surfer along the wave's travel direction; the answer reverses the wave-relative fore-aft relation.,perspective_reference_frame,spatiotemporal_grounding,,前后关系明确以波浪传播方向为轴，蓝帽人物位于冲浪者后方；回答反转波浪中心参照，定位0:16最终转向时刻为次要时空要求。
error-0100,primary_label;secondary_label;question_or_key_problem,UbOevcbnLLY_0_0_00_00_133_to_0_00_14_714.mp4,2,Dynamic Spatial Relationships,Object-Centric,Single-Choice,"[Single-Choice] As the camera pans to the left, what is the apparent motion of the small puff of smoke on the distant hillside relative to the dock's corner post in the foreground? [Options] A) The smoke appears to move from the right side of the post to the left side of it. B) The smoke remains stationary directly behind the post. C) The smoke appears to move from the left side of the post to the right side of it. D) The smoke is never visible at the same time as the corner post.",B,A) The smoke appears to move from the right side of the post to the left side of it.,action_event,[Single-Choice] Which visible event occurs before the leafy tree canopy enters the view? [Options] A) A large tree trunk fills the left side. B) A white rectangular roof appears near the dock. C) Benches appear beneath the tree. D) The canopy covers much of the top edge.,B,A) A large tree trunk fills the left side.,False,benchmark_ambiguity,perspective_reference_frame,medium,True,镜头左移时远处烟雾与近处角柱存在视差，模型所述烟雾由柱右侧移到左侧与画面物理关系相容；gold stationary directly behind 缺少稳定视觉支持。,perspective_reference_frame,spatiotemporal_grounding,medium,False,20-frame full-duration sheet: the distant smoke remains aligned directly behind the foreground dock post during the pan; the response incorrectly assigns a right-to-left crossing caused by camera motion.,benchmark_ambiguity,perspective_reference_frame,yes,远处烟雾很小，左移镜头又造成近处角柱与远景的视差；20帧不能唯一支持烟雾始终正好位于柱后，模型所述跨侧运动具有视觉合理性。若按题钥解释，前后景参照视差仍是次要困难。
error-0104,primary_label;secondary_label,f1YWduf7KqQ_26_0_05_12_445_to_0_05_25_224.mp4,1,Object Permanence and Occlusion Tracking,Human-Centric,True/False,"[True/False] At the moment the surfer is most obscured by the wave's curl, the tip of their surfboard is the only part of the surfer/board combination that is visible.",True,False,entity,[Single-Choice] Which clothing item is visible on the rider? [Options] A) A dark wetsuit B) A red life jacket C) A white T-shirt D) A yellow raincoat,A,A) A dark wetsuit,True,spatiotemporal_grounding,perception_recognition,medium,False,浪卷最强遮挡冲浪者时，人物身体消失而板尖仍短暂露在白水外；回答否认这一精确时刻的局部可见状态。,perception_recognition,spatiotemporal_grounding,high,False,20-frame full-duration sheet: at maximum curl occlusion the surfer's body is hidden and only the board tip protrudes from the whitewater; the negative answer misses the visible remnant.,spatiotemporal_grounding,perception_recognition,,问题要求锁定浪卷遮挡最强的短暂时刻；该时刻身体消失而仅板尖露出，回答首先反映精确时刻定位失败，辨认白水中的板尖为次要感知因素。
error-0106,primary_label;secondary_label;question_or_key_problem,myJ2l-o5rYQ_73_0_09_40_480_to_0_09_58_960.mp4,2,Dynamic Spatial Relationships,Human-Centric,Fill-in-the-Blank,"[Fill-in-the-Blank] In the final shot of the video taken by the man in the blue shirt, the puck travels across the floor, passing in front of the ______.",seated person,goalie,simple_relation,[Single-Choice] Where is the large black equipment relative to the glass doorway? [Options] A) To the left of it B) Directly in front of it C) Directly behind it D) To the right of it,D,D,True,benchmark_ambiguity,action_goal_binding,medium,True,末段冰球从坐在器材旁的人前方经过；模型回答 goalie 可能正是对该坐着人物的角色描述，与 gold seated person 并不必然冲突，填空同义答案边界不足。,spatiotemporal_grounding,perception_recognition,high,False,"20-frame full-duration sheet: in the final blue-shirt-camera shot the puck passes before the seated person/equipment area, not the goalie/goal location from another moment.",benchmark_ambiguity,,yes,末段坐在器材旁的人外观和位置可被合理描述为goalie；“goalie”与gold的“seated person”并非互斥，严格拒绝该角色描述缺少明确答案边界，因此不附加内容错误标签。
error-0107,secondary_label;question_or_key_problem,qkEhTI25974_20_0_03_08_388_to_0_03_24_137.mp4,3,Action and Intent-Driven Spatial Reasoning,Human-Centric,Multiple-Select,"[Multiple-Select] At the moment the motorcycle is on the white-striped crosswalk (0:10), what are the immediate, spatially-relevant intentions governing the rider's actions? (Select all that apply) [Options] A) To yield right-of-way to the white car parked on the right. B) To maintain a consistent following distance behind the silver car ahead. C) To be prepared to stop for any potential pedestrians using the crosswalk. D) To begin accelerating to overtake the silver car.","B, C",C) To be prepared to stop for any potential pedestrians using the crosswalk.,entity,[Single-Choice] Which object is visible along the curb on this street? [Options] A) Red-and-white traffic cone B) Blue mailbox C) Yellow fire hydrant D) Green trash bin,A,C) Yellow fire hydrant,False,action_goal_binding,benchmark_ambiguity,medium,True,摩托车在斑马线处跟随银车并保持制动余量；回答只选择为行人停车，遗漏维持跟车距离。题干以不可直接观察的 intention 作为多选依据，存在推断性。,action_goal_binding,spatiotemporal_grounding,medium,False,20-frame full-duration sheet: at the crosswalk the rider is both maintaining position behind the silver car and prepared for pedestrians; selecting only pedestrian readiness omits the visible following-distance objective.,,benchmark_ambiguity,yes,跟随银车的空间状态可见，但“准备为任何潜在行人停车”属于不可直接观察的意图，且多选题没有给出验证标准；保留动作目标绑定为主标签，同时将题目歧义作为明确次标签。
error-0109,primary_label;secondary_label,hTxS5J_ZaKQ_80_0_13_52_499_to_0_14_04_110.mp4,4,Predictive and Counterfactual Spatial Reasoning,Human-Centric,Fill-in-the-Blank,"[Fill-in-the-Blank] If the car had continued driving straight on its initial path instead of turning, the 'Baraka' entrance sign would have passed by on the car's ______ side.",left,right,action_event,[Single-Choice] What does the camera vehicle do after entering the grassy parking area? [Options] A) Stops at a gatehouse B) Backs into a garage C) Drives past parked RVs D) Crosses a railroad track,C,C) Drives past parked RVs,True,perspective_reference_frame,physical_prediction_counterfactual,high,False,车辆接近 Baraka 标牌后实际右转进入；保持初始直线时需按车身坐标判断标牌从左侧经过，回答把左右关系反转。,physical_prediction_counterfactual,perspective_reference_frame,high,False,"20-frame full-duration sheet: the Baraka sign lies ahead-left of the vehicle's initial straight path before the actual turn; continuing straight would pass it on the car's left, not right.",physical_prediction_counterfactual,perspective_reference_frame,,核心操作是把车辆初始直线路径继续作反事实外推；标牌将从车辆左侧通过，故主要缺口是反事实轨迹预测，车身左右参照为次要因素。
error-0110,primary_label;secondary_label,lkF5Q42T8Rg_6_0_14_53_433_to_0_15_07_033.mp4,2,Dynamic Spatial Relationships,Human-Centric,Single-Choice,"[Single-Choice] When the woman crosses her arms, which of her arms is positioned on top of the other from the viewer's perspective? [Options] A) Her right arm is on top of her left arm. B) Her left arm is on top of her right arm. C) Her arms are held side-by-side and do not cross. D) Her hands are clasped together in the center.",A,B,simple_relation,[Single-Choice] Where is the large silver microphone relative to the woman from the viewer's perspective? [Options] A) To the viewer's right of her B) To the viewer's left of her C) Directly below her D) Directly behind her,A,B) To the viewer's left of her,False,perception_recognition,perspective_reference_frame,medium,False,女子交叉双臂时，从观看者角度其右臂叠在左臂上方；回答选择左臂在上。control 未通过也支持局部肢体方向识别困难。,perspective_reference_frame,perception_recognition,high,False,"20-frame full-duration sheet: when the woman crosses her arms, her right arm lies visibly on top from the viewer's perspective; the response reverses right and left.",perspective_reference_frame,perception_recognition,,题干明确限定从观看者视角判断左右臂上下关系；回答将右臂在上反为左臂在上，主要是观看者参照系锁定失败，手臂重叠识别为次要感知因素。
error-0113,primary_label;secondary_label,_vyGEgNbx7c_37_0_05_37_003_to_0_06_13_873.mp4,2,Dynamic Spatial Relationships,Human-Centric,Single-Choice,[Single-Choice] What is the consistent spatial relationship between the snowboarder and their shadow throughout the video? [Options] A) The shadow is always directly behind them. B) The shadow is cast to their right and slightly behind them. C) The shadow is cast to their left and slightly in front of them. D) The shadow is not visible.,C,B) The shadow is cast to their right and slightly behind them.,action_event,[Single-Choice] Which event happens before the snowboarder rises into the air off a snow lip? [Options] A) They sit down on the snow. B) They lift the snowboard by hand. C) They walk uphill on foot. D) They crouch low while riding.,D,D,True,perception_recognition,perspective_reference_frame,high,False,阴影全段稳定位于滑雪者左侧并略偏前方；回答判为右后方，错误识别基本方向关系。,perspective_reference_frame,perception_recognition,high,False,20-frame full-duration sheet: the snowboarder's shadow remains left and slightly forward relative to the rider; the response consistently reverses that relation.,perspective_reference_frame,perception_recognition,,阴影的左前关系是相对滑雪者行进朝向定义的；回答反成右后，主要为主体中心参照错误，稳定阴影方向的可见识别为次要因素。
error-0115,primary_label;secondary_label,k-IbB7jAw9g_114_0_32_35_720_to_0_33_11_089.mp4,2,Dynamic Spatial Relationships,Human-Centric,Single-Choice,"[Single-Choice] Observing the final moments, what is the primary mechanism that moves the fish from the water onto the sand? [Options] A) The fish is lifted clear of the water by the tension of the line. B) An incoming wave washes the fish up onto the beach. C) The person quickly walks backward, dragging the fish out. D) The fish swims onto the sand by itself.",B,A) The fish is lifted clear of the water by the tension of the line.,entity,[Single-Choice] Which long object is prominently visible in the scene? [Options] A) A canoe paddle B) A beach umbrella C) A walking stick D) A fishing rod,D,D) A fishing rod,True,perception_recognition,physical_prediction_counterfactual,high,False,末段鱼仍在水边，随涌上沙滩的浪被冲到岸上；回答把机制判为鱼线直接提离水面，混淆可见外力来源。,action_goal_binding,spatiotemporal_grounding,high,False,20-frame full-duration sheet: the final incoming wave carries/washes the fish from shallow water onto the sand while the line remains present; the response assigns the displacement primarily to line lifting.,perception_recognition,spatiotemporal_grounding,,末段可见海浪将浅水中的鱼带上沙滩，而鱼线并未把鱼提离水面；错误首先是把可见位移机制识别为线拉，整合浪到达与鱼上岸的先后为次要时空因素。
error-0117,secondary_label;question_or_key_problem,r8iANn9nlOY_8_0_01_22_519_to_0_01_45_920.mp4,3,Action and Intent-Driven Spatial Reasoning,Human-Centric,Single-Choice,"[Single-Choice] At 0:17, the player in the blue vest passes the ball off-screen to the right. Based on the on-field positions and the drill's context, who is the most likely intended recipient? [Options] A) The player in the yellow vest moving towards the center. B) The stationary player in the black jacket and neon yellow shoes. C) A player in a red jersey further downfield. D) The player in a blue vest who is now behind the passer.",B,C) A player in a red jersey further downfield.,simple_relation,[Single-Choice] Where is the nearest orange cone relative to the blue-vested player standing with his back to the camera? [Options] A) Lower right of him B) Upper left of him C) Lower left of him D) Upper right of him,C,C) Lower left of him,True,action_goal_binding,benchmark_ambiguity,medium,True,0:17 蓝背心球员向画外右侧传球，场上黑夹克荧光鞋球员位置最符合接应路线；回答绑定到更远的红衣球员。接收者在画外且“most likely”依赖训练语境，存在一定推断性。,action_goal_binding,spatiotemporal_grounding,medium,False,20-frame full-duration sheet: at 0:17 the off-screen-right pass is directed toward the stationary black-jacketed player with neon shoes positioned on that passing lane; the red-jersey player is farther downfield on another line.,,benchmark_ambiguity,yes,传球离开画面右侧，接球人不可直接观察；黑夹克球员虽最符合传球线，但“most likely intended recipient”仍依赖训练语境推断，故保留题目歧义次标签并判定存在问题。
error-0118,secondary_label;question_or_key_problem,Z0lkr3AQ8Xk_21_0_02_21_820_to_0_02_33_070.mp4,3,Action and Intent-Driven Spatial Reasoning,Human-Centric,Single-Choice,"[Single-Choice] Based on the silver car's final trajectory after swerving across the lane divider, what was its immediate spatial objective?
[Options]
A) To make a U-turn.
B) To pull over on the left shoulder.
C) To turn right at the upcoming intersection.
D) To overtake the black car.",A,C) To turn right at the upcoming intersection.,action_event,"[Single-Choice] Near the start of the event, what is the black car doing? [Options] A) Turning left B) Stopping at the roadside C) Driving straight ahead D) Reversing backward",C,"Based on the video, the black car is driving straight ahead near the start of the event. Therefore, the correct answer is:

C) Driving straight ahead",True,action_goal_binding,benchmark_ambiguity,low,True,银车跨线并大幅改变航向，回答把动作目标绑定为前方右转而非掉头；仅凭短轨迹推断驾驶意图并不完全直接，目标措辞具有歧义风险。,action_goal_binding,spatiotemporal_grounding,high,False,"20-frame full-duration sheet: the silver car crosses left and continues rotating back across the roadway, indicating a U-turn objective rather than a right turn at the intersection.",,spatiotemporal_grounding,no,银车跨越分道线后持续旋转并横过道路，完整轨迹足以支持近期掉头目标；题目可判定，次要缺口是未连续整合该机动过程。
error-0122,secondary_label;question_or_key_problem,r8iANn9nlOY_8_0_01_22_519_to_0_01_45_920.mp4,3,Action and Intent-Driven Spatial Reasoning,Human-Centric,Single-Choice,"[Single-Choice] At 0:17, the player in the blue vest passes the ball off-screen to the right. Based on the on-field positions and the drill's context, who is the most likely intended recipient? [Options] A) The player in the yellow vest moving towards the center. B) The stationary player in the black jacket and neon yellow shoes. C) A player in a red jersey further downfield. D) The player in a blue vest who is now behind the passer.",B,D,simple_relation,[Single-Choice] Where is the nearest orange cone relative to the blue-vested player standing with his back to the camera? [Options] A) Lower right of him B) Upper left of him C) Lower left of him D) Upper right of him,C,B,False,action_goal_binding,benchmark_ambiguity,medium,True,蓝背心球员向画外右侧传球，固定站位的黑夹克荧光鞋球员最符合接应位置；回答选择身后另一蓝背心球员。接收者不在画内，题目仍带一定意图推断。,action_goal_binding,spatiotemporal_grounding,medium,False,"20-frame full-duration sheet: the off-screen-right pass aligns with the stationary black-jacketed, neon-shoed recipient; the blue-vested player behind the passer is not on the outgoing path.",,benchmark_ambiguity,yes,接球点在画外，黑夹克球员虽最符合右向传球路线，但题干要求推断“most likely intended”且无法直接验证；保留动作目标绑定主标签，并将意图不可观测性记为次要歧义。
error-0126,secondary_label,svE6_cYXDXA_31_0_03_25_505_to_0_03_41_554.mp4,4,Predictive and Counterfactual Spatial Reasoning,Human-Centric,Single-Choice,"[Single-Choice] If the rider failed to navigate the first significant curve and continued in a straight line, what would be the immediate spatial consequence? [Options] A) They would travel off the steep edge to the left of the road. B) They would ride directly into the uphill embankment. C) They would enter the patch of green trees on the right. D) They would safely continue onto a different path.",B,A,action_event,[Single-Choice] What is the person on the motorcycle doing near the bushes? [Options] A) Standing still beside the bike B) Leaning the bike while moving C) Pushing the bike uphill D) Lifting the bike onto a truck,B,B) Leaning the bike while moving,True,physical_prediction_counterfactual,perspective_reference_frame,high,False,首个显著弯道向道路右侧绕过上坡土坡，若保持此前直线会驶入弯外侧的上坡路堤；回答错误外推为冲下左侧陡边。,physical_prediction_counterfactual,spatiotemporal_grounding,high,False,20-frame full-duration sheet: the first major bend places the uphill dirt embankment directly on the rider's uncorrected straight path; continuing straight would hit it rather than leave over the left edge.,,perspective_reference_frame,,主要为未正确外推直线路径；回答又把弯道两侧的上坡路堤与左侧陡边反置，存在明确的道路左右参照错误，保留该次标签。
error-0127,primary_label;secondary_label,Lt2mVbsy8G4_7_0_00_47_213_to_0_01_00_994.mp4,1,Object Permanence and Occlusion Tracking,Object-Centric,Fill-in-the-Blank,"[Fill-in-the-Blank] A third, less illuminated jellyfish starts below the main jellyfish on the left. As the main jellyfish moves down, it briefly occludes the third one. From the viewer's perspective, the third jellyfish re-emerges to the ________ of the main jellyfish's bell.",below,bottom,action_event,[Single-Choice] Which event happens before foamy ocean waves fill the view? [Options] A) White surf spreads across dark rocks. B) A turquoise patch appears among waves. C) Rough water covers most of the scene. D) Bright jellyfish drift in dark water.,D,A) White surf spreads across dark rocks.,False,benchmark_ambiguity,protocol_or_parsing,high,True,模型回答 bottom 与 gold below 在“位于主水母伞体下方”这一语境中完全同义；该错误反映填空同义词接受或评分规范化不足。,protocol_or_parsing,benchmark_ambiguity,high,True,"20-frame full-duration sheet: the dim third jellyfish re-emerges underneath the main bell; the model fill 'bottom' expresses the same below relation as the keyed 'below', so this is not a substantive content error.",protocol_or_parsing,benchmark_ambiguity,,第三只水母在主水母伞体下方重现，模型填入bottom表达了与below相同的空间关系；这是语义正确答案因词形/规范化未被接受的计分问题，答案接受边界为次要基准风险。
error-0129,primary_label;secondary_label;question_or_key_problem,iOFJq-ylyT4_4_0_01_12_439_to_0_01_27_353.mp4,1,Object Permanence and Occlusion Tracking,Human-Centric,True/False,"[True/False] From the camera's final viewpoint showing the side of the car, the driver's side front wheel is completely occluded.",True,False,action_event,"[Single-Choice] Before the man stands apart from the car near the bushes, what does he do? [Options] A) He opens a car door. B) He kneels beside a wheel. C) He enters the car. D) He walks beside the car.",D,D) He walks beside the car.,True,benchmark_ambiguity,perception_recognition,high,True,最终侧视镜头中驾驶员侧前轮因相机裁切离开画面，并无物体挡在车轮前；题干把 out of frame 称为 completely occluded，gold 概念不清。,perception_recognition,spatiotemporal_grounding,high,False,20-frame full-duration sheet: the final side view excludes/fully occludes the driver's front wheel while retaining other side features; the negative answer contradicts the final visible state.,benchmark_ambiguity,,yes,最终镜头中驾驶员侧前轮是被画面裁切到视野外，并非被另一物体遮挡；题干将out of frame称为completely occluded，模型回答False具有合理字面依据，不再附加内容错误。
error-0130,secondary_label,iHJC3g4RC64_23_0_03_25_538_to_0_03_42_589.mp4,2,Dynamic Spatial Relationships,Object-Centric,Fill-in-the-Blank,"[Fill-in-the-Blank] During the camera's pan to the right, the two orange lighters on the dark brown pegboard move from the right side of the frame towards the ______.",center,left,entity,[Single-Choice] Which object is visible on the wooden shelves near the hanging display? [Options] A) soccer balls B) metal cups C) potted plants D) paint cans,B,B) metal cups,True,spatiotemporal_grounding,perception_recognition,high,False,右摇镜头过程中深棕挂板上的两只橙色打火机从画面右侧移到中部附近；回答称移到左侧，错误概括末位投影。,spatiotemporal_grounding,perspective_reference_frame,high,False,"20-frame full-duration sheet: during the right pan the two orange lighters move from frame-right into the center region, not all the way to frame-left; the response overextends their apparent displacement.",,perspective_reference_frame,,主要为未跟踪右摇中的投影位置；回答把到达画面中央夸大为到达左侧，涉及相机画面坐标参照，保留该次标签。
error-0131,secondary_label,jrrAZ0wM0bM_1_0_00_05_438_to_0_00_45_211.mp4,2,Dynamic Spatial Relationships,Human-Centric,True/False,"[True/False] At 0:11, from the camera's direct line of sight, the white horse is positioned horizontally between the two brown horses.",True,False,action_event,[Single-Choice] What is the dark horse beside the fence doing in the pasture scene? [Options] A) Trotting along the fence B) Lying flat on the grass C) Jumping over the fence D) Grazing with its head down,D,D) Grazing with its head down,True,perception_recognition,spatiotemporal_grounding,medium,False,约 0:11 的直视画面中白马在水平方向位于两匹棕马之间；回答 False 否认该同时位置关系。,perception_recognition,perspective_reference_frame,high,False,20-frame full-duration sheet: around 0:11 the white horse is horizontally framed between the two brown horses in the direct view; the negative answer misses that visible ordering.,,spatiotemporal_grounding,,白马位于两匹棕马之间是直接可见关系，主标签为感知识别；题目还要求锁定约0:11的同步构图，因此时刻定位是明确次要要求。
error-0134,primary_label;secondary_label;question_or_key_problem,mB8Ya4rSxck_89_0_13_02_348_to_0_13_15_594.mp4,3,Action and Intent-Driven Spatial Reasoning,Human-Centric,Fill-in-the-Blank,"[Fill-in-the-Blank] The person's hand first points to the lit candle, then pans left and points to the jar of shells, and finally moves the ______.",tissue box,paper towel box,action_event,"[Single-Choice] As the hand passes over the sink area, what does it briefly do? [Options] A) Clenches into a fist. B) Spreads its fingers open. C) Turns the faucet handle. D) Picks up the soap bottle.",B,B) Spreads its fingers open.,True,perception_recognition,action_goal_binding,medium,False,手先指蜡烛、再指贝壳罐，最后移动的是左侧抽纸盒；回答称 paper towel box，误识别了被操作物体的类型。,benchmark_ambiguity,protocol_or_parsing,medium,True,"20-frame full-duration sheet: the final moved object is the rectangular tissue box; 'paper towel box' is an imprecise but visually referential name for the same dispenser-like box, making strict fill-word rejection questionable.",benchmark_ambiguity,,yes,末段移动的是装有抽取式纸品的矩形盒；paper towel box虽不如tissue box精确，但仍明确指向同一可见物体，严格按名词细分判错缺乏答案接受边界，因此不附加内容错误标签。
error-0138,secondary_label,UfsgoajgaA4_4_0_00_29_559_to_0_00_44_880.mp4,5,Object Deformation and State Transition,Human-Centric,Multiple-Select,[Multiple-Select] The prominent ripples seen on the water's surface are primarily generated by which of the man's movements? (Select all that apply) [Options] A) The downward and circular push of his feet. B) The side-to-side sculling motion of his hands. C) The movement of his head as he looks around. D) The passive displacement of his torso.,"A, B",B) The side-to-side sculling motion of his hands.,simple_relation,"[Single-Choice] As the man floats in the water, which side of his torso is facing upward? [Options] A) His back side B) His chest/front side C) His left side D) His right side",B,B) His chest/front side,True,perception_recognition,physical_prediction_counterfactual,high,False,水面明显涟漪同时由脚向下/绕圈蹬水和双手左右划水产生；回答只选手部动作，遗漏足部的直接扰水。,perception_recognition,spatiotemporal_grounding,high,False,20-frame full-duration sheet: prominent surface ripples are generated by both the downward/circular foot push and hand sculling; selecting only hand motion omits the visible foot contribution.,,spatiotemporal_grounding,,涟漪与足部及手部扰水均直接可见，主标签为动作/效应识别；确认两种动作各自伴随水面变化需要跨时段对应，保留时空定位次标签。
error-0145,primary_label;secondary_label;question_or_key_problem,UbOevcbnLLY_0_0_00_00_133_to_0_00_14_714.mp4,2,Dynamic Spatial Relationships,Object-Centric,Single-Choice,"[Single-Choice] As the camera pans to the left, what is the apparent motion of the small puff of smoke on the distant hillside relative to the dock's corner post in the foreground? [Options] A) The smoke appears to move from the right side of the post to the left side of it. B) The smoke remains stationary directly behind the post. C) The smoke appears to move from the left side of the post to the right side of it. D) The smoke is never visible at the same time as the corner post.",B,A,action_event,[Single-Choice] Which visible event occurs before the leafy tree canopy enters the view? [Options] A) A large tree trunk fills the left side. B) A white rectangular roof appears near the dock. C) Benches appear beneath the tree. D) The canopy covers much of the top edge.,B,B,True,benchmark_ambiguity,perspective_reference_frame,medium,True,左摇镜头使远处烟雾相对近处角柱产生可见视差，模型所述由右向左有视觉依据；gold stationary directly behind 难由序列稳定支持。,perspective_reference_frame,spatiotemporal_grounding,medium,False,20-frame full-duration sheet: the distant smoke remains aligned behind the dock corner post during the left pan; the response mistakes camera motion for a right-to-left relative crossing.,benchmark_ambiguity,perspective_reference_frame,yes,远处烟雾尺寸很小，前景角柱随左摇产生明显视差；20帧不能唯一证明烟雾始终正好位于柱后，模型的由右向左描述有视觉依据。若采用题钥解释，参照视差为次要困难。
error-0152,primary_label;secondary_label,jr2s_4Fvf80_58_0_05_29_862_to_0_05_43_476.mp4,2,Dynamic Spatial Relationships,Object-Centric,Single-Choice,"[Single-Choice] During the drift, the car travels along a curved path around the prominent orange cone. Relative to the center of this curve, where is the cone located? [Options] A) On the inside of the curve. B) On the outside of the curve. C) The car's path goes directly over the cone. D) The cone is located exactly at the center of the curve.",A,B) On the outside of the curve.,entity,[Single-Choice] Which background feature is visible beyond the open driving area? [Options] A) A city skyline B) An ocean shoreline C) Indoor stadium seats D) A forested hillside,D,D) A forested hillside,True,spatiotemporal_grounding,perspective_reference_frame,high,False,漂移车围绕橙色锥桶形成弧线，锥桶位于转弯弧的内侧；回答将轨迹内外关系反转。,perspective_reference_frame,spatiotemporal_grounding,high,False,20-frame full-duration sheet: the car arcs around the orange cone and leaves the cone on the concave/inside side of its curved trajectory; the response reverses the curve-centered relation.,perspective_reference_frame,spatiotemporal_grounding,,inside/outside以车辆曲线路径的曲率中心为参照；锥桶位于弧线凹侧，回答把该曲线中心关系反转，跨帧建立完整漂移弧为次要时空要求。
error-0154,primary_label;secondary_label,eeJWtwV5OzA_28_0_05_18_100_to_0_05_28_800.mp4,1,Object Permanence and Occlusion Tracking,Human-Centric,Multiple-Select,"[Multiple-Select] As the man walks from the doorway to the red car, which vehicle in the background is temporarily hidden from view by his body? [Options] A) The grey Land Rover. B) The small black Smart car. C) The blue sedan. D) The white convertible.",B.C.D,"B, C",entity,[Single-Choice] Which accessory is visible around the walking man's neck? [Options] A) A bright green lanyard B) A red scarf C) A black tie D) A blue headset,A,A) A bright green lanyard,True,spatiotemporal_grounding,perception_recognition,low,False,男子从门口走向红车时身体先后覆盖小黑 Smart、蓝色轿车和白色敞篷车；回答只保留 B、C，遗漏短暂被遮挡的 D。20-frame full-duration sheet 对瞬时完全遮挡覆盖有限。,perception_recognition,spatiotemporal_grounding,medium,False,"20-frame full-duration sheet: as the man crosses toward the red car, his body successively overlaps the small black Smart car, blue sedan, and white convertible; omitting D misses a visible temporary occlusion.",spatiotemporal_grounding,perception_recognition,,男子行进中先后短暂遮挡Smart、蓝色轿车和白色敞篷车；回答遗漏D，主要是未整合全时段遮挡序列，辨认短暂露出的白色敞篷车为次要感知因素。
error-0155,primary_label;secondary_label;question_or_key_problem,SjaUzHILZ8Y_56_0_09_01_474_to_0_09_23_229.mp4,6,Egocentric vs. Allocentric Reference Frames,Human-Centric,Single-Choice,"[Single-Choice] From the camera's perspective, the shoreline appears to be moving from right to left. What is the boat's actual direction of travel relative to the distant dam visible at the start of the video? [Options] A) Towards the dam. B) Away from the dam. C) Parallel to the dam. D) The boat is stationary.",D,B) Away from the dam.,simple_relation,"[Single-Choice] In the opening view, where is the tree-covered shoreline relative to the camera? [Options] A) Along the right side of the water B) Straight across the near foreground C) Centered far ahead on the horizon D) Along the left side of the water",D,<answer>Along the left side of the water,False,perspective_reference_frame,spatiotemporal_grounding,medium,False,岸线在画面中右向左滑动主要来自相机绕船观察/转向；远处水坝相对船没有持续缩小的证据，回答把表观背景流误解为船远离水坝。,benchmark_ambiguity,perspective_reference_frame,medium,True,"20-frame full-duration sheet: shoreline alignment changes substantially across the stern-facing view while the distant dam is only intermittently framed; this does not support the keyed claim that the boat is stationary, and direction relative to the dam is underdetermined from the sampled view.",benchmark_ambiguity,perspective_reference_frame,yes,20帧只显示船尾视角持续转动，岸线和远坝在相机摇转中改变位置，但没有足够的水面平移或距离证据区分船静止、转向或远离水坝；gold“stationary”不能唯一确定。前后景运动参照为次要困难。
error-0156,primary_label;secondary_label,FHea6tOnSYY_27_0_03_34_881_to_0_03_49_295.mp4,1,Object Permanence and Occlusion Tracking,Object-Centric,Single-Choice,"[Single-Choice] At the very beginning of the video, as the silver Corvette drives past, which object in the background does it temporarily and completely occlude from the camera's view? [Options] A) The red Porsche. B) A white SUV. C) A distant building. D) The blue Subaru.",B,A) The red Porsche.,entity,[Single-Choice] Which large vehicle is visible in the background near the roadway? [Options] A) A yellow school bus B) A white semi-trailer truck C) A red fire engine D) A black pickup truck,B,B) A white semi-trailer truck,True,spatiotemporal_grounding,perception_recognition,low,False,开头银色 Corvette 掠过前景时，短暂完全覆盖的是远处白色 SUV；红色 Porsche 随后才作为独立前景车辆出现，回答混淆了遮挡时刻和对象。20-frame full-duration sheet 对开头瞬时遮挡采样有限。,perception_recognition,spatiotemporal_grounding,high,False,"20-frame full-duration sheet: the silver Corvette crosses in front of the distant white SUV/truck at the opening, while the red Porsche remains separately visible later; the response binds the occlusion to the wrong vehicle.",spatiotemporal_grounding,perception_recognition,,问题锁定视频开头的短暂完全遮挡；银色Corvette经过时覆盖的是远处白色SUV，回答把该瞬时事件与稍后出现的红色Porsche混淆，车辆身份辨认为次要因素。
error-0158,primary_label;secondary_label,R5lA1ZQzauM_12_0_07_29_399_to_0_08_49_533.mp4,3,Action and Intent-Driven Spatial Reasoning,Human-Centric,Multiple-Select,[Multiple-Select] The operator's intent is to test the drone's 'follow me' capability. Which of the following spatial behaviors are observed in the drone's attempt to follow the operator? (Select all that apply) [Options] A) The drone initially drifts without tracking the operator's movement. B) The drone successfully matches the operator's forward speed perfectly. C) The drone adjusts its position laterally to keep the operator in the camera's view. D) The drone loses significant altitude while attempting to move towards the operator.,"B, C, D","A) The drone initially drifts without tracking the operator's movement.
C) The drone adjusts its position laterally to keep the operator in the camera's view.",entity,[Single-Choice] Which object is visible near the bottom foreground of the scene? [Options] A) A bicycle handlebar B) A radio controller C) A camera tripod D) A folding chair,B,<answer>A radio controller,False,spatiotemporal_grounding,action_goal_binding,low,False,follow-me 测试中无人机后续进行横向修正并伴随高度下降，且存在与操作者前移相匹配的阶段；回答加入初始不跟踪 A，并遗漏 B、D。20-frame full-duration sheet 难以精确确认“perfectly”与短时高度变化。,action_goal_binding,spatiotemporal_grounding,high,False,"20-frame full-duration sheet: the follow-me test includes later speed matching, lateral recentering, and a noticeable loss of altitude; selecting initial drift instead of the matched-speed and altitude behaviors misbinds the observed motion to the test goal.",spatiotemporal_grounding,action_goal_binding,,多选项要求整合follow-me测试中初始、横向修正、速度和高度的多个阶段；回答加入A并遗漏B、D，主要是完整行为序列整合不全，将运动行为对应到测试目标为次要因素。
error-0161,primary_label;secondary_label;question_or_key_problem,ikx-L45Gqmw_66_0_09_18_224_to_0_09_36_842.mp4,3,Action and Intent-Driven Spatial Reasoning,Human-Centric,Single-Choice,"[Single-Choice] Based on the woman's path of movement from the sidewalk and the sudden appearance of a light source from above and behind her around the 5-second mark, what spatial interaction most likely occurred? [Options] A) She walked under a street lamp that turned on. B) She opened the rear trunk of the vehicle. C) She turned around to face the sunset. D) Another car turned its headlights on her.",B,A) She walked under a street lamp that turned on.,simple_relation,"[Single-Choice] After the woman reaches the parked vehicle, where is its raised hatch relative to her head? [Options] A) Below her chin B) Beside her left shoulder C) Across the street D) Above her head",D,D,True,action_goal_binding,perception_recognition,high,False,女子沿人行道走到停放车辆后方，约 5 秒上后方亮起并随后可见掀起的尾门；该空间路径和结果对应打开后备箱，而非经过自动点亮的路灯。,benchmark_ambiguity,action_goal_binding,medium,True,"20-frame full-duration sheet: the woman approaches the vehicle and becomes lit orange from above/behind, but the trunk lid and opening action are not directly visible; both a vehicle light/trunk interaction and an overhead lamp remain plausible from the static sequence.",action_goal_binding,perception_recognition,no,女子走到车辆后方后，约5至7秒可见上掀尾门的下缘及车后照明，路径和结果共同支持打开后备箱；回答将该动作目标误绑定为路灯，题目可判定，局部尾门识别为次要因素。
error-0162,primary_label;secondary_label,hekzmOGY4jo_14_0_01_46_940_to_0_01_59_385.mp4,6,Egocentric vs. Allocentric Reference Frames,Human-Centric,True/False,"[True/False] For most of the ride, the surfer is moving along the face of the wave, causing the surfboard to travel in a direction roughly parallel to the shoreline.",True,False,simple_relation,[Single-Choice] How are the main bands of breaking white water oriented across the scene? [Options] A) Mostly left-to-right B) Mostly top-to-bottom C) Diagonally upward left-to-right D) Diagonally downward left-to-right,A,A) Mostly left-to-right,True,spatiotemporal_grounding,perspective_reference_frame,high,False,冲浪者在大部分骑行中沿浪壁横向推进，板的主位移与横贯画面的岸线/碎浪带近似平行；回答 False 未整合完整轨迹。,perspective_reference_frame,spatiotemporal_grounding,high,False,"20-frame full-duration sheet: the surfer traverses laterally along the wave face for most of the ride, approximately parallel to the visible shoreline, rather than moving directly shoreward; the response confuses wave-relative and shore-relative motion.",perspective_reference_frame,spatiotemporal_grounding,,需同时用岸线和浪面作为稳定参照判断冲浪板主位移；回答未区分沿浪壁横移与朝岸运动，主要是岸线参照关系错误，覆盖“大部分骑行”的轨迹整合为次要要求。
error-0165,primary_label;secondary_label,owFY8o68sDk_32_0_05_29_666_to_0_05_39_800.mp4,6,Egocentric vs. Allocentric Reference Frames,Human-Centric,True/False,"[True/False] Throughout the video, the hand holding the receiver assembly remains on the left side of the visual frame from the camera's perspective.",True,False,entity,[Single-Choice] Which object is visible near the person at the beginning of the scene? [Options] A) A laptop computer B) A handheld radio controller C) A soldering iron D) A pair of pliers,B,B) A handheld radio controller,True,spatiotemporal_grounding,perspective_reference_frame,high,False,整个序列中握接收器组件的手始终位于画面左半侧，右侧主要是遥控器或背景；回答 False 否认持续的画面坐标关系。,perspective_reference_frame,spatiotemporal_grounding,medium,False,20-frame full-duration sheet: the hand supporting the receiver assembly remains on the left half of the camera frame throughout the runway sequence even as the assembly shifts toward center; the negative response loses the camera-frame reference.,spatiotemporal_grounding,perspective_reference_frame,,“throughout”要求检查接收器组件在完整序列中的画面位置，持件手始终处于左半帧；主要缺口是持续关系跟踪，相机画面坐标为次要参照因素。
error-0166,secondary_label,Uz_Fmus7BgA_10_0_03_43_189_to_0_03_53_466.mp4,1,Object Permanence and Occlusion Tracking,Human-Centric,True/False,"[True/False] After the surfer is completely occluded by the whitewater at the end of the ride, they have ended up in front of the breaking part of the wave.",False,True,simple_relation,"[Single-Choice] While the surfer rides near the foamy spray, where is the dark, unbroken wave face relative to the surfer? [Options] A) To the viewer's left B) To the viewer's right C) Directly above D) Directly below",A,D) Directly below,False,spatiotemporal_grounding,perception_recognition,low,False,冲浪者进入白水遮挡前位于破浪前沿后方/浪壁一侧，末段白水覆盖后不能据此判为落到破浪前方；回答 True 错误延续遮挡后的相对位置。20-frame full-duration sheet 无法直接观察完全遮挡后的主体，故结论置信度低。,spatiotemporal_grounding,perspective_reference_frame,high,False,"20-frame full-duration sheet: the surfer rides inside/behind the breaking lip and is finally swallowed by whitewater, not deposited visibly in front of the breaking section; the response infers an unsupported post-occlusion position.",,perspective_reference_frame,,主要为遮挡前后连续性失败；判断冲浪者相对破浪前方或后方还依赖浪壁作为稳定空间参照，因此保留参照系次标签。
error-0167,secondary_label,ecgPZ4yevss_16_0_05_24_857_to_0_05_37_637.mp4,4,Predictive and Counterfactual Spatial Reasoning,Object-Centric,Single-Choice,"[Single-Choice] Based on the camera's final position and direction of movement, if it continued to pan forward along the kayak's centerline, what would be the next major feature to come into view? [Options] A) The gray seat. B) The very front tip (bow) of the kayak. C) The teal storage box. D) The side carrying handle.",B,A) The gray seat.,entity,[Single-Choice] Which item is visible on the deck near the open cockpit? [Options] A) A black paddle blade B) A red life jacket C) A white helmet D) A yellow dry bag,A,B) A red life jacket,False,physical_prediction_counterfactual,perspective_reference_frame,high,False,末镜头沿皮划艇纵向中心线继续向前，开放座舱和灰座椅已被越过，下一主要结构应是最前端船艏；回答错误回指已出现的灰座椅。,physical_prediction_counterfactual,spatiotemporal_grounding,high,False,"20-frame full-duration sheet: the camera progresses from the rear cooler and seat toward the open forward hull; continuing along the kayak centerline would next reveal the bow, whereas the grey seat has already been passed.",,spatiotemporal_grounding,,反事实继续向前会到达船艏；该预测依赖先整合相机已依次越过冷藏箱、座椅和前舱的路径，故保留时空定位次标签。
error-0168,secondary_label,TD27Rs6mTes_1_0_00_06_519_to_0_00_16_920.mp4,6,Egocentric vs. Allocentric Reference Frames,Human-Centric,Single-Choice,"[Single-Choice] If the woman in the black dress were to turn 180 degrees, what would be directly in her line of sight? [Options] A) The man carrying a basket on his shoulder. B) A stone fountain. C) The large arched doorway. D) The woman with her back to the camera.",C,A,simple_relation,[Single-Choice] Where in the image is the green double door relative to the woman in the black dress? [Options] A) To her right B) To her left C) Directly above her D) Directly below her,A,B) To her left,False,perspective_reference_frame,physical_prediction_counterfactual,high,False,黑裙女子若以自身轴转身 180 度，反向视线会朝向大型拱门；回答选择侧方/场景内移动人物，未完成主体朝向到世界布局的转换。,perspective_reference_frame,action_goal_binding,high,False,"20-frame full-duration sheet: the black-dressed woman faces away from the large arched doorway, so a 180-degree turn would align her view with that doorway rather than with the basket-carrying man.",,physical_prediction_counterfactual,,主要错误是未在人物自身朝向下完成参照转换；题目同时要求假设其旋转180度并外推新视线，反事实空间变换构成明确次标签。
error-0169,primary_label;secondary_label;question_or_key_problem,JCDFMUawpsY_31_0_13_29_141_to_0_13_57_836.mp4,4,Predictive and Counterfactual Spatial Reasoning,Human-Centric,Single-Choice,"[Single-Choice] Just before entering the paved area, the rider passes a yellow 'CAUTION' sign on their right. If the rider had instead turned sharply right immediately after this sign, what would they have ridden onto? [Options] A) A set of metal crowd-control barriers. B) A gravel road leading up a hill. C) A raised wooden deck next to a building. D) Another dirt bike path.",D,A) A set of metal crowd-control barriers.,action_event,[Single-Choice] Which event happens before the rider rides beside the wooden building? [Options] A) The rider extends an arm sideways. B) The rider stops beside pedestrians. C) The rider descends a dirt slope. D) The rider turns back uphill.,C,C) The rider descends a dirt slope.,True,physical_prediction_counterfactual,perspective_reference_frame,high,False,骑手越过右侧黄色 CAUTION 标牌后，其右方连接的是另一条土质自行车路径；若立即急右转会驶入该路径，而非撞上更外侧的金属围栏。,benchmark_ambiguity,physical_prediction_counterfactual,low,True,"20-frame full-duration sheet: immediately after the yellow CAUTION sign, the rider's right side opens onto the paved/barrier area; a distinct dirt path corresponding to keyed D is not identifiable in the sampled frames, so the counterfactual target is not securely keyed.",benchmark_ambiguity,physical_prediction_counterfactual,yes,黄色CAUTION标牌之后的右侧主要呈现铺装区、围栏和建筑边缘，20帧中无法辨认与gold D对应的明确土质自行车路径；急右转目标不能唯一确定。若接受题钥，反事实外推仍是次要困难。
error-0173,secondary_label,jhcqv4tPIRQ_15_0_03_49_400_to_0_04_01_300.mp4,4,Predictive and Counterfactual Spatial Reasoning,Human-Centric,Single-Choice,"[Single-Choice] Based on its final position, if the bird were to continue climbing straight down the wall, what is the first object it would physically contact? [Options] A) The floor. B) The decorative window on the door. C) The light switch. D) The door frame.",C,B) The decorative window on the door.,entity,[Single-Choice] Which large object is visible directly beside the bird near the wall? [Options] A) A metal ladder B) A leafy plant C) A tan padded cushion D) A cardboard box,C,C) A tan padded cushion,True,physical_prediction_counterfactual,perception_recognition,medium,False,鸟在墙面终点的正下方首先是灯开关，装饰窗位于门板更侧下方；沿当前方向继续直下会先接触开关，回答错误选择装饰窗。,physical_prediction_counterfactual,perspective_reference_frame,high,False,"20-frame full-duration sheet: from the bird's final vertical position, a straight downward continuation intersects the wall light-switch panel before the lower decorative door window; the response projects onto the wrong horizontal line.",,perspective_reference_frame,,主要是直线向下外推到首个接触物；回答选择横向偏离该竖直线的门窗，说明末位投影与墙面物体的水平参照也有明确错误。
error-0174,primary_label;secondary_label;question_or_key_problem,H4AAXWDxHdI_3_0_00_36_002_to_0_00_46_413.mp4,3,Action and Intent-Driven Spatial Reasoning,Human-Centric,Single-Choice,"[Single-Choice] Based on the person's turn and final orientation at the 6-second mark, which direction are they preparing to walk? [Options] A) Towards the green dumpster. B) Back in the direction they originally came from. C) Down the road towards the low buildings. D) Across the grassy area to their right.",B,D,simple_relation,[Single-Choice] Where is the green dumpster relative to the person in the scene? [Options] A) Behind her on the viewer's left B) In front of her on the viewer's right C) Behind her on the viewer's right D) In front of her on the viewer's left,C,C) Behind her on the viewer's right,True,action_goal_binding,perspective_reference_frame,medium,False,人物约 6 秒完成转身后，身体和视线朝回此前来路，表现为准备沿原方向返回；回答选择右侧草地，未将转身结果绑定到下一步移动意图。,benchmark_ambiguity,action_goal_binding,low,True,"20-frame full-duration sheet: the close selfie framing shows mainly the speaker's face and only brief head turns; the person's full body orientation and the asserted green-dumpster/road/grass alternatives are not jointly visible, so the intended walking direction cannot be resolved reliably.",benchmark_ambiguity,action_goal_binding,yes,约6秒为近距离自拍构图，人物全身朝向以及垃圾箱、建筑和右侧草地未在同一视图中充分呈现；仅凭头部短暂转动不能唯一判断其准备行走方向，意图绑定为次要风险。
error-0175,primary_label;secondary_label,v0C5551Yh0k_11_0_01_18_745_to_0_01_31_491.mp4,3,Action and Intent-Driven Spatial Reasoning,Human-Centric,Single-Choice,[Single-Choice] What action does the shirtless surfer take that significantly lowers their body's center of gravity relative to the board? [Options] A) They jump off the board. B) They crouch low while remaining on their feet. C) They lie down on their stomach. D) They fall backward into the water.,C,B) They crouch low while remaining on their feet.,entity,[Single-Choice] Which visible feature is directly behind the rider on the water? [Options] A) A sandy beach B) A rocky cliff C) A white breaking wave D) A floating buoy,C,C) A white breaking wave,True,perception_recognition,action_goal_binding,high,False,衬衫赤膊冲浪者先站立滑行，随后俯身并完全趴到板上，身体重心显著降低；回答称仍以双脚低蹲，误识别了最终姿态。,spatiotemporal_grounding,perception_recognition,medium,False,"20-frame full-duration sheet: in the relevant opening segment the shirtless surfer transitions from standing to lying prone on the board, not merely to a low crouch; later frames switch to unrelated shark footage, but the queried action is already visible before that switch.",perception_recognition,spatiotemporal_grounding,,开头冲浪者由站立俯身并最终完全俯卧在板上，不是保持双脚低蹲；问题直接询问可见动作姿态，主要为动作识别失败，识别站立到俯卧的转变为次要时空因素。
error-0181,primary_label;secondary_label;question_or_key_problem,Ul4Hy1EfPNQ_41_0_07_41_628_to_0_07_54_607.mp4,4,Predictive and Counterfactual Spatial Reasoning,Human-Centric,Single-Choice,"[Single-Choice] If the girl had pushed off with her feet with the same force but without first turning the handlebars, what would have been the tricycle's most likely initial path? [Options] A) It would have moved directly toward the camera. B) It would have moved backward away from the camera. C) It would have moved to the left, as it did in the video. D) It would have spun in a circle without moving forward.",C,B) It would have moved backward away from the camera.,simple_relation,[Single-Choice] Where is the tricycle's front wheel relative to its red rear basket? [Options] A) To the left of the basket B) To the right of the basket C) Directly above the basket D) Directly below the basket,B,D) Directly below the basket,False,physical_prediction_counterfactual,action_goal_binding,medium,False,女孩蹬地的推进方向不会因未先转动车把而反向后退；保持相同蹬力的初始路径应延续其左向运动，回答错误预测远离相机后退。,benchmark_ambiguity,physical_prediction_counterfactual,medium,True,20-frame full-duration sheet: the tricycle's initial wheel orientation and the causal contribution of the handlebar turn are not resolved well enough to support the keyed claim that removing the turn preserves the same leftward path; multiple initial trajectories remain plausible.,benchmark_ambiguity,physical_prediction_counterfactual,yes,20帧不能清楚分离初始车轮朝向、转动车把与脚蹬推进各自对路径的作用；移除转向后仍保持与实拍相同左向路径的gold C缺乏唯一因果支持，物理反事实为次要分析层。
error-0182,primary_label,WrTTfmkKQsM_46_0_08_03_524_to_0_08_15_119.mp4,6,Egocentric vs. Allocentric Reference Frames,Human-Centric,Single-Choice,"[Single-Choice] As the motorcycle accelerates through the intersection, what is the final position of the red car relative to the motorcycle's camera? [Options] A) Directly in front of the motorcycle. B) To the right and behind the motorcycle. C) To the left and behind the motorcycle. D) It is no longer visible.",A,D) It is no longer visible.,action_event,[Single-Choice] Which event happens before the red car enters the intersection? [Options] A) It parks along the right curb. B) It reverses toward the motorcycle. C) It drives ahead of the motorcycle. D) It turns into a driveway.,C,A) It parks along the right curb.,False,spatiotemporal_grounding,perspective_reference_frame,high,False,摩托车穿过路口加速时红车持续位于前方车道并在末帧仍清晰可见；回答称其已不可见，未跟踪目标终态。,perception_recognition,perspective_reference_frame,high,False,"20-frame full-duration sheet: the red car remains visible ahead of the motorcycle through the final intersection frames, roughly centered in the forward view; the response incorrectly declares it absent.",perception_recognition,,,末帧红车仍在摩托车正前方且清晰可见，回答称其不再可见，最直接的缺口是最终画面中的实体存在与位置识别；两位rater一致的参照系次标签无需重新裁决。
error-0184,secondary_label,u5bdvLkN9pI_11_0_01_44_479_to_0_02_02_622.mp4,6,Egocentric vs. Allocentric Reference Frames,Object-Centric,Fill-in-the-Blank,"[Fill-in-the-Blank] In the final arrangement shown on the table, the four tall stacks in clear tubes are located to the ______ of the main group of stacks in white tubes.",before,right,simple_relation,"[Single-Choice] In the final setup, where are the small loose coin stacks relative to the main group of white tubes? [Options] A) To the left B) In front C) To the right D) Behind",C,D) Behind,False,benchmark_ambiguity,protocol_or_parsing,high,True,题干要求四个透明管高堆相对白管主组的空间方位，gold 却为 before，既非左右方位也不符合最终静态排列；模型 right 在画面布局上有直接依据。,benchmark_ambiguity,perspective_reference_frame,high,True,20-frame full-duration sheet: the four clear-tube stacks are visibly to the right of the white-tube group; keyed 'before' is not a grammatical spatial relation for this sentence and conflicts with the visible arrangement.,,,,题干与gold before本身损坏，benchmark_ambiguity足以解释；这不是模型输出解析失败，且没有可独立确认的参照系内容错误，次标签留空。
error-0187,primary_label;secondary_label,srbQrg_NF5E_56_0_09_33_703_to_0_09_45_432.mp4,1,Object Permanence and Occlusion Tracking,Object-Centric,Single-Choice,"[Single-Choice] Between 00:08 and 00:10, the branches of the bare tree in the foreground pass in front of and briefly hide which feature? [Options] A) The highest mountain peak in the distance. B) A section of the road deep in the valley. C) A cluster of houses on the opposite hillside. D) The group of pine trees on the far right.",A,D,entity,[Single-Choice] Which object is visible along the roadside in the foreground? [Options] A) Red traffic cones B) Wooden picnic tables C) Metal streetlights D) White concrete barriers,D,D,True,spatiotemporal_grounding,perception_recognition,low,False,8–10 秒裸树细枝从远处最高山峰前方经过并短暂覆盖峰线；回答选择最右侧松树群，未对齐遮挡时刻与背景目标。20-frame full-duration sheet 对短暂覆盖采样有限。,perception_recognition,spatiotemporal_grounding,high,False,"20-frame full-duration sheet: around 0:08-0:10 the bare foreground branches cross the prominent high mountain peak near the center-left, not the far-right pine group; the response tracks the wrong background feature.",spatiotemporal_grounding,perception_recognition,,问题限定8至10秒的短暂遮挡，裸树枝在该时段经过并覆盖中央偏左的最高山峰；回答选择远右松树群，主要是事件时刻与背景目标未对齐，地标辨认为次要因素。
error-0189,primary_label;secondary_label;question_or_key_problem,JCDFMUawpsY_31_0_13_29_141_to_0_13_57_836.mp4,4,Predictive and Counterfactual Spatial Reasoning,Human-Centric,Single-Choice,"[Single-Choice] Just before entering the paved area, the rider passes a yellow 'CAUTION' sign on their right. If the rider had instead turned sharply right immediately after this sign, what would they have ridden onto? [Options] A) A set of metal crowd-control barriers. B) A gravel road leading up a hill. C) A raised wooden deck next to a building. D) Another dirt bike path.",D,B) A gravel road leading up a hill.,action_event,[Single-Choice] Which event happens before the rider rides beside the wooden building? [Options] A) The rider extends an arm sideways. B) The rider stops beside pedestrians. C) The rider descends a dirt slope. D) The rider turns back uphill.,C,C,True,physical_prediction_counterfactual,perspective_reference_frame,high,False,越过右侧 CAUTION 标牌后立即右转会进入相接的另一条土质自行车路径；回答 gravel road up hill 未沿局部路口几何外推。,benchmark_ambiguity,physical_prediction_counterfactual,low,True,"20-frame full-duration sheet: immediately after the CAUTION sign, the right-hand destination is not shown as a clearly identifiable dirt path; the paved/barrier area and other possible surfaces make keyed D insufficiently supported.",benchmark_ambiguity,physical_prediction_counterfactual,yes,CAUTION标牌后右侧目标在20帧中没有显示为可唯一辨认的另一条土质自行车路径，铺装区、围栏及其他地面均构成候选；gold D支持不足，反事实路径外推作为次要因素保留。
error-0193,secondary_label,mWF9aH2BeZ0_29_0_06_13_940_to_0_06_25_885.mp4,3,Action and Intent-Driven Spatial Reasoning,Human-Centric,True/False,"[True/False] Based on the position of the sun shown during the pan and the man's shadow at the end of the video, the man is facing away from the sun.",False,True,action_event,[Single-Choice] Which event happens before the person raises both gloved hands near their head? [Options] A) A gloved hand comes close to the lens. B) The person's face fills much of the view. C) The camera passes a tall stone tower. D) The person leans toward the camera.,C,A) A gloved hand comes close to the lens.,False,perspective_reference_frame,spatiotemporal_grounding,medium,False,摇镜展示太阳位置后，末帧男子及其影子的方向表明其并非背向太阳；回答 True 错误结合光源、影向和人物朝向。,perspective_reference_frame,action_goal_binding,medium,False,"20-frame full-duration sheet: the pan places the sun in the same general sector the man faces at the end, while his cast shadow extends away from it; the claim that he faces away from the sun reverses the lighting geometry.",,spatiotemporal_grounding,,主要为太阳、人物和影子几何参照错误；还需把摇镜中出现的太阳位置与末帧男子朝向和影向跨时段整合，故保留时空定位次标签。
error-0195,secondary_label,iIpRKgC-9pw_42_0_08_15_662_to_0_08_32_312.mp4,6,Egocentric vs. Allocentric Reference Frames,Human-Centric,Single-Choice,"[Single-Choice] Relative to the car's frame of reference, which description best captures the initial motion of the armrest as it moves from its stowed to its deployed position? [Options] A) It pivots downwards and towards the front of the car. B) It slides horizontally forward from the seatback. C) It pivots downwards and towards the rear of the car. D) It rotates sideways from the seat cushion.",A,C) It pivots downwards and towards the rear of the car.,entity,[Single-Choice] Which item is visible on the rear seat cushion? [Options] A) Blue water bottle B) Black smartphone C) White paper cup D) Red seat belt buckle,D,D) Red seat belt buckle,True,perspective_reference_frame,spatiotemporal_grounding,high,False,扶手从靠背收纳位绕铰链向下并朝车辆前方展开；回答把车辆纵轴前后方向反转为向后。,perspective_reference_frame,perception_recognition,high,False,"20-frame full-duration sheet: relative to the car, the armrest rotates down from the seatback and toward the vehicle's front/center-console direction; the response reverses the fore-aft component.",,spatiotemporal_grounding,,主要错误是把车辆前后轴反转；判断扶手由收纳位向下、向前的完整展开方向还需跟踪运动过程，保留时空定位次标签。
error-0197,secondary_label,Xg9VRoWYh0E_60_0_12_29_782_to_0_12_48_033.mp4,6,Egocentric vs. Allocentric Reference Frames,Human-Centric,True/False,"[True/False] From the initial forward-facing viewpoint, the trolling motor is in front of the camera, but from the final viewpoint focused on the driver, the trolling motor is behind the camera.",False,True,action_event,[Single-Choice] Does the tree-covered shoreline on the left appear before or after the man in the blue cap is shown holding the steering wheel? [Options] A) After B) At the same moment C) Before D) One event is not visible,C,C) Before,True,perspective_reference_frame,perception_recognition,medium,False,末镜头只是相机转向驾驶者，拖钓马达相对船体和相机安装位置并未从相机前方穿越到后方；回答 True 把视向改变误作物体跨越相机。,perspective_reference_frame,spatiotemporal_grounding,high,False,20-frame full-duration sheet: changing from the initial forward view to the driver-focused view does not make the fixed trolling motor cross from in front of the camera to behind it; the response confuses view direction with object position.,,spatiotemporal_grounding,,主要为把视向改变误作固定马达跨越相机；比较初始前向视图和最终驾驶者视图仍需跨时段保持同一马达位置，保留时空连续性次标签。
error-0198,secondary_label,GvWldUGLkVM_53_0_07_40_793_to_0_08_00_279.mp4,3,Action and Intent-Driven Spatial Reasoning,Human-Centric,True/False,"[True/False] As the second car slides through the turn, the driver is steering the front wheels in the opposite direction of the turn itself.",True,False,entity,[Single-Choice] What surface is visible beneath the red vehicles? [Options] A) A sandy beach B) A grassy field C) A paved road D) A wooden bridge,C,C) A paved road,True,action_goal_binding,spatiotemporal_grounding,high,False,第二辆车横滑过弯时前轮明显朝弯道旋转方向的反向打舵，以修正车尾侧滑；回答 False 未识别漂移中的反打动作。,action_goal_binding,perception_recognition,high,False,"20-frame full-duration sheet: during the second car's slide, the front wheels are visibly countersteered against the direction of the turn to control the drift; the negative response misses the steering correction.",,perception_recognition,,主要为漂移动作与反打目标绑定错误；前轮在横滑中朝弯道反方向的角度可直接观察，未识别该局部轮向是明确次要感知因素。
error-0199,primary_label;secondary_label,srbQrg_NF5E_56_0_09_33_703_to_0_09_45_432.mp4,1,Object Permanence and Occlusion Tracking,Object-Centric,Single-Choice,"[Single-Choice] Between 00:08 and 00:10, the branches of the bare tree in the foreground pass in front of and briefly hide which feature? [Options] A) The highest mountain peak in the distance. B) A section of the road deep in the valley. C) A cluster of houses on the opposite hillside. D) The group of pine trees on the far right.",A,D,entity,[Single-Choice] Which object is visible along the roadside in the foreground? [Options] A) Red traffic cones B) Wooden picnic tables C) Metal streetlights D) White concrete barriers,D,D) White concrete barriers,True,spatiotemporal_grounding,perception_recognition,low,False,8–10 秒裸树枝条经过远处最高峰轮廓并短暂遮住峰顶，不是最右松树群；回答未对齐遮挡事件与背景对象。20-frame full-duration sheet 对瞬时覆盖采样有限。,perception_recognition,spatiotemporal_grounding,high,False,"20-frame full-duration sheet: around 0:08-0:10 the bare foreground branches cross the prominent high mountain peak near the center-left, not the far-right pine group; the response tracks the wrong background feature.",spatiotemporal_grounding,perception_recognition,,8至10秒裸树枝短暂越过最高山峰轮廓；选择最右松树群反映未把指定时段的遮挡与正确背景目标对应，主要为时空定位，山峰识别为次要因素。
error-0200,secondary_label,gmpJmdKiZQ8_33_0_06_51_311_to_0_07_16_202.mp4,2,Dynamic Spatial Relationships,Human-Centric,Multiple-Select,"[Multiple-Select] At the moment the woman in the blue shirt first interacts with the person in the wheelchair, which of these spatial statements are correct from the camera's perspective? (Select all that apply) [Options] A) A yellow, partially collapsed beach umbrella is visible behind the man in the black shirt. B) A large, blue inflatable slide is visible in the background to the left. C) The ocean is completely out of the frame. D) A pair of shoes is visible on the sand directly beside the blue lounge chair.","A,B",AB,entity,[Single-Choice] Which headwear is visible on the seated person near the blue-shirted woman? [Options] A) A bicycle helmet B) A straw sunhat C) A baseball cap D) A knit beanie,C,C) A baseball cap,True,protocol_or_parsing,,high,True,"模型输出 AB 与 gold A,B 表示完全相同的选项集合，仅分隔符格式不同；该条被计为错误是答案规范化/解析问题，并非空间推理失败。",protocol_or_parsing,perception_recognition,high,True,"20-frame full-duration sheet: the yellow collapsed umbrella is behind the black-shirted man and the blue inflatable slide is background-left, exactly matching A and B; model output 'AB' is semantically identical to keyed 'A,B' and should not be a content error.",,,,"模型AB与gold A,B语义完全一致，主标签协议/解析已充分解释误计分；不存在额外内容识别错误，次标签留空。"
error-0201,secondary_label,Xg9VRoWYh0E_60_0_12_29_782_to_0_12_48_033.mp4,6,Egocentric vs. Allocentric Reference Frames,Human-Centric,True/False,"[True/False] From the initial forward-facing viewpoint, the trolling motor is in front of the camera, but from the final viewpoint focused on the driver, the trolling motor is behind the camera.",False,True,action_event,[Single-Choice] Does the tree-covered shoreline on the left appear before or after the man in the blue cap is shown holding the steering wheel? [Options] A) After B) At the same moment C) Before D) One event is not visible,C,A,False,perspective_reference_frame,perception_recognition,medium,False,相机末段转向驾驶员并不使固定于船体前部的拖钓马达越过相机到后方；回答把视线旋转误作物体位置反转。,perspective_reference_frame,spatiotemporal_grounding,high,False,20-frame full-duration sheet: changing from the initial forward view to the driver-focused view does not move the fixed trolling motor from in front of the camera to behind it; the response confuses viewing direction with object location.,,spatiotemporal_grounding,,主要为相机视向与固定物位置参照混淆；需要在初始和最终视图间维持拖钓马达的对象连续性，因此保留时空定位次标签。
error-0208,secondary_label,HjDY6bjj5Ic_33_0_06_07_567_to_0_06_25_384.mp4,4,Predictive and Counterfactual Spatial Reasoning,Object-Centric,True/False,"[True/False] At the 15-second mark, the car is turning. If it were to continue moving along this exact curved trajectory, it would eventually collide with the large dirt mound located at the top of the screen at the start of the video.",True,False,simple_relation,"[Single-Choice] At the beginning, where is the small red-and-white car relative to the large dirt mound? [Options] A) Below the mound B) Above the mound C) Level with the mound D) Hidden behind the mound",A,B) Above the mound,False,physical_prediction_counterfactual,spatiotemporal_grounding,medium,False,15 秒遥控车正沿弧线朝开头画面上方的大土堆回转，若保持曲率会与其路径相交；回答 False 未延长弯曲轨迹。,physical_prediction_counterfactual,perspective_reference_frame,medium,False,20-frame full-duration sheet: around 0:15 the car is curving back toward the same upper dirt-bank sector visible at the opening; extending that curvature closes on the mound rather than carrying it away.,,spatiotemporal_grounding,,主要为曲线轨迹反事实外推；还必须把开头上方土堆位置与15秒车辆曲线跨时段对应，故保留时空定位次标签。
error-0210,secondary_label,sPcffDKFKWc_52_0_14_02_107_to_0_14_15_688.mp4,2,Dynamic Spatial Relationships,Human-Centric,Single-Choice,"[Single-Choice] At the beginning of the video, from the camera's viewpoint, the boy in the blue hat is on the right side of the girl in the light green shirt. What is their relative side-by-side position just before the camera pans away from them? [Options] A) The boy is now on the left side of the girl. B) The boy is directly behind the girl. C) Their side-by-side position has not changed. D) The girl is now on the left side of the boy.",A,C) Their side-by-side position has not changed.,entity,[Single-Choice] Which other person is visible walking near the children? [Options] A) A woman in a red jacket B) A man in a light blue shirt C) A man in a black suit D) A child in a yellow shirt,B,B) A man in a light blue shirt,True,spatiotemporal_grounding,perception_recognition,high,False,镜头移开前蓝帽男孩已从浅绿衣女孩画面右侧换到左侧；回答称并排关系不变，未跟踪两人的交叉。,spatiotemporal_grounding,perspective_reference_frame,high,False,"20-frame full-duration sheet: before the pan leaves them, the blue-hatted boy has crossed from the girl's image-right to her image-left; the response misses their side-order reversal.",,perspective_reference_frame,,主要错误是未跟踪两人交叉后的顺序；最终左右关系以相机画面定义，回答沿用初始画面排序，保留相机参照系次标签。
error-0212,primary_label;secondary_label;question_or_key_problem,H4AAXWDxHdI_3_0_00_36_002_to_0_00_46_413.mp4,3,Action and Intent-Driven Spatial Reasoning,Human-Centric,Single-Choice,"[Single-Choice] Based on the person's turn and final orientation at the 6-second mark, which direction are they preparing to walk? [Options] A) Towards the green dumpster. B) Back in the direction they originally came from. C) Down the road towards the low buildings. D) Across the grassy area to their right.",B,C) Down the road towards the low buildings.,simple_relation,[Single-Choice] Where is the green dumpster relative to the person in the scene? [Options] A) Behind her on the viewer's left B) In front of her on the viewer's right C) Behind her on the viewer's right D) In front of her on the viewer's left,C,C) Behind her on the viewer's right,True,action_goal_binding,perspective_reference_frame,medium,False,人物约 6 秒转身后朝回原来路方向，准备返回；回答称继续向低矮建筑方向，未利用最终身体朝向。,benchmark_ambiguity,action_goal_binding,low,True,"20-frame full-duration sheet: close selfie framing around six seconds does not jointly show the person's full-body orientation and the named dumpster, buildings, and grass alternatives; the prepared walking direction is not reliably recoverable.",benchmark_ambiguity,action_goal_binding,yes,6秒附近画面仍是近距离自拍，无法同时看清全身最终朝向及选项所称垃圾箱、低建筑和草地；准备行走方向不能由20帧唯一恢复，动作意图绑定为次要风险。
error-0214,primary_label;secondary_label,kymf00Kmy1w_85_0_10_01_500_to_0_10_12_845.mp4,2,Dynamic Spatial Relationships,Human-Centric,Single-Choice,"[Single-Choice] After the woman in blue scrubs places the first medicine bottle back on the shelf, what is the position of the next bottle she selects relative to the first one? [Options] A) It is on the shelf directly above. B) It is on the same shelf, to the left. C) It is on the same shelf, to the right. D) It is on the shelf directly below.",B,"C) It is on the same shelf, to the right.",simple_relation,[Single-Choice] Where are the medicine shelves relative to the computer monitor? [Options] A) To the left of the monitor B) To the right of the monitor C) Directly above the monitor D) Directly below the monitor,A,B) To the right of the monitor,False,spatiotemporal_grounding,perspective_reference_frame,medium,False,蓝衣女子放回首瓶后，从同层其左侧取下一瓶；回答 right 将货架水平相对位置反转。,perspective_reference_frame,spatiotemporal_grounding,high,False,"20-frame full-duration sheet: after replacing the first bottle, the woman reaches to a neighboring bottle on the same shelf to its left; the response reverses the shelf-relative direction.",spatiotemporal_grounding,perspective_reference_frame,,必须先识别放回的第一瓶，再跟踪随后选择的相邻瓶；下一瓶在同层左侧，回答反成右侧，主要是动作序列中的对象对应失败，货架左右参照为次要因素。
error-0215,secondary_label,u5olx9qLE5A_20_0_03_34_633_to_0_03_46_866.mp4,4,Predictive and Counterfactual Spatial Reasoning,Object-Centric,Single-Choice,"[Single-Choice] Assuming the vehicle continues at the same speed and on the same path, which prominent background feature will the next passing lamppost be the first to visually align with and begin to occlude? [Options] A) The large red brick building on the far left. B) The tall, dark church steeple. C) The cluster of white buildings on the distant right hill. D) The parking lot on the left side of the river.",A,B,simple_relation,[Single-Choice] Where are the roadside lampposts positioned relative to the river? [Options] A) Behind the river B) In front of the river C) On the distant hillside D) Among the far buildings,B,B) In front of the river,True,physical_prediction_counterfactual,perspective_reference_frame,medium,False,按车辆恒速与同一路径推进，下一根近景灯杆先扫过左侧大型红砖楼投影，而非更靠中远景的教堂尖塔；回答错误外推视差对齐次序。,physical_prediction_counterfactual,spatiotemporal_grounding,medium,False,20-frame full-duration sheet: successive lampposts sweep across the background in a trajectory that next intersects the large red-brick building at frame-left before the distant steeple; the response extrapolates to the wrong landmark.,,perspective_reference_frame,,主要为继续车辆路径后的对齐预测；下一灯杆与远景红砖楼/教堂的先后遮挡由近远视差决定，保留移动视点下的参照系次标签。
error-0221,secondary_label,iHJC3g4RC64_23_0_03_25_538_to_0_03_42_589.mp4,2,Dynamic Spatial Relationships,Object-Centric,Fill-in-the-Blank,"[Fill-in-the-Blank] During the camera's pan to the right, the two orange lighters on the dark brown pegboard move from the right side of the frame towards the ______.",center,left,entity,[Single-Choice] Which object is visible on the wooden shelves near the hanging display? [Options] A) soccer balls B) metal cups C) potted plants D) paint cans,B,B) metal cups,True,spatiotemporal_grounding,perception_recognition,high,False,右摇中棕色挂板两只橙色打火机从画面右侧移到中心附近；回答 left 过度延伸其终点。,spatiotemporal_grounding,perspective_reference_frame,high,False,20-frame full-duration sheet: during the right pan the pair of orange lighters travels from frame-right into the center region but not all the way to frame-left; the response overstates their displacement.,,perspective_reference_frame,,主要为未跟踪打火机在摇镜中的投影终点；回答把到中心夸大为到左侧，涉及相机画面坐标，保留参照系次标签。
error-0222,primary_label;secondary_label,i0F4379JRnw_95_0_17_13_933_to_0_17_24_310.mp4,6,Egocentric vs. Allocentric Reference Frames,Human-Centric,Single-Choice,"[Single-Choice] Which statement accurately describes the woman's movement relative to both the camera and the blue structure in the background?
[Options]
A) She moves away from the blue structure and away from the camera.
B) She moves towards the blue structure and towards the camera.
C) She moves towards the camera but her distance from the blue structure remains constant.
D) She moves towards the camera while moving away from the blue structure.",D,B) She moves towards the blue structure and towards the camera.,entity,[Single-Choice] Which object is visible on the woman's face? [Options] A) Dark sunglasses B) A snorkel mask C) Pink swim goggles D) A baseball cap,A,A) Dark sunglasses,True,spatiotemporal_grounding,perspective_reference_frame,high,False,女子游向相机时离相机变近，同时远离后方蓝色结构；回答称同时接近两者，未结合相反的深度关系。,perspective_reference_frame,spatiotemporal_grounding,high,False,20-frame full-duration sheet: the swimmer approaches and grows toward the camera while increasing her separation from the blue structure behind her; the response reverses the blue-structure-relative component.,perspective_reference_frame,spatiotemporal_grounding,,同一运动需同时相对相机和后方蓝色结构判断：女子接近相机并远离蓝色结构；回答把后者反转，主要是双参照关系锁定错误，跨帧距离变化为次要因素。
error-0225,question_or_key_problem,JaOVlghcZtM_58_0_18_10_433_to_0_18_21_833.mp4,4,Predictive and Counterfactual Spatial Reasoning,Human-Centric,Single-Choice,"[Single-Choice] At the 8-second mark, if the rider were to turn sharply to their right and continue downhill instead of following the main path, which object would they most directly approach? [Options] A) The red building. B) The yellow excavator. C) The cluster of parked cars. D) A small wooden shelter on the far right.",D,"B) The yellow excavator.
C) The cluster of parked cars.
D) A small wooden shelter on the far right.
A) The red building.
C) The cluster of parked cars.
D) A small wooden shelter on the far right.
B) The yellow excavator.
C) The cluster of parked cars.
D) A small wooden shelter on the far right.
A) The red building.
C) The cluster of parked cars.
D) A small wooden shelter on the far right.
B) The yellow excavator.
C) The cluster of parked cars.
D) A small wooden shelter on the far right.
A) The red building.
C) The cluster of parked cars.
D) A small wooden shelter on the far right.
B) The yellow excavator.
C) The cluster of parked cars.
D) A small wooden shelter on the far right.
A) The red building.
C) The cluster of parked cars.
D) A small wooden shelter on the far right.
B) The yellow excavator.
C) The cluster of parked cars.
D) A small wooden shelter on the far right.
A) The red building.
C) The cluster of parked cars.
D) A small wooden shelter on the far right.
B) The yellow excavator.
C) The cluster of parked cars.
D) A small wooden shelter on the far right.
A) The red building.",simple_relation,"[Single-Choice] As the rider enters the open grassy area, where is the yellow excavator relative to the main path? [Options] A) To the right of the path B) Directly on the path C) Behind the rider D) To the left of the path",D,A) To the right of the path,False,protocol_or_parsing,physical_prediction_counterfactual,high,True,单选回答循环重复 A/B/C/D 多轮，包含正确 D 但未形成可解析的唯一答案；主要是生成/协议失控，不能据此归为单纯空间预测错误。,protocol_or_parsing,physical_prediction_counterfactual,high,False,"20-frame full-duration sheet: a sharp right/downhill continuation at eight seconds points most directly toward the small wooden shelter on the far right, and the model repeatedly includes D but emits a long cyclic list of all options instead of one valid choice.",,,no,问题和gold D由8秒处向右下坡的局部几何可支持；模型循环输出全部选项属于回答协议失控，而不是题目或答案键问题，因此question_or_key_problem判为no。
error-0233,question_or_key_problem,cvHz5JgkzlM_41_0_06_01_094_to_0_06_15_742.mp4,4,Predictive and Counterfactual Spatial Reasoning,Human-Centric,Single-Choice,"[Single-Choice] If the car had continued its trajectory and rotation from the point seen at the 0:07 mark without the driver correcting its path, which object would it have most likely collided with? [Options] A) The parked semi-trailer on the right. B) The green dumpsters. C) The white truck that briefly enters from the left. D) The loading dock doors of the main building.",D,The car drives past the fence.,entity,[Single-Choice] Which upright object is visible near the edge of the paved lot? [Options] A) Orange traffic cones B) Yellow protective bollards C) A bicycle rack D) A red fire hydrant,B,The car drives on the road.,False,protocol_or_parsing,physical_prediction_counterfactual,high,True,题目要求从 A–D 单选，模型却输出题外陈述“drives past the fence”，无法映射为选项；同时未给出沿 0:07 旋转继续会撞装卸门 D 的预测。,protocol_or_parsing,physical_prediction_counterfactual,high,False,"20-frame full-duration sheet: continuing the car's rotation at seven seconds projects it toward the main loading-dock doors, but the model returns an unrelated fence sentence rather than any offered option.",,,no,从7秒处延续车辆旋转会朝主建筑装卸门方向运动，题目与D项具有可判定的空间依据；模型输出题外的fence陈述是答题协议问题，不构成题目或题钥缺陷。
error-0235,question_or_key_problem,0j-sCYYgupA_31_0_04_30_637_to_0_04_52_458.mp4,6,Egocentric vs. Allocentric Reference Frames,Human-Centric,True/False,"[True/False] From the perspective of the man kneeling on the ice, the ice pick is initially positioned to his right.",True,The man X touches the ice with the ice pick,entity,[Single-Choice] Which prominent feature is visible on the ice near the kneeling man? [Options] A) A red backpack B) A wooden bench C) A blue cooler D) A large white ice mound,D,C) A blue cooler,False,protocol_or_parsing,perspective_reference_frame,high,True,True/False 题要求判断冰镐在跪姿男子自身右侧，模型只复述“男子用冰镐碰冰”而未作真假判断；主要为答题协议失败。,protocol_or_parsing,perspective_reference_frame,high,False,"20-frame full-duration sheet: the ice pick begins on the kneeling man's own right side, but the model supplies a touch-action description and never answers the required True/False relation.",,,yes,跪姿男子大致面向相机/冰洞，而冰镐初始位于画面右侧；在近似正面对向下，画面右侧对应男子自身左侧，gold True存在参照反转风险。模型仍未作True/False选择，因此既保留协议主标签，也将题钥问题判为yes。
error-0236,primary_label;secondary_label;question_or_key_problem,H4AAXWDxHdI_3_0_00_36_002_to_0_00_46_413.mp4,3,Action and Intent-Driven Spatial Reasoning,Human-Centric,Single-Choice,"[Single-Choice] Based on the person's turn and final orientation at the 6-second mark, which direction are they preparing to walk? [Options] A) Towards the green dumpster. B) Back in the direction they originally came from. C) Down the road towards the low buildings. D) Across the grassy area to their right.",B,C) Down the road towards the low buildings.,simple_relation,[Single-Choice] Where is the green dumpster relative to the person in the scene? [Options] A) Behind her on the viewer's left B) In front of her on the viewer's right C) Behind her on the viewer's right D) In front of her on the viewer's left,C,B) In front of her on the viewer's right,False,action_goal_binding,perspective_reference_frame,medium,False,人物转身后的身体朝向指回原来路，准备返回；回答继续走向低建筑未对齐最终姿态。,benchmark_ambiguity,action_goal_binding,low,True,"20-frame full-duration sheet: the close selfie sequence does not expose the person's full-body orientation together with the dumpster, buildings, and grass alternatives, so the keyed future walking direction cannot be resolved reliably.",benchmark_ambiguity,action_goal_binding,yes,6秒附近仍是近距离自拍，人物全身朝向及垃圾箱、建筑、草地等候选方向未在同一视图中呈现；仅凭头部转动不能唯一判断准备行走方向，动作意图绑定为次要风险。
error-0239,secondary_label,TD27Rs6mTes_1_0_00_06_519_to_0_00_16_920.mp4,6,Egocentric vs. Allocentric Reference Frames,Human-Centric,Single-Choice,"[Single-Choice] If the woman in the black dress were to turn 180 degrees, what would be directly in her line of sight? [Options] A) The man carrying a basket on his shoulder. B) A stone fountain. C) The large arched doorway. D) The woman with her back to the camera.",C,D,simple_relation,[Single-Choice] Where in the image is the green double door relative to the woman in the black dress? [Options] A) To her right B) To her left C) Directly above her D) Directly below her,A,B) To her left,False,perspective_reference_frame,physical_prediction_counterfactual,high,False,黑裙女子反转 180 度后的视线指向大型拱门 C，而非背对镜头女子 D；回答未完成主体朝向转换。,perspective_reference_frame,action_goal_binding,high,False,"20-frame full-duration sheet: the black-dressed woman is oriented away from the large arched doorway, so a 180-degree turn places that doorway in her line of sight rather than the other woman.",,physical_prediction_counterfactual,,主要为人物自身朝向的参照转换；题目还要求假设旋转180度并外推新的直视方向，因此物理/空间反事实为明确次标签。
error-0244,primary_label;secondary_label;question_or_key_problem,EOswWepObDw_28_0_03_27_975_to_0_03_54_329.mp4,4,Predictive and Counterfactual Spatial Reasoning,Object-Centric,Single-Choice,"[Single-Choice] Based on the visible arc of motion, what object is located behind the ride's path when it reaches its highest point on the left side of the screen? [Options] A) A tall, glass-paneled building. B) The sun. C) A parking lot full of cars. D) A small, single-story shop.",A,The sun.,entity,[Single-Choice] Which structure is visible beside the water in the harbor scene? [Options] A) A Ferris wheel B) A train station C) A red lighthouse D) A soccer goal,C,C) A red lighthouse,True,perception_recognition,spatiotemporal_grounding,medium,False,游乐设施左侧最高点后方是高大的玻璃幕墙建筑；太阳虽在附近天空中但不位于题定运动弧后方，回答错选 B。,benchmark_ambiguity,physical_prediction_counterfactual,low,True,20-frame full-duration sheet: most frames show unrelated harbor footage and the final ride frames do not clearly show the left-side apex together with the proposed background objects; the tall glass building key cannot be verified from this 20-frame full-duration sheet.,benchmark_ambiguity,spatiotemporal_grounding,yes,20帧前16帧是无关港口场景，仅末4帧出现游乐设施，未充分覆盖左侧最高点并同时显示各候选背景；玻璃建筑与太阳的对齐关系不能由现有证据唯一核验，关键时刻定位为次要风险。
error-0250,secondary_label,TZckze5qCeY_24_0_03_32_812_to_0_03_51_664.mp4,5,Object Deformation and State Transition,Human-Centric,True/False,"[True/False] When the person opens the device, the top lid moves away from the camera to reveal the interior.",False,"True.

Answer: True",simple_relation,"[Single-Choice] While the blue device is closed, what is on the edge facing the camera? [Options] A) Several small ports B) A white rectangular label C) A glowing blue symbol D) A black carrying handle",A,C) A glowing blue symbol,False,perspective_reference_frame,spatiotemporal_grounding,medium,False,打开设备时上盖朝相机方向翻动以露出内部，并非远离相机；回答 True 将深度运动方向反转。,perspective_reference_frame,perception_recognition,medium,False,"20-frame full-duration sheet: during opening, the top lid rotates toward the camera/viewer to expose the interior rather than moving away; the repeated affirmative answer reverses the depth direction.",,spatiotemporal_grounding,,主要错误是把朝相机/远离相机的深度方向反转；判断上盖从关闭到打开的运动方向还需整合状态转变过程，保留时空定位次标签。
error-0251,primary_label;secondary_label,kymf00Kmy1w_85_0_10_01_500_to_0_10_12_845.mp4,2,Dynamic Spatial Relationships,Human-Centric,Single-Choice,"[Single-Choice] After the woman in blue scrubs places the first medicine bottle back on the shelf, what is the position of the next bottle she selects relative to the first one? [Options] A) It is on the shelf directly above. B) It is on the same shelf, to the left. C) It is on the same shelf, to the right. D) It is on the shelf directly below.",B,"C) It is on the same shelf, to the right.",simple_relation,[Single-Choice] Where are the medicine shelves relative to the computer monitor? [Options] A) To the left of the monitor B) To the right of the monitor C) Directly above the monitor D) Directly below the monitor,A,A) To the left of the monitor,True,spatiotemporal_grounding,perspective_reference_frame,medium,False,首瓶放回后下一瓶来自同层左侧；回答 right 将先后操作对象的水平关系反转。,perspective_reference_frame,spatiotemporal_grounding,high,False,"20-frame full-duration sheet: after replacing the first medicine bottle, the woman selects the neighboring bottle on the same shelf to its left; the response reverses the shelf-relative direction.",spatiotemporal_grounding,perspective_reference_frame,,需先追踪放回的第一瓶，再定位随后取出的相邻瓶；下一瓶位于同层左侧，回答反成右侧，主要为操作序列中的对象对应失败，货架左右参照为次要因素。
error-0252,secondary_label,_4dgPq-hqQY_38_0_05_11_133_to_0_05_21_800.mp4,4,Predictive and Counterfactual Spatial Reasoning,Object-Centric,Single-Choice,"[Single-Choice] If the SUV had continued on its initial trajectory without turning right, what would it have moved towards? [Options] A) The white mailbox post on the right side of the road. B) The house with the brown roof visible in the background. C) The driveway of the house on the immediate left. D) The curb directly in front of the camera's viewpoint.",C,D) The curb directly in front of the camera's viewpoint.,entity,[Single-Choice] What surface is visible bordering the paved roadway? [Options] A) Deep snow B) Loose sand C) Red brick paving D) Green grass,D,D) Green grass,True,physical_prediction_counterfactual,spatiotemporal_grounding,medium,False,SUV 初始航向若不右转，会进入紧邻左侧房屋车道，而非朝相机前 curb；回答未延长初始路径。,physical_prediction_counterfactual,perspective_reference_frame,high,False,"20-frame full-duration sheet: before the SUV turns right, its uncorrected forward vector points into the driveway of the house immediately left, not toward the curb at the camera position.",,spatiotemporal_grounding,,主要是错误外推未转弯轨迹；正确预测依赖从转弯前短段建立SUV初始运动向量，故保留时空轨迹定位次标签。
error-0254,primary_label;secondary_label,KpjKUF2yYiU_38_0_05_45_144_to_0_05_55_855.mp4,5,Object Deformation and State Transition,Human-Centric,True/False,[True/False] The fishing rod's bend is most pronounced at the very end of the video.,True,False,action_event,[Single-Choice] Does the rod appear close to the camera before or after a person in orange appears near the rail? [Options] A) After the person in orange appears. B) Before the person in orange appears. C) At the same moment. D) The rod never appears close.,B,A) After the person in orange appears.,False,perception_recognition,spatiotemporal_grounding,medium,False,鱼竿弯曲随末段受力增大，并在视频末端达到最明显曲率；回答 False 未识别峰值状态。,spatiotemporal_grounding,perception_recognition,high,False,20-frame full-duration sheet: the rod's curvature increases through the sequence and is greatest in the final loaded frames; the negative response misses the peak terminal bend.,spatiotemporal_grounding,perception_recognition,,必须比较整段鱼竿曲率才能判断峰值是否出现在结尾；末段受力弯曲最明显，回答False主要反映峰值时刻整合失败，局部杆形识别为次要因素。
error-0256,secondary_label,GvWldUGLkVM_53_0_07_40_793_to_0_08_00_279.mp4,3,Action and Intent-Driven Spatial Reasoning,Human-Centric,True/False,"[True/False] As the second car slides through the turn, the driver is steering the front wheels in the opposite direction of the turn itself.",True,False,entity,[Single-Choice] What surface is visible beneath the red vehicles? [Options] A) A sandy beach B) A grassy field C) A paved road D) A wooden bridge,C,C) A paved road,True,action_goal_binding,spatiotemporal_grounding,high,False,第二车侧滑转弯时前轮明显向弯向反侧反打以控制滑移；回答 False 未识别操舵意图。,action_goal_binding,perception_recognition,high,False,20-frame full-duration sheet: during the second car's slide the front wheels visibly countersteer opposite the turn to control the drift; the negative response misses that corrective steering action.,,perception_recognition,,主要为漂移操舵动作与修正目标绑定错误；横滑时前轮反向打舵的局部角度直接可见，未识别该轮向是明确次要感知因素。
error-0257,secondary_label,kPxokEIaItg_30_0_03_30_240_to_0_03_41_280.mp4,5,Object Deformation and State Transition,Human-Centric,Multiple-Select,"[Multiple-Select] As the brush moves across the eyebrow, which of the following visual state transitions occur? (Select all that apply) [Options] A) The gaps between the hairs become more prominent. B) The overall shape becomes more defined against the skin. C) The color of the eyebrow becomes darker and more uniform. D) The eyebrow appears to decrease in length.","B,C",BC,entity,[Single-Choice] Which facial feature is clearly visible beneath the area being groomed? [Options] A) An eye B) A mouth C) An ear D) A chin,A,(A) An eye,True,protocol_or_parsing,,high,True,"模型输出 BC 与 gold B,C 是完全相同的选项集合，仅缺少分隔符；该错误属于多选答案规范化/解析，而非视觉状态判断。",protocol_or_parsing,perception_recognition,high,True,"20-frame full-duration sheet: the eyebrow becomes more defined and darker/more uniform, exactly B and C; model output 'BC' is semantically identical to keyed 'B,C' and is not a content failure.",,,,"模型BC与gold B,C语义完全一致，主标签协议/解析已充分解释误计分；没有视觉内容错误，次标签留空。"
error-0261,primary_label;secondary_label;question_or_key_problem,SjaUzHILZ8Y_56_0_09_01_474_to_0_09_23_229.mp4,6,Egocentric vs. Allocentric Reference Frames,Human-Centric,Single-Choice,"[Single-Choice] From the camera's perspective, the shoreline appears to be moving from right to left. What is the boat's actual direction of travel relative to the distant dam visible at the start of the video? [Options] A) Towards the dam. B) Away from the dam. C) Parallel to the dam. D) The boat is stationary.",D,B) Away from the dam.,simple_relation,"[Single-Choice] In the opening view, where is the tree-covered shoreline relative to the camera? [Options] A) Along the right side of the water B) Straight across the near foreground C) Centered far ahead on the horizon D) Along the left side of the water",D,D) Along the left side of the water,True,perspective_reference_frame,spatiotemporal_grounding,medium,False,岸线右向左表观移动来自相机/船视向变化，不能推出远离坝体；回答把背景流直接等同船的世界方向。,benchmark_ambiguity,perspective_reference_frame,medium,True,"20-frame full-duration sheet: shoreline alignment changes substantially while the distant dam is intermittent, which does not support keyed stationary D and leaves boat direction relative to the dam underdetermined from the sampled view.",benchmark_ambiguity,perspective_reference_frame,yes,画面显示船尾视向持续变化，但缺少足够的平移、尾迹或远坝距离证据来区分船静止、转向或远离；gold D不能唯一确定，岸线表观运动与世界方向的参照转换为次要困难。
error-0262,primary_label;secondary_label,h8riuf39Bio_21_0_02_40_733_to_0_02_52_733.mp4,1,Object Permanence and Occlusion Tracking,Object-Centric,True/False,"[True/False] At the moment the brown-headed duck turns its head towards the red-headed duck, its body is partially occluding the red-headed duck from the camera's perspective.",True,False,entity,[Single-Choice] What visible surface are the two birds floating on? [Options] A) Grass B) Water C) Snow D) Sand,B,B) Water,True,spatiotemporal_grounding,perception_recognition,high,False,棕头鸭转头朝红头鸭时身体在相机投影中与后者部分重叠并遮挡其前部；回答 False 未识别局部遮挡。,perception_recognition,spatiotemporal_grounding,high,False,"20-frame full-duration sheet: when the brown-headed foreground duck turns toward the red-headed duck, their bodies overlap in projection and the foreground body hides part of the red-headed duck; the negative response misses this partial occlusion.",spatiotemporal_grounding,perception_recognition,,需先锁定棕头鸭转头朝向红头鸭的时刻，再判断两者投影重叠；该时刻前景鸭体确实遮住后者一部分，主要为事件时刻定位，局部遮挡识别为次要因素。
error-0264,secondary_label,LSlhkLImq8U_2_0_01_22_449_to_0_02_30_283.mp4,3,Action and Intent-Driven Spatial Reasoning,Human-Centric,True/False,"[True/False] In the first minute of the video, every time the person walking the dog comes to a complete stop, the dog sits.",True,False,action_event,[Single-Choice] Which event occurs before the person and dog cross a more open part of the plaza? [Options] A) They climb the steps together. B) They walk into the water. C) They stand beside a bicycle. D) They pass beside a large crowd.,D,D) They pass beside a large crowd.,True,spatiotemporal_grounding,action_goal_binding,low,False,首分钟人物每次完全停步后狗都坐下；回答 False 未汇总跨多个停步事件的稳定对应。20-frame full-duration sheet 对一分钟内各次短暂停止采样有限。,spatiotemporal_grounding,perception_recognition,low,False,"20-frame full-duration sheet: sampled stops in the first minute show the dog sitting when the handler comes to rest, but exhaustive verification of every complete stop is limited by the 20-frame full-duration sheet; the negative response is not supported by a visible counterexample.",,perception_recognition,,主要问题是跨首分钟汇总每次停步事件；在各停步节点辨认狗是否坐下是独立的动作状态识别要求，保留perception_recognition次标签。
error-0266,secondary_label,mWF9aH2BeZ0_29_0_06_13_940_to_0_06_25_885.mp4,3,Action and Intent-Driven Spatial Reasoning,Human-Centric,True/False,"[True/False] Based on the position of the sun shown during the pan and the man's shadow at the end of the video, the man is facing away from the sun.",False,True,action_event,[Single-Choice] Which event happens before the person raises both gloved hands near their head? [Options] A) A gloved hand comes close to the lens. B) The person's face fills much of the view. C) The camera passes a tall stone tower. D) The person leans toward the camera.,C,The camera passes a tall stone tower.,False,perspective_reference_frame,spatiotemporal_grounding,medium,False,太阳位置与末端影向共同表明男子并非背向太阳；回答 True 错误组合光源、影子和身体朝向。,perspective_reference_frame,action_goal_binding,medium,False,20-frame full-duration sheet: the sun appears in the same general sector the man faces at the end and his shadow extends away from it; the affirmative response reverses the sun-facing geometry.,,spatiotemporal_grounding,,主要为太阳、人物与影子几何参照错误；还需把摇镜中太阳位置与末段人物朝向及影向跨时段整合，保留时空定位次标签。
error-0269,primary_label;secondary_label,Q_KgiEB6bYc_157_0_37_26_212_to_0_37_37_590.mp4,1,Object Permanence and Occlusion Tracking,Human-Centric,True/False,"[True/False] As the camera moves forward, the second mannequin in the red dress partially blocks the view of the fourth mannequin wearing the yellow 'RADIANT' sweatshirt.",False,true,action_event,[Single-Choice] Does the camera pass the pink shirt display before or after passing the black shirt with white shorts display? [Options] A) After B) Before C) At the same time D) Neither is passed,B,B) Before,True,spatiotemporal_grounding,perception_recognition,high,False,前移镜头中第二个红裙模特并未与第四个黄色 RADIANT 模特形成遮挡重叠；回答 true 错判深度投影。,perception_recognition,spatiotemporal_grounding,high,False,"20-frame full-duration sheet: as the camera advances, the second red-dress mannequin and fourth yellow RADIANT mannequin remain laterally separated in projection; the red dress does not partially block the yellow sweatshirt.",spatiotemporal_grounding,perception_recognition,,相机前移全程中第二个红裙模特与第四个黄色RADIANT模特始终横向分离，未形成遮挡；回答True主要反映跨移动视点的投影关系跟踪失败，模特身份识别为次要因素。
error-0271,primary_label;secondary_label,R5lA1ZQzauM_12_0_07_29_399_to_0_08_49_533.mp4,3,Action and Intent-Driven Spatial Reasoning,Human-Centric,Multiple-Select,[Multiple-Select] The operator's intent is to test the drone's 'follow me' capability. Which of the following spatial behaviors are observed in the drone's attempt to follow the operator? (Select all that apply) [Options] A) The drone initially drifts without tracking the operator's movement. B) The drone successfully matches the operator's forward speed perfectly. C) The drone adjusts its position laterally to keep the operator in the camera's view. D) The drone loses significant altitude while attempting to move towards the operator.,"B, C, D","A) The drone initially drifts without tracking the operator's movement.
C) The drone adjusts its position laterally to keep the operator in the camera's view.",entity,[Single-Choice] Which object is visible near the bottom foreground of the scene? [Options] A) A bicycle handlebar B) A radio controller C) A camera tripod D) A folding chair,B,B) A radio controller,True,spatiotemporal_grounding,action_goal_binding,low,False,"follow-me 尝试包含横向修正、匹配前移及明显掉高 B,C,D；回答加入初始漂移 A 并漏 B,D。20-frame full-duration sheet 对“perfectly”和短时高度变化确认有限。",action_goal_binding,spatiotemporal_grounding,high,False,"20-frame full-duration sheet: the follow-me attempt later shows forward speed matching, lateral recentering, and substantial altitude loss; the response substitutes initial drift and omits B and D.",spatiotemporal_grounding,action_goal_binding,,多选要求整合follow-me尝试中初始漂移、横向修正、速度匹配和掉高的多个阶段；回答加入A并漏B、D，主要为完整行为序列整合不全，将这些运动对应到跟随目标为次要因素。
error-0273,secondary_label,gNf7G6PrLv8_20_0_02_28_300_to_0_02_47_599.mp4,2,Dynamic Spatial Relationships,Object-Centric,Multiple-Select,"[Multiple-Select] Throughout its visible flight, what are the jet's spatial relationships with the clouds? (Select all that apply) [Options] A) The jet flies exclusively in front of all clouds. B) The jet flies exclusively behind all clouds. C) The jet emerges from behind a cloud at the start. D) The jet passes in front of a large cloud formation in the middle of the video.","C, D",CD,entity,[Single-Choice] Which object is visible near the lower edge of the scene? [Options] A) Tall buildings B) Mountain peaks C) Palm trees D) Streetlights,C,C) Palm trees,True,protocol_or_parsing,,high,True,"模型输出 CD 与 gold C,D 表示相同选项集合，仅标点格式不同；属于多选答案解析问题。",protocol_or_parsing,spatiotemporal_grounding,high,True,"20-frame full-duration sheet: the jet emerges from behind cloud at the start and later passes in front of a large formation, exactly C and D; model output 'CD' is equivalent to keyed 'C, D'.",,,,"模型CD与gold C,D是同一选项集合，仅分隔符不同；协议/解析主标签已完整解释，不存在额外时空内容错误，次标签留空。"
error-0281,secondary_label,HjDY6bjj5Ic_33_0_06_07_567_to_0_06_25_384.mp4,4,Predictive and Counterfactual Spatial Reasoning,Object-Centric,True/False,"[True/False] At the 15-second mark, the car is turning. If it were to continue moving along this exact curved trajectory, it would eventually collide with the large dirt mound located at the top of the screen at the start of the video.",True,False,simple_relation,"[Single-Choice] At the beginning, where is the small red-and-white car relative to the large dirt mound? [Options] A) Below the mound B) Above the mound C) Level with the mound D) Hidden behind the mound",A,A) Below the mound,True,physical_prediction_counterfactual,spatiotemporal_grounding,medium,False,15 秒遥控车弯曲轨迹继续延长会与开头顶部大土堆相交；回答 False 未保持当前曲率。,physical_prediction_counterfactual,perspective_reference_frame,medium,False,20-frame full-duration sheet: at about 15 seconds the car's continuing curved path loops back toward the upper dirt-mound sector shown initially; maintaining that curvature would close on the mound.,,spatiotemporal_grounding,,主要为保持曲率后的反事实碰撞预测；还必须将开头上方土堆与15秒车辆位置和曲线跨时段对应，保留时空定位次标签。
error-0283,primary_label;secondary_label,F_Y2Kg1_W3Q_58_0_09_44_684_to_0_09_54_994.mp4,6,Egocentric vs. Allocentric Reference Frames,Human-Centric,True/False,"[True/False] Relative to the scooter's deck, the person initiates the handlebar spin by pushing their right hand forward and pulling their left hand backward.",True,False,action_event,"[Single-Choice] Near the beginning, what does the person do with one foot on the pavement? [Options] A) Kicks a ball across the pavement B) Steps onto the grass C) Pushes off to move the scooter D) Jumps with both feet together",C,C) Pushes off to move the scooter,True,action_goal_binding,perspective_reference_frame,medium,False,相对滑板车踏板，起始旋把动作由右手前推、左手后拉驱动；回答 False 未识别双手相反方向的动作组合。,perspective_reference_frame,action_goal_binding,high,False,"20-frame full-duration sheet: relative to the scooter deck, the spin is initiated by the right hand driving forward while the left pulls back, producing opposite torques on the bar; the negative response reverses the hand action.",perspective_reference_frame,action_goal_binding,,题干明确要求相对滑板车踏板判断左右手的前后运动；右手前推、左手后拉形成相反力矩，回答False主要是踏板中心参照错误，双手动作组合为次要绑定因素。
error-0287,secondary_label,dtSKBM4UMy8_17_0_05_08_808_to_0_05_19_385.mp4,5,Object Deformation and State Transition,Human-Centric,True/False,[True/False] The action of the person's fingers pulling the skin upward causes the eyelid surface to become more convex (curved outward).,True,False,simple_relation,[Single-Choice] Where are the fingertips positioned relative to the woman's eyebrow? [Options] A) Below the lower eyelid B) Beside the nose C) Above the eyebrow D) Near the chin,C,C) Above the eyebrow,True,perception_recognition,physical_prediction_counterfactual,medium,False,手指向上牵拉眼周皮肤时，眼睑表面外凸曲率增加；回答 False 未识别受力后的局部形变。,perception_recognition,spatiotemporal_grounding,high,False,20-frame full-duration sheet: upward finger traction visibly tents the eyelid into a more outward-curved/convex surface compared with its relaxed state; the negative response misses that deformation.,,spatiotemporal_grounding,,主要为未识别眼睑受牵拉后的外凸形变；确认曲率增加需比较放松与向上牵拉两个状态，故保留状态转变的时空次标签。
error-0288,primary_label;secondary_label;question_or_key_problem,EOswWepObDw_28_0_03_27_975_to_0_03_54_329.mp4,4,Predictive and Counterfactual Spatial Reasoning,Object-Centric,Single-Choice,"[Single-Choice] Based on the visible arc of motion, what object is located behind the ride's path when it reaches its highest point on the left side of the screen? [Options] A) A tall, glass-paneled building. B) The sun. C) A parking lot full of cars. D) A small, single-story shop.",A,B) The sun.,entity,[Single-Choice] Which structure is visible beside the water in the harbor scene? [Options] A) A Ferris wheel B) A train station C) A red lighthouse D) A soccer goal,C,C) A red lighthouse,True,perception_recognition,spatiotemporal_grounding,medium,False,设施运动弧在画面左侧最高点时，后方对齐的是高大玻璃幕墙建筑 A；回答太阳 B 混淆邻近背景。,benchmark_ambiguity,physical_prediction_counterfactual,low,True,"20-frame full-duration sheet: most frames show unrelated harbor footage, and the final ride segment does not clearly show the left apex together with the proposed background objects; the tall glass-building key cannot be verified from this sheet.",benchmark_ambiguity,spatiotemporal_grounding,yes,contact sheet大部分为无关港口画面，游乐设施只在末4帧出现，未充分捕获左侧最高点与所有候选背景的同时关系；gold A无法可靠核验，关键弧段定位为次要风险。
error-0289,primary_label;secondary_label;question_or_key_problem,RTzP1HAsg0w_61_0_10_21_854_to_0_10_34_166.mp4,6,Egocentric vs. Allocentric Reference Frames,Object-Centric,True/False,"[True/False] Based on the visible background traffic, the red car is parked parallel to the direction of the moving cars on the street.",False,True,simple_relation,[Single-Choice] Where is the visible license plate located on the red car? [Options] A) On the front grille below the hood B) On the driver's door below the window C) On the rear trunk above the bumper D) On the roof behind the windshield,C,C) On the rear trunk above the bumper,True,perspective_reference_frame,perception_recognition,medium,False,红色老爷车停放朝向与街上背景车辆流向并不平行；回答 True 错判两套世界方向关系。,benchmark_ambiguity,perspective_reference_frame,low,True,20-frame full-duration sheet: it shows close views around the red car but no usable background traffic establishing the moving cars' street direction; the claimed parallel/perpendicular relation and keyed False cannot be independently resolved from the available evidence.,benchmark_ambiguity,perspective_reference_frame,yes,20帧均为红色车辆近景，没有可用的背景行驶车辆来建立街道交通方向；因此无法判断停车朝向是否与车流平行，gold False缺少可验证依据，世界方向参照为次要困难。
error-0290,question_or_key_problem,cTYPnXXcYp4_14_0_02_57_110_to_0_03_13_026.mp4,2,Dynamic Spatial Relationships,Human-Centric,Single-Choice,"[Single-Choice] Considering the camera's entire path of movement, which landmark ends up closest to the camera's final position? [Options] A) The yellow bus. B) The large tree on the far left of the scene. C) The tall, dark wooden structure behind the bus. D) The mountains in the far background.",A,"A) The yellow bus.
B) The large tree on the far left of the scene.
C) The tall, dark wooden structure behind the bus.
D) The mountains in the far background.",action_event,[Single-Choice] What happens before the view returns to the parked vehicle near the trees? [Options] A) The camera faces open scrubland. B) The camera faces a paved street. C) The camera faces a cloudy sky. D) The camera faces a close-up fence.,A,"Based on the video, the correct answer is A) The camera faces open scrubland. The camera pans across the open scrubland before returning to the parked vehicle near the trees.",True,protocol_or_parsing,spatiotemporal_grounding,high,True,单选题模型同时输出 A、B、C、D，虽含正确 A（最终最近的黄色巴士）但未给唯一答案；主要为输出协议失控。,protocol_or_parsing,spatiotemporal_grounding,high,False,"20-frame full-duration sheet: the camera's path ends nearest the yellow bus, matching A, but the model emits every option A-D instead of one valid single-choice answer; this is primarily an output-format failure.",,,no,最终最近的黄色巴士可由完整路径支持，题目及A项答案键本身无缺陷；模型同时输出A至D是单选输出协议失败，因此question_or_key_problem判为no。
error-0292,primary_label;secondary_label,i0F4379JRnw_95_0_17_13_933_to_0_17_24_310.mp4,6,Egocentric vs. Allocentric Reference Frames,Human-Centric,Single-Choice,"[Single-Choice] Which statement accurately describes the woman's movement relative to both the camera and the blue structure in the background?
[Options]
A) She moves away from the blue structure and away from the camera.
B) She moves towards the blue structure and towards the camera.
C) She moves towards the camera but her distance from the blue structure remains constant.
D) She moves towards the camera while moving away from the blue structure.",D,C) She moves towards the camera but her distance from the blue structure remains constant.,entity,[Single-Choice] Which object is visible on the woman's face? [Options] A) Dark sunglasses B) A snorkel mask C) Pink swim goggles D) A baseball cap,A,A,True,spatiotemporal_grounding,perspective_reference_frame,high,False,女子游向相机同时远离后方蓝色结构，二者距离不恒定；回答 C 漏掉相对背景的深度变化。,perspective_reference_frame,spatiotemporal_grounding,high,False,20-frame full-duration sheet: the swimmer approaches and enlarges toward the camera while moving farther from the blue structure behind her; the response incorrectly treats that background distance as constant.,perspective_reference_frame,spatiotemporal_grounding,,女子同时接近相机并远离后方蓝色结构，需在两个参照物下判断相反的距离变化；回答把后者误判为恒定，主要为双参照关系错误，跨帧距离变化为次要因素。
error-0293,secondary_label,j8Gic59heRg_73_0_16_58_350_to_0_17_12_631.mp4,2,Dynamic Spatial Relationships,Human-Centric,True/False,"[True/False] The person in the light-colored top and face mask, who is walking towards the camera on the right side of the street, remains to the right of the camera's central line of sight for the entire duration they are visible.",True,False,simple_relation,[Single-Choice] Where are the shopfronts located relative to the central walkway? [Options] A) Only on the left side B) Only on the right side C) On both sides of the walkway D) In the middle of the walkway,C,C) On both sides of the walkway,True,spatiotemporal_grounding,perspective_reference_frame,high,False,浅色上衣口罩行人在可见全程始终位于相机中央视线右侧，即使接近也未越过中心；回答 False 未跟踪持续侧向约束。,spatiotemporal_grounding,perception_recognition,high,False,20-frame full-duration sheet: the masked person in a light top approaches along the street's image-right corridor and never crosses the camera's central line before leaving view; the negative response invents a side crossing.,,perspective_reference_frame,,主要为未保持行人在整个可见时段的侧向约束；“相机中央视线右侧”是明确的相机坐标参照，保留参照系次标签。
error-0294,primary_label;secondary_label,v0C5551Yh0k_11_0_01_18_745_to_0_01_31_491.mp4,3,Action and Intent-Driven Spatial Reasoning,Human-Centric,Single-Choice,[Single-Choice] What action does the shirtless surfer take that significantly lowers their body's center of gravity relative to the board? [Options] A) They jump off the board. B) They crouch low while remaining on their feet. C) They lie down on their stomach. D) They fall backward into the water.,C,B) They crouch low while remaining on their feet.,entity,[Single-Choice] Which visible feature is directly behind the rider on the water? [Options] A) A sandy beach B) A rocky cliff C) A white breaking wave D) A floating buoy,C,C,True,perception_recognition,action_goal_binding,high,False,赤膊冲浪者最终完全俯卧在板上，显著降低重心；回答称仍站立低蹲，误识别姿态。,spatiotemporal_grounding,perception_recognition,medium,False,20-frame full-duration sheet: in the relevant opening segment the shirtless surfer changes from standing to lying prone on the board rather than remaining on their feet in a crouch; later frames switch to unrelated shark footage.,perception_recognition,spatiotemporal_grounding,,开头冲浪者由站立俯身并完全趴到板上，不是保持双脚低蹲；题目直接询问可见动作姿态，主要是动作识别失败，站立到俯卧的状态转变为次要时空因素。
error-0297,primary_label;secondary_label,j4jcztT_3O0_30_0_06_10_966_to_0_06_24_133.mp4,5,Object Deformation and State Transition,Human-Centric,Single-Choice,[Single-Choice] How does the spatial arrangement of the red leash change from the beginning to the end of the video? [Options] A) It starts stretched out and becomes coiled near the husky. B) It remains coiled in the same spot throughout the video. C) It starts partially coiled and ends up stretched out towards the right side of the scene. D) It starts partially coiled and ends up stretched out towards the left side of the scene.,D,C) It starts partially coiled and ends up stretched out towards the right side of the scene.,action_event,[Single-Choice] What is the dark dog doing when it moves near the red leash? [Options] A) Lying on the sand B) Jumping over branches C) Walking across the sand D) Digging in the sand,C,C) Walking across the sand,True,spatiotemporal_grounding,perspective_reference_frame,high,False,红牵引绳由部分盘绕逐渐拉直并延伸到画面左侧；回答 right 将末端展开方向反转。,perspective_reference_frame,perception_recognition,high,False,20-frame full-duration sheet: the red leash starts partially coiled and is pulled out toward frame-left by the end; the response reverses the terminal side to right.,spatiotemporal_grounding,perspective_reference_frame,,需比较开头部分盘绕与结尾拉直后的牵引绳布局；绳子最终延伸到画面左侧，回答反成右侧，主要为首尾状态整合失败，末端左右方向为次要参照因素。
error-0300,primary_label;secondary_label;question_or_key_problem,ikx-L45Gqmw_66_0_09_18_224_to_0_09_36_842.mp4,3,Action and Intent-Driven Spatial Reasoning,Human-Centric,Single-Choice,"[Single-Choice] Based on the woman's path of movement from the sidewalk and the sudden appearance of a light source from above and behind her around the 5-second mark, what spatial interaction most likely occurred? [Options] A) She walked under a street lamp that turned on. B) She opened the rear trunk of the vehicle. C) She turned around to face the sunset. D) Another car turned its headlights on her.",B,A) She walked under a street lamp that turned on.,simple_relation,"[Single-Choice] After the woman reaches the parked vehicle, where is its raised hatch relative to her head? [Options] A) Below her chin B) Beside her left shoulder C) Across the street D) Above her head",D,A) Below her chin,False,action_goal_binding,perception_recognition,high,False,女子从人行道走到车尾，约 5 秒上后方亮起且随后可见升起尾门，说明打开后备箱；回答错误归因为路灯开启。,benchmark_ambiguity,action_goal_binding,medium,True,"20-frame full-duration sheet: the woman approaches the vehicle and becomes illuminated from above/behind, but the trunk lid and opening action are not directly visible; an overhead lamp remains a plausible alternative to keyed trunk interaction.",action_goal_binding,perception_recognition,no,女子走到车辆后方后，约5至7秒可见升起尾门下缘及车后照明，路径与结果支持打开后备箱；回答误绑定为路灯，题目可判定，尾门局部识别为次要因素。
